[
    {
        "Symbol": "GEV",
        "Date": "2024-04-01",
        "Open": 141.0099945068,
        "High": 144.3300018311,
        "Low": 137.0700073242,
        "Close": 142.0200042725,
        "Percent Change": "0.72 %",
        "Volume": 1029500
    },
    {
        "Symbol": "GEV",
        "Date": "2024-04-02",
        "Open": 142.8500061035,
        "High": 152.4799957275,
        "Low": 138.6399993896,
        "Close": 140.0,
        "Percent Change": "-2.00 %",
        "Volume": 18246100
    },
    {
        "Symbol": "GEV",
        "Date": "2024-04-03",
        "Open": 142.3000030518,
        "High": 144.0,
        "Low": 135.8000030518,
        "Close": 137.3399963379,
        "Percent Change": "-3.49 %",
        "Volume": 8866900
    },
    {
        "Symbol": "GEV",
        "Date": "2024-04-04",
        "Open": 136.0,
        "High": 139.3500061035,
        "Low": 125.2600021362,
        "Close": 126.0599975586,
        "Percent Change": "-7.31 %",
        "Volume": 14207700
    },
    {
        "Symbol": "GEV",
        "Date": "2024-04-05",
        "Open": 125.5,
        "High": 128.1799926758,
        "Low": 119.0,
        "Close": 122.6999969482,
        "Percent Change": "-2.23 %",
        "Volume": 16051000
    },
    {
        "Symbol": "GEV",
        "Date": "2024-04-08",
        "Open": 126.1299972534,
        "High": 131.9499969482,
        "Low": 125.8600006104,
        "Close": 129.9600067139,
        "Percent Change": "3.04 %",
        "Volume": 12195000
    },
    {
        "Symbol": "GEV",
        "Date": "2024-04-09",
        "Open": 130.8699951172,
        "High": 133.6000061035,
        "Low": 128.25,
        "Close": 132.1699981689,
        "Percent Change": "0.99 %",
        "Volume": 9143500
    },
    {
        "Symbol": "GEV",
        "Date": "2024-04-10",
        "Open": 129.5,
        "High": 139.9299926758,
        "Low": 128.9400024414,
        "Close": 138.3699951172,
        "Percent Change": "6.85 %",
        "Volume": 8376800
    },
    {
        "Symbol": "GEV",
        "Date": "2024-04-11",
        "Open": 139.1999969482,
        "High": 139.3200073242,
        "Low": 136.4100036621,
        "Close": 136.5700073242,
        "Percent Change": "-1.89 %",
        "Volume": 5326900
    },
    {
        "Symbol": "GEV",
        "Date": "2024-04-12",
        "Open": 135.0,
        "High": 138.1100006104,
        "Low": 133.5549926758,
        "Close": 134.0,
        "Percent Change": "-0.74 %",
        "Volume": 3761900
    },
    {
        "Symbol": "GEV",
        "Date": "2024-04-15",
        "Open": 134.6000061035,
        "High": 135.3200073242,
        "Low": 129.8500061035,
        "Close": 131.75,
        "Percent Change": "-2.12 %",
        "Volume": 3724900
    },
    {
        "Symbol": "GEV",
        "Date": "2024-04-16",
        "Open": 132.5,
        "High": 133.0500030518,
        "Low": 128.25,
        "Close": 130.0700073242,
        "Percent Change": "-1.83 %",
        "Volume": 5870900
    },
    {
        "Symbol": "GEV",
        "Date": "2024-04-17",
        "Open": 132.0399932861,
        "High": 138.1799926758,
        "Low": 131.25,
        "Close": 134.75,
        "Percent Change": "2.05 %",
        "Volume": 6154600
    },
    {
        "Symbol": "GEV",
        "Date": "2024-04-18",
        "Open": 138.1499938965,
        "High": 138.4100036621,
        "Low": 135.4299926758,
        "Close": 137.2200012207,
        "Percent Change": "-0.67 %",
        "Volume": 5022300
    },
    {
        "Symbol": "GEV",
        "Date": "2024-04-19",
        "Open": 137.25,
        "High": 140.5899963379,
        "Low": 134.9049987793,
        "Close": 135.1000061035,
        "Percent Change": "-1.57 %",
        "Volume": 4515600
    },
    {
        "Symbol": "GEV",
        "Date": "2024-04-22",
        "Open": 135.5200042725,
        "High": 137.1399993896,
        "Low": 132.1100006104,
        "Close": 136.6900024414,
        "Percent Change": "0.86 %",
        "Volume": 2435000
    },
    {
        "Symbol": "GEV",
        "Date": "2024-04-23",
        "Open": 138.4600067139,
        "High": 148.3500061035,
        "Low": 137.8699951172,
        "Close": 147.8300018311,
        "Percent Change": "6.77 %",
        "Volume": 4682800
    },
    {
        "Symbol": "GEV",
        "Date": "2024-04-24",
        "Open": 147.0,
        "High": 149.8999938965,
        "Low": 144.3500061035,
        "Close": 146.1799926758,
        "Percent Change": "-0.56 %",
        "Volume": 4684600
    },
    {
        "Symbol": "GEV",
        "Date": "2024-04-25",
        "Open": 143.0,
        "High": 152.1399993896,
        "Low": 138.6730041504,
        "Close": 148.3099975586,
        "Percent Change": "3.71 %",
        "Volume": 6069300
    },
    {
        "Symbol": "GEV",
        "Date": "2024-04-26",
        "Open": 153.6399993896,
        "High": 157.25,
        "Low": 150.1999969482,
        "Close": 153.0700073242,
        "Percent Change": "-0.37 %",
        "Volume": 4230500
    },
    {
        "Symbol": "GEV",
        "Date": "2024-04-29",
        "Open": 153.5800018311,
        "High": 159.5500030518,
        "Low": 153.5800018311,
        "Close": 159.0099945068,
        "Percent Change": "3.54 %",
        "Volume": 5416300
    },
    {
        "Symbol": "GEV",
        "Date": "2024-04-30",
        "Open": 158.1399993896,
        "High": 163.1000061035,
        "Low": 152.25,
        "Close": 153.7100067139,
        "Percent Change": "-2.80 %",
        "Volume": 3490100
    },
    {
        "Symbol": "GEV",
        "Date": "2024-05-01",
        "Open": 154.1900024414,
        "High": 156.6999969482,
        "Low": 149.421005249,
        "Close": 151.6699981689,
        "Percent Change": "-1.63 %",
        "Volume": 3396800
    },
    {
        "Symbol": "GEV",
        "Date": "2024-05-02",
        "Open": 153.5299987793,
        "High": 155.4400024414,
        "Low": 151.658996582,
        "Close": 153.8300018311,
        "Percent Change": "0.20 %",
        "Volume": 2530700
    },
    {
        "Symbol": "GEV",
        "Date": "2024-05-03",
        "Open": 155.6300048828,
        "High": 167.1699981689,
        "Low": 155.1399993896,
        "Close": 166.2599945068,
        "Percent Change": "6.83 %",
        "Volume": 4635100
    },
    {
        "Symbol": "GEV",
        "Date": "2024-05-06",
        "Open": 167.1600036621,
        "High": 171.1699981689,
        "Low": 164.5099945068,
        "Close": 169.1399993896,
        "Percent Change": "1.18 %",
        "Volume": 4007000
    },
    {
        "Symbol": "GEV",
        "Date": "2024-05-07",
        "Open": 168.6600036621,
        "High": 173.5,
        "Low": 167.1649932861,
        "Close": 167.3600006104,
        "Percent Change": "-0.77 %",
        "Volume": 2884800
    },
    {
        "Symbol": "GEV",
        "Date": "2024-05-08",
        "Open": 167.0,
        "High": 167.0099945068,
        "Low": 163.2250061035,
        "Close": 164.0,
        "Percent Change": "-1.80 %",
        "Volume": 3679700
    },
    {
        "Symbol": "GEV",
        "Date": "2024-05-09",
        "Open": 165.0,
        "High": 168.7200012207,
        "Low": 164.6499938965,
        "Close": 166.3999938965,
        "Percent Change": "0.85 %",
        "Volume": 4022600
    },
    {
        "Symbol": "GEV",
        "Date": "2024-05-10",
        "Open": 169.0,
        "High": 170.8000030518,
        "Low": 165.9900054932,
        "Close": 167.2700042725,
        "Percent Change": "-1.02 %",
        "Volume": 3459600
    },
    {
        "Symbol": "GEV",
        "Date": "2024-05-13",
        "Open": 165.0,
        "High": 167.5500030518,
        "Low": 160.1799926758,
        "Close": 161.5299987793,
        "Percent Change": "-2.10 %",
        "Volume": 4413800
    },
    {
        "Symbol": "GEV",
        "Date": "2024-05-14",
        "Open": 160.6900024414,
        "High": 166.5549926758,
        "Low": 158.8600006104,
        "Close": 165.6300048828,
        "Percent Change": "3.07 %",
        "Volume": 3855400
    },
    {
        "Symbol": "GEV",
        "Date": "2024-05-15",
        "Open": 168.3600006104,
        "High": 172.3500061035,
        "Low": 166.9559936523,
        "Close": 167.8699951172,
        "Percent Change": "-0.29 %",
        "Volume": 2572000
    },
    {
        "Symbol": "GEV",
        "Date": "2024-05-16",
        "Open": 168.0299987793,
        "High": 170.0,
        "Low": 166.3500061035,
        "Close": 166.3999938965,
        "Percent Change": "-0.97 %",
        "Volume": 1604400
    },
    {
        "Symbol": "GEV",
        "Date": "2024-05-17",
        "Open": 166.8800048828,
        "High": 167.6399993896,
        "Low": 160.9400024414,
        "Close": 162.6199951172,
        "Percent Change": "-2.55 %",
        "Volume": 1937200
    },
    {
        "Symbol": "GEV",
        "Date": "2024-05-20",
        "Open": 163.0599975586,
        "High": 164.3000030518,
        "Low": 160.2100067139,
        "Close": 160.9499969482,
        "Percent Change": "-1.29 %",
        "Volume": 1736100
    },
    {
        "Symbol": "GEV",
        "Date": "2024-05-21",
        "Open": 160.2400054932,
        "High": 164.4900054932,
        "Low": 159.0700073242,
        "Close": 163.9299926758,
        "Percent Change": "2.30 %",
        "Volume": 1945300
    },
    {
        "Symbol": "GEV",
        "Date": "2024-05-22",
        "Open": 164.2899932861,
        "High": 167.3600006104,
        "Low": 163.0,
        "Close": 163.8500061035,
        "Percent Change": "-0.27 %",
        "Volume": 2018900
    },
    {
        "Symbol": "GEV",
        "Date": "2024-05-23",
        "Open": 166.4199981689,
        "High": 170.0,
        "Low": 161.4400024414,
        "Close": 161.6699981689,
        "Percent Change": "-2.85 %",
        "Volume": 3139000
    },
    {
        "Symbol": "GEV",
        "Date": "2024-05-24",
        "Open": 162.8099975586,
        "High": 177.7700042725,
        "Low": 162.0899963379,
        "Close": 177.4299926758,
        "Percent Change": "8.98 %",
        "Volume": 4293400
    },
    {
        "Symbol": "GEV",
        "Date": "2024-05-28",
        "Open": 178.3399963379,
        "High": 182.7799987793,
        "Low": 176.7799987793,
        "Close": 178.0899963379,
        "Percent Change": "-0.14 %",
        "Volume": 2632700
    },
    {
        "Symbol": "GEV",
        "Date": "2024-05-29",
        "Open": 176.0,
        "High": 178.6900024414,
        "Low": 174.095993042,
        "Close": 177.3200073242,
        "Percent Change": "0.75 %",
        "Volume": 1537700
    },
    {
        "Symbol": "GEV",
        "Date": "2024-05-30",
        "Open": 176.9700012207,
        "High": 177.8099975586,
        "Low": 174.5,
        "Close": 175.0800018311,
        "Percent Change": "-1.07 %",
        "Volume": 2043100
    },
    {
        "Symbol": "GEV",
        "Date": "2024-05-31",
        "Open": 177.1000061035,
        "High": 179.7649993896,
        "Low": 165.3999938965,
        "Close": 175.8999938965,
        "Percent Change": "-0.68 %",
        "Volume": 5454900
    },
    {
        "Symbol": "GEV",
        "Date": "2024-06-03",
        "Open": 178.9299926758,
        "High": 179.0,
        "Low": 166.4400024414,
        "Close": 170.3699951172,
        "Percent Change": "-4.78 %",
        "Volume": 3434800
    },
    {
        "Symbol": "GEV",
        "Date": "2024-06-04",
        "Open": 168.3500061035,
        "High": 169.4100036621,
        "Low": 161.3300018311,
        "Close": 163.0399932861,
        "Percent Change": "-3.15 %",
        "Volume": 5279800
    },
    {
        "Symbol": "GEV",
        "Date": "2024-06-05",
        "Open": 165.0899963379,
        "High": 168.3000030518,
        "Low": 162.4700012207,
        "Close": 163.4900054932,
        "Percent Change": "-0.97 %",
        "Volume": 8005500
    },
    {
        "Symbol": "GEV",
        "Date": "2024-06-06",
        "Open": 163.25,
        "High": 164.1300048828,
        "Low": 155.5,
        "Close": 160.3099975586,
        "Percent Change": "-1.80 %",
        "Volume": 5249000
    },
    {
        "Symbol": "GEV",
        "Date": "2024-06-07",
        "Open": 159.5,
        "High": 165.7599945068,
        "Low": 159.0399932861,
        "Close": 162.0800018311,
        "Percent Change": "1.62 %",
        "Volume": 4850300
    },
    {
        "Symbol": "GEV",
        "Date": "2024-06-10",
        "Open": 161.2200012207,
        "High": 170.0,
        "Low": 160.5980072021,
        "Close": 166.6399993896,
        "Percent Change": "3.36 %",
        "Volume": 4224300
    },
    {
        "Symbol": "GEV",
        "Date": "2024-06-11",
        "Open": 165.5,
        "High": 168.5399932861,
        "Low": 163.3000030518,
        "Close": 168.2299957275,
        "Percent Change": "1.65 %",
        "Volume": 2036100
    },
    {
        "Symbol": "GEV",
        "Date": "2024-06-12",
        "Open": 171.5399932861,
        "High": 179.2200012207,
        "Low": 171.1549987793,
        "Close": 177.5200042725,
        "Percent Change": "3.49 %",
        "Volume": 4016500
    },
    {
        "Symbol": "GEV",
        "Date": "2024-06-13",
        "Open": 179.8000030518,
        "High": 181.9600067139,
        "Low": 172.8399963379,
        "Close": 176.1699981689,
        "Percent Change": "-2.02 %",
        "Volume": 3462200
    },
    {
        "Symbol": "GEV",
        "Date": "2024-06-14",
        "Open": 174.0899963379,
        "High": 174.7799987793,
        "Low": 166.1999969482,
        "Close": 170.1699981689,
        "Percent Change": "-2.25 %",
        "Volume": 3128300
    },
    {
        "Symbol": "GEV",
        "Date": "2024-06-17",
        "Open": 169.75,
        "High": 171.8800048828,
        "Low": 166.1499938965,
        "Close": 168.7599945068,
        "Percent Change": "-0.58 %",
        "Volume": 2804200
    },
    {
        "Symbol": "GEV",
        "Date": "2024-06-18",
        "Open": 167.9400024414,
        "High": 180.25,
        "Low": 166.3300018311,
        "Close": 179.5700073242,
        "Percent Change": "6.93 %",
        "Volume": 3364900
    },
    {
        "Symbol": "GEV",
        "Date": "2024-06-20",
        "Open": 178.4700012207,
        "High": 185.5,
        "Low": 175.0950012207,
        "Close": 177.1799926758,
        "Percent Change": "-0.72 %",
        "Volume": 4005300
    },
    {
        "Symbol": "GEV",
        "Date": "2024-06-21",
        "Open": 177.1000061035,
        "High": 177.1799926758,
        "Low": 170.3999938965,
        "Close": 175.7299957275,
        "Percent Change": "-0.77 %",
        "Volume": 3877000
    },
    {
        "Symbol": "GEV",
        "Date": "2024-06-24",
        "Open": 176.5500030518,
        "High": 179.1499938965,
        "Low": 174.7700042725,
        "Close": 178.1399993896,
        "Percent Change": "0.90 %",
        "Volume": 2552900
    },
    {
        "Symbol": "GEV",
        "Date": "2024-06-25",
        "Open": 179.8000030518,
        "High": 181.5,
        "Low": 176.2700042725,
        "Close": 181.4499969482,
        "Percent Change": "0.92 %",
        "Volume": 2554000
    },
    {
        "Symbol": "GEV",
        "Date": "2024-06-26",
        "Open": 180.8899993896,
        "High": 181.7250061035,
        "Low": 177.6199951172,
        "Close": 180.0,
        "Percent Change": "-0.49 %",
        "Volume": 2284000
    },
    {
        "Symbol": "GEV",
        "Date": "2024-06-27",
        "Open": 178.3899993896,
        "High": 179.2729949951,
        "Low": 173.25,
        "Close": 176.2799987793,
        "Percent Change": "-1.18 %",
        "Volume": 2541300
    },
    {
        "Symbol": "GEV",
        "Date": "2024-06-28",
        "Open": 174.8000030518,
        "High": 176.3000030518,
        "Low": 167.1750030518,
        "Close": 171.5099945068,
        "Percent Change": "-1.88 %",
        "Volume": 3783600
    },
    {
        "Symbol": "GEV",
        "Date": "2024-07-01",
        "Open": 171.0,
        "High": 171.1999969482,
        "Low": 165.1199951172,
        "Close": 167.5200042725,
        "Percent Change": "-2.04 %",
        "Volume": 2748200
    },
    {
        "Symbol": "GEV",
        "Date": "2024-07-02",
        "Open": 165.4100036621,
        "High": 171.9799957275,
        "Low": 165.4100036621,
        "Close": 169.8099975586,
        "Percent Change": "2.66 %",
        "Volume": 2447400
    },
    {
        "Symbol": "GEV",
        "Date": "2024-07-03",
        "Open": 170.1000061035,
        "High": 174.7799987793,
        "Low": 169.1799926758,
        "Close": 172.6799926758,
        "Percent Change": "1.52 %",
        "Volume": 1317200
    },
    {
        "Symbol": "GEV",
        "Date": "2024-07-05",
        "Open": 171.5,
        "High": 177.4400024414,
        "Low": 171.2599945068,
        "Close": 176.2299957275,
        "Percent Change": "2.76 %",
        "Volume": 1629500
    },
    {
        "Symbol": "GEV",
        "Date": "2024-07-08",
        "Open": 176.8099975586,
        "High": 178.6000061035,
        "Low": 174.1699981689,
        "Close": 174.3699951172,
        "Percent Change": "-1.38 %",
        "Volume": 1659100
    },
    {
        "Symbol": "GEV",
        "Date": "2024-07-09",
        "Open": 174.2799987793,
        "High": 174.8300018311,
        "Low": 172.6000061035,
        "Close": 172.9799957275,
        "Percent Change": "-0.75 %",
        "Volume": 1800600
    },
    {
        "Symbol": "GEV",
        "Date": "2024-07-10",
        "Open": 174.9299926758,
        "High": 179.8000030518,
        "Low": 174.6000061035,
        "Close": 179.7299957275,
        "Percent Change": "2.74 %",
        "Volume": 1835700
    },
    {
        "Symbol": "GEV",
        "Date": "2024-07-11",
        "Open": 181.0,
        "High": 183.1600036621,
        "Low": 176.5500030518,
        "Close": 176.6999969482,
        "Percent Change": "-2.38 %",
        "Volume": 2574500
    },
    {
        "Symbol": "GEV",
        "Date": "2024-07-12",
        "Open": 177.9499969482,
        "High": 184.3309936523,
        "Low": 174.3999938965,
        "Close": 180.4499969482,
        "Percent Change": "1.40 %",
        "Volume": 1603900
    },
    {
        "Symbol": "GEV",
        "Date": "2024-07-15",
        "Open": 180.2400054932,
        "High": 181.8099975586,
        "Low": 176.5,
        "Close": 177.4400024414,
        "Percent Change": "-1.55 %",
        "Volume": 3026400
    },
    {
        "Symbol": "GEV",
        "Date": "2024-07-16",
        "Open": 178.7799987793,
        "High": 183.8899993896,
        "Low": 178.1799926758,
        "Close": 182.7400054932,
        "Percent Change": "2.22 %",
        "Volume": 1789700
    },
    {
        "Symbol": "GEV",
        "Date": "2024-07-17",
        "Open": 180.1999969482,
        "High": 180.1999969482,
        "Low": 162.8999938965,
        "Close": 165.8300018311,
        "Percent Change": "-7.97 %",
        "Volume": 6033800
    },
    {
        "Symbol": "GEV",
        "Date": "2024-07-18",
        "Open": 168.0,
        "High": 171.4499969482,
        "Low": 159.4299926758,
        "Close": 161.4900054932,
        "Percent Change": "-3.87 %",
        "Volume": 4736600
    },
    {
        "Symbol": "GEV",
        "Date": "2024-07-19",
        "Open": 162.0,
        "High": 163.6900024414,
        "Low": 159.1100006104,
        "Close": 163.3399963379,
        "Percent Change": "0.83 %",
        "Volume": 2547800
    },
    {
        "Symbol": "GEV",
        "Date": "2024-07-22",
        "Open": 166.3800048828,
        "High": 168.25,
        "Low": 163.6840057373,
        "Close": 166.7599945068,
        "Percent Change": "0.23 %",
        "Volume": 1738600
    },
    {
        "Symbol": "GEV",
        "Date": "2024-07-23",
        "Open": 167.0,
        "High": 171.0099945068,
        "Low": 166.2200012207,
        "Close": 170.4900054932,
        "Percent Change": "2.09 %",
        "Volume": 3221800
    },
    {
        "Symbol": "GEV",
        "Date": "2024-07-24",
        "Open": 167.3399963379,
        "High": 172.3000030518,
        "Low": 162.7299957275,
        "Close": 162.8999938965,
        "Percent Change": "-2.65 %",
        "Volume": 5532100
    },
    {
        "Symbol": "GEV",
        "Date": "2024-07-25",
        "Open": 166.0,
        "High": 166.2899932861,
        "Low": 156.4100036621,
        "Close": 160.0,
        "Percent Change": "-3.61 %",
        "Volume": 5163200
    },
    {
        "Symbol": "GEV",
        "Date": "2024-07-26",
        "Open": 168.4600067139,
        "High": 173.9759979248,
        "Low": 163.6900024414,
        "Close": 173.1100006104,
        "Percent Change": "2.76 %",
        "Volume": 3871900
    },
    {
        "Symbol": "GEV",
        "Date": "2024-07-29",
        "Open": 174.3200073242,
        "High": 174.7700042725,
        "Low": 169.8500061035,
        "Close": 172.0500030518,
        "Percent Change": "-1.30 %",
        "Volume": 1757800
    },
    {
        "Symbol": "GEV",
        "Date": "2024-07-30",
        "Open": 172.9299926758,
        "High": 174.0700073242,
        "Low": 162.4499969482,
        "Close": 162.6999969482,
        "Percent Change": "-5.92 %",
        "Volume": 2639300
    },
    {
        "Symbol": "GEV",
        "Date": "2024-07-31",
        "Open": 171.25,
        "High": 180.2550048828,
        "Low": 171.25,
        "Close": 178.2400054932,
        "Percent Change": "4.08 %",
        "Volume": 4056500
    },
    {
        "Symbol": "GEV",
        "Date": "2024-08-01",
        "Open": 181.8999938965,
        "High": 183.8600006104,
        "Low": 171.8099975586,
        "Close": 174.0299987793,
        "Percent Change": "-4.33 %",
        "Volume": 3706800
    },
    {
        "Symbol": "GEV",
        "Date": "2024-08-02",
        "Open": 168.7799987793,
        "High": 169.9900054932,
        "Low": 161.5,
        "Close": 164.7299957275,
        "Percent Change": "-2.40 %",
        "Volume": 3314500
    },
    {
        "Symbol": "GEV",
        "Date": "2024-08-05",
        "Open": 152.4049987793,
        "High": 165.3899993896,
        "Low": 150.0099945068,
        "Close": 162.2400054932,
        "Percent Change": "6.45 %",
        "Volume": 3700500
    },
    {
        "Symbol": "GEV",
        "Date": "2024-08-06",
        "Open": 163.0800018311,
        "High": 166.4649963379,
        "Low": 160.0,
        "Close": 164.3500061035,
        "Percent Change": "0.78 %",
        "Volume": 2799900
    },
    {
        "Symbol": "GEV",
        "Date": "2024-08-07",
        "Open": 168.6600036621,
        "High": 172.75,
        "Low": 164.6900024414,
        "Close": 166.0700073242,
        "Percent Change": "-1.54 %",
        "Volume": 3312800
    },
    {
        "Symbol": "GEV",
        "Date": "2024-08-08",
        "Open": 169.1999969482,
        "High": 177.4600067139,
        "Low": 165.0500030518,
        "Close": 177.2100067139,
        "Percent Change": "4.73 %",
        "Volume": 2755800
    },
    {
        "Symbol": "GEV",
        "Date": "2024-08-09",
        "Open": 176.5200042725,
        "High": 179.5500030518,
        "Low": 172.6000061035,
        "Close": 179.1100006104,
        "Percent Change": "1.47 %",
        "Volume": 2766500
    }
]