[
    {
        "Symbol":"BNL",
        "Date":"2024-08-11",
        "Open":19780.0,
        "High":19850.0,
        "Low":19425.0,
        "Close":19800.0,
        "Percent Change":"1.80 %",
        "Volume":120.0
    },
    {
        "Symbol":"BNL",
        "Date":"2024-08-08",
        "Open":19439.0,
        "High":20625.0,
        "Low":19404.4,
        "Close":19450.0,
        "Percent Change":"-1.94 %",
        "Volume":130.0
    },
    {
        "Symbol":"BNL",
        "Date":"2024-08-07",
        "Open":18392.6,
        "High":19835.2,
        "Low":18392.6,
        "Close":19835.2,
        "Percent Change":"10.00 %",
        "Volume":160.0
    },
    {
        "Symbol":"BNL",
        "Date":"2024-08-06",
        "Open":19050.0,
        "High":19080.0,
        "Low":18032.0,
        "Close":18032.0,
        "Percent Change":"-4.94 %",
        "Volume":130.0
    },
    {
        "Symbol":"BNL",
        "Date":"2024-08-05",
        "Open":19525.8,
        "High":19916.0,
        "Low":18968.0,
        "Close":18970.0,
        "Percent Change":"-0.90 %",
        "Volume":80.0
    },
    {
        "Symbol":"BNL",
        "Date":"2024-08-01",
        "Open":18500.0,
        "High":19143.0,
        "Low":18400.0,
        "Close":19143.0,
        "Percent Change":"2.00 %",
        "Volume":50.0
    },
    {
        "Symbol":"BNL",
        "Date":"2024-07-31",
        "Open":19110.0,
        "High":19110.0,
        "Low":18370.0,
        "Close":18768.0,
        "Percent Change":"-3.75 %",
        "Volume":205.0
    },
    {
        "Symbol":"BNL",
        "Date":"2024-07-30",
        "Open":19380.0,
        "High":19500.0,
        "Low":19000.0,
        "Close":19500.0,
        "Percent Change":"2.63 %",
        "Volume":50.0
    },
    {
        "Symbol":"BNL",
        "Date":"2024-07-29",
        "Open":20238.0,
        "High":20640.0,
        "Low":19000.0,
        "Close":19000.0,
        "Percent Change":"-7.99 %",
        "Volume":348.0
    },
    {
        "Symbol":"BNL",
        "Date":"2024-07-28",
        "Open":21000.0,
        "High":21012.0,
        "Low":20000.0,
        "Close":20650.0,
        "Percent Change":"0.24 %",
        "Volume":200.0
    },
    {
        "Symbol":"BNL",
        "Date":"2024-07-25",
        "Open":19176.0,
        "High":20679.0,
        "Low":19176.0,
        "Close":20600.0,
        "Percent Change":"9.57 %",
        "Volume":100.0
    },
    {
        "Symbol":"BNL",
        "Date":"2024-07-24",
        "Open":19798.8,
        "High":21351.6,
        "Low":18438.9,
        "Close":18800.0,
        "Percent Change":"-3.15 %",
        "Volume":505.0
    },
    {
        "Symbol":"BNL",
        "Date":"2024-07-23",
        "Open":17995.0,
        "High":19410.6,
        "Low":17995.0,
        "Close":19410.6,
        "Percent Change":"10.00 %",
        "Volume":240.0
    },
    {
        "Symbol":"BNL",
        "Date":"2024-07-22",
        "Open":17400.0,
        "High":17646.0,
        "Low":17300.0,
        "Close":17646.0,
        "Percent Change":"0.83 %",
        "Volume":70.0
    },
    {
        "Symbol":"BNL",
        "Date":"2024-07-21",
        "Open":17340.0,
        "High":17800.0,
        "Low":17340.0,
        "Close":17501.0,
        "Percent Change":"2.95 %",
        "Volume":85.0
    },
    {
        "Symbol":"BNL",
        "Date":"2024-07-18",
        "Open":16642.0,
        "High":17000.0,
        "Low":16642.0,
        "Close":17000.0,
        "Percent Change":"2.44 %",
        "Volume":80.0
    },
    {
        "Symbol":"BNL",
        "Date":"2024-07-17",
        "Open":16318.0,
        "High":16595.0,
        "Low":16318.0,
        "Close":16595.0,
        "Percent Change":"3.73 %",
        "Volume":130.0
    },
    {
        "Symbol":"BNL",
        "Date":"2024-07-16",
        "Open":15999.0,
        "High":15999.0,
        "Low":15999.0,
        "Close":15999.0,
        "Percent Change":"1.87 %",
        "Volume":30.0
    },
    {
        "Symbol":"BNL",
        "Date":"2024-07-15",
        "Open":15705.0,
        "High":15705.0,
        "Low":15705.0,
        "Close":15705.0,
        "Percent Change":"-1.85 %",
        "Volume":10.0
    },
    {
        "Symbol":"BNL",
        "Date":"2024-07-14",
        "Open":15815.0,
        "High":16131.3,
        "Low":15815.0,
        "Close":16000.5,
        "Percent Change":"3.20 %",
        "Volume":30.0
    },
    {
        "Symbol":"BNL",
        "Date":"2024-07-11",
        "Open":15463.1,
        "High":15605.0,
        "Low":15463.1,
        "Close":15505.0,
        "Percent Change":"-1.62 %",
        "Volume":80.0
    },
    {
        "Symbol":"BNL",
        "Date":"2024-07-09",
        "Open":16075.0,
        "High":16075.0,
        "Low":15760.0,
        "Close":15760.0,
        "Percent Change":"-3.90 %",
        "Volume":50.0
    },
    {
        "Symbol":"BNL",
        "Date":"2024-07-08",
        "Open":16168.0,
        "High":16399.0,
        "Low":16168.0,
        "Close":16399.0,
        "Percent Change":"3.45 %",
        "Volume":20.0
    },
    {
        "Symbol":"BNL",
        "Date":"2024-07-07",
        "Open":15851.0,
        "High":15851.8,
        "Low":15851.0,
        "Close":15851.8,
        "Percent Change":"2.00 %",
        "Volume":20.0
    },
    {
        "Symbol":"BNL",
        "Date":"2024-07-04",
        "Open":15541.0,
        "High":15541.0,
        "Low":15541.0,
        "Close":15541.0,
        "Percent Change":"-1.93 %",
        "Volume":10.0
    },
    {
        "Symbol":"BNL",
        "Date":"2024-07-03",
        "Open":16170.0,
        "High":16170.0,
        "Low":15847.0,
        "Close":15847.0,
        "Percent Change":"-3.96 %",
        "Volume":30.0
    },
    {
        "Symbol":"BNL",
        "Date":"2024-07-02",
        "Open":16500.0,
        "High":16500.0,
        "Low":16500.0,
        "Close":16500.0,
        "Percent Change":"1.74 %",
        "Volume":10.0
    },
    {
        "Symbol":"BNL",
        "Date":"2024-07-01",
        "Open":15557.6,
        "High":16218.0,
        "Low":15557.6,
        "Close":16218.0,
        "Percent Change":"2.16 %",
        "Volume":100.0
    },
    {
        "Symbol":"BNL",
        "Date":"2024-06-25",
        "Open":16199.0,
        "High":16199.0,
        "Low":15875.1,
        "Close":15875.1,
        "Percent Change":"-0.23 %",
        "Volume":20.0
    },
    {
        "Symbol":"BNL",
        "Date":"2024-06-24",
        "Open":15600.0,
        "High":15912.0,
        "Low":15600.0,
        "Close":15912.0,
        "Percent Change":"3.54 %",
        "Volume":30.0
    },
    {
        "Symbol":"BNL",
        "Date":"2024-06-23",
        "Open":15680.0,
        "High":15680.0,
        "Low":15368.0,
        "Close":15368.0,
        "Percent Change":"-1.99 %",
        "Volume":20.0
    },
    {
        "Symbol":"BNL",
        "Date":"2024-06-19",
        "Open":15680.1,
        "High":15680.1,
        "Low":15680.0,
        "Close":15680.0,
        "Percent Change":"-2.00 %",
        "Volume":20.0
    },
    {
        "Symbol":"BNL",
        "Date":"2024-06-18",
        "Open":16000.0,
        "High":16000.0,
        "Low":16000.0,
        "Close":16000.0,
        "Percent Change":"1.10 %",
        "Volume":40.0
    },
    {
        "Symbol":"BNL",
        "Date":"2024-06-16",
        "Open":15825.6,
        "High":15825.6,
        "Low":15825.6,
        "Close":15825.6,
        "Percent Change":"-2.00 %",
        "Volume":20.0
    },
    {
        "Symbol":"BNL",
        "Date":"2024-06-12",
        "Open":16148.6,
        "High":16148.6,
        "Low":16148.5,
        "Close":16148.5,
        "Percent Change":"-2.00 %",
        "Volume":20.0
    },
    {
        "Symbol":"BNL",
        "Date":"2024-06-09",
        "Open":16478.0,
        "High":16478.0,
        "Low":16478.0,
        "Close":16478.0,
        "Percent Change":"2.00 %",
        "Volume":50.0
    },
    {
        "Symbol":"BNL",
        "Date":"2024-06-06",
        "Open":16151.0,
        "High":16155.0,
        "Low":16151.0,
        "Close":16155.0,
        "Percent Change":"-1.79 %",
        "Volume":50.0
    },
    {
        "Symbol":"BNL",
        "Date":"2024-06-05",
        "Open":16371.0,
        "High":16449.1,
        "Low":16371.0,
        "Close":16449.1,
        "Percent Change":"2.49 %",
        "Volume":20.0
    },
    {
        "Symbol":"BNL",
        "Date":"2024-06-04",
        "Open":15900.0,
        "High":16050.0,
        "Low":15850.0,
        "Close":16050.0,
        "Percent Change":"0.31 %",
        "Volume":160.0
    },
    {
        "Symbol":"BNL",
        "Date":"2024-06-03",
        "Open":16000.0,
        "High":16000.0,
        "Low":16000.0,
        "Close":16000.0,
        "Percent Change":"1.01 %",
        "Volume":20.0
    },
    {
        "Symbol":"BNL",
        "Date":"2024-06-02",
        "Open":16100.0,
        "High":16100.0,
        "Low":15840.1,
        "Close":15840.1,
        "Percent Change":"-3.41 %",
        "Volume":44.0
    },
    {
        "Symbol":"BNL",
        "Date":"2024-05-30",
        "Open":16399.0,
        "High":16411.0,
        "Low":16399.0,
        "Close":16399.0,
        "Percent Change":"1.92 %",
        "Volume":30.0
    },
    {
        "Symbol":"BNL",
        "Date":"2024-05-29",
        "Open":15550.0,
        "High":16090.0,
        "Low":15550.0,
        "Close":16090.0,
        "Percent Change":"4.14 %",
        "Volume":105.0
    },
    {
        "Symbol":"BNL",
        "Date":"2024-05-27",
        "Open":15123.4,
        "High":15555.0,
        "Low":15123.4,
        "Close":15450.0,
        "Percent Change":"0.12 %",
        "Volume":60.0
    },
    {
        "Symbol":"BNL",
        "Date":"2024-05-26",
        "Open":15432.0,
        "High":15432.0,
        "Low":15432.0,
        "Close":15432.0,
        "Percent Change":"-1.99 %",
        "Volume":10.0
    },
    {
        "Symbol":"BNL",
        "Date":"2024-05-22",
        "Open":15801.0,
        "High":15801.0,
        "Low":15746.0,
        "Close":15746.0,
        "Percent Change":"-1.99 %",
        "Volume":30.0
    },
    {
        "Symbol":"BNL",
        "Date":"2024-05-19",
        "Open":16392.0,
        "High":16392.0,
        "Low":16065.0,
        "Close":16065.0,
        "Percent Change":"-0.04 %",
        "Volume":60.0
    },
    {
        "Symbol":"BNL",
        "Date":"2024-05-16",
        "Open":16200.0,
        "High":16200.0,
        "Low":16071.0,
        "Close":16071.0,
        "Percent Change":"-1.99 %",
        "Volume":40.0
    },
    {
        "Symbol":"BNL",
        "Date":"2024-05-15",
        "Open":16320.0,
        "High":16398.0,
        "Low":16320.0,
        "Close":16398.0,
        "Percent Change":"2.49 %",
        "Volume":30.0
    },
    {
        "Symbol":"BNL",
        "Date":"2024-05-14",
        "Open":16000.0,
        "High":16000.0,
        "Low":16000.0,
        "Close":16000.0,
        "Percent Change":"-0.49 %",
        "Volume":20.0
    },
    {
        "Symbol":"BNL",
        "Date":"2024-05-13",
        "Open":15800.0,
        "High":16078.0,
        "Low":15800.0,
        "Close":16078.0,
        "Percent Change":"2.00 %",
        "Volume":52.0
    },
    {
        "Symbol":"BNL",
        "Date":"2024-05-12",
        "Open":15763.0,
        "High":15763.0,
        "Low":15763.0,
        "Close":15763.0,
        "Percent Change":"2.00 %",
        "Volume":10.0
    },
    {
        "Symbol":"BNL",
        "Date":"2024-05-09",
        "Open":15151.0,
        "High":15454.0,
        "Low":15151.0,
        "Close":15454.0,
        "Percent Change":"0.03 %",
        "Volume":20.0
    },
    {
        "Symbol":"BNL",
        "Date":"2024-05-08",
        "Open":15449.9,
        "High":15450.0,
        "Low":15449.9,
        "Close":15450.0,
        "Percent Change":"0.00 %",
        "Volume":20.0
    },
    {
        "Symbol":"BNL",
        "Date":"2024-05-07",
        "Open":15400.0,
        "High":15450.0,
        "Low":15400.0,
        "Close":15450.0,
        "Percent Change":"1.78 %",
        "Volume":40.0
    },
    {
        "Symbol":"BNL",
        "Date":"2024-05-06",
        "Open":15200.0,
        "High":15200.0,
        "Low":15180.2,
        "Close":15180.2,
        "Percent Change":"-1.96 %",
        "Volume":20.0
    },
    {
        "Symbol":"BNL",
        "Date":"2024-05-05",
        "Open":15800.0,
        "High":15800.0,
        "Low":15484.1,
        "Close":15484.1,
        "Percent Change":"-2.00 %",
        "Volume":30.0
    },
    {
        "Symbol":"BNL",
        "Date":"2024-05-02",
        "Open":15544.8,
        "High":15855.6,
        "Low":15544.8,
        "Close":15800.1,
        "Percent Change":"3.68 %",
        "Volume":31.0
    },
    {
        "Symbol":"BNL",
        "Date":"2024-04-30",
        "Open":15845.0,
        "High":15845.0,
        "Low":15240.0,
        "Close":15240.0,
        "Percent Change":"-5.73 %",
        "Volume":61.0
    },
    {
        "Symbol":"BNL",
        "Date":"2024-04-29",
        "Open":15550.0,
        "High":16167.0,
        "Low":15505.1,
        "Close":16167.0,
        "Percent Change":"2.32 %",
        "Volume":100.0
    },
    {
        "Symbol":"BNL",
        "Date":"2024-04-28",
        "Open":15800.0,
        "High":15800.0,
        "Low":15800.0,
        "Close":15800.0,
        "Percent Change":"-1.92 %",
        "Volume":10.0
    },
    {
        "Symbol":"BNL",
        "Date":"2024-04-24",
        "Open":15793.7,
        "High":16109.0,
        "Low":15793.7,
        "Close":16109.0,
        "Percent Change":"4.04 %",
        "Volume":20.0
    },
    {
        "Symbol":"BNL",
        "Date":"2024-04-22",
        "Open":15881.4,
        "High":15881.4,
        "Low":15484.1,
        "Close":15484.1,
        "Percent Change":"-0.55 %",
        "Volume":30.0
    },
    {
        "Symbol":"BNL",
        "Date":"2024-04-21",
        "Open":15269.2,
        "High":15570.0,
        "Low":15269.2,
        "Close":15570.0,
        "Percent Change":"-0.06 %",
        "Volume":20.0
    },
    {
        "Symbol":"BNL",
        "Date":"2024-04-18",
        "Open":15580.0,
        "High":15580.0,
        "Low":15580.0,
        "Close":15580.0,
        "Percent Change":"-1.92 %",
        "Volume":10.0
    },
    {
        "Symbol":"BNL",
        "Date":"2024-04-16",
        "Open":15885.8,
        "High":15885.8,
        "Low":15885.8,
        "Close":15885.8,
        "Percent Change":"-2.00 %",
        "Volume":10.0
    },
    {
        "Symbol":"BNL",
        "Date":"2024-04-15",
        "Open":16877.6,
        "High":16877.6,
        "Low":16210.0,
        "Close":16210.0,
        "Percent Change":"-5.88 %",
        "Volume":40.0
    },
    {
        "Symbol":"BNL",
        "Date":"2024-04-14",
        "Open":16600.0,
        "High":17222.0,
        "Low":16580.0,
        "Close":17222.0,
        "Percent Change":"1.80 %",
        "Volume":50.0
    },
    {
        "Symbol":"BNL",
        "Date":"2024-04-10",
        "Open":15700.0,
        "High":16918.3,
        "Low":15400.0,
        "Close":16918.3,
        "Percent Change":"6.12 %",
        "Volume":210.0
    },
    {
        "Symbol":"BNL",
        "Date":"2024-04-09",
        "Open":16267.1,
        "High":16267.1,
        "Low":15630.0,
        "Close":15942.6,
        "Percent Change":"-3.95 %",
        "Volume":100.0
    },
    {
        "Symbol":"BNL",
        "Date":"2024-04-07",
        "Open":16700.0,
        "High":16800.1,
        "Low":16366.0,
        "Close":16599.0,
        "Percent Change":"-1.78 %",
        "Volume":141.0
    },
    {
        "Symbol":"BNL",
        "Date":"2024-04-04",
        "Open":16899.0,
        "High":16899.0,
        "Low":16899.0,
        "Close":16899.0,
        "Percent Change":"-2.00 %",
        "Volume":10.0
    },
    {
        "Symbol":"BNL",
        "Date":"2024-04-03",
        "Open":17243.3,
        "High":17243.3,
        "Low":17243.3,
        "Close":17243.3,
        "Percent Change":"-2.00 %",
        "Volume":10.0
    },
    {
        "Symbol":"BNL",
        "Date":"2024-04-02",
        "Open":17595.2,
        "High":17595.2,
        "Low":17595.2,
        "Close":17595.2,
        "Percent Change":"2.00 %",
        "Volume":10.0
    },
    {
        "Symbol":"BNL",
        "Date":"2024-04-01",
        "Open":17239.4,
        "High":17584.1,
        "Low":17239.4,
        "Close":17250.2,
        "Percent Change":"2.06 %",
        "Volume":30.0
    },
    {
        "Symbol":"BNL",
        "Date":"2024-03-31",
        "Open":17950.0,
        "High":17950.0,
        "Low":16901.4,
        "Close":16901.4,
        "Percent Change":"-7.64 %",
        "Volume":40.0
    },
    {
        "Symbol":"BNL",
        "Date":"2024-03-28",
        "Open":18500.0,
        "High":18727.2,
        "Low":18300.0,
        "Close":18300.0,
        "Percent Change":"-0.33 %",
        "Volume":89.0
    },
    {
        "Symbol":"BNL",
        "Date":"2024-03-27",
        "Open":18200.0,
        "High":18360.0,
        "Low":18000.0,
        "Close":18360.0,
        "Percent Change":"-0.99 %",
        "Volume":80.0
    },
    {
        "Symbol":"BNL",
        "Date":"2024-03-26",
        "Open":18500.0,
        "High":20104.1,
        "Low":18500.0,
        "Close":18543.6,
        "Percent Change":"1.46 %",
        "Volume":150.0
    },
    {
        "Symbol":"BNL",
        "Date":"2024-03-25",
        "Open":16947.3,
        "High":18276.5,
        "Low":16947.3,
        "Close":18276.5,
        "Percent Change":"10.00 %",
        "Volume":80.0
    },
    {
        "Symbol":"BNL",
        "Date":"2024-03-21",
        "Open":17983.0,
        "High":17983.0,
        "Low":16615.0,
        "Close":16615.0,
        "Percent Change":"-9.46 %",
        "Volume":241.0
    },
    {
        "Symbol":"BNL",
        "Date":"2024-03-20",
        "Open":19831.0,
        "High":19831.0,
        "Low":18350.0,
        "Close":18350.0,
        "Percent Change":"-9.32 %",
        "Volume":60.0
    },
    {
        "Symbol":"BNL",
        "Date":"2024-03-17",
        "Open":20235.7,
        "High":20235.7,
        "Low":20235.7,
        "Close":20235.7,
        "Percent Change":"-2.00 %",
        "Volume":10.0
    },
    {
        "Symbol":"BNL",
        "Date":"2024-03-14",
        "Open":20648.6,
        "High":20648.6,
        "Low":20648.6,
        "Close":20648.6,
        "Percent Change":"-2.00 %",
        "Volume":10.0
    },
    {
        "Symbol":"BNL",
        "Date":"2024-03-12",
        "Open":21070.0,
        "High":21070.0,
        "Low":21070.0,
        "Close":21070.0,
        "Percent Change":"-2.00 %",
        "Volume":10.0
    },
    {
        "Symbol":"BNL",
        "Date":"2024-03-07",
        "Open":20580.0,
        "High":21500.0,
        "Low":18900.0,
        "Close":21500.0,
        "Percent Change":"2.38 %",
        "Volume":330.0
    },
    {
        "Symbol":"BNL",
        "Date":"2024-03-06",
        "Open":20542.8,
        "High":21381.0,
        "Low":19336.0,
        "Close":21000.0,
        "Percent Change":"0.18 %",
        "Volume":160.0
    },
    {
        "Symbol":"BNL",
        "Date":"2024-03-05",
        "Open":23756.4,
        "High":23756.4,
        "Low":20961.6,
        "Close":20962.0,
        "Percent Change":"-10.00 %",
        "Volume":366.0
    },
    {
        "Symbol":"BNL",
        "Date":"2024-03-04",
        "Open":23290.6,
        "High":23290.6,
        "Low":23290.6,
        "Close":23290.6,
        "Percent Change":"2.00 %",
        "Volume":10.0
    },
    {
        "Symbol":"BNL",
        "Date":"2024-03-03",
        "Open":22037.2,
        "High":23765.6,
        "Low":19511.0,
        "Close":22834.0,
        "Percent Change":"5.69 %",
        "Volume":687.0
    },
    {
        "Symbol":"BNL",
        "Date":"2024-02-29",
        "Open":20033.8,
        "High":21605.1,
        "Low":20033.8,
        "Close":21605.1,
        "Percent Change":"10.00 %",
        "Volume":70.0
    },
    {
        "Symbol":"BNL",
        "Date":"2024-02-28",
        "Open":18205.0,
        "High":19641.0,
        "Low":17855.5,
        "Close":19641.0,
        "Percent Change":"10.00 %",
        "Volume":220.0
    },
    {
        "Symbol":"BNL",
        "Date":"2024-02-27",
        "Open":16556.9,
        "High":17855.5,
        "Low":16556.9,
        "Close":17855.5,
        "Percent Change":"10.00 %",
        "Volume":50.0
    },
    {
        "Symbol":"BNL",
        "Date":"2024-02-26",
        "Open":15051.8,
        "High":16232.3,
        "Low":15051.8,
        "Close":16232.3,
        "Percent Change":"10.00 %",
        "Volume":50.0
    },
    {
        "Symbol":"BNL",
        "Date":"2024-02-25",
        "Open":13683.5,
        "High":14756.7,
        "Low":13683.5,
        "Close":14756.7,
        "Percent Change":"10.00 %",
        "Volume":61.0
    },
    {
        "Symbol":"BNL",
        "Date":"2024-02-22",
        "Open":12641.6,
        "High":13415.2,
        "Low":12641.6,
        "Close":13415.2,
        "Percent Change":"8.24 %",
        "Volume":40.0
    },
    {
        "Symbol":"BNL",
        "Date":"2024-02-21",
        "Open":11492.4,
        "High":12393.8,
        "Low":11492.4,
        "Close":12393.8,
        "Percent Change":"10.00 %",
        "Volume":50.0
    },
    {
        "Symbol":"BNL",
        "Date":"2024-02-20",
        "Open":10447.7,
        "High":11267.1,
        "Low":10447.7,
        "Close":11267.1,
        "Percent Change":"10.00 %",
        "Volume":50.0
    },
    {
        "Symbol":"BNL",
        "Date":"2024-02-18",
        "Open":9498.0,
        "High":10242.9,
        "Low":9498.0,
        "Close":10242.9,
        "Percent Change":"10.00 %",
        "Volume":60.0
    },
    {
        "Symbol":"BNL",
        "Date":"2024-02-15",
        "Open":8634.6,
        "High":9311.8,
        "Low":8634.6,
        "Close":9311.8,
        "Percent Change":"10.00 %",
        "Volume":50.0
    },
    {
        "Symbol":"BNL",
        "Date":"2024-02-14",
        "Open":7849.7,
        "High":8465.3,
        "Low":7849.7,
        "Close":8465.3,
        "Percent Change":"10.00 %",
        "Volume":50.0
    },
    {
        "Symbol":"BNL",
        "Date":"2024-02-13",
        "Open":7136.1,
        "High":7695.8,
        "Low":7136.1,
        "Close":7695.8,
        "Percent Change":"10.00 %",
        "Volume":50.0
    },
    {
        "Symbol":"BNL",
        "Date":"2024-02-12",
        "Open":6487.4,
        "High":6996.2,
        "Low":6487.4,
        "Close":6996.2,
        "Percent Change":"10.00 %",
        "Volume":50.0
    },
    {
        "Symbol":"BNL",
        "Date":"2024-01-31",
        "Open":6360.2,
        "High":6360.2,
        "Low":6360.2,
        "Close":6360.2,
        "Percent Change":"2.00 %",
        "Volume":10.0
    },
    {
        "Symbol":"BNL",
        "Date":"2023-12-27",
        "Open":6235.5,
        "High":6235.5,
        "Low":6235.5,
        "Close":6235.5,
        "Percent Change":"-2.00 %",
        "Volume":10.0
    },
    {
        "Symbol":"BNL",
        "Date":"2023-12-24",
        "Open":5899.7,
        "High":6362.5,
        "Low":5899.7,
        "Close":6362.5,
        "Percent Change":"10.00 %",
        "Volume":50.0
    },
    {
        "Symbol":"BNL",
        "Date":"2023-12-21",
        "Open":5363.4,
        "High":5784.1,
        "Low":5363.4,
        "Close":5784.1,
        "Percent Change":"10.00 %",
        "Volume":50.0
    },
    {
        "Symbol":"BNL",
        "Date":"2023-12-20",
        "Open":4875.9,
        "High":5258.3,
        "Low":4875.9,
        "Close":5258.3,
        "Percent Change":"10.00 %",
        "Volume":50.0
    },
    {
        "Symbol":"BNL",
        "Date":"2023-12-19",
        "Open":4432.7,
        "High":4780.3,
        "Low":4432.7,
        "Close":4780.3,
        "Percent Change":"10.00 %",
        "Volume":50.0
    },
    {
        "Symbol":"BNL",
        "Date":"2023-12-18",
        "Open":3950.7,
        "High":4345.8,
        "Low":3950.7,
        "Close":4345.8,
        "Percent Change":"10.00 %",
        "Volume":60.0
    },
    {
        "Symbol":"BNL",
        "Date":"2023-12-17",
        "Open":3663.5,
        "High":3950.8,
        "Low":3663.5,
        "Close":3950.8,
        "Percent Change":"10.00 %",
        "Volume":50.0
    },
    {
        "Symbol":"BNL",
        "Date":"2023-12-14",
        "Open":3330.5,
        "High":3591.7,
        "Low":3330.5,
        "Close":3591.7,
        "Percent Change":"10.00 %",
        "Volume":50.0
    },
    {
        "Symbol":"BNL",
        "Date":"2023-12-13",
        "Open":3027.7,
        "High":3265.2,
        "Low":3027.7,
        "Close":3265.2,
        "Percent Change":"10.00 %",
        "Volume":50.0
    },
    {
        "Symbol":"BNL",
        "Date":"2023-12-12",
        "Open":2752.5,
        "High":2968.4,
        "Low":2752.5,
        "Close":2968.4,
        "Percent Change":"10.00 %",
        "Volume":50.0
    },
    {
        "Symbol":"BNL",
        "Date":"2023-12-11",
        "Open":2502.3,
        "High":2698.6,
        "Low":2502.3,
        "Close":2698.6,
        "Percent Change":"10.00 %",
        "Volume":50.0
    },
    {
        "Symbol":"BNL",
        "Date":"2023-09-24",
        "Open":2453.3,
        "High":2453.3,
        "Low":2453.3,
        "Close":2453.3,
        "Percent Change":"2.00 %",
        "Volume":22.0
    },
    {
        "Symbol":"BNL",
        "Date":"2023-08-07",
        "Open":2358.1,
        "High":2405.2,
        "Low":2358.1,
        "Close":2405.2,
        "Percent Change":"4.04 %",
        "Volume":20.0
    },
    {
        "Symbol":"BNL",
        "Date":"2023-07-11",
        "Open":2266.6,
        "High":2311.9,
        "Low":2266.6,
        "Close":2311.9,
        "Percent Change":"4.04 %",
        "Volume":20.0
    },
    {
        "Symbol":"BNL",
        "Date":"2022-09-25",
        "Open":2222.2,
        "High":2222.2,
        "Low":2222.2,
        "Close":2222.2,
        "Percent Change":"2.00 %",
        "Volume":10.0
    },
    {
        "Symbol":"BNL",
        "Date":"2022-09-14",
        "Open":2178.7,
        "High":2178.7,
        "Low":2178.7,
        "Close":2178.7,
        "Percent Change":"2.00 %",
        "Volume":10.0
    },
    {
        "Symbol":"BNL",
        "Date":"2022-09-13",
        "Open":1980.7,
        "High":2136.0,
        "Low":1980.7,
        "Close":2136.0,
        "Percent Change":"10.00 %",
        "Volume":52.0
    },
    {
        "Symbol":"BNL",
        "Date":"2022-05-17",
        "Open":1941.9,
        "High":1941.9,
        "Low":1941.9,
        "Close":1941.9,
        "Percent Change":"2.00 %",
        "Volume":21.0
    },
    {
        "Symbol":"BNL",
        "Date":"2021-08-01",
        "Open":1866.6,
        "High":1903.9,
        "Low":1866.6,
        "Close":1903.9,
        "Percent Change":"4.04 %",
        "Volume":360.0
    },
    {
        "Symbol":"BNL",
        "Date":"2019-10-10",
        "Open":1795.0,
        "High":1830.0,
        "Low":1795.0,
        "Close":1830.0,
        "Percent Change":"3.98 %",
        "Volume":134.0
    }
]