[
    {
        "Symbol":"JLI",
        "Date":"2022-06-27",
        "Open":351.9,
        "High":351.9,
        "Low":351.9,
        "Close":351.9,
        "Percent Change":"-1.98 %",
        "Volume":"726.00"
    },
    {
        "Symbol":"JLI",
        "Date":"2022-06-26",
        "Open":344.0,
        "High":365.0,
        "Low":340.0,
        "Close":359.0,
        "Percent Change":"5.87 %",
        "Volume":"18,874.00"
    },
    {
        "Symbol":"JLI",
        "Date":"2022-06-24",
        "Open":336.2,
        "High":362.1,
        "Low":330.1,
        "Close":339.1,
        "Percent Change":"-1.14 %",
        "Volume":"4,859.00"
    },
    {
        "Symbol":"JLI",
        "Date":"2022-06-23",
        "Open":350.8,
        "High":351.0,
        "Low":340.0,
        "Close":343.0,
        "Percent Change":"-4.16 %",
        "Volume":"10,324.00"
    },
    {
        "Symbol":"JLI",
        "Date":"2022-06-22",
        "Open":362.0,
        "High":366.0,
        "Low":350.0,
        "Close":357.9,
        "Percent Change":"-1.13 %",
        "Volume":"5,435.00"
    },
    {
        "Symbol":"JLI",
        "Date":"2022-06-21",
        "Open":348.1,
        "High":367.2,
        "Low":342.1,
        "Close":362.0,
        "Percent Change":"1.91 %",
        "Volume":"4,955.00"
    },
    {
        "Symbol":"JLI",
        "Date":"2022-06-20",
        "Open":360.0,
        "High":360.2,
        "Low":339.7,
        "Close":355.2,
        "Percent Change":"-2.82 %",
        "Volume":"23,640.00"
    },
    {
        "Symbol":"JLI",
        "Date":"2022-06-19",
        "Open":367.0,
        "High":371.0,
        "Low":365.5,
        "Close":365.5,
        "Percent Change":"-1.48 %",
        "Volume":"3,953.00"
    },
    {
        "Symbol":"JLI",
        "Date":"2022-06-17",
        "Open":371.0,
        "High":374.9,
        "Low":368.0,
        "Close":371.0,
        "Percent Change":"0.00 %",
        "Volume":"3,653.00"
    },
    {
        "Symbol":"JLI",
        "Date":"2022-06-16",
        "Open":380.0,
        "High":381.0,
        "Low":364.6,
        "Close":371.0,
        "Percent Change":"-0.80 %",
        "Volume":"14,360.00"
    },
    {
        "Symbol":"JLI",
        "Date":"2022-06-15",
        "Open":384.0,
        "High":384.0,
        "Low":358.0,
        "Close":374.0,
        "Percent Change":"-0.80 %",
        "Volume":"7,846.00"
    },
    {
        "Symbol":"JLI",
        "Date":"2022-06-14",
        "Open":396.0,
        "High":396.0,
        "Low":373.0,
        "Close":377.0,
        "Percent Change":"-3.08 %",
        "Volume":"8,720.00"
    },
    {
        "Symbol":"JLI",
        "Date":"2022-06-13",
        "Open":392.0,
        "High":394.0,
        "Low":385.0,
        "Close":389.0,
        "Percent Change":"-1.27 %",
        "Volume":"5,536.00"
    },
    {
        "Symbol":"JLI",
        "Date":"2022-06-10",
        "Open":405.0,
        "High":405.0,
        "Low":390.2,
        "Close":394.0,
        "Percent Change":"-2.72 %",
        "Volume":"4,378.00"
    },
    {
        "Symbol":"JLI",
        "Date":"2022-06-09",
        "Open":406.0,
        "High":421.0,
        "Low":399.0,
        "Close":405.0,
        "Percent Change":"-2.17 %",
        "Volume":"11,116.00"
    },
    {
        "Symbol":"JLI",
        "Date":"2022-06-08",
        "Open":384.0,
        "High":414.0,
        "Low":383.3,
        "Close":414.0,
        "Percent Change":"5.88 %",
        "Volume":"10,332.00"
    },
    {
        "Symbol":"JLI",
        "Date":"2022-06-07",
        "Open":383.0,
        "High":396.7,
        "Low":383.0,
        "Close":391.0,
        "Percent Change":"0.26 %",
        "Volume":"4,950.00"
    },
    {
        "Symbol":"JLI",
        "Date":"2022-06-06",
        "Open":398.0,
        "High":398.0,
        "Low":375.0,
        "Close":390.0,
        "Percent Change":"-0.26 %",
        "Volume":"18,879.00"
    },
    {
        "Symbol":"JLI",
        "Date":"2022-06-03",
        "Open":400.0,
        "High":400.0,
        "Low":388.0,
        "Close":391.0,
        "Percent Change":"-2.25 %",
        "Volume":"7,088.00"
    },
    {
        "Symbol":"JLI",
        "Date":"2022-06-02",
        "Open":396.0,
        "High":409.0,
        "Low":395.1,
        "Close":400.0,
        "Percent Change":"-0.99 %",
        "Volume":"5,146.00"
    },
    {
        "Symbol":"JLI",
        "Date":"2022-06-01",
        "Open":405.0,
        "High":409.0,
        "Low":393.0,
        "Close":404.0,
        "Percent Change":"-0.25 %",
        "Volume":"8,616.00"
    },
    {
        "Symbol":"JLI",
        "Date":"2022-05-31",
        "Open":400.0,
        "High":419.0,
        "Low":389.0,
        "Close":405.0,
        "Percent Change":"0.50 %",
        "Volume":"25,902.00"
    },
    {
        "Symbol":"JLI",
        "Date":"2022-05-30",
        "Open":429.3,
        "High":440.0,
        "Low":401.0,
        "Close":403.0,
        "Percent Change":"-7.36 %",
        "Volume":"30,977.00"
    },
    {
        "Symbol":"JLI",
        "Date":"2022-05-27",
        "Open":445.0,
        "High":445.0,
        "Low":434.0,
        "Close":435.0,
        "Percent Change":"-1.81 %",
        "Volume":"8,644.00"
    },
    {
        "Symbol":"JLI",
        "Date":"2022-05-26",
        "Open":445.0,
        "High":455.0,
        "Low":438.0,
        "Close":443.0,
        "Percent Change":"-1.56 %",
        "Volume":"12,892.00"
    },
    {
        "Symbol":"JLI",
        "Date":"2022-05-25",
        "Open":457.0,
        "High":457.0,
        "Low":442.0,
        "Close":450.0,
        "Percent Change":"0.22 %",
        "Volume":"9,712.00"
    },
    {
        "Symbol":"JLI",
        "Date":"2022-05-24",
        "Open":441.0,
        "High":455.0,
        "Low":435.0,
        "Close":449.0,
        "Percent Change":"0.22 %",
        "Volume":"5,711.00"
    },
    {
        "Symbol":"JLI",
        "Date":"2022-05-23",
        "Open":455.0,
        "High":455.0,
        "Low":438.1,
        "Close":448.0,
        "Percent Change":"-2.61 %",
        "Volume":"12,515.00"
    },
    {
        "Symbol":"JLI",
        "Date":"2022-05-20",
        "Open":469.0,
        "High":477.0,
        "Low":456.0,
        "Close":460.0,
        "Percent Change":"-2.65 %",
        "Volume":"8,922.00"
    },
    {
        "Symbol":"JLI",
        "Date":"2022-05-19",
        "Open":474.5,
        "High":497.0,
        "Low":470.0,
        "Close":472.5,
        "Percent Change":"-2.17 %",
        "Volume":"6,719.00"
    },
    {
        "Symbol":"JLI",
        "Date":"2022-05-18",
        "Open":493.0,
        "High":493.0,
        "Low":467.0,
        "Close":483.0,
        "Percent Change":"-0.03 %",
        "Volume":"14,058.00"
    },
    {
        "Symbol":"JLI",
        "Date":"2022-05-17",
        "Open":543.0,
        "High":544.0,
        "Low":493.8,
        "Close":496.0,
        "Percent Change":"-8.99 %",
        "Volume":"19,369.00"
    },
    {
        "Symbol":"JLI",
        "Date":"2022-05-12",
        "Open":545.0,
        "High":550.0,
        "Low":525.0,
        "Close":545.0,
        "Percent Change":"0.00 %",
        "Volume":"7,865.00"
    },
    {
        "Symbol":"JLI",
        "Date":"2022-05-11",
        "Open":530.0,
        "High":545.0,
        "Low":522.0,
        "Close":545.0,
        "Percent Change":"3.42 %",
        "Volume":"4,473.00"
    },
    {
        "Symbol":"JLI",
        "Date":"2022-05-10",
        "Open":506.1,
        "High":535.3,
        "Low":506.1,
        "Close":527.0,
        "Percent Change":"2.33 %",
        "Volume":"1,665.00"
    },
    {
        "Symbol":"JLI",
        "Date":"2022-05-09",
        "Open":533.0,
        "High":535.0,
        "Low":511.0,
        "Close":515.0,
        "Percent Change":"-2.83 %",
        "Volume":"8,233.00"
    },
    {
        "Symbol":"JLI",
        "Date":"2022-05-08",
        "Open":508.0,
        "High":530.0,
        "Low":487.0,
        "Close":530.0,
        "Percent Change":"6.21 %",
        "Volume":"6,430.00"
    },
    {
        "Symbol":"JLI",
        "Date":"2022-05-05",
        "Open":505.0,
        "High":508.0,
        "Low":494.0,
        "Close":499.0,
        "Percent Change":"-2.92 %",
        "Volume":"9,985.00"
    },
    {
        "Symbol":"JLI",
        "Date":"2022-05-04",
        "Open":520.0,
        "High":522.0,
        "Low":507.0,
        "Close":514.0,
        "Percent Change":"-2.10 %",
        "Volume":"5,205.00"
    },
    {
        "Symbol":"JLI",
        "Date":"2022-05-02",
        "Open":537.0,
        "High":538.0,
        "Low":518.0,
        "Close":525.0,
        "Percent Change":"-3.31 %",
        "Volume":"6,965.00"
    },
    {
        "Symbol":"JLI",
        "Date":"2022-04-28",
        "Open":554.0,
        "High":560.0,
        "Low":540.1,
        "Close":543.0,
        "Percent Change":"-1.83 %",
        "Volume":"6,151.00"
    },
    {
        "Symbol":"JLI",
        "Date":"2022-04-27",
        "Open":558.0,
        "High":562.1,
        "Low":541.0,
        "Close":553.1,
        "Percent Change":"0.38 %",
        "Volume":"4,235.00"
    },
    {
        "Symbol":"JLI",
        "Date":"2022-04-26",
        "Open":559.0,
        "High":565.0,
        "Low":549.0,
        "Close":551.0,
        "Percent Change":"-1.43 %",
        "Volume":"4,906.00"
    },
    {
        "Symbol":"JLI",
        "Date":"2022-04-25",
        "Open":580.9,
        "High":590.0,
        "Low":559.0,
        "Close":559.0,
        "Percent Change":"-2.00 %",
        "Volume":"6,865.00"
    },
    {
        "Symbol":"JLI",
        "Date":"2022-04-24",
        "Open":540.0,
        "High":590.0,
        "Low":537.4,
        "Close":570.4,
        "Percent Change":"4.28 %",
        "Volume":"13,895.00"
    },
    {
        "Symbol":"JLI",
        "Date":"2022-04-21",
        "Open":537.0,
        "High":557.0,
        "Low":530.1,
        "Close":547.0,
        "Percent Change":"0.00 %",
        "Volume":"4,617.00"
    },
    {
        "Symbol":"JLI",
        "Date":"2022-04-20",
        "Open":555.0,
        "High":574.0,
        "Low":545.0,
        "Close":547.0,
        "Percent Change":"-3.01 %",
        "Volume":"6,276.00"
    },
    {
        "Symbol":"JLI",
        "Date":"2022-04-19",
        "Open":565.0,
        "High":566.0,
        "Low":546.0,
        "Close":564.0,
        "Percent Change":"1.81 %",
        "Volume":"3,495.00"
    },
    {
        "Symbol":"JLI",
        "Date":"2022-04-18",
        "Open":560.0,
        "High":580.0,
        "Low":548.9,
        "Close":554.0,
        "Percent Change":"-2.64 %",
        "Volume":"9,454.00"
    },
    {
        "Symbol":"JLI",
        "Date":"2022-04-17",
        "Open":595.0,
        "High":595.0,
        "Low":568.0,
        "Close":569.0,
        "Percent Change":"-3.21 %",
        "Volume":"4,842.00"
    },
    {
        "Symbol":"JLI",
        "Date":"2022-04-13",
        "Open":575.0,
        "High":608.9,
        "Low":570.0,
        "Close":587.9,
        "Percent Change":"1.36 %",
        "Volume":"10,661.00"
    },
    {
        "Symbol":"JLI",
        "Date":"2022-04-12",
        "Open":585.0,
        "High":596.0,
        "Low":575.0,
        "Close":580.0,
        "Percent Change":"-1.36 %",
        "Volume":"5,942.00"
    },
    {
        "Symbol":"JLI",
        "Date":"2022-04-11",
        "Open":610.0,
        "High":622.0,
        "Low":580.0,
        "Close":588.0,
        "Percent Change":"-2.16 %",
        "Volume":"16,122.00"
    },
    {
        "Symbol":"JLI",
        "Date":"2022-04-07",
        "Open":571.5,
        "High":619.0,
        "Low":571.5,
        "Close":601.0,
        "Percent Change":"3.26 %",
        "Volume":"18,231.00"
    },
    {
        "Symbol":"JLI",
        "Date":"2022-04-06",
        "Open":594.0,
        "High":603.0,
        "Low":571.1,
        "Close":582.0,
        "Percent Change":"-1.69 %",
        "Volume":"18,730.00"
    },
    {
        "Symbol":"JLI",
        "Date":"2022-04-05",
        "Open":607.0,
        "High":619.0,
        "Low":583.0,
        "Close":592.0,
        "Percent Change":"-4.21 %",
        "Volume":"15,949.00"
    },
    {
        "Symbol":"JLI",
        "Date":"2022-04-04",
        "Open":613.1,
        "High":629.0,
        "Low":611.0,
        "Close":618.0,
        "Percent Change":"-0.87 %",
        "Volume":"11,438.00"
    },
    {
        "Symbol":"JLI",
        "Date":"2022-04-03",
        "Open":630.0,
        "High":640.0,
        "Low":623.0,
        "Close":623.4,
        "Percent Change":"-2.75 %",
        "Volume":"6,492.00"
    },
    {
        "Symbol":"JLI",
        "Date":"2022-03-31",
        "Open":641.9,
        "High":655.8,
        "Low":639.0,
        "Close":641.0,
        "Percent Change":"-2.14 %",
        "Volume":"7,497.00"
    },
    {
        "Symbol":"JLI",
        "Date":"2022-03-30",
        "Open":640.0,
        "High":657.0,
        "Low":622.3,
        "Close":655.0,
        "Percent Change":"1.71 %",
        "Volume":"11,689.00"
    },
    {
        "Symbol":"JLI",
        "Date":"2022-03-29",
        "Open":629.1,
        "High":656.0,
        "Low":629.1,
        "Close":644.0,
        "Percent Change":"0.59 %",
        "Volume":"8,628.00"
    },
    {
        "Symbol":"JLI",
        "Date":"2022-03-28",
        "Open":660.1,
        "High":670.0,
        "Low":640.1,
        "Close":640.2,
        "Percent Change":"-4.45 %",
        "Volume":"13,572.00"
    },
    {
        "Symbol":"JLI",
        "Date":"2022-03-27",
        "Open":660.0,
        "High":724.0,
        "Low":660.0,
        "Close":670.0,
        "Percent Change":"1.52 %",
        "Volume":"84,303.00"
    },
    {
        "Symbol":"JLI",
        "Date":"2022-03-24",
        "Open":620.0,
        "High":675.0,
        "Low":620.0,
        "Close":660.0,
        "Percent Change":"5.26 %",
        "Volume":"45,271.00"
    },
    {
        "Symbol":"JLI",
        "Date":"2022-03-23",
        "Open":627.0,
        "High":635.0,
        "Low":623.0,
        "Close":627.0,
        "Percent Change":"-0.48 %",
        "Volume":"4,505.00"
    },
    {
        "Symbol":"JLI",
        "Date":"2022-03-22",
        "Open":642.6,
        "High":668.5,
        "Low":621.1,
        "Close":630.0,
        "Percent Change":"0.00 %",
        "Volume":"11,712.00"
    },
    {
        "Symbol":"JLI",
        "Date":"2022-03-21",
        "Open":620.0,
        "High":630.0,
        "Low":618.0,
        "Close":630.0,
        "Percent Change":"0.80 %",
        "Volume":"6,511.00"
    },
    {
        "Symbol":"JLI",
        "Date":"2022-03-20",
        "Open":635.0,
        "High":640.0,
        "Low":620.1,
        "Close":625.0,
        "Percent Change":"-1.57 %",
        "Volume":"8,097.00"
    },
    {
        "Symbol":"JLI",
        "Date":"2022-03-16",
        "Open":630.0,
        "High":650.0,
        "Low":630.0,
        "Close":635.0,
        "Percent Change":"-0.47 %",
        "Volume":"10,658.00"
    },
    {
        "Symbol":"JLI",
        "Date":"2022-03-15",
        "Open":625.0,
        "High":663.0,
        "Low":625.0,
        "Close":638.0,
        "Percent Change":"1.59 %",
        "Volume":"20,465.00"
    },
    {
        "Symbol":"JLI",
        "Date":"2022-03-14",
        "Open":620.0,
        "High":650.0,
        "Low":620.0,
        "Close":628.0,
        "Percent Change":"1.05 %",
        "Volume":"12,916.00"
    },
    {
        "Symbol":"JLI",
        "Date":"2022-03-13",
        "Open":565.0,
        "High":621.5,
        "Low":565.0,
        "Close":621.5,
        "Percent Change":"10.00 %",
        "Volume":"47,425.00"
    },
    {
        "Symbol":"JLI",
        "Date":"2022-03-10",
        "Open":556.0,
        "High":572.2,
        "Low":548.0,
        "Close":565.0,
        "Percent Change":"1.62 %",
        "Volume":"7,101.00"
    },
    {
        "Symbol":"JLI",
        "Date":"2022-03-09",
        "Open":549.0,
        "High":560.0,
        "Low":545.0,
        "Close":556.0,
        "Percent Change":"1.09 %",
        "Volume":"6,802.00"
    },
    {
        "Symbol":"JLI",
        "Date":"2022-03-07",
        "Open":550.0,
        "High":564.0,
        "Low":550.0,
        "Close":550.0,
        "Percent Change":"-0.54 %",
        "Volume":"6,080.00"
    },
    {
        "Symbol":"JLI",
        "Date":"2022-03-06",
        "Open":556.0,
        "High":565.9,
        "Low":550.1,
        "Close":553.0,
        "Percent Change":"-0.66 %",
        "Volume":"5,829.00"
    },
    {
        "Symbol":"JLI",
        "Date":"2022-03-02",
        "Open":573.8,
        "High":573.8,
        "Low":556.1,
        "Close":556.7,
        "Percent Change":"-3.42 %",
        "Volume":"7,373.00"
    },
    {
        "Symbol":"JLI",
        "Date":"2022-02-28",
        "Open":585.0,
        "High":608.0,
        "Low":575.0,
        "Close":576.4,
        "Percent Change":"-1.30 %",
        "Volume":"8,265.00"
    },
    {
        "Symbol":"JLI",
        "Date":"2022-02-27",
        "Open":590.0,
        "High":620.0,
        "Low":584.0,
        "Close":584.0,
        "Percent Change":"-1.02 %",
        "Volume":"7,271.00"
    },
    {
        "Symbol":"JLI",
        "Date":"2022-02-24",
        "Open":603.0,
        "High":610.0,
        "Low":589.2,
        "Close":590.0,
        "Percent Change":"-3.91 %",
        "Volume":"18,032.00"
    },
    {
        "Symbol":"JLI",
        "Date":"2022-02-23",
        "Open":615.0,
        "High":622.0,
        "Low":610.0,
        "Close":614.0,
        "Percent Change":"-1.76 %",
        "Volume":"10,719.00"
    },
    {
        "Symbol":"JLI",
        "Date":"2022-02-22",
        "Open":608.0,
        "High":625.0,
        "Low":608.0,
        "Close":625.0,
        "Percent Change":"2.29 %",
        "Volume":"13,592.00"
    },
    {
        "Symbol":"JLI",
        "Date":"2022-02-21",
        "Open":601.0,
        "High":624.7,
        "Low":601.0,
        "Close":611.0,
        "Percent Change":"-0.16 %",
        "Volume":"4,391.00"
    },
    {
        "Symbol":"JLI",
        "Date":"2022-02-20",
        "Open":619.4,
        "High":620.1,
        "Low":610.0,
        "Close":612.0,
        "Percent Change":"-3.16 %",
        "Volume":"9,705.00"
    },
    {
        "Symbol":"JLI",
        "Date":"2022-02-17",
        "Open":635.0,
        "High":642.0,
        "Low":627.3,
        "Close":632.0,
        "Percent Change":"-1.25 %",
        "Volume":"6,485.00"
    },
    {
        "Symbol":"JLI",
        "Date":"2022-02-16",
        "Open":629.5,
        "High":650.5,
        "Low":615.0,
        "Close":640.0,
        "Percent Change":"3.23 %",
        "Volume":"23,840.00"
    },
    {
        "Symbol":"JLI",
        "Date":"2022-02-15",
        "Open":601.3,
        "High":622.0,
        "Low":601.3,
        "Close":620.0,
        "Percent Change":"1.06 %",
        "Volume":"6,385.00"
    },
    {
        "Symbol":"JLI",
        "Date":"2022-02-14",
        "Open":609.0,
        "High":618.0,
        "Low":609.0,
        "Close":613.5,
        "Percent Change":"-1.05 %",
        "Volume":"4,590.00"
    },
    {
        "Symbol":"JLI",
        "Date":"2022-02-13",
        "Open":646.0,
        "High":646.0,
        "Low":615.0,
        "Close":620.0,
        "Percent Change":"-4.02 %",
        "Volume":"13,342.00"
    },
    {
        "Symbol":"JLI",
        "Date":"2022-02-10",
        "Open":652.0,
        "High":655.0,
        "Low":640.0,
        "Close":646.0,
        "Percent Change":"-0.92 %",
        "Volume":"10,120.00"
    },
    {
        "Symbol":"JLI",
        "Date":"2022-02-09",
        "Open":665.0,
        "High":665.0,
        "Low":640.0,
        "Close":652.0,
        "Percent Change":"-1.95 %",
        "Volume":"7,170.00"
    },
    {
        "Symbol":"JLI",
        "Date":"2022-02-08",
        "Open":688.5,
        "High":691.0,
        "Low":662.0,
        "Close":665.0,
        "Percent Change":"0.00 %",
        "Volume":"13,556.00"
    },
    {
        "Symbol":"JLI",
        "Date":"2022-02-07",
        "Open":650.0,
        "High":675.0,
        "Low":641.2,
        "Close":675.0,
        "Percent Change":"3.85 %",
        "Volume":"41,709.00"
    },
    {
        "Symbol":"JLI",
        "Date":"2022-02-06",
        "Open":722.0,
        "High":735.0,
        "Low":708.3,
        "Close":715.0,
        "Percent Change":"-0.97 %",
        "Volume":"34,492.00"
    },
    {
        "Symbol":"JLI",
        "Date":"2022-02-03",
        "Open":735.0,
        "High":735.0,
        "Low":720.0,
        "Close":722.0,
        "Percent Change":"-0.55 %",
        "Volume":"39,578.00"
    },
    {
        "Symbol":"JLI",
        "Date":"2022-02-01",
        "Open":717.0,
        "High":726.0,
        "Low":705.5,
        "Close":726.0,
        "Percent Change":"1.26 %",
        "Volume":"35,775.00"
    },
    {
        "Symbol":"JLI",
        "Date":"2022-01-31",
        "Open":725.0,
        "High":725.0,
        "Low":712.0,
        "Close":717.0,
        "Percent Change":"-1.09 %",
        "Volume":"13,497.00"
    },
    {
        "Symbol":"JLI",
        "Date":"2022-01-30",
        "Open":733.3,
        "High":744.0,
        "Low":716.1,
        "Close":724.9,
        "Percent Change":"0.82 %",
        "Volume":"31,476.00"
    },
    {
        "Symbol":"JLI",
        "Date":"2022-01-27",
        "Open":725.0,
        "High":726.0,
        "Low":711.0,
        "Close":719.0,
        "Percent Change":"-0.83 %",
        "Volume":"35,899.00"
    },
    {
        "Symbol":"JLI",
        "Date":"2022-01-26",
        "Open":734.0,
        "High":734.0,
        "Low":705.0,
        "Close":725.0,
        "Percent Change":"-0.94 %",
        "Volume":"75,251.00"
    },
    {
        "Symbol":"JLI",
        "Date":"2022-01-25",
        "Open":715.0,
        "High":738.0,
        "Low":705.0,
        "Close":731.9,
        "Percent Change":"1.94 %",
        "Volume":"49,961.00"
    },
    {
        "Symbol":"JLI",
        "Date":"2022-01-24",
        "Open":710.0,
        "High":730.0,
        "Low":702.0,
        "Close":718.0,
        "Percent Change":"1.82 %",
        "Volume":"121,134.00"
    },
    {
        "Symbol":"JLI",
        "Date":"2022-01-23",
        "Open":674.2,
        "High":705.2,
        "Low":674.2,
        "Close":705.2,
        "Percent Change":"6.69 %",
        "Volume":"88,576.00"
    },
    {
        "Symbol":"JLI",
        "Date":"2022-01-20",
        "Open":631.0,
        "High":661.0,
        "Low":631.0,
        "Close":661.0,
        "Percent Change":"2.80 %",
        "Volume":"17,247.00"
    },
    {
        "Symbol":"JLI",
        "Date":"2022-01-19",
        "Open":653.0,
        "High":660.9,
        "Low":640.0,
        "Close":643.0,
        "Percent Change":"-0.77 %",
        "Volume":"9,584.00"
    },
    {
        "Symbol":"JLI",
        "Date":"2022-01-18",
        "Open":650.1,
        "High":662.0,
        "Low":647.0,
        "Close":648.0,
        "Percent Change":"-2.26 %",
        "Volume":"13,772.00"
    },
    {
        "Symbol":"JLI",
        "Date":"2022-01-17",
        "Open":660.0,
        "High":670.0,
        "Low":652.0,
        "Close":663.0,
        "Percent Change":"-1.03 %",
        "Volume":"16,020.00"
    },
    {
        "Symbol":"JLI",
        "Date":"2022-01-16",
        "Open":665.0,
        "High":679.0,
        "Low":660.0,
        "Close":669.9,
        "Percent Change":"0.74 %",
        "Volume":"18,575.00"
    },
    {
        "Symbol":"JLI",
        "Date":"2022-01-13",
        "Open":654.0,
        "High":671.0,
        "Low":645.0,
        "Close":665.0,
        "Percent Change":"1.48 %",
        "Volume":"10,628.00"
    },
    {
        "Symbol":"JLI",
        "Date":"2022-01-12",
        "Open":680.0,
        "High":695.0,
        "Low":655.1,
        "Close":655.3,
        "Percent Change":"-3.49 %",
        "Volume":"19,211.00"
    },
    {
        "Symbol":"JLI",
        "Date":"2022-01-11",
        "Open":669.0,
        "High":690.0,
        "Low":660.0,
        "Close":679.0,
        "Percent Change":"1.34 %",
        "Volume":"25,716.00"
    },
    {
        "Symbol":"JLI",
        "Date":"2022-01-10",
        "Open":663.0,
        "High":676.0,
        "Low":652.1,
        "Close":670.0,
        "Percent Change":"-0.95 %",
        "Volume":"16,551.00"
    },
    {
        "Symbol":"JLI",
        "Date":"2022-01-09",
        "Open":651.7,
        "High":685.0,
        "Low":651.7,
        "Close":676.4,
        "Percent Change":"1.71 %",
        "Volume":"28,227.00"
    },
    {
        "Symbol":"JLI",
        "Date":"2022-01-06",
        "Open":627.3,
        "High":668.1,
        "Low":617.0,
        "Close":665.0,
        "Percent Change":"3.89 %",
        "Volume":"33,471.00"
    },
    {
        "Symbol":"JLI",
        "Date":"2022-01-05",
        "Open":644.0,
        "High":656.0,
        "Low":628.0,
        "Close":640.1,
        "Percent Change":"-2.42 %",
        "Volume":"27,285.00"
    },
    {
        "Symbol":"JLI",
        "Date":"2022-01-04",
        "Open":611.1,
        "High":656.0,
        "Low":611.1,
        "Close":656.0,
        "Percent Change":"5.47 %",
        "Volume":"46,459.00"
    },
    {
        "Symbol":"JLI",
        "Date":"2022-01-03",
        "Open":608.0,
        "High":633.0,
        "Low":595.2,
        "Close":622.0,
        "Percent Change":"2.81 %",
        "Volume":"37,807.00"
    },
    {
        "Symbol":"JLI",
        "Date":"2022-01-02",
        "Open":580.0,
        "High":622.0,
        "Low":560.0,
        "Close":605.0,
        "Percent Change":"6.14 %",
        "Volume":"28,846.00"
    },
    {
        "Symbol":"JLI",
        "Date":"2021-12-29",
        "Open":563.0,
        "High":580.0,
        "Low":556.0,
        "Close":570.0,
        "Percent Change":"-0.35 %",
        "Volume":"5,672.00"
    },
    {
        "Symbol":"JLI",
        "Date":"2021-12-28",
        "Open":563.5,
        "High":576.0,
        "Low":553.0,
        "Close":572.0,
        "Percent Change":"-0.52 %",
        "Volume":"5,200.00"
    },
    {
        "Symbol":"JLI",
        "Date":"2021-12-27",
        "Open":612.0,
        "High":625.0,
        "Low":575.0,
        "Close":575.0,
        "Percent Change":"-4.26 %",
        "Volume":"26,246.00"
    },
    {
        "Symbol":"JLI",
        "Date":"2021-12-26",
        "Open":538.0,
        "High":600.6,
        "Low":538.0,
        "Close":600.6,
        "Percent Change":"10.00 %",
        "Volume":"32,644.00"
    },
    {
        "Symbol":"JLI",
        "Date":"2021-12-23",
        "Open":530.0,
        "High":546.7,
        "Low":524.0,
        "Close":546.0,
        "Percent Change":"2.25 %",
        "Volume":"8,227.00"
    },
    {
        "Symbol":"JLI",
        "Date":"2021-12-22",
        "Open":509.1,
        "High":534.0,
        "Low":509.1,
        "Close":534.0,
        "Percent Change":"4.60 %",
        "Volume":"6,557.00"
    },
    {
        "Symbol":"JLI",
        "Date":"2021-12-21",
        "Open":518.0,
        "High":518.0,
        "Low":503.1,
        "Close":510.5,
        "Percent Change":"0.49 %",
        "Volume":"4,796.00"
    },
    {
        "Symbol":"JLI",
        "Date":"2021-12-20",
        "Open":507.0,
        "High":512.0,
        "Low":505.0,
        "Close":508.0,
        "Percent Change":"-1.26 %",
        "Volume":"5,636.00"
    },
    {
        "Symbol":"JLI",
        "Date":"2021-12-16",
        "Open":525.0,
        "High":525.0,
        "Low":514.5,
        "Close":514.5,
        "Percent Change":"-2.94 %",
        "Volume":"3,327.00"
    },
    {
        "Symbol":"JLI",
        "Date":"2021-12-15",
        "Open":540.0,
        "High":560.0,
        "Low":520.0,
        "Close":530.1,
        "Percent Change":"-1.83 %",
        "Volume":"8,502.00"
    },
    {
        "Symbol":"JLI",
        "Date":"2021-12-14",
        "Open":500.0,
        "High":545.7,
        "Low":500.0,
        "Close":540.0,
        "Percent Change":"7.96 %",
        "Volume":"3,039.00"
    },
    {
        "Symbol":"JLI",
        "Date":"2021-12-13",
        "Open":522.0,
        "High":522.0,
        "Low":499.9,
        "Close":500.2,
        "Percent Change":"-4.18 %",
        "Volume":"10,612.00"
    },
    {
        "Symbol":"JLI",
        "Date":"2021-12-12",
        "Open":532.0,
        "High":536.0,
        "Low":522.0,
        "Close":522.0,
        "Percent Change":"-2.61 %",
        "Volume":"5,904.00"
    },
    {
        "Symbol":"JLI",
        "Date":"2021-12-09",
        "Open":533.2,
        "High":545.0,
        "Low":533.2,
        "Close":536.0,
        "Percent Change":"-1.47 %",
        "Volume":"5,662.00"
    },
    {
        "Symbol":"JLI",
        "Date":"2021-12-08",
        "Open":564.0,
        "High":564.0,
        "Low":543.0,
        "Close":544.0,
        "Percent Change":"-3.72 %",
        "Volume":"8,090.00"
    },
    {
        "Symbol":"JLI",
        "Date":"2021-12-07",
        "Open":555.0,
        "High":580.0,
        "Low":546.0,
        "Close":565.0,
        "Percent Change":"1.62 %",
        "Volume":"8,025.00"
    },
    {
        "Symbol":"JLI",
        "Date":"2021-12-06",
        "Open":535.5,
        "High":556.0,
        "Low":530.0,
        "Close":556.0,
        "Percent Change":"2.21 %",
        "Volume":"10,364.00"
    },
    {
        "Symbol":"JLI",
        "Date":"2021-12-05",
        "Open":549.0,
        "High":555.0,
        "Low":539.0,
        "Close":544.0,
        "Percent Change":"-0.93 %",
        "Volume":"9,626.00"
    },
    {
        "Symbol":"JLI",
        "Date":"2021-12-02",
        "Open":555.0,
        "High":555.0,
        "Low":549.1,
        "Close":549.1,
        "Percent Change":"-1.42 %",
        "Volume":"4,991.00"
    },
    {
        "Symbol":"JLI",
        "Date":"2021-12-01",
        "Open":552.0,
        "High":570.0,
        "Low":550.0,
        "Close":557.0,
        "Percent Change":"-0.54 %",
        "Volume":"10,317.00"
    },
    {
        "Symbol":"JLI",
        "Date":"2021-11-30",
        "Open":551.0,
        "High":571.2,
        "Low":551.0,
        "Close":560.0,
        "Percent Change":"0.00 %",
        "Volume":"4,833.00"
    },
    {
        "Symbol":"JLI",
        "Date":"2021-11-29",
        "Open":558.0,
        "High":572.0,
        "Low":558.0,
        "Close":560.0,
        "Percent Change":"-1.60 %",
        "Volume":"5,388.00"
    },
    {
        "Symbol":"JLI",
        "Date":"2021-11-28",
        "Open":576.0,
        "High":594.0,
        "Low":565.0,
        "Close":569.1,
        "Percent Change":"-3.05 %",
        "Volume":"10,489.00"
    },
    {
        "Symbol":"JLI",
        "Date":"2021-11-25",
        "Open":590.0,
        "High":590.0,
        "Low":582.0,
        "Close":587.0,
        "Percent Change":"-0.34 %",
        "Volume":"4,593.00"
    },
    {
        "Symbol":"JLI",
        "Date":"2021-11-24",
        "Open":578.0,
        "High":595.0,
        "Low":578.0,
        "Close":589.0,
        "Percent Change":"0.15 %",
        "Volume":"8,890.00"
    },
    {
        "Symbol":"JLI",
        "Date":"2021-11-23",
        "Open":590.0,
        "High":605.0,
        "Low":586.1,
        "Close":588.1,
        "Percent Change":"-2.15 %",
        "Volume":"10,460.00"
    },
    {
        "Symbol":"JLI",
        "Date":"2021-11-22",
        "Open":596.0,
        "High":609.8,
        "Low":594.0,
        "Close":601.0,
        "Percent Change":"0.17 %",
        "Volume":"7,899.00"
    },
    {
        "Symbol":"JLI",
        "Date":"2021-11-21",
        "Open":600.0,
        "High":609.0,
        "Low":598.2,
        "Close":600.0,
        "Percent Change":"-1.66 %",
        "Volume":"11,721.00"
    },
    {
        "Symbol":"JLI",
        "Date":"2021-11-18",
        "Open":616.0,
        "High":620.0,
        "Low":608.1,
        "Close":610.1,
        "Percent Change":"-2.85 %",
        "Volume":"7,167.00"
    },
    {
        "Symbol":"JLI",
        "Date":"2021-11-17",
        "Open":638.0,
        "High":640.0,
        "Low":626.0,
        "Close":628.0,
        "Percent Change":"0.10 %",
        "Volume":"16,600.00"
    },
    {
        "Symbol":"JLI",
        "Date":"2021-11-16",
        "Open":610.0,
        "High":627.4,
        "Low":593.0,
        "Close":627.4,
        "Percent Change":"4.57 %",
        "Volume":"12,739.00"
    },
    {
        "Symbol":"JLI",
        "Date":"2021-11-15",
        "Open":573.3,
        "High":600.0,
        "Low":573.3,
        "Close":600.0,
        "Percent Change":"2.56 %",
        "Volume":"7,007.00"
    },
    {
        "Symbol":"JLI",
        "Date":"2021-11-14",
        "Open":600.0,
        "High":600.0,
        "Low":578.2,
        "Close":585.0,
        "Percent Change":"-1.71 %",
        "Volume":"10,052.00"
    },
    {
        "Symbol":"JLI",
        "Date":"2021-11-11",
        "Open":603.0,
        "High":610.0,
        "Low":591.0,
        "Close":595.2,
        "Percent Change":"-3.22 %",
        "Volume":"7,815.00"
    },
    {
        "Symbol":"JLI",
        "Date":"2021-11-09",
        "Open":633.0,
        "High":633.1,
        "Low":601.0,
        "Close":615.0,
        "Percent Change":"-3.30 %",
        "Volume":"15,904.00"
    },
    {
        "Symbol":"JLI",
        "Date":"2021-11-08",
        "Open":636.0,
        "High":654.0,
        "Low":635.2,
        "Close":636.0,
        "Percent Change":"-1.44 %",
        "Volume":"9,766.00"
    },
    {
        "Symbol":"JLI",
        "Date":"2021-11-03",
        "Open":643.0,
        "High":649.0,
        "Low":635.09,
        "Close":645.3,
        "Percent Change":"0.36 %",
        "Volume":"7,425.00"
    },
    {
        "Symbol":"JLI",
        "Date":"2021-11-02",
        "Open":640.0,
        "High":650.0,
        "Low":635.1,
        "Close":643.0,
        "Percent Change":"-0.77 %",
        "Volume":"10,799.00"
    },
    {
        "Symbol":"JLI",
        "Date":"2021-11-01",
        "Open":634.0,
        "High":659.5,
        "Low":634.0,
        "Close":648.0,
        "Percent Change":"2.21 %",
        "Volume":"21,626.00"
    },
    {
        "Symbol":"JLI",
        "Date":"2021-10-31",
        "Open":605.0,
        "High":642.0,
        "Low":605.0,
        "Close":634.0,
        "Percent Change":"2.76 %",
        "Volume":"10,842.00"
    },
    {
        "Symbol":"JLI",
        "Date":"2021-10-28",
        "Open":620.0,
        "High":621.0,
        "Low":608.0,
        "Close":617.0,
        "Percent Change":"-0.47 %",
        "Volume":"7,783.00"
    },
    {
        "Symbol":"JLI",
        "Date":"2021-10-27",
        "Open":614.0,
        "High":643.0,
        "Low":596.0,
        "Close":619.9,
        "Percent Change":"2.46 %",
        "Volume":"17,150.00"
    },
    {
        "Symbol":"JLI",
        "Date":"2021-10-26",
        "Open":565.0,
        "High":605.0,
        "Low":565.0,
        "Close":605.0,
        "Percent Change":"7.84 %",
        "Volume":"16,269.00"
    },
    {
        "Symbol":"JLI",
        "Date":"2021-10-25",
        "Open":528.0,
        "High":570.0,
        "Low":528.0,
        "Close":561.0,
        "Percent Change":"4.18 %",
        "Volume":"7,237.00"
    },
    {
        "Symbol":"JLI",
        "Date":"2021-10-24",
        "Open":545.0,
        "High":545.0,
        "Low":535.0,
        "Close":538.5,
        "Percent Change":"-1.19 %",
        "Volume":"7,079.00"
    },
    {
        "Symbol":"JLI",
        "Date":"2021-10-21",
        "Open":552.0,
        "High":552.0,
        "Low":541.1,
        "Close":545.0,
        "Percent Change":"0.28 %",
        "Volume":"2,948.00"
    },
    {
        "Symbol":"JLI",
        "Date":"2021-10-20",
        "Open":541.0,
        "High":562.0,
        "Low":530.1,
        "Close":543.5,
        "Percent Change":"0.83 %",
        "Volume":"4,402.00"
    },
    {
        "Symbol":"JLI",
        "Date":"2021-10-19",
        "Open":545.0,
        "High":545.0,
        "Low":535.1,
        "Close":539.0,
        "Percent Change":"-2.97 %",
        "Volume":"6,013.00"
    },
    {
        "Symbol":"JLI",
        "Date":"2021-10-18",
        "Open":555.0,
        "High":566.0,
        "Low":553.0,
        "Close":555.5,
        "Percent Change":"-1.16 %",
        "Volume":"5,338.00"
    },
    {
        "Symbol":"JLI",
        "Date":"2021-10-17",
        "Open":558.3,
        "High":565.0,
        "Low":555.0,
        "Close":562.0,
        "Percent Change":"-1.23 %",
        "Volume":"2,057.00"
    },
    {
        "Symbol":"JLI",
        "Date":"2021-10-11",
        "Open":560.0,
        "High":570.0,
        "Low":555.0,
        "Close":569.0,
        "Percent Change":"0.00 %",
        "Volume":"3,234.00"
    },
    {
        "Symbol":"JLI",
        "Date":"2021-10-10",
        "Open":571.1,
        "High":579.0,
        "Low":561.0,
        "Close":569.0,
        "Percent Change":"-0.35 %",
        "Volume":"4,590.00"
    },
    {
        "Symbol":"JLI",
        "Date":"2021-10-06",
        "Open":551.1,
        "High":572.0,
        "Low":551.1,
        "Close":571.0,
        "Percent Change":"3.61 %",
        "Volume":"6,343.00"
    },
    {
        "Symbol":"JLI",
        "Date":"2021-10-05",
        "Open":544.0,
        "High":567.0,
        "Low":537.0,
        "Close":551.1,
        "Percent Change":"1.31 %",
        "Volume":"6,168.00"
    },
    {
        "Symbol":"JLI",
        "Date":"2021-10-04",
        "Open":550.0,
        "High":557.0,
        "Low":540.0,
        "Close":544.0,
        "Percent Change":"-1.98 %",
        "Volume":"7,263.00"
    },
    {
        "Symbol":"JLI",
        "Date":"2021-10-03",
        "Open":566.0,
        "High":566.0,
        "Low":550.0,
        "Close":555.0,
        "Percent Change":"-1.94 %",
        "Volume":"8,519.00"
    },
    {
        "Symbol":"JLI",
        "Date":"2021-09-30",
        "Open":575.0,
        "High":581.0,
        "Low":565.1,
        "Close":566.0,
        "Percent Change":"-1.22 %",
        "Volume":"9,540.00"
    },
    {
        "Symbol":"JLI",
        "Date":"2021-09-29",
        "Open":560.0,
        "High":573.0,
        "Low":550.7,
        "Close":573.0,
        "Percent Change":"1.24 %",
        "Volume":"7,905.00"
    },
    {
        "Symbol":"JLI",
        "Date":"2021-09-28",
        "Open":574.0,
        "High":585.0,
        "Low":563.0,
        "Close":566.0,
        "Percent Change":"-2.92 %",
        "Volume":"10,954.00"
    },
    {
        "Symbol":"JLI",
        "Date":"2021-09-27",
        "Open":600.0,
        "High":602.0,
        "Low":583.0,
        "Close":583.0,
        "Percent Change":"-3.64 %",
        "Volume":"11,683.00"
    },
    {
        "Symbol":"JLI",
        "Date":"2021-09-26",
        "Open":621.1,
        "High":621.1,
        "Low":602.0,
        "Close":605.0,
        "Percent Change":"-2.59 %",
        "Volume":"8,700.00"
    },
    {
        "Symbol":"JLI",
        "Date":"2021-09-23",
        "Open":635.0,
        "High":640.5,
        "Low":620.0,
        "Close":621.1,
        "Percent Change":"-1.72 %",
        "Volume":"13,565.00"
    },
    {
        "Symbol":"JLI",
        "Date":"2021-09-22",
        "Open":615.0,
        "High":638.0,
        "Low":612.0,
        "Close":632.0,
        "Percent Change":"3.27 %",
        "Volume":"12,920.00"
    },
    {
        "Symbol":"JLI",
        "Date":"2021-09-21",
        "Open":600.0,
        "High":624.2,
        "Low":565.0,
        "Close":612.0,
        "Percent Change":"1.66 %",
        "Volume":"11,840.00"
    },
    {
        "Symbol":"JLI",
        "Date":"2021-09-20",
        "Open":633.0,
        "High":645.0,
        "Low":589.5,
        "Close":602.0,
        "Percent Change":"-6.67 %",
        "Volume":"21,082.00"
    },
    {
        "Symbol":"JLI",
        "Date":"2021-09-16",
        "Open":660.0,
        "High":660.0,
        "Low":642.0,
        "Close":645.0,
        "Percent Change":"-3.73 %",
        "Volume":"17,242.00"
    },
    {
        "Symbol":"JLI",
        "Date":"2021-09-15",
        "Open":688.0,
        "High":692.0,
        "Low":669.0,
        "Close":670.0,
        "Percent Change":"-2.76 %",
        "Volume":"11,318.00"
    },
    {
        "Symbol":"JLI",
        "Date":"2021-09-14",
        "Open":690.0,
        "High":695.0,
        "Low":681.0,
        "Close":689.0,
        "Percent Change":"0.07 %",
        "Volume":"11,855.00"
    },
    {
        "Symbol":"JLI",
        "Date":"2021-09-13",
        "Open":685.1,
        "High":697.0,
        "Low":682.0,
        "Close":688.5,
        "Percent Change":"0.50 %",
        "Volume":"10,932.00"
    },
    {
        "Symbol":"JLI",
        "Date":"2021-09-12",
        "Open":676.1,
        "High":690.0,
        "Low":676.1,
        "Close":685.1,
        "Percent Change":"0.01 %",
        "Volume":"11,340.00"
    },
    {
        "Symbol":"JLI",
        "Date":"2021-09-09",
        "Open":680.0,
        "High":699.7,
        "Low":675.0,
        "Close":685.0,
        "Percent Change":"-0.15 %",
        "Volume":"7,577.00"
    },
    {
        "Symbol":"JLI",
        "Date":"2021-09-08",
        "Open":691.0,
        "High":700.0,
        "Low":682.1,
        "Close":686.0,
        "Percent Change":"-2.14 %",
        "Volume":"7,230.00"
    },
    {
        "Symbol":"JLI",
        "Date":"2021-09-07",
        "Open":716.0,
        "High":716.0,
        "Low":688.0,
        "Close":701.0,
        "Percent Change":"-2.09 %",
        "Volume":"10,525.00"
    },
    {
        "Symbol":"JLI",
        "Date":"2021-09-06",
        "Open":675.0,
        "High":716.0,
        "Low":664.7,
        "Close":716.0,
        "Percent Change":"5.57 %",
        "Volume":"14,863.00"
    },
    {
        "Symbol":"JLI",
        "Date":"2021-09-05",
        "Open":697.8,
        "High":700.0,
        "Low":648.0,
        "Close":678.2,
        "Percent Change":"-4.48 %",
        "Volume":"22,148.00"
    },
    {
        "Symbol":"JLI",
        "Date":"2021-09-02",
        "Open":715.0,
        "High":728.0,
        "Low":707.0,
        "Close":710.0,
        "Percent Change":"-1.25 %",
        "Volume":"16,938.00"
    },
    {
        "Symbol":"JLI",
        "Date":"2021-09-01",
        "Open":720.0,
        "High":738.4,
        "Low":713.0,
        "Close":719.0,
        "Percent Change":"-0.69 %",
        "Volume":"14,686.00"
    },
    {
        "Symbol":"JLI",
        "Date":"2021-08-31",
        "Open":735.0,
        "High":735.0,
        "Low":724.0,
        "Close":724.0,
        "Percent Change":"-2.56 %",
        "Volume":"16,912.00"
    },
    {
        "Symbol":"JLI",
        "Date":"2021-08-29",
        "Open":752.0,
        "High":752.0,
        "Low":736.0,
        "Close":743.0,
        "Percent Change":"-1.20 %",
        "Volume":"18,899.00"
    },
    {
        "Symbol":"JLI",
        "Date":"2021-08-26",
        "Open":756.0,
        "High":763.0,
        "Low":750.0,
        "Close":752.0,
        "Percent Change":"-1.18 %",
        "Volume":"14,653.00"
    },
    {
        "Symbol":"JLI",
        "Date":"2021-08-25",
        "Open":780.0,
        "High":785.0,
        "Low":756.6,
        "Close":761.0,
        "Percent Change":"-2.44 %",
        "Volume":"12,267.00"
    },
    {
        "Symbol":"JLI",
        "Date":"2021-08-24",
        "Open":785.4,
        "High":799.9,
        "Low":772.0,
        "Close":780.0,
        "Percent Change":"1.30 %",
        "Volume":"28,636.00"
    },
    {
        "Symbol":"JLI",
        "Date":"2021-08-19",
        "Open":750.0,
        "High":800.0,
        "Low":741.0,
        "Close":770.0,
        "Percent Change":"2.93 %",
        "Volume":"34,177.00"
    },
    {
        "Symbol":"JLI",
        "Date":"2021-08-18",
        "Open":750.0,
        "High":757.8,
        "Low":732.0,
        "Close":748.1,
        "Percent Change":"0.28 %",
        "Volume":"18,543.00"
    },
    {
        "Symbol":"JLI",
        "Date":"2021-08-17",
        "Open":758.0,
        "High":758.0,
        "Low":745.0,
        "Close":746.0,
        "Percent Change":"-1.58 %",
        "Volume":"22,846.00"
    },
    {
        "Symbol":"JLI",
        "Date":"2021-08-16",
        "Open":780.0,
        "High":780.0,
        "Low":755.5,
        "Close":758.0,
        "Percent Change":"-1.03 %",
        "Volume":"17,079.00"
    },
    {
        "Symbol":"JLI",
        "Date":"2021-08-15",
        "Open":778.0,
        "High":778.0,
        "Low":755.0,
        "Close":765.9,
        "Percent Change":"-1.56 %",
        "Volume":"16,420.00"
    },
    {
        "Symbol":"JLI",
        "Date":"2021-08-12",
        "Open":772.5,
        "High":785.0,
        "Low":771.0,
        "Close":778.0,
        "Percent Change":"0.71 %",
        "Volume":"21,094.00"
    },
    {
        "Symbol":"JLI",
        "Date":"2021-08-11",
        "Open":775.0,
        "High":779.0,
        "Low":772.0,
        "Close":772.5,
        "Percent Change":"0.06 %",
        "Volume":"15,725.00"
    },
    {
        "Symbol":"JLI",
        "Date":"2021-08-10",
        "Open":757.0,
        "High":781.0,
        "Low":757.0,
        "Close":772.0,
        "Percent Change":"0.85 %",
        "Volume":"18,101.00"
    },
    {
        "Symbol":"JLI",
        "Date":"2021-08-09",
        "Open":761.0,
        "High":775.0,
        "Low":761.0,
        "Close":765.5,
        "Percent Change":"-0.97 %",
        "Volume":"19,113.00"
    },
    {
        "Symbol":"JLI",
        "Date":"2021-08-08",
        "Open":780.0,
        "High":780.0,
        "Low":765.0,
        "Close":773.0,
        "Percent Change":"-0.91 %",
        "Volume":"19,069.00"
    },
    {
        "Symbol":"JLI",
        "Date":"2021-08-05",
        "Open":780.0,
        "High":810.0,
        "Low":780.0,
        "Close":780.1,
        "Percent Change":"-0.75 %",
        "Volume":"17,390.00"
    },
    {
        "Symbol":"JLI",
        "Date":"2021-08-04",
        "Open":783.0,
        "High":791.0,
        "Low":783.0,
        "Close":786.0,
        "Percent Change":"-0.13 %",
        "Volume":"15,374.00"
    },
    {
        "Symbol":"JLI",
        "Date":"2021-08-03",
        "Open":795.0,
        "High":795.0,
        "Low":780.0,
        "Close":787.0,
        "Percent Change":"0.68 %",
        "Volume":"12,078.00"
    },
    {
        "Symbol":"JLI",
        "Date":"2021-08-02",
        "Open":790.0,
        "High":795.0,
        "Low":778.0,
        "Close":781.7,
        "Percent Change":"-1.55 %",
        "Volume":"14,897.00"
    },
    {
        "Symbol":"JLI",
        "Date":"2021-08-01",
        "Open":790.0,
        "High":802.0,
        "Low":790.0,
        "Close":794.0,
        "Percent Change":"-1.12 %",
        "Volume":"21,164.00"
    },
    {
        "Symbol":"JLI",
        "Date":"2021-07-29",
        "Open":806.0,
        "High":826.2,
        "Low":793.9,
        "Close":803.0,
        "Percent Change":"-0.37 %",
        "Volume":"29,078.00"
    },
    {
        "Symbol":"JLI",
        "Date":"2021-07-28",
        "Open":780.0,
        "High":806.0,
        "Low":780.0,
        "Close":806.0,
        "Percent Change":"2.03 %",
        "Volume":"27,849.00"
    },
    {
        "Symbol":"JLI",
        "Date":"2021-07-27",
        "Open":790.0,
        "High":794.0,
        "Low":781.0,
        "Close":790.0,
        "Percent Change":"0.77 %",
        "Volume":"19,337.00"
    },
    {
        "Symbol":"JLI",
        "Date":"2021-07-26",
        "Open":770.0,
        "High":790.0,
        "Low":770.0,
        "Close":784.0,
        "Percent Change":"1.69 %",
        "Volume":"24,766.00"
    },
    {
        "Symbol":"JLI",
        "Date":"2021-07-25",
        "Open":754.0,
        "High":774.0,
        "Low":754.0,
        "Close":771.0,
        "Percent Change":"0.78 %",
        "Volume":"20,704.00"
    },
    {
        "Symbol":"JLI",
        "Date":"2021-07-22",
        "Open":760.0,
        "High":765.0,
        "Low":755.0,
        "Close":765.0,
        "Percent Change":"0.13 %",
        "Volume":"14,497.00"
    },
    {
        "Symbol":"JLI",
        "Date":"2021-07-20",
        "Open":760.0,
        "High":765.0,
        "Low":760.0,
        "Close":764.0,
        "Percent Change":"-0.78 %",
        "Volume":"10,932.00"
    },
    {
        "Symbol":"JLI",
        "Date":"2021-07-19",
        "Open":789.9,
        "High":790.0,
        "Low":755.0,
        "Close":770.0,
        "Percent Change":"-0.58 %",
        "Volume":"15,381.00"
    },
    {
        "Symbol":"JLI",
        "Date":"2021-07-18",
        "Open":745.0,
        "High":775.0,
        "Low":740.0,
        "Close":774.5,
        "Percent Change":"3.96 %",
        "Volume":"15,732.00"
    },
    {
        "Symbol":"JLI",
        "Date":"2021-07-15",
        "Open":744.0,
        "High":755.0,
        "Low":731.0,
        "Close":745.0,
        "Percent Change":"0.13 %",
        "Volume":"10,633.00"
    },
    {
        "Symbol":"JLI",
        "Date":"2021-07-14",
        "Open":781.0,
        "High":781.0,
        "Low":736.0,
        "Close":744.0,
        "Percent Change":"0.00 %",
        "Volume":"5,945.00"
    },
    {
        "Symbol":"JLI",
        "Date":"2021-07-13",
        "Open":740.0,
        "High":755.0,
        "Low":730.0,
        "Close":744.0,
        "Percent Change":"0.40 %",
        "Volume":"8,051.00"
    },
    {
        "Symbol":"JLI",
        "Date":"2021-07-12",
        "Open":793.0,
        "High":793.0,
        "Low":739.0,
        "Close":741.0,
        "Percent Change":"-1.98 %",
        "Volume":"15,758.00"
    },
    {
        "Symbol":"JLI",
        "Date":"2021-07-11",
        "Open":735.0,
        "High":756.0,
        "Low":730.0,
        "Close":756.0,
        "Percent Change":"3.56 %",
        "Volume":"14,994.00"
    },
    {
        "Symbol":"JLI",
        "Date":"2021-07-08",
        "Open":711.0,
        "High":734.0,
        "Low":711.0,
        "Close":730.0,
        "Percent Change":"0.97 %",
        "Volume":"11,506.00"
    },
    {
        "Symbol":"JLI",
        "Date":"2021-07-07",
        "Open":722.0,
        "High":725.0,
        "Low":717.0,
        "Close":723.0,
        "Percent Change":"-0.28 %",
        "Volume":"11,568.00"
    },
    {
        "Symbol":"JLI",
        "Date":"2021-07-06",
        "Open":730.0,
        "High":735.0,
        "Low":722.0,
        "Close":725.0,
        "Percent Change":"-1.09 %",
        "Volume":"12,200.00"
    },
    {
        "Symbol":"JLI",
        "Date":"2021-07-05",
        "Open":742.0,
        "High":745.0,
        "Low":731.0,
        "Close":733.0,
        "Percent Change":"-1.21 %",
        "Volume":"10,028.00"
    },
    {
        "Symbol":"JLI",
        "Date":"2021-07-04",
        "Open":750.0,
        "High":755.0,
        "Low":735.0,
        "Close":742.0,
        "Percent Change":"0.00 %",
        "Volume":"14,387.00"
    },
    {
        "Symbol":"JLI",
        "Date":"2021-07-01",
        "Open":731.0,
        "High":753.0,
        "Low":731.0,
        "Close":742.0,
        "Percent Change":"-0.27 %",
        "Volume":"15,500.00"
    },
    {
        "Symbol":"JLI",
        "Date":"2021-06-30",
        "Open":747.0,
        "High":750.0,
        "Low":728.0,
        "Close":744.0,
        "Percent Change":"-0.93 %",
        "Volume":"16,555.00"
    },
    {
        "Symbol":"JLI",
        "Date":"2021-06-29",
        "Open":761.0,
        "High":765.0,
        "Low":751.0,
        "Close":751.0,
        "Percent Change":"-1.57 %",
        "Volume":"13,622.00"
    },
    {
        "Symbol":"JLI",
        "Date":"2021-06-28",
        "Open":760.0,
        "High":777.0,
        "Low":760.0,
        "Close":763.0,
        "Percent Change":"-0.65 %",
        "Volume":"10,425.00"
    },
    {
        "Symbol":"JLI",
        "Date":"2021-06-27",
        "Open":768.0,
        "High":783.0,
        "Low":760.0,
        "Close":768.0,
        "Percent Change":"0.00 %",
        "Volume":"16,351.00"
    },
    {
        "Symbol":"JLI",
        "Date":"2021-06-24",
        "Open":740.0,
        "High":785.0,
        "Low":740.0,
        "Close":768.0,
        "Percent Change":"-1.29 %",
        "Volume":"16,325.00"
    },
    {
        "Symbol":"JLI",
        "Date":"2021-06-23",
        "Open":800.0,
        "High":800.0,
        "Low":778.0,
        "Close":778.0,
        "Percent Change":"-1.89 %",
        "Volume":"15,007.00"
    },
    {
        "Symbol":"JLI",
        "Date":"2021-06-22",
        "Open":790.0,
        "High":795.0,
        "Low":779.0,
        "Close":793.0,
        "Percent Change":"1.54 %",
        "Volume":"14,785.00"
    },
    {
        "Symbol":"JLI",
        "Date":"2021-06-21",
        "Open":787.0,
        "High":800.0,
        "Low":780.0,
        "Close":781.0,
        "Percent Change":"-2.25 %",
        "Volume":"23,502.00"
    },
    {
        "Symbol":"JLI",
        "Date":"2021-06-20",
        "Open":820.0,
        "High":820.0,
        "Low":794.0,
        "Close":799.0,
        "Percent Change":"-1.60 %",
        "Volume":"25,125.00"
    },
    {
        "Symbol":"JLI",
        "Date":"2021-06-17",
        "Open":812.0,
        "High":820.0,
        "Low":801.0,
        "Close":812.0,
        "Percent Change":"0.00 %",
        "Volume":"18,380.00"
    },
    {
        "Symbol":"JLI",
        "Date":"2021-06-16",
        "Open":805.0,
        "High":820.0,
        "Low":800.0,
        "Close":812.0,
        "Percent Change":"-0.98 %",
        "Volume":"29,681.00"
    },
    {
        "Symbol":"JLI",
        "Date":"2021-06-15",
        "Open":840.0,
        "High":840.0,
        "Low":818.0,
        "Close":820.0,
        "Percent Change":"-0.36 %",
        "Volume":"23,191.00"
    },
    {
        "Symbol":"JLI",
        "Date":"2021-06-14",
        "Open":822.0,
        "High":840.0,
        "Low":819.0,
        "Close":823.0,
        "Percent Change":"0.12 %",
        "Volume":"28,972.00"
    },
    {
        "Symbol":"JLI",
        "Date":"2021-06-13",
        "Open":815.0,
        "High":837.0,
        "Low":815.0,
        "Close":822.0,
        "Percent Change":"-0.60 %",
        "Volume":"30,095.00"
    },
    {
        "Symbol":"JLI",
        "Date":"2021-06-10",
        "Open":835.0,
        "High":850.0,
        "Low":825.0,
        "Close":827.0,
        "Percent Change":"-0.72 %",
        "Volume":"18,758.00"
    },
    {
        "Symbol":"JLI",
        "Date":"2021-06-09",
        "Open":845.0,
        "High":860.0,
        "Low":832.0,
        "Close":833.0,
        "Percent Change":"-0.01 %",
        "Volume":"33,987.00"
    },
    {
        "Symbol":"JLI",
        "Date":"2021-06-08",
        "Open":817.0,
        "High":846.0,
        "Low":816.0,
        "Close":844.0,
        "Percent Change":"2.80 %",
        "Volume":"66,308.00"
    },
    {
        "Symbol":"JLI",
        "Date":"2021-06-07",
        "Open":822.0,
        "High":835.0,
        "Low":819.0,
        "Close":821.0,
        "Percent Change":"-0.24 %",
        "Volume":"29,435.00"
    },
    {
        "Symbol":"JLI",
        "Date":"2021-06-06",
        "Open":822.0,
        "High":832.0,
        "Low":818.0,
        "Close":823.0,
        "Percent Change":"-0.12 %",
        "Volume":"23,696.00"
    },
    {
        "Symbol":"JLI",
        "Date":"2021-06-03",
        "Open":822.0,
        "High":846.0,
        "Low":822.0,
        "Close":824.0,
        "Percent Change":"-0.36 %",
        "Volume":"25,325.00"
    },
    {
        "Symbol":"JLI",
        "Date":"2021-06-02",
        "Open":866.0,
        "High":866.0,
        "Low":810.0,
        "Close":827.0,
        "Percent Change":"0.24 %",
        "Volume":"31,037.00"
    },
    {
        "Symbol":"JLI",
        "Date":"2021-06-01",
        "Open":860.0,
        "High":860.0,
        "Low":821.0,
        "Close":825.0,
        "Percent Change":"-0.96 %",
        "Volume":"17,071.00"
    },
    {
        "Symbol":"JLI",
        "Date":"2021-05-31",
        "Open":850.0,
        "High":858.0,
        "Low":833.0,
        "Close":833.0,
        "Percent Change":"-0.83 %",
        "Volume":"41,409.00"
    },
    {
        "Symbol":"JLI",
        "Date":"2021-05-30",
        "Open":842.0,
        "High":864.0,
        "Low":833.0,
        "Close":840.0,
        "Percent Change":"-0.24 %",
        "Volume":"40,929.00"
    },
    {
        "Symbol":"JLI",
        "Date":"2021-05-27",
        "Open":812.0,
        "High":860.0,
        "Low":812.0,
        "Close":842.0,
        "Percent Change":"-1.29 %",
        "Volume":"30,760.00"
    },
    {
        "Symbol":"JLI",
        "Date":"2021-05-25",
        "Open":800.0,
        "High":877.0,
        "Low":800.0,
        "Close":853.0,
        "Percent Change":"1.31 %",
        "Volume":"56,714.00"
    },
    {
        "Symbol":"JLI",
        "Date":"2021-05-24",
        "Open":850.0,
        "High":853.0,
        "Low":835.0,
        "Close":842.0,
        "Percent Change":"-1.06 %",
        "Volume":"28,804.00"
    },
    {
        "Symbol":"JLI",
        "Date":"2021-05-23",
        "Open":810.0,
        "High":870.0,
        "Low":810.0,
        "Close":851.0,
        "Percent Change":"-0.12 %",
        "Volume":"47,156.00"
    },
    {
        "Symbol":"JLI",
        "Date":"2021-05-20",
        "Open":851.0,
        "High":869.0,
        "Low":846.0,
        "Close":852.0,
        "Percent Change":"-0.81 %",
        "Volume":"43,451.00"
    },
    {
        "Symbol":"JLI",
        "Date":"2021-05-19",
        "Open":875.0,
        "High":880.0,
        "Low":849.0,
        "Close":859.0,
        "Percent Change":"-1.83 %",
        "Volume":"50,782.00"
    },
    {
        "Symbol":"JLI",
        "Date":"2021-05-18",
        "Open":890.0,
        "High":890.0,
        "Low":867.0,
        "Close":875.0,
        "Percent Change":"-0.57 %",
        "Volume":"61,744.00"
    },
    {
        "Symbol":"JLI",
        "Date":"2021-05-17",
        "Open":875.0,
        "High":895.0,
        "Low":865.0,
        "Close":880.0,
        "Percent Change":"1.73 %",
        "Volume":"140,611.00"
    },
    {
        "Symbol":"JLI",
        "Date":"2021-05-16",
        "Open":815.0,
        "High":892.0,
        "Low":810.0,
        "Close":865.0,
        "Percent Change":"6.66 %",
        "Volume":"85,168.00"
    },
    {
        "Symbol":"JLI",
        "Date":"2021-05-13",
        "Open":817.0,
        "High":820.0,
        "Low":810.0,
        "Close":811.0,
        "Percent Change":"-0.73 %",
        "Volume":"16,586.00"
    },
    {
        "Symbol":"JLI",
        "Date":"2021-05-12",
        "Open":835.0,
        "High":835.0,
        "Low":810.0,
        "Close":817.0,
        "Percent Change":"-1.09 %",
        "Volume":"14,414.00"
    },
    {
        "Symbol":"JLI",
        "Date":"2021-05-11",
        "Open":801.0,
        "High":829.0,
        "Low":791.0,
        "Close":826.0,
        "Percent Change":"3.12 %",
        "Volume":"36,055.00"
    },
    {
        "Symbol":"JLI",
        "Date":"2021-05-10",
        "Open":798.0,
        "High":805.0,
        "Low":786.0,
        "Close":801.0,
        "Percent Change":"0.38 %",
        "Volume":"31,266.00"
    },
    {
        "Symbol":"JLI",
        "Date":"2021-05-09",
        "Open":812.0,
        "High":812.0,
        "Low":795.0,
        "Close":798.0,
        "Percent Change":"-1.72 %",
        "Volume":"32,208.00"
    },
    {
        "Symbol":"JLI",
        "Date":"2021-05-06",
        "Open":779.0,
        "High":826.0,
        "Low":779.0,
        "Close":812.0,
        "Percent Change":"-0.85 %",
        "Volume":"28,258.00"
    },
    {
        "Symbol":"JLI",
        "Date":"2021-05-05",
        "Open":824.0,
        "High":830.0,
        "Low":817.0,
        "Close":819.0,
        "Percent Change":"-0.61 %",
        "Volume":"30,354.00"
    },
    {
        "Symbol":"JLI",
        "Date":"2021-05-04",
        "Open":829.0,
        "High":830.0,
        "Low":817.0,
        "Close":824.0,
        "Percent Change":"-0.60 %",
        "Volume":"24,072.00"
    },
    {
        "Symbol":"JLI",
        "Date":"2021-05-03",
        "Open":834.0,
        "High":845.0,
        "Low":828.0,
        "Close":829.0,
        "Percent Change":"-0.60 %",
        "Volume":"34,916.00"
    },
    {
        "Symbol":"JLI",
        "Date":"2021-05-02",
        "Open":842.0,
        "High":842.0,
        "Low":830.0,
        "Close":834.0,
        "Percent Change":"-0.95 %",
        "Volume":"41,631.00"
    },
    {
        "Symbol":"JLI",
        "Date":"2021-04-29",
        "Open":889.0,
        "High":889.0,
        "Low":828.0,
        "Close":842.0,
        "Percent Change":"-1.06 %",
        "Volume":"31,245.00"
    },
    {
        "Symbol":"JLI",
        "Date":"2021-04-28",
        "Open":900.0,
        "High":900.0,
        "Low":843.0,
        "Close":851.0,
        "Percent Change":"-1.39 %",
        "Volume":"25,714.00"
    },
    {
        "Symbol":"JLI",
        "Date":"2021-04-27",
        "Open":822.0,
        "High":901.0,
        "Low":788.0,
        "Close":863.0,
        "Percent Change":"4.99 %",
        "Volume":"54,484.00"
    },
    {
        "Symbol":"JLI",
        "Date":"2021-04-26",
        "Open":873.0,
        "High":873.0,
        "Low":820.0,
        "Close":822.0,
        "Percent Change":"-5.84 %",
        "Volume":"90,977.00"
    },
    {
        "Symbol":"JLI",
        "Date":"2021-04-25",
        "Open":953.0,
        "High":998.0,
        "Low":860.0,
        "Close":873.0,
        "Percent Change":"-3.85 %",
        "Volume":"366,208.00"
    },
    {
        "Symbol":"JLI",
        "Date":"2021-04-22",
        "Open":867.0,
        "High":908.0,
        "Low":867.0,
        "Close":908.0,
        "Percent Change":"9.93 %",
        "Volume":"122,349.00"
    },
    {
        "Symbol":"JLI",
        "Date":"2021-04-21",
        "Open":788.0,
        "High":826.0,
        "Low":788.0,
        "Close":826.0,
        "Percent Change":"9.99 %",
        "Volume":"22,363.00"
    },
    {
        "Symbol":"JLI",
        "Date":"2021-04-20",
        "Open":717.0,
        "High":751.0,
        "Low":717.0,
        "Close":751.0,
        "Percent Change":"9.96 %",
        "Volume":"2,934.00"
    },
    {
        "Symbol":"JLI",
        "Date":"2021-04-19",
        "Open":665.0,
        "High":683.0,
        "Low":665.0,
        "Close":683.0,
        "Percent Change":"9.98 %",
        "Volume":"1,495.00"
    },
    {
        "Symbol":"JLI",
        "Date":"2021-04-18",
        "Open":543.0,
        "High":621.0,
        "Low":543.0,
        "Close":621.0,
        "Percent Change":"9.91 %",
        "Volume":"1,508.00"
    },
    {
        "Symbol":"JLI",
        "Date":"2021-04-15",
        "Open":501.0,
        "High":565.0,
        "Low":501.0,
        "Close":565.0,
        "Percent Change":"9.92 %",
        "Volume":"789.00"
    },
    {
        "Symbol":"JLI",
        "Date":"2021-04-13",
        "Open":477.0,
        "High":514.0,
        "Low":477.0,
        "Close":514.0,
        "Percent Change":"9.83 %",
        "Volume":"342.00"
    },
    {
        "Symbol":"JLI",
        "Date":"2021-04-12",
        "Open":426.0,
        "High":468.0,
        "Low":426.0,
        "Close":468.0,
        "Percent Change":"9.86 %",
        "Volume":"382.00"
    },
    {
        "Symbol":"JLI",
        "Date":"2021-04-08",
        "Open":398.0,
        "High":426.0,
        "Low":388.0,
        "Close":426.0,
        "Percent Change":"9.79 %",
        "Volume":"220.00"
    },
    {
        "Symbol":"JLI",
        "Date":"2021-04-07",
        "Open":360.0,
        "High":388.0,
        "Low":360.0,
        "Close":388.0,
        "Percent Change":"7.78 %",
        "Volume":"260.00"
    }
]