[
    {
        "Symbol":"MHCL",
        "Date":"2024-08-11",
        "Open":462.0,
        "High":478.6,
        "Low":456.1,
        "Close":468.0,
        "Percent Change":"1.30 %",
        "Volume":"55,380.00"
    },
    {
        "Symbol":"MHCL",
        "Date":"2024-08-08",
        "Open":489.6,
        "High":489.6,
        "Low":455.0,
        "Close":462.0,
        "Percent Change":"-3.75 %",
        "Volume":"49,371.00"
    },
    {
        "Symbol":"MHCL",
        "Date":"2024-08-07",
        "Open":442.4,
        "High":485.5,
        "Low":441.1,
        "Close":480.0,
        "Percent Change":"6.34 %",
        "Volume":"59,937.00"
    },
    {
        "Symbol":"MHCL",
        "Date":"2024-08-06",
        "Open":511.2,
        "High":511.2,
        "Low":451.1,
        "Close":451.4,
        "Percent Change":"-9.94 %",
        "Volume":"95,731.00"
    },
    {
        "Symbol":"MHCL",
        "Date":"2024-08-05",
        "Open":480.0,
        "High":515.0,
        "Low":470.1,
        "Close":501.2,
        "Percent Change":"5.52 %",
        "Volume":"100,509.00"
    },
    {
        "Symbol":"MHCL",
        "Date":"2024-08-01",
        "Open":468.9,
        "High":482.0,
        "Low":460.0,
        "Close":475.0,
        "Percent Change":"3.26 %",
        "Volume":"96,062.00"
    },
    {
        "Symbol":"MHCL",
        "Date":"2024-07-31",
        "Open":439.0,
        "High":466.0,
        "Low":439.0,
        "Close":460.0,
        "Percent Change":"4.90 %",
        "Volume":"81,334.00"
    },
    {
        "Symbol":"MHCL",
        "Date":"2024-07-30",
        "Open":443.0,
        "High":444.9,
        "Low":429.1,
        "Close":438.5,
        "Percent Change":"0.80 %",
        "Volume":"34,419.00"
    },
    {
        "Symbol":"MHCL",
        "Date":"2024-07-29",
        "Open":435.0,
        "High":442.6,
        "Low":427.0,
        "Close":435.0,
        "Percent Change":"0.69 %",
        "Volume":"39,299.00"
    },
    {
        "Symbol":"MHCL",
        "Date":"2024-07-28",
        "Open":443.0,
        "High":470.0,
        "Low":426.3,
        "Close":432.0,
        "Percent Change":"-0.69 %",
        "Volume":"22,800.00"
    },
    {
        "Symbol":"MHCL",
        "Date":"2024-07-25",
        "Open":440.0,
        "High":447.0,
        "Low":435.0,
        "Close":435.0,
        "Percent Change":"-1.36 %",
        "Volume":"33,249.00"
    },
    {
        "Symbol":"MHCL",
        "Date":"2024-07-24",
        "Open":462.9,
        "High":469.0,
        "Low":441.0,
        "Close":441.0,
        "Percent Change":"-3.61 %",
        "Volume":"60,155.00"
    },
    {
        "Symbol":"MHCL",
        "Date":"2024-07-23",
        "Open":448.0,
        "High":470.0,
        "Low":448.0,
        "Close":457.5,
        "Percent Change":"1.22 %",
        "Volume":"31,127.00"
    },
    {
        "Symbol":"MHCL",
        "Date":"2024-07-22",
        "Open":456.1,
        "High":460.0,
        "Low":435.0,
        "Close":452.0,
        "Percent Change":"-0.66 %",
        "Volume":"47,547.00"
    },
    {
        "Symbol":"MHCL",
        "Date":"2024-07-21",
        "Open":435.0,
        "High":455.0,
        "Low":428.0,
        "Close":455.0,
        "Percent Change":"5.06 %",
        "Volume":"55,229.00"
    },
    {
        "Symbol":"MHCL",
        "Date":"2024-07-18",
        "Open":447.6,
        "High":448.0,
        "Low":432.0,
        "Close":433.1,
        "Percent Change":"-1.55 %",
        "Volume":"57,957.00"
    },
    {
        "Symbol":"MHCL",
        "Date":"2024-07-17",
        "Open":446.5,
        "High":465.0,
        "Low":430.0,
        "Close":439.9,
        "Percent Change":"-0.02 %",
        "Volume":"65,844.00"
    },
    {
        "Symbol":"MHCL",
        "Date":"2024-07-16",
        "Open":410.0,
        "High":440.0,
        "Low":410.0,
        "Close":440.0,
        "Percent Change":"7.32 %",
        "Volume":"63,645.00"
    },
    {
        "Symbol":"MHCL",
        "Date":"2024-07-15",
        "Open":424.3,
        "High":424.3,
        "Low":408.0,
        "Close":410.0,
        "Percent Change":"-1.44 %",
        "Volume":"34,326.00"
    },
    {
        "Symbol":"MHCL",
        "Date":"2024-07-14",
        "Open":415.0,
        "High":428.2,
        "Low":412.0,
        "Close":416.0,
        "Percent Change":"0.97 %",
        "Volume":"19,160.00"
    },
    {
        "Symbol":"MHCL",
        "Date":"2024-07-11",
        "Open":410.0,
        "High":414.0,
        "Low":406.1,
        "Close":412.0,
        "Percent Change":"1.78 %",
        "Volume":"31,173.00"
    },
    {
        "Symbol":"MHCL",
        "Date":"2024-07-10",
        "Open":405.0,
        "High":408.0,
        "Low":398.2,
        "Close":404.8,
        "Percent Change":"-0.27 %",
        "Volume":"21,941.00"
    },
    {
        "Symbol":"MHCL",
        "Date":"2024-07-09",
        "Open":406.9,
        "High":407.0,
        "Low":399.2,
        "Close":405.9,
        "Percent Change":"1.73 %",
        "Volume":"17,320.00"
    },
    {
        "Symbol":"MHCL",
        "Date":"2024-07-08",
        "Open":413.0,
        "High":420.9,
        "Low":399.0,
        "Close":399.0,
        "Percent Change":"-1.48 %",
        "Volume":"18,853.00"
    },
    {
        "Symbol":"MHCL",
        "Date":"2024-07-07",
        "Open":392.0,
        "High":410.0,
        "Low":392.0,
        "Close":405.0,
        "Percent Change":"1.25 %",
        "Volume":"13,686.00"
    },
    {
        "Symbol":"MHCL",
        "Date":"2024-07-04",
        "Open":405.9,
        "High":418.0,
        "Low":398.0,
        "Close":400.0,
        "Percent Change":"0.50 %",
        "Volume":"37,125.00"
    },
    {
        "Symbol":"MHCL",
        "Date":"2024-07-03",
        "Open":401.2,
        "High":409.3,
        "Low":395.1,
        "Close":398.0,
        "Percent Change":"-2.45 %",
        "Volume":"21,514.00"
    },
    {
        "Symbol":"MHCL",
        "Date":"2024-07-02",
        "Open":412.0,
        "High":428.4,
        "Low":405.0,
        "Close":408.0,
        "Percent Change":"0.77 %",
        "Volume":"20,771.00"
    },
    {
        "Symbol":"MHCL",
        "Date":"2024-07-01",
        "Open":394.5,
        "High":406.0,
        "Low":394.5,
        "Close":404.9,
        "Percent Change":"1.48 %",
        "Volume":"10,232.00"
    },
    {
        "Symbol":"MHCL",
        "Date":"2024-06-30",
        "Open":402.0,
        "High":405.0,
        "Low":395.0,
        "Close":399.0,
        "Percent Change":"-1.24 %",
        "Volume":"12,294.00"
    },
    {
        "Symbol":"MHCL",
        "Date":"2024-06-27",
        "Open":410.0,
        "High":410.0,
        "Low":402.3,
        "Close":404.0,
        "Percent Change":"-1.46 %",
        "Volume":"10,706.00"
    },
    {
        "Symbol":"MHCL",
        "Date":"2024-06-26",
        "Open":411.1,
        "High":422.9,
        "Low":404.9,
        "Close":410.0,
        "Percent Change":"-1.44 %",
        "Volume":"20,876.00"
    },
    {
        "Symbol":"MHCL",
        "Date":"2024-06-25",
        "Open":408.5,
        "High":418.0,
        "Low":405.0,
        "Close":416.0,
        "Percent Change":"1.96 %",
        "Volume":"22,194.00"
    },
    {
        "Symbol":"MHCL",
        "Date":"2024-06-24",
        "Open":393.2,
        "High":411.0,
        "Low":393.2,
        "Close":408.0,
        "Percent Change":"1.97 %",
        "Volume":"22,722.00"
    },
    {
        "Symbol":"MHCL",
        "Date":"2024-06-23",
        "Open":405.1,
        "High":410.0,
        "Low":392.0,
        "Close":400.1,
        "Percent Change":"-2.37 %",
        "Volume":"16,454.00"
    },
    {
        "Symbol":"MHCL",
        "Date":"2024-06-20",
        "Open":414.9,
        "High":415.0,
        "Low":405.0,
        "Close":409.8,
        "Percent Change":"-0.05 %",
        "Volume":"13,396.00"
    },
    {
        "Symbol":"MHCL",
        "Date":"2024-06-19",
        "Open":400.2,
        "High":417.0,
        "Low":400.2,
        "Close":410.0,
        "Percent Change":"1.23 %",
        "Volume":"10,409.00"
    },
    {
        "Symbol":"MHCL",
        "Date":"2024-06-18",
        "Open":418.2,
        "High":418.2,
        "Low":401.8,
        "Close":405.0,
        "Percent Change":"-1.22 %",
        "Volume":"22,370.00"
    },
    {
        "Symbol":"MHCL",
        "Date":"2024-06-16",
        "Open":412.0,
        "High":422.0,
        "Low":407.7,
        "Close":410.0,
        "Percent Change":"0.49 %",
        "Volume":"27,722.00"
    },
    {
        "Symbol":"MHCL",
        "Date":"2024-06-13",
        "Open":412.1,
        "High":416.9,
        "Low":408.0,
        "Close":408.0,
        "Percent Change":"-2.83 %",
        "Volume":"30,920.00"
    },
    {
        "Symbol":"MHCL",
        "Date":"2024-06-12",
        "Open":442.9,
        "High":443.0,
        "Low":413.7,
        "Close":419.9,
        "Percent Change":"-3.47 %",
        "Volume":"35,347.00"
    },
    {
        "Symbol":"MHCL",
        "Date":"2024-06-11",
        "Open":435.0,
        "High":443.7,
        "Low":429.0,
        "Close":435.0,
        "Percent Change":"1.87 %",
        "Volume":"45,896.00"
    },
    {
        "Symbol":"MHCL",
        "Date":"2024-06-10",
        "Open":390.0,
        "High":429.0,
        "Low":390.0,
        "Close":427.0,
        "Percent Change":"9.49 %",
        "Volume":"98,436.00"
    },
    {
        "Symbol":"MHCL",
        "Date":"2024-06-09",
        "Open":383.0,
        "High":395.7,
        "Low":378.1,
        "Close":390.0,
        "Percent Change":"2.34 %",
        "Volume":"20,055.00"
    },
    {
        "Symbol":"MHCL",
        "Date":"2024-06-06",
        "Open":393.0,
        "High":393.4,
        "Low":380.0,
        "Close":381.1,
        "Percent Change":"-1.52 %",
        "Volume":"11,255.00"
    },
    {
        "Symbol":"MHCL",
        "Date":"2024-06-05",
        "Open":380.1,
        "High":391.0,
        "Low":380.1,
        "Close":387.0,
        "Percent Change":"0.00 %",
        "Volume":"6,734.00"
    },
    {
        "Symbol":"MHCL",
        "Date":"2024-06-04",
        "Open":383.1,
        "High":398.0,
        "Low":383.1,
        "Close":387.0,
        "Percent Change":"-0.77 %",
        "Volume":"11,747.00"
    },
    {
        "Symbol":"MHCL",
        "Date":"2024-06-03",
        "Open":394.0,
        "High":398.0,
        "Low":385.0,
        "Close":390.0,
        "Percent Change":"0.26 %",
        "Volume":"14,395.00"
    },
    {
        "Symbol":"MHCL",
        "Date":"2024-06-02",
        "Open":378.0,
        "High":394.0,
        "Low":378.0,
        "Close":389.0,
        "Percent Change":"2.91 %",
        "Volume":"24,525.00"
    },
    {
        "Symbol":"MHCL",
        "Date":"2024-05-30",
        "Open":379.1,
        "High":405.0,
        "Low":375.0,
        "Close":378.0,
        "Percent Change":"-1.28 %",
        "Volume":"24,592.00"
    },
    {
        "Symbol":"MHCL",
        "Date":"2024-05-29",
        "Open":396.0,
        "High":396.0,
        "Low":380.0,
        "Close":382.9,
        "Percent Change":"-1.57 %",
        "Volume":"13,662.00"
    },
    {
        "Symbol":"MHCL",
        "Date":"2024-05-27",
        "Open":385.1,
        "High":399.0,
        "Low":381.0,
        "Close":389.0,
        "Percent Change":"-0.77 %",
        "Volume":"8,238.00"
    },
    {
        "Symbol":"MHCL",
        "Date":"2024-05-26",
        "Open":405.0,
        "High":413.0,
        "Low":380.0,
        "Close":392.0,
        "Percent Change":"-1.51 %",
        "Volume":"15,795.00"
    },
    {
        "Symbol":"MHCL",
        "Date":"2024-05-22",
        "Open":399.0,
        "High":411.0,
        "Low":395.0,
        "Close":398.0,
        "Percent Change":"-0.25 %",
        "Volume":"30,882.00"
    },
    {
        "Symbol":"MHCL",
        "Date":"2024-05-21",
        "Open":389.0,
        "High":402.0,
        "Low":386.0,
        "Close":399.0,
        "Percent Change":"3.93 %",
        "Volume":"26,128.00"
    },
    {
        "Symbol":"MHCL",
        "Date":"2024-05-20",
        "Open":385.5,
        "High":396.0,
        "Low":382.0,
        "Close":383.9,
        "Percent Change":"-1.31 %",
        "Volume":"13,442.00"
    },
    {
        "Symbol":"MHCL",
        "Date":"2024-05-19",
        "Open":385.0,
        "High":390.0,
        "Low":374.0,
        "Close":389.0,
        "Percent Change":"1.83 %",
        "Volume":"19,672.00"
    },
    {
        "Symbol":"MHCL",
        "Date":"2024-05-16",
        "Open":390.0,
        "High":394.0,
        "Low":380.0,
        "Close":382.0,
        "Percent Change":"-1.80 %",
        "Volume":"11,784.00"
    },
    {
        "Symbol":"MHCL",
        "Date":"2024-05-15",
        "Open":395.0,
        "High":409.0,
        "Low":388.0,
        "Close":389.0,
        "Percent Change":"0.00 %",
        "Volume":"53,372.00"
    },
    {
        "Symbol":"MHCL",
        "Date":"2024-05-14",
        "Open":360.0,
        "High":397.0,
        "Low":360.0,
        "Close":389.0,
        "Percent Change":"7.76 %",
        "Volume":"31,370.00"
    },
    {
        "Symbol":"MHCL",
        "Date":"2024-05-13",
        "Open":365.1,
        "High":365.1,
        "Low":355.0,
        "Close":361.0,
        "Percent Change":"0.84 %",
        "Volume":"9,521.00"
    },
    {
        "Symbol":"MHCL",
        "Date":"2024-05-12",
        "Open":355.4,
        "High":365.0,
        "Low":355.4,
        "Close":358.0,
        "Percent Change":"-1.10 %",
        "Volume":"9,249.00"
    },
    {
        "Symbol":"MHCL",
        "Date":"2024-05-09",
        "Open":374.9,
        "High":374.9,
        "Low":361.0,
        "Close":362.0,
        "Percent Change":"-1.63 %",
        "Volume":"13,808.00"
    },
    {
        "Symbol":"MHCL",
        "Date":"2024-05-08",
        "Open":365.0,
        "High":377.0,
        "Low":365.0,
        "Close":368.0,
        "Percent Change":"-0.94 %",
        "Volume":"9,720.00"
    },
    {
        "Symbol":"MHCL",
        "Date":"2024-05-07",
        "Open":379.0,
        "High":386.5,
        "Low":371.5,
        "Close":371.5,
        "Percent Change":"-1.98 %",
        "Volume":"15,919.00"
    },
    {
        "Symbol":"MHCL",
        "Date":"2024-05-06",
        "Open":380.0,
        "High":383.9,
        "Low":375.0,
        "Close":379.0,
        "Percent Change":"-0.79 %",
        "Volume":"18,631.00"
    },
    {
        "Symbol":"MHCL",
        "Date":"2024-05-05",
        "Open":388.9,
        "High":389.0,
        "Low":375.9,
        "Close":382.0,
        "Percent Change":"0.00 %",
        "Volume":"16,118.00"
    },
    {
        "Symbol":"MHCL",
        "Date":"2024-05-02",
        "Open":400.0,
        "High":405.0,
        "Low":382.0,
        "Close":382.0,
        "Percent Change":"-2.80 %",
        "Volume":"23,713.00"
    },
    {
        "Symbol":"MHCL",
        "Date":"2024-04-30",
        "Open":376.0,
        "High":399.4,
        "Low":370.1,
        "Close":393.0,
        "Percent Change":"4.52 %",
        "Volume":"28,227.00"
    },
    {
        "Symbol":"MHCL",
        "Date":"2024-04-29",
        "Open":371.1,
        "High":384.0,
        "Low":371.1,
        "Close":376.0,
        "Percent Change":"-0.24 %",
        "Volume":"8,994.00"
    },
    {
        "Symbol":"MHCL",
        "Date":"2024-04-28",
        "Open":373.0,
        "High":382.9,
        "Low":372.5,
        "Close":376.9,
        "Percent Change":"0.00 %",
        "Volume":"14,501.00"
    },
    {
        "Symbol":"MHCL",
        "Date":"2024-04-25",
        "Open":385.0,
        "High":385.0,
        "Low":373.0,
        "Close":376.9,
        "Percent Change":"-1.59 %",
        "Volume":"17,840.00"
    },
    {
        "Symbol":"MHCL",
        "Date":"2024-04-24",
        "Open":385.0,
        "High":392.7,
        "Low":383.0,
        "Close":383.0,
        "Percent Change":"0.00 %",
        "Volume":"7,678.00"
    },
    {
        "Symbol":"MHCL",
        "Date":"2024-04-22",
        "Open":400.5,
        "High":404.5,
        "Low":383.0,
        "Close":383.0,
        "Percent Change":"-4.25 %",
        "Volume":"17,771.00"
    },
    {
        "Symbol":"MHCL",
        "Date":"2024-04-21",
        "Open":396.0,
        "High":401.9,
        "Low":379.0,
        "Close":400.0,
        "Percent Change":"2.83 %",
        "Volume":"22,695.00"
    },
    {
        "Symbol":"MHCL",
        "Date":"2024-04-18",
        "Open":395.0,
        "High":401.0,
        "Low":388.0,
        "Close":389.0,
        "Percent Change":"-3.23 %",
        "Volume":"25,823.00"
    },
    {
        "Symbol":"MHCL",
        "Date":"2024-04-16",
        "Open":409.1,
        "High":415.0,
        "Low":402.0,
        "Close":402.0,
        "Percent Change":"-3.34 %",
        "Volume":"19,656.00"
    },
    {
        "Symbol":"MHCL",
        "Date":"2024-04-15",
        "Open":416.1,
        "High":428.0,
        "Low":411.1,
        "Close":415.9,
        "Percent Change":"-0.26 %",
        "Volume":"14,094.00"
    },
    {
        "Symbol":"MHCL",
        "Date":"2024-04-14",
        "Open":432.4,
        "High":432.4,
        "Low":415.1,
        "Close":417.0,
        "Percent Change":"-1.65 %",
        "Volume":"18,924.00"
    },
    {
        "Symbol":"MHCL",
        "Date":"2024-04-10",
        "Open":437.5,
        "High":439.9,
        "Low":421.4,
        "Close":424.0,
        "Percent Change":"-1.17 %",
        "Volume":"23,813.00"
    },
    {
        "Symbol":"MHCL",
        "Date":"2024-04-09",
        "Open":428.9,
        "High":437.0,
        "Low":423.0,
        "Close":429.0,
        "Percent Change":"2.02 %",
        "Volume":"26,067.00"
    },
    {
        "Symbol":"MHCL",
        "Date":"2024-04-07",
        "Open":406.7,
        "High":429.5,
        "Low":406.7,
        "Close":420.5,
        "Percent Change":"1.33 %",
        "Volume":"15,331.00"
    },
    {
        "Symbol":"MHCL",
        "Date":"2024-04-04",
        "Open":420.0,
        "High":423.0,
        "Low":414.1,
        "Close":415.0,
        "Percent Change":"-0.84 %",
        "Volume":"21,856.00"
    },
    {
        "Symbol":"MHCL",
        "Date":"2024-04-03",
        "Open":418.1,
        "High":428.4,
        "Low":416.4,
        "Close":418.5,
        "Percent Change":"-0.83 %",
        "Volume":"19,942.00"
    },
    {
        "Symbol":"MHCL",
        "Date":"2024-04-02",
        "Open":430.6,
        "High":430.6,
        "Low":416.0,
        "Close":422.0,
        "Percent Change":"-0.05 %",
        "Volume":"22,233.00"
    },
    {
        "Symbol":"MHCL",
        "Date":"2024-04-01",
        "Open":421.4,
        "High":434.9,
        "Low":413.0,
        "Close":422.2,
        "Percent Change":"-1.38 %",
        "Volume":"28,847.00"
    },
    {
        "Symbol":"MHCL",
        "Date":"2024-03-31",
        "Open":442.6,
        "High":444.5,
        "Low":428.0,
        "Close":428.1,
        "Percent Change":"-1.36 %",
        "Volume":"31,950.00"
    },
    {
        "Symbol":"MHCL",
        "Date":"2024-03-28",
        "Open":442.0,
        "High":442.0,
        "Low":428.0,
        "Close":434.0,
        "Percent Change":"0.02 %",
        "Volume":"29,571.00"
    },
    {
        "Symbol":"MHCL",
        "Date":"2024-03-27",
        "Open":450.0,
        "High":455.0,
        "Low":430.0,
        "Close":433.9,
        "Percent Change":"-2.93 %",
        "Volume":"32,988.00"
    },
    {
        "Symbol":"MHCL",
        "Date":"2024-03-26",
        "Open":414.7,
        "High":450.0,
        "Low":414.7,
        "Close":447.0,
        "Percent Change":"5.67 %",
        "Volume":"28,089.00"
    },
    {
        "Symbol":"MHCL",
        "Date":"2024-03-25",
        "Open":433.0,
        "High":438.0,
        "Low":422.9,
        "Close":423.0,
        "Percent Change":"-3.86 %",
        "Volume":"30,309.00"
    },
    {
        "Symbol":"MHCL",
        "Date":"2024-03-21",
        "Open":446.0,
        "High":455.0,
        "Low":439.3,
        "Close":440.0,
        "Percent Change":"-2.11 %",
        "Volume":"35,584.00"
    },
    {
        "Symbol":"MHCL",
        "Date":"2024-03-20",
        "Open":456.0,
        "High":464.0,
        "Low":448.0,
        "Close":449.5,
        "Percent Change":"-1.43 %",
        "Volume":"24,820.00"
    },
    {
        "Symbol":"MHCL",
        "Date":"2024-03-19",
        "Open":463.0,
        "High":463.0,
        "Low":455.0,
        "Close":456.0,
        "Percent Change":"0.22 %",
        "Volume":"38,395.00"
    },
    {
        "Symbol":"MHCL",
        "Date":"2024-03-18",
        "Open":448.4,
        "High":461.0,
        "Low":448.0,
        "Close":455.0,
        "Percent Change":"1.56 %",
        "Volume":"39,505.00"
    },
    {
        "Symbol":"MHCL",
        "Date":"2024-03-17",
        "Open":460.1,
        "High":460.1,
        "Low":446.2,
        "Close":448.0,
        "Percent Change":"-0.69 %",
        "Volume":"39,964.00"
    },
    {
        "Symbol":"MHCL",
        "Date":"2024-03-14",
        "Open":445.0,
        "High":463.9,
        "Low":445.0,
        "Close":451.1,
        "Percent Change":"0.02 %",
        "Volume":"56,595.00"
    },
    {
        "Symbol":"MHCL",
        "Date":"2024-03-13",
        "Open":453.8,
        "High":462.9,
        "Low":450.0,
        "Close":451.0,
        "Percent Change":"-2.59 %",
        "Volume":"67,470.00"
    },
    {
        "Symbol":"MHCL",
        "Date":"2024-03-12",
        "Open":480.0,
        "High":480.0,
        "Low":457.7,
        "Close":463.0,
        "Percent Change":"-2.53 %",
        "Volume":"57,946.00"
    },
    {
        "Symbol":"MHCL",
        "Date":"2024-03-10",
        "Open":480.2,
        "High":488.0,
        "Low":441.0,
        "Close":475.0,
        "Percent Change":"-3.06 %",
        "Volume":"81,840.00"
    },
    {
        "Symbol":"MHCL",
        "Date":"2024-03-07",
        "Open":483.2,
        "High":500.0,
        "Low":445.9,
        "Close":490.0,
        "Percent Change":"-0.61 %",
        "Volume":"291,207.00"
    },
    {
        "Symbol":"MHCL",
        "Date":"2024-03-06",
        "Open":535.1,
        "High":535.1,
        "Low":491.4,
        "Close":493.0,
        "Percent Change":"-9.71 %",
        "Volume":"144,918.00"
    },
    {
        "Symbol":"MHCL",
        "Date":"2024-03-05",
        "Open":528.0,
        "High":546.0,
        "Low":475.2,
        "Close":546.0,
        "Percent Change":"3.41 %",
        "Volume":"192,031.00"
    },
    {
        "Symbol":"MHCL",
        "Date":"2024-03-04",
        "Open":480.2,
        "High":528.0,
        "Low":470.6,
        "Close":528.0,
        "Percent Change":"7.76 %",
        "Volume":"44,883.00"
    },
    {
        "Symbol":"MHCL",
        "Date":"2024-03-03",
        "Open":494.9,
        "High":509.0,
        "Low":479.4,
        "Close":490.0,
        "Percent Change":"-2.97 %",
        "Volume":"91,190.00"
    },
    {
        "Symbol":"MHCL",
        "Date":"2024-02-29",
        "Open":538.1,
        "High":568.0,
        "Low":495.2,
        "Close":505.0,
        "Percent Change":"-8.01 %",
        "Volume":"67,357.00"
    },
    {
        "Symbol":"MHCL",
        "Date":"2024-02-28",
        "Open":541.8,
        "High":584.0,
        "Low":512.6,
        "Close":549.0,
        "Percent Change":"-0.69 %",
        "Volume":"85,174.00"
    },
    {
        "Symbol":"MHCL",
        "Date":"2024-02-27",
        "Open":561.6,
        "High":572.0,
        "Low":529.2,
        "Close":552.8,
        "Percent Change":"-3.53 %",
        "Volume":"28,955.00"
    },
    {
        "Symbol":"MHCL",
        "Date":"2024-02-26",
        "Open":551.3,
        "High":573.0,
        "Low":529.5,
        "Close":573.0,
        "Percent Change":"1.87 %",
        "Volume":"62,832.00"
    },
    {
        "Symbol":"MHCL",
        "Date":"2024-02-25",
        "Open":612.5,
        "High":612.5,
        "Low":562.5,
        "Close":562.5,
        "Percent Change":"-10.00 %",
        "Volume":"62,490.00"
    },
    {
        "Symbol":"MHCL",
        "Date":"2024-02-22",
        "Open":600.8,
        "High":637.0,
        "Low":561.7,
        "Close":625.0,
        "Percent Change":"1.96 %",
        "Volume":"83,921.00"
    },
    {
        "Symbol":"MHCL",
        "Date":"2024-02-21",
        "Open":567.0,
        "High":613.0,
        "Low":561.1,
        "Close":613.0,
        "Percent Change":"8.11 %",
        "Volume":"97,081.00"
    },
    {
        "Symbol":"MHCL",
        "Date":"2024-02-20",
        "Open":572.0,
        "High":617.1,
        "Low":550.0,
        "Close":567.0,
        "Percent Change":"-2.84 %",
        "Volume":"93,392.00"
    },
    {
        "Symbol":"MHCL",
        "Date":"2024-02-18",
        "Open":541.8,
        "High":583.6,
        "Low":531.0,
        "Close":583.6,
        "Percent Change":"5.57 %",
        "Volume":"93,984.00"
    },
    {
        "Symbol":"MHCL",
        "Date":"2024-02-15",
        "Open":524.8,
        "High":552.8,
        "Low":518.0,
        "Close":552.8,
        "Percent Change":"3.23 %",
        "Volume":"133,628.00"
    },
    {
        "Symbol":"MHCL",
        "Date":"2024-02-14",
        "Open":497.9,
        "High":557.0,
        "Low":490.1,
        "Close":535.5,
        "Percent Change":"5.41 %",
        "Volume":"121,935.00"
    },
    {
        "Symbol":"MHCL",
        "Date":"2024-02-13",
        "Open":509.6,
        "High":528.0,
        "Low":495.1,
        "Close":508.0,
        "Percent Change":"-2.31 %",
        "Volume":"40,102.00"
    },
    {
        "Symbol":"MHCL",
        "Date":"2024-02-12",
        "Open":509.6,
        "High":525.0,
        "Low":500.0,
        "Close":520.0,
        "Percent Change":"0.00 %",
        "Volume":"69,106.00"
    },
    {
        "Symbol":"MHCL",
        "Date":"2024-02-11",
        "Open":504.9,
        "High":525.0,
        "Low":504.9,
        "Close":520.0,
        "Percent Change":"0.93 %",
        "Volume":"46,814.00"
    },
    {
        "Symbol":"MHCL",
        "Date":"2024-02-08",
        "Open":519.4,
        "High":543.0,
        "Low":505.0,
        "Close":515.2,
        "Percent Change":"-2.79 %",
        "Volume":"78,625.00"
    },
    {
        "Symbol":"MHCL",
        "Date":"2024-02-07",
        "Open":506.7,
        "High":534.4,
        "Low":503.0,
        "Close":530.0,
        "Percent Change":"2.51 %",
        "Volume":"90,753.00"
    },
    {
        "Symbol":"MHCL",
        "Date":"2024-02-06",
        "Open":490.0,
        "High":517.0,
        "Low":488.0,
        "Close":517.0,
        "Percent Change":"3.42 %",
        "Volume":"67,827.00"
    },
    {
        "Symbol":"MHCL",
        "Date":"2024-02-05",
        "Open":476.3,
        "High":499.9,
        "Low":476.3,
        "Close":499.9,
        "Percent Change":"2.86 %",
        "Volume":"53,914.00"
    },
    {
        "Symbol":"MHCL",
        "Date":"2024-02-04",
        "Open":443.9,
        "High":486.0,
        "Low":443.9,
        "Close":486.0,
        "Percent Change":"9.46 %",
        "Volume":"57,685.00"
    },
    {
        "Symbol":"MHCL",
        "Date":"2024-02-01",
        "Open":469.0,
        "High":481.0,
        "Low":430.0,
        "Close":444.0,
        "Percent Change":"-6.47 %",
        "Volume":"83,211.00"
    },
    {
        "Symbol":"MHCL",
        "Date":"2024-01-31",
        "Open":484.2,
        "High":499.9,
        "Low":469.0,
        "Close":474.7,
        "Percent Change":"-3.91 %",
        "Volume":"55,550.00"
    },
    {
        "Symbol":"MHCL",
        "Date":"2024-01-30",
        "Open":489.9,
        "High":509.7,
        "Low":481.0,
        "Close":494.0,
        "Percent Change":"-1.16 %",
        "Volume":"37,891.00"
    },
    {
        "Symbol":"MHCL",
        "Date":"2024-01-29",
        "Open":494.9,
        "High":520.0,
        "Low":486.0,
        "Close":499.8,
        "Percent Change":"-1.03 %",
        "Volume":"54,318.00"
    },
    {
        "Symbol":"MHCL",
        "Date":"2024-01-28",
        "Open":498.9,
        "High":517.0,
        "Low":488.0,
        "Close":505.0,
        "Percent Change":"-0.79 %",
        "Volume":"22,566.00"
    },
    {
        "Symbol":"MHCL",
        "Date":"2024-01-25",
        "Open":500.0,
        "High":509.2,
        "Low":481.5,
        "Close":509.0,
        "Percent Change":"1.80 %",
        "Volume":"47,736.00"
    },
    {
        "Symbol":"MHCL",
        "Date":"2024-01-24",
        "Open":504.7,
        "High":535.0,
        "Low":491.0,
        "Close":500.0,
        "Percent Change":"-2.91 %",
        "Volume":"40,466.00"
    },
    {
        "Symbol":"MHCL",
        "Date":"2024-01-23",
        "Open":523.8,
        "High":525.0,
        "Low":494.3,
        "Close":515.0,
        "Percent Change":"-3.63 %",
        "Volume":"24,566.00"
    },
    {
        "Symbol":"MHCL",
        "Date":"2024-01-22",
        "Open":518.1,
        "High":534.4,
        "Low":475.9,
        "Close":534.4,
        "Percent Change":"1.10 %",
        "Volume":"86,708.00"
    },
    {
        "Symbol":"MHCL",
        "Date":"2024-01-21",
        "Open":558.6,
        "High":568.0,
        "Low":516.0,
        "Close":528.6,
        "Percent Change":"-7.26 %",
        "Volume":"77,348.00"
    },
    {
        "Symbol":"MHCL",
        "Date":"2024-01-18",
        "Open":548.9,
        "High":570.0,
        "Low":515.0,
        "Close":570.0,
        "Percent Change":"1.77 %",
        "Volume":"98,243.00"
    },
    {
        "Symbol":"MHCL",
        "Date":"2024-01-17",
        "Open":517.8,
        "High":560.1,
        "Low":500.0,
        "Close":560.1,
        "Percent Change":"6.02 %",
        "Volume":"109,356.00"
    },
    {
        "Symbol":"MHCL",
        "Date":"2024-01-16",
        "Open":486.1,
        "High":528.3,
        "Low":466.9,
        "Close":528.3,
        "Percent Change":"6.51 %",
        "Volume":"103,200.00"
    },
    {
        "Symbol":"MHCL",
        "Date":"2024-01-14",
        "Open":494.9,
        "High":519.0,
        "Low":461.2,
        "Close":496.0,
        "Percent Change":"-1.76 %",
        "Volume":"148,198.00"
    },
    {
        "Symbol":"MHCL",
        "Date":"2024-01-11",
        "Open":477.2,
        "High":504.9,
        "Low":448.9,
        "Close":504.9,
        "Percent Change":"3.70 %",
        "Volume":"93,371.00"
    },
    {
        "Symbol":"MHCL",
        "Date":"2024-01-10",
        "Open":441.0,
        "High":486.9,
        "Low":430.0,
        "Close":486.9,
        "Percent Change":"8.20 %",
        "Volume":"82,134.00"
    },
    {
        "Symbol":"MHCL",
        "Date":"2024-01-09",
        "Open":420.0,
        "High":452.0,
        "Low":420.0,
        "Close":450.0,
        "Percent Change":"5.02 %",
        "Volume":"73,386.00"
    },
    {
        "Symbol":"MHCL",
        "Date":"2024-01-08",
        "Open":448.8,
        "High":457.7,
        "Low":400.0,
        "Close":428.5,
        "Percent Change":"-2.61 %",
        "Volume":"92,500.00"
    },
    {
        "Symbol":"MHCL",
        "Date":"2024-01-07",
        "Open":434.0,
        "High":440.0,
        "Low":402.0,
        "Close":440.0,
        "Percent Change":"3.29 %",
        "Volume":"82,534.00"
    },
    {
        "Symbol":"MHCL",
        "Date":"2024-01-04",
        "Open":402.9,
        "High":426.0,
        "Low":398.0,
        "Close":426.0,
        "Percent Change":"7.85 %",
        "Volume":"95,727.00"
    },
    {
        "Symbol":"MHCL",
        "Date":"2024-01-03",
        "Open":411.9,
        "High":426.0,
        "Low":373.0,
        "Close":395.0,
        "Percent Change":"-2.20 %",
        "Volume":"61,872.00"
    },
    {
        "Symbol":"MHCL",
        "Date":"2024-01-02",
        "Open":372.0,
        "High":403.9,
        "Low":372.0,
        "Close":403.9,
        "Percent Change":"7.71 %",
        "Volume":"105,891.00"
    },
    {
        "Symbol":"MHCL",
        "Date":"2024-01-01",
        "Open":399.9,
        "High":399.9,
        "Low":375.0,
        "Close":375.0,
        "Percent Change":"-8.09 %",
        "Volume":"69,353.00"
    },
    {
        "Symbol":"MHCL",
        "Date":"2023-12-28",
        "Open":433.0,
        "High":433.0,
        "Low":389.1,
        "Close":408.0,
        "Percent Change":"-5.62 %",
        "Volume":"73,156.00"
    },
    {
        "Symbol":"MHCL",
        "Date":"2023-12-27",
        "Open":400.8,
        "High":432.3,
        "Low":370.0,
        "Close":432.3,
        "Percent Change":"10.00 %",
        "Volume":"120,977.00"
    },
    {
        "Symbol":"MHCL",
        "Date":"2023-12-24",
        "Open":377.0,
        "High":393.0,
        "Low":348.0,
        "Close":393.0,
        "Percent Change":"2.96 %",
        "Volume":"167,582.00"
    },
    {
        "Symbol":"MHCL",
        "Date":"2023-12-21",
        "Open":374.3,
        "High":381.7,
        "Low":333.2,
        "Close":381.7,
        "Percent Change":"4.01 %",
        "Volume":"114,985.00"
    },
    {
        "Symbol":"MHCL",
        "Date":"2023-12-20",
        "Open":386.5,
        "High":386.5,
        "Low":342.5,
        "Close":367.0,
        "Percent Change":"-3.17 %",
        "Volume":"74,306.00"
    },
    {
        "Symbol":"MHCL",
        "Date":"2023-12-19",
        "Open":383.0,
        "High":383.0,
        "Low":339.5,
        "Close":379.0,
        "Percent Change":"0.93 %",
        "Volume":"67,363.00"
    },
    {
        "Symbol":"MHCL",
        "Date":"2023-12-18",
        "Open":345.0,
        "High":375.5,
        "Low":324.0,
        "Close":375.5,
        "Percent Change":"7.90 %",
        "Volume":"96,635.00"
    },
    {
        "Symbol":"MHCL",
        "Date":"2023-12-17",
        "Open":342.0,
        "High":348.0,
        "Low":314.0,
        "Close":348.0,
        "Percent Change":"-0.23 %",
        "Volume":"96,561.00"
    },
    {
        "Symbol":"MHCL",
        "Date":"2023-12-14",
        "Open":324.0,
        "High":348.8,
        "Low":297.9,
        "Close":348.8,
        "Percent Change":"5.51 %",
        "Volume":"69,506.00"
    },
    {
        "Symbol":"MHCL",
        "Date":"2023-12-13",
        "Open":306.6,
        "High":330.6,
        "Low":287.5,
        "Close":330.6,
        "Percent Change":"9.98 %",
        "Volume":"78,101.00"
    },
    {
        "Symbol":"MHCL",
        "Date":"2023-12-12",
        "Open":288.0,
        "High":300.6,
        "Low":272.6,
        "Close":300.6,
        "Percent Change":"3.98 %",
        "Volume":"52,017.00"
    },
    {
        "Symbol":"MHCL",
        "Date":"2023-12-11",
        "Open":283.5,
        "High":289.1,
        "Low":254.8,
        "Close":289.1,
        "Percent Change":"3.99 %",
        "Volume":"93,483.00"
    },
    {
        "Symbol":"MHCL",
        "Date":"2023-12-10",
        "Open":258.3,
        "High":278.0,
        "Low":251.0,
        "Close":278.0,
        "Percent Change":"9.75 %",
        "Volume":"7,322.00"
    },
    {
        "Symbol":"MHCL",
        "Date":"2023-12-07",
        "Open":238.9,
        "High":253.3,
        "Low":229.9,
        "Close":253.3,
        "Percent Change":"3.94 %",
        "Volume":"35,448.00"
    },
    {
        "Symbol":"MHCL",
        "Date":"2023-12-06",
        "Open":221.6,
        "High":243.7,
        "Low":221.6,
        "Close":243.7,
        "Percent Change":"7.83 %",
        "Volume":"38,786.00"
    },
    {
        "Symbol":"MHCL",
        "Date":"2023-12-05",
        "Open":237.9,
        "High":237.9,
        "Low":223.1,
        "Close":226.0,
        "Percent Change":"-3.42 %",
        "Volume":"13,359.00"
    },
    {
        "Symbol":"MHCL",
        "Date":"2023-12-04",
        "Open":223.0,
        "High":237.0,
        "Low":213.8,
        "Close":234.0,
        "Percent Change":"4.93 %",
        "Volume":"67,564.00"
    },
    {
        "Symbol":"MHCL",
        "Date":"2023-12-03",
        "Open":206.8,
        "High":226.9,
        "Low":206.8,
        "Close":223.0,
        "Percent Change":"5.69 %",
        "Volume":"33,970.00"
    },
    {
        "Symbol":"MHCL",
        "Date":"2023-11-30",
        "Open":211.1,
        "High":215.0,
        "Low":208.6,
        "Close":211.0,
        "Percent Change":"-1.86 %",
        "Volume":"8,808.00"
    },
    {
        "Symbol":"MHCL",
        "Date":"2023-11-29",
        "Open":218.5,
        "High":222.0,
        "Low":214.8,
        "Close":215.0,
        "Percent Change":"-1.60 %",
        "Volume":"17,226.00"
    },
    {
        "Symbol":"MHCL",
        "Date":"2023-11-28",
        "Open":205.2,
        "High":229.0,
        "Low":205.2,
        "Close":218.5,
        "Percent Change":"4.65 %",
        "Volume":"51,867.00"
    },
    {
        "Symbol":"MHCL",
        "Date":"2023-11-27",
        "Open":218.0,
        "High":218.0,
        "Low":207.0,
        "Close":208.8,
        "Percent Change":"-3.33 %",
        "Volume":"20,892.00"
    },
    {
        "Symbol":"MHCL",
        "Date":"2023-11-26",
        "Open":214.2,
        "High":222.3,
        "Low":205.8,
        "Close":216.0,
        "Percent Change":"2.86 %",
        "Volume":"16,137.00"
    },
    {
        "Symbol":"MHCL",
        "Date":"2023-11-23",
        "Open":208.0,
        "High":217.9,
        "Low":204.1,
        "Close":210.0,
        "Percent Change":"-0.94 %",
        "Volume":"11,010.00"
    },
    {
        "Symbol":"MHCL",
        "Date":"2023-11-22",
        "Open":197.8,
        "High":212.0,
        "Low":197.8,
        "Close":212.0,
        "Percent Change":"5.42 %",
        "Volume":"13,066.00"
    },
    {
        "Symbol":"MHCL",
        "Date":"2023-11-21",
        "Open":197.0,
        "High":203.0,
        "Low":196.3,
        "Close":201.1,
        "Percent Change":"0.55 %",
        "Volume":"20,802.00"
    },
    {
        "Symbol":"MHCL",
        "Date":"2023-11-20",
        "Open":193.0,
        "High":203.8,
        "Low":190.1,
        "Close":200.0,
        "Percent Change":"3.63 %",
        "Volume":"21,720.00"
    },
    {
        "Symbol":"MHCL",
        "Date":"2023-11-09",
        "Open":190.7,
        "High":194.0,
        "Low":187.1,
        "Close":193.0,
        "Percent Change":"-0.77 %",
        "Volume":"3,076.00"
    },
    {
        "Symbol":"MHCL",
        "Date":"2023-11-08",
        "Open":191.0,
        "High":194.5,
        "Low":189.0,
        "Close":194.5,
        "Percent Change":"0.26 %",
        "Volume":"3,930.00"
    },
    {
        "Symbol":"MHCL",
        "Date":"2023-11-07",
        "Open":194.1,
        "High":201.9,
        "Low":188.5,
        "Close":194.0,
        "Percent Change":"-2.02 %",
        "Volume":"5,210.00"
    },
    {
        "Symbol":"MHCL",
        "Date":"2023-11-06",
        "Open":193.0,
        "High":199.0,
        "Low":185.7,
        "Close":198.0,
        "Percent Change":"2.38 %",
        "Volume":"3,967.00"
    },
    {
        "Symbol":"MHCL",
        "Date":"2023-11-05",
        "Open":185.0,
        "High":193.4,
        "Low":182.0,
        "Close":193.4,
        "Percent Change":"2.55 %",
        "Volume":"8,397.00"
    },
    {
        "Symbol":"MHCL",
        "Date":"2023-11-02",
        "Open":193.9,
        "High":193.9,
        "Low":188.6,
        "Close":188.6,
        "Percent Change":"-4.65 %",
        "Volume":"5,885.00"
    },
    {
        "Symbol":"MHCL",
        "Date":"2023-11-01",
        "Open":190.2,
        "High":197.8,
        "Low":188.1,
        "Close":197.8,
        "Percent Change":"1.96 %",
        "Volume":"4,440.00"
    },
    {
        "Symbol":"MHCL",
        "Date":"2023-10-31",
        "Open":193.0,
        "High":194.0,
        "Low":189.2,
        "Close":194.0,
        "Percent Change":"-1.42 %",
        "Volume":"5,337.00"
    },
    {
        "Symbol":"MHCL",
        "Date":"2023-10-30",
        "Open":193.0,
        "High":199.0,
        "Low":185.5,
        "Close":196.8,
        "Percent Change":"0.00 %",
        "Volume":"3,751.00"
    },
    {
        "Symbol":"MHCL",
        "Date":"2023-10-29",
        "Open":200.0,
        "High":208.0,
        "Low":194.0,
        "Close":196.8,
        "Percent Change":"-3.53 %",
        "Volume":"4,404.00"
    },
    {
        "Symbol":"MHCL",
        "Date":"2023-10-19",
        "Open":200.9,
        "High":208.9,
        "Low":197.2,
        "Close":204.0,
        "Percent Change":"-0.49 %",
        "Volume":"4,697.00"
    },
    {
        "Symbol":"MHCL",
        "Date":"2023-10-18",
        "Open":199.0,
        "High":207.0,
        "Low":195.2,
        "Close":205.0,
        "Percent Change":"0.99 %",
        "Volume":"2,825.00"
    },
    {
        "Symbol":"MHCL",
        "Date":"2023-10-17",
        "Open":207.0,
        "High":209.0,
        "Low":195.0,
        "Close":203.0,
        "Percent Change":"-2.87 %",
        "Volume":"11,380.00"
    },
    {
        "Symbol":"MHCL",
        "Date":"2023-10-16",
        "Open":202.2,
        "High":209.0,
        "Low":194.1,
        "Close":209.0,
        "Percent Change":"3.52 %",
        "Volume":"8,664.00"
    },
    {
        "Symbol":"MHCL",
        "Date":"2023-10-12",
        "Open":200.0,
        "High":211.0,
        "Low":198.3,
        "Close":201.9,
        "Percent Change":"-0.05 %",
        "Volume":"18,360.00"
    },
    {
        "Symbol":"MHCL",
        "Date":"2023-10-11",
        "Open":200.0,
        "High":208.0,
        "Low":196.3,
        "Close":202.0,
        "Percent Change":"-0.83 %",
        "Volume":"7,094.00"
    },
    {
        "Symbol":"MHCL",
        "Date":"2023-10-10",
        "Open":202.0,
        "High":207.9,
        "Low":200.0,
        "Close":203.7,
        "Percent Change":"-1.07 %",
        "Volume":"15,602.00"
    },
    {
        "Symbol":"MHCL",
        "Date":"2023-10-09",
        "Open":195.2,
        "High":206.9,
        "Low":195.2,
        "Close":205.9,
        "Percent Change":"3.42 %",
        "Volume":"20,671.00"
    },
    {
        "Symbol":"MHCL",
        "Date":"2023-10-08",
        "Open":202.9,
        "High":206.8,
        "Low":198.0,
        "Close":199.1,
        "Percent Change":"-3.82 %",
        "Volume":"20,134.00"
    },
    {
        "Symbol":"MHCL",
        "Date":"2023-10-05",
        "Open":208.8,
        "High":212.0,
        "Low":203.0,
        "Close":207.0,
        "Percent Change":"-2.77 %",
        "Volume":"22,524.00"
    },
    {
        "Symbol":"MHCL",
        "Date":"2023-10-04",
        "Open":206.0,
        "High":218.0,
        "Low":205.6,
        "Close":212.9,
        "Percent Change":"1.53 %",
        "Volume":"11,817.00"
    },
    {
        "Symbol":"MHCL",
        "Date":"2023-10-03",
        "Open":211.7,
        "High":216.0,
        "Low":206.0,
        "Close":209.7,
        "Percent Change":"-2.87 %",
        "Volume":"13,723.00"
    },
    {
        "Symbol":"MHCL",
        "Date":"2023-10-02",
        "Open":208.0,
        "High":220.0,
        "Low":203.1,
        "Close":215.9,
        "Percent Change":"2.32 %",
        "Volume":"30,259.00"
    },
    {
        "Symbol":"MHCL",
        "Date":"2023-10-01",
        "Open":226.0,
        "High":227.0,
        "Low":207.6,
        "Close":211.0,
        "Percent Change":"-7.98 %",
        "Volume":"66,492.00"
    },
    {
        "Symbol":"MHCL",
        "Date":"2023-09-27",
        "Open":217.3,
        "High":229.7,
        "Low":213.1,
        "Close":229.3,
        "Percent Change":"7.60 %",
        "Volume":"96,247.00"
    },
    {
        "Symbol":"MHCL",
        "Date":"2023-09-26",
        "Open":193.0,
        "High":213.1,
        "Low":193.0,
        "Close":213.1,
        "Percent Change":"9.96 %",
        "Volume":"61,900.00"
    },
    {
        "Symbol":"MHCL",
        "Date":"2023-09-25",
        "Open":187.3,
        "High":198.6,
        "Low":187.0,
        "Close":193.8,
        "Percent Change":"1.47 %",
        "Volume":"17,441.00"
    },
    {
        "Symbol":"MHCL",
        "Date":"2023-09-24",
        "Open":196.0,
        "High":204.0,
        "Low":191.0,
        "Close":191.0,
        "Percent Change":"-4.50 %",
        "Volume":"18,245.00"
    },
    {
        "Symbol":"MHCL",
        "Date":"2023-09-21",
        "Open":197.0,
        "High":208.0,
        "Low":193.1,
        "Close":200.0,
        "Percent Change":"3.52 %",
        "Volume":"31,486.00"
    },
    {
        "Symbol":"MHCL",
        "Date":"2023-09-19",
        "Open":181.0,
        "High":195.8,
        "Low":175.4,
        "Close":193.2,
        "Percent Change":"8.54 %",
        "Volume":"23,245.00"
    },
    {
        "Symbol":"MHCL",
        "Date":"2023-09-18",
        "Open":168.6,
        "High":180.0,
        "Low":168.6,
        "Close":178.0,
        "Percent Change":"3.73 %",
        "Volume":"4,262.00"
    },
    {
        "Symbol":"MHCL",
        "Date":"2023-09-17",
        "Open":185.3,
        "High":187.0,
        "Low":171.5,
        "Close":171.6,
        "Percent Change":"-9.21 %",
        "Volume":"15,482.00"
    },
    {
        "Symbol":"MHCL",
        "Date":"2023-09-13",
        "Open":179.5,
        "High":191.5,
        "Low":173.1,
        "Close":189.0,
        "Percent Change":"3.28 %",
        "Volume":"12,229.00"
    },
    {
        "Symbol":"MHCL",
        "Date":"2023-09-12",
        "Open":183.0,
        "High":192.0,
        "Low":180.0,
        "Close":183.0,
        "Percent Change":"0.22 %",
        "Volume":"15,734.00"
    },
    {
        "Symbol":"MHCL",
        "Date":"2023-09-11",
        "Open":169.0,
        "High":182.8,
        "Low":168.0,
        "Close":182.6,
        "Percent Change":"9.87 %",
        "Volume":"23,019.00"
    },
    {
        "Symbol":"MHCL",
        "Date":"2023-09-10",
        "Open":165.0,
        "High":166.2,
        "Low":160.0,
        "Close":166.2,
        "Percent Change":"2.40 %",
        "Volume":"3,805.00"
    },
    {
        "Symbol":"MHCL",
        "Date":"2023-09-07",
        "Open":166.0,
        "High":166.0,
        "Low":160.1,
        "Close":162.3,
        "Percent Change":"-2.23 %",
        "Volume":"2,567.00"
    },
    {
        "Symbol":"MHCL",
        "Date":"2023-09-05",
        "Open":162.5,
        "High":166.2,
        "Low":160.5,
        "Close":166.0,
        "Percent Change":"0.12 %",
        "Volume":"6,635.00"
    },
    {
        "Symbol":"MHCL",
        "Date":"2023-09-04",
        "Open":160.0,
        "High":165.8,
        "Low":158.3,
        "Close":165.8,
        "Percent Change":"4.02 %",
        "Volume":"5,120.00"
    },
    {
        "Symbol":"MHCL",
        "Date":"2023-09-03",
        "Open":163.6,
        "High":164.9,
        "Low":159.0,
        "Close":159.4,
        "Percent Change":"-4.49 %",
        "Volume":"6,762.00"
    },
    {
        "Symbol":"MHCL",
        "Date":"2023-08-30",
        "Open":163.0,
        "High":167.2,
        "Low":163.0,
        "Close":166.9,
        "Percent Change":"0.54 %",
        "Volume":"4,647.00"
    },
    {
        "Symbol":"MHCL",
        "Date":"2023-08-29",
        "Open":163.0,
        "High":166.7,
        "Low":160.3,
        "Close":166.0,
        "Percent Change":"1.72 %",
        "Volume":"4,170.00"
    },
    {
        "Symbol":"MHCL",
        "Date":"2023-08-28",
        "Open":159.0,
        "High":168.0,
        "Low":159.0,
        "Close":163.2,
        "Percent Change":"0.74 %",
        "Volume":"9,189.00"
    },
    {
        "Symbol":"MHCL",
        "Date":"2023-08-27",
        "Open":161.2,
        "High":168.3,
        "Low":161.0,
        "Close":162.0,
        "Percent Change":"-0.43 %",
        "Volume":"7,331.00"
    },
    {
        "Symbol":"MHCL",
        "Date":"2023-08-24",
        "Open":174.5,
        "High":176.6,
        "Low":162.7,
        "Close":162.7,
        "Percent Change":"-8.54 %",
        "Volume":"9,267.00"
    },
    {
        "Symbol":"MHCL",
        "Date":"2023-08-23",
        "Open":170.9,
        "High":178.0,
        "Low":168.0,
        "Close":177.9,
        "Percent Change":"4.10 %",
        "Volume":"6,975.00"
    },
    {
        "Symbol":"MHCL",
        "Date":"2023-08-22",
        "Open":162.0,
        "High":171.5,
        "Low":162.0,
        "Close":170.9,
        "Percent Change":"3.58 %",
        "Volume":"5,470.00"
    },
    {
        "Symbol":"MHCL",
        "Date":"2023-08-21",
        "Open":167.0,
        "High":171.0,
        "Low":164.2,
        "Close":165.0,
        "Percent Change":"-2.88 %",
        "Volume":"4,057.00"
    },
    {
        "Symbol":"MHCL",
        "Date":"2023-08-20",
        "Open":170.0,
        "High":173.3,
        "Low":163.0,
        "Close":169.9,
        "Percent Change":"0.24 %",
        "Volume":"10,302.00"
    },
    {
        "Symbol":"MHCL",
        "Date":"2023-08-17",
        "Open":171.0,
        "High":178.0,
        "Low":169.5,
        "Close":169.5,
        "Percent Change":"-2.02 %",
        "Volume":"6,553.00"
    },
    {
        "Symbol":"MHCL",
        "Date":"2023-08-16",
        "Open":180.0,
        "High":182.0,
        "Low":168.0,
        "Close":173.0,
        "Percent Change":"-3.89 %",
        "Volume":"5,148.00"
    },
    {
        "Symbol":"MHCL",
        "Date":"2023-08-15",
        "Open":188.2,
        "High":188.2,
        "Low":179.7,
        "Close":180.0,
        "Percent Change":"-6.25 %",
        "Volume":"13,363.00"
    },
    {
        "Symbol":"MHCL",
        "Date":"2023-08-14",
        "Open":188.5,
        "High":192.0,
        "Low":186.7,
        "Close":192.0,
        "Percent Change":"0.00 %",
        "Volume":"10,547.00"
    },
    {
        "Symbol":"MHCL",
        "Date":"2023-08-13",
        "Open":191.5,
        "High":194.8,
        "Low":189.0,
        "Close":192.0,
        "Percent Change":"-1.54 %",
        "Volume":"9,650.00"
    },
    {
        "Symbol":"MHCL",
        "Date":"2023-08-10",
        "Open":192.0,
        "High":199.7,
        "Low":190.0,
        "Close":195.0,
        "Percent Change":"1.51 %",
        "Volume":"5,948.00"
    },
    {
        "Symbol":"MHCL",
        "Date":"2023-08-09",
        "Open":190.2,
        "High":195.0,
        "Low":187.1,
        "Close":192.1,
        "Percent Change":"-0.93 %",
        "Volume":"9,310.00"
    },
    {
        "Symbol":"MHCL",
        "Date":"2023-08-08",
        "Open":195.9,
        "High":203.0,
        "Low":191.6,
        "Close":193.9,
        "Percent Change":"-2.95 %",
        "Volume":"10,437.00"
    },
    {
        "Symbol":"MHCL",
        "Date":"2023-08-07",
        "Open":205.0,
        "High":205.0,
        "Low":189.2,
        "Close":199.8,
        "Percent Change":"-4.45 %",
        "Volume":"10,320.00"
    },
    {
        "Symbol":"MHCL",
        "Date":"2023-08-06",
        "Open":201.0,
        "High":209.1,
        "Low":192.7,
        "Close":209.1,
        "Percent Change":"2.00 %",
        "Volume":"11,382.00"
    },
    {
        "Symbol":"MHCL",
        "Date":"2023-08-03",
        "Open":204.0,
        "High":206.8,
        "Low":200.1,
        "Close":205.0,
        "Percent Change":"0.10 %",
        "Volume":"8,940.00"
    },
    {
        "Symbol":"MHCL",
        "Date":"2023-08-02",
        "Open":202.0,
        "High":206.7,
        "Low":202.0,
        "Close":204.8,
        "Percent Change":"0.34 %",
        "Volume":"4,363.00"
    },
    {
        "Symbol":"MHCL",
        "Date":"2023-08-01",
        "Open":207.0,
        "High":214.9,
        "Low":204.0,
        "Close":204.1,
        "Percent Change":"-1.40 %",
        "Volume":"10,745.00"
    },
    {
        "Symbol":"MHCL",
        "Date":"2023-07-31",
        "Open":206.1,
        "High":210.0,
        "Low":205.0,
        "Close":207.0,
        "Percent Change":"-0.48 %",
        "Volume":"7,358.00"
    },
    {
        "Symbol":"MHCL",
        "Date":"2023-07-30",
        "Open":210.0,
        "High":212.0,
        "Low":205.0,
        "Close":208.0,
        "Percent Change":"-1.19 %",
        "Volume":"10,765.00"
    },
    {
        "Symbol":"MHCL",
        "Date":"2023-07-27",
        "Open":210.8,
        "High":219.0,
        "Low":209.0,
        "Close":210.5,
        "Percent Change":"-1.03 %",
        "Volume":"11,575.00"
    },
    {
        "Symbol":"MHCL",
        "Date":"2023-07-26",
        "Open":215.0,
        "High":220.5,
        "Low":212.7,
        "Close":212.7,
        "Percent Change":"-2.88 %",
        "Volume":"4,453.00"
    },
    {
        "Symbol":"MHCL",
        "Date":"2023-07-25",
        "Open":212.0,
        "High":220.5,
        "Low":211.3,
        "Close":219.0,
        "Percent Change":"1.86 %",
        "Volume":"15,761.00"
    },
    {
        "Symbol":"MHCL",
        "Date":"2023-07-24",
        "Open":215.0,
        "High":222.3,
        "Low":211.0,
        "Close":215.0,
        "Percent Change":"0.00 %",
        "Volume":"15,281.00"
    },
    {
        "Symbol":"MHCL",
        "Date":"2023-07-23",
        "Open":210.1,
        "High":216.7,
        "Low":210.1,
        "Close":215.0,
        "Percent Change":"0.47 %",
        "Volume":"10,551.00"
    },
    {
        "Symbol":"MHCL",
        "Date":"2023-07-20",
        "Open":210.0,
        "High":221.2,
        "Low":207.6,
        "Close":214.0,
        "Percent Change":"1.90 %",
        "Volume":"9,102.00"
    },
    {
        "Symbol":"MHCL",
        "Date":"2023-07-19",
        "Open":206.1,
        "High":211.0,
        "Low":206.1,
        "Close":210.0,
        "Percent Change":"0.00 %",
        "Volume":"11,862.00"
    },
    {
        "Symbol":"MHCL",
        "Date":"2023-07-18",
        "Open":210.0,
        "High":215.0,
        "Low":207.8,
        "Close":210.0,
        "Percent Change":"-1.87 %",
        "Volume":"8,880.00"
    },
    {
        "Symbol":"MHCL",
        "Date":"2023-07-17",
        "Open":205.6,
        "High":218.2,
        "Low":205.6,
        "Close":214.0,
        "Percent Change":"2.20 %",
        "Volume":"7,510.00"
    },
    {
        "Symbol":"MHCL",
        "Date":"2023-07-16",
        "Open":218.2,
        "High":218.2,
        "Low":209.0,
        "Close":209.4,
        "Percent Change":"-2.15 %",
        "Volume":"6,208.00"
    },
    {
        "Symbol":"MHCL",
        "Date":"2023-07-13",
        "Open":222.3,
        "High":223.3,
        "Low":212.0,
        "Close":214.0,
        "Percent Change":"-1.83 %",
        "Volume":"8,373.00"
    },
    {
        "Symbol":"MHCL",
        "Date":"2023-07-12",
        "Open":203.9,
        "High":225.0,
        "Low":201.0,
        "Close":218.0,
        "Percent Change":"4.81 %",
        "Volume":"19,055.00"
    },
    {
        "Symbol":"MHCL",
        "Date":"2023-07-11",
        "Open":207.9,
        "High":209.9,
        "Low":206.3,
        "Close":208.0,
        "Percent Change":"-1.89 %",
        "Volume":"5,197.00"
    },
    {
        "Symbol":"MHCL",
        "Date":"2023-07-10",
        "Open":212.0,
        "High":216.2,
        "Low":208.0,
        "Close":212.0,
        "Percent Change":"0.00 %",
        "Volume":"11,629.00"
    },
    {
        "Symbol":"MHCL",
        "Date":"2023-07-09",
        "Open":206.6,
        "High":216.0,
        "Low":206.6,
        "Close":212.0,
        "Percent Change":"0.95 %",
        "Volume":"10,454.00"
    },
    {
        "Symbol":"MHCL",
        "Date":"2023-07-06",
        "Open":210.0,
        "High":214.5,
        "Low":206.2,
        "Close":210.0,
        "Percent Change":"-0.47 %",
        "Volume":"15,308.00"
    },
    {
        "Symbol":"MHCL",
        "Date":"2023-07-05",
        "Open":213.1,
        "High":219.0,
        "Low":210.2,
        "Close":211.0,
        "Percent Change":"-2.68 %",
        "Volume":"13,060.00"
    },
    {
        "Symbol":"MHCL",
        "Date":"2023-07-04",
        "Open":220.0,
        "High":220.0,
        "Low":212.1,
        "Close":216.8,
        "Percent Change":"-0.09 %",
        "Volume":"10,030.00"
    },
    {
        "Symbol":"MHCL",
        "Date":"2023-07-03",
        "Open":215.1,
        "High":220.0,
        "Low":212.1,
        "Close":217.0,
        "Percent Change":"-0.91 %",
        "Volume":"12,637.00"
    },
    {
        "Symbol":"MHCL",
        "Date":"2023-07-02",
        "Open":221.0,
        "High":221.0,
        "Low":213.7,
        "Close":219.0,
        "Percent Change":"-0.68 %",
        "Volume":"13,826.00"
    },
    {
        "Symbol":"MHCL",
        "Date":"2023-06-28",
        "Open":223.0,
        "High":227.0,
        "Low":216.0,
        "Close":220.5,
        "Percent Change":"-1.12 %",
        "Volume":"21,048.00"
    },
    {
        "Symbol":"MHCL",
        "Date":"2023-06-27",
        "Open":214.0,
        "High":227.4,
        "Low":214.0,
        "Close":223.0,
        "Percent Change":"2.48 %",
        "Volume":"14,269.00"
    },
    {
        "Symbol":"MHCL",
        "Date":"2023-06-26",
        "Open":225.3,
        "High":241.0,
        "Low":217.6,
        "Close":217.6,
        "Percent Change":"-5.19 %",
        "Volume":"23,371.00"
    },
    {
        "Symbol":"MHCL",
        "Date":"2023-06-25",
        "Open":226.0,
        "High":229.5,
        "Low":213.5,
        "Close":229.5,
        "Percent Change":"1.55 %",
        "Volume":"38,034.00"
    },
    {
        "Symbol":"MHCL",
        "Date":"2023-06-22",
        "Open":225.0,
        "High":230.4,
        "Low":221.9,
        "Close":226.0,
        "Percent Change":"-0.92 %",
        "Volume":"12,510.00"
    },
    {
        "Symbol":"MHCL",
        "Date":"2023-06-21",
        "Open":239.9,
        "High":239.9,
        "Low":226.4,
        "Close":228.1,
        "Percent Change":"-3.35 %",
        "Volume":"14,961.00"
    },
    {
        "Symbol":"MHCL",
        "Date":"2023-06-20",
        "Open":243.0,
        "High":243.7,
        "Low":233.8,
        "Close":236.0,
        "Percent Change":"-1.26 %",
        "Volume":"15,302.00"
    },
    {
        "Symbol":"MHCL",
        "Date":"2023-06-19",
        "Open":251.7,
        "High":251.7,
        "Low":237.7,
        "Close":239.0,
        "Percent Change":"-3.16 %",
        "Volume":"17,448.00"
    },
    {
        "Symbol":"MHCL",
        "Date":"2023-06-18",
        "Open":234.0,
        "High":246.8,
        "Low":230.0,
        "Close":246.8,
        "Percent Change":"3.70 %",
        "Volume":"34,491.00"
    },
    {
        "Symbol":"MHCL",
        "Date":"2023-06-15",
        "Open":231.1,
        "High":240.0,
        "Low":231.1,
        "Close":238.0,
        "Percent Change":"1.06 %",
        "Volume":"26,485.00"
    },
    {
        "Symbol":"MHCL",
        "Date":"2023-06-14",
        "Open":243.1,
        "High":250.9,
        "Low":234.5,
        "Close":235.5,
        "Percent Change":"-5.04 %",
        "Volume":"33,273.00"
    },
    {
        "Symbol":"MHCL",
        "Date":"2023-06-13",
        "Open":238.2,
        "High":249.7,
        "Low":235.7,
        "Close":248.0,
        "Percent Change":"2.10 %",
        "Volume":"29,852.00"
    },
    {
        "Symbol":"MHCL",
        "Date":"2023-06-12",
        "Open":250.9,
        "High":255.0,
        "Low":236.9,
        "Close":242.9,
        "Percent Change":"-1.26 %",
        "Volume":"28,687.00"
    },
    {
        "Symbol":"MHCL",
        "Date":"2023-06-11",
        "Open":234.0,
        "High":246.6,
        "Low":234.0,
        "Close":246.0,
        "Percent Change":"3.36 %",
        "Volume":"29,258.00"
    },
    {
        "Symbol":"MHCL",
        "Date":"2023-06-08",
        "Open":231.5,
        "High":244.0,
        "Low":231.5,
        "Close":238.0,
        "Percent Change":"0.85 %",
        "Volume":"22,198.00"
    },
    {
        "Symbol":"MHCL",
        "Date":"2023-06-07",
        "Open":230.0,
        "High":240.7,
        "Low":226.0,
        "Close":236.0,
        "Percent Change":"4.42 %",
        "Volume":"50,252.00"
    },
    {
        "Symbol":"MHCL",
        "Date":"2023-06-06",
        "Open":215.4,
        "High":228.0,
        "Low":215.4,
        "Close":226.0,
        "Percent Change":"3.20 %",
        "Volume":"12,875.00"
    },
    {
        "Symbol":"MHCL",
        "Date":"2023-06-05",
        "Open":220.7,
        "High":229.5,
        "Low":217.0,
        "Close":219.0,
        "Percent Change":"-2.67 %",
        "Volume":"7,931.00"
    },
    {
        "Symbol":"MHCL",
        "Date":"2023-06-04",
        "Open":213.0,
        "High":228.0,
        "Low":211.0,
        "Close":225.0,
        "Percent Change":"3.69 %",
        "Volume":"16,071.00"
    },
    {
        "Symbol":"MHCL",
        "Date":"2023-06-01",
        "Open":210.1,
        "High":217.5,
        "Low":209.0,
        "Close":217.0,
        "Percent Change":"3.33 %",
        "Volume":"9,983.00"
    },
    {
        "Symbol":"MHCL",
        "Date":"2023-05-31",
        "Open":212.0,
        "High":218.0,
        "Low":209.0,
        "Close":210.0,
        "Percent Change":"-2.46 %",
        "Volume":"17,134.00"
    },
    {
        "Symbol":"MHCL",
        "Date":"2023-05-30",
        "Open":221.1,
        "High":223.3,
        "Low":213.0,
        "Close":215.3,
        "Percent Change":"-4.48 %",
        "Volume":"13,389.00"
    },
    {
        "Symbol":"MHCL",
        "Date":"2023-05-28",
        "Open":230.0,
        "High":234.0,
        "Low":225.0,
        "Close":225.4,
        "Percent Change":"-2.00 %",
        "Volume":"33,586.00"
    },
    {
        "Symbol":"MHCL",
        "Date":"2023-05-24",
        "Open":235.0,
        "High":236.0,
        "Low":226.4,
        "Close":230.0,
        "Percent Change":"-1.75 %",
        "Volume":"13,414.00"
    },
    {
        "Symbol":"MHCL",
        "Date":"2023-05-23",
        "Open":218.0,
        "High":234.1,
        "Low":218.0,
        "Close":234.1,
        "Percent Change":"5.45 %",
        "Volume":"37,997.00"
    },
    {
        "Symbol":"MHCL",
        "Date":"2023-05-22",
        "Open":215.7,
        "High":225.0,
        "Low":212.1,
        "Close":222.0,
        "Percent Change":"0.86 %",
        "Volume":"12,147.00"
    },
    {
        "Symbol":"MHCL",
        "Date":"2023-05-21",
        "Open":227.9,
        "High":232.0,
        "Low":217.8,
        "Close":220.1,
        "Percent Change":"-1.74 %",
        "Volume":"24,657.00"
    },
    {
        "Symbol":"MHCL",
        "Date":"2023-05-18",
        "Open":212.5,
        "High":228.9,
        "Low":210.5,
        "Close":224.0,
        "Percent Change":"4.72 %",
        "Volume":"28,558.00"
    },
    {
        "Symbol":"MHCL",
        "Date":"2023-05-17",
        "Open":206.0,
        "High":215.0,
        "Low":206.0,
        "Close":213.9,
        "Percent Change":"1.86 %",
        "Volume":"8,941.00"
    },
    {
        "Symbol":"MHCL",
        "Date":"2023-05-16",
        "Open":205.8,
        "High":213.0,
        "Low":205.8,
        "Close":210.0,
        "Percent Change":"0.00 %",
        "Volume":"5,545.00"
    },
    {
        "Symbol":"MHCL",
        "Date":"2023-05-15",
        "Open":207.0,
        "High":212.0,
        "Low":206.0,
        "Close":210.0,
        "Percent Change":"-0.00 %",
        "Volume":"17,348.00"
    },
    {
        "Symbol":"MHCL",
        "Date":"2023-05-14",
        "Open":220.0,
        "High":220.0,
        "Low":209.2,
        "Close":210.9,
        "Percent Change":"-2.36 %",
        "Volume":"7,205.00"
    },
    {
        "Symbol":"MHCL",
        "Date":"2023-05-11",
        "Open":222.3,
        "High":235.0,
        "Low":213.0,
        "Close":216.0,
        "Percent Change":"-0.92 %",
        "Volume":"5,733.00"
    },
    {
        "Symbol":"MHCL",
        "Date":"2023-05-10",
        "Open":220.0,
        "High":220.0,
        "Low":214.1,
        "Close":218.0,
        "Percent Change":"0.93 %",
        "Volume":"4,895.00"
    },
    {
        "Symbol":"MHCL",
        "Date":"2023-05-09",
        "Open":212.0,
        "High":224.0,
        "Low":211.0,
        "Close":216.0,
        "Percent Change":"1.17 %",
        "Volume":"8,320.00"
    },
    {
        "Symbol":"MHCL",
        "Date":"2023-05-08",
        "Open":214.8,
        "High":220.0,
        "Low":212.0,
        "Close":213.5,
        "Percent Change":"-2.51 %",
        "Volume":"14,386.00"
    },
    {
        "Symbol":"MHCL",
        "Date":"2023-05-07",
        "Open":232.4,
        "High":232.4,
        "Low":216.5,
        "Close":219.0,
        "Percent Change":"-3.91 %",
        "Volume":"8,520.00"
    },
    {
        "Symbol":"MHCL",
        "Date":"2023-05-04",
        "Open":217.0,
        "High":229.5,
        "Low":217.0,
        "Close":227.9,
        "Percent Change":"3.59 %",
        "Volume":"8,573.00"
    },
    {
        "Symbol":"MHCL",
        "Date":"2023-05-03",
        "Open":225.0,
        "High":225.0,
        "Low":218.0,
        "Close":220.0,
        "Percent Change":"-2.22 %",
        "Volume":"8,519.00"
    },
    {
        "Symbol":"MHCL",
        "Date":"2023-05-02",
        "Open":232.0,
        "High":234.6,
        "Low":222.3,
        "Close":225.0,
        "Percent Change":"-3.02 %",
        "Volume":"14,972.00"
    },
    {
        "Symbol":"MHCL",
        "Date":"2023-04-30",
        "Open":238.3,
        "High":241.0,
        "Low":230.0,
        "Close":232.0,
        "Percent Change":"-4.45 %",
        "Volume":"23,631.00"
    },
    {
        "Symbol":"MHCL",
        "Date":"2023-04-27",
        "Open":246.0,
        "High":246.5,
        "Low":241.5,
        "Close":242.8,
        "Percent Change":"-2.88 %",
        "Volume":"14,715.00"
    },
    {
        "Symbol":"MHCL",
        "Date":"2023-04-26",
        "Open":241.3,
        "High":251.5,
        "Low":237.0,
        "Close":250.0,
        "Percent Change":"1.63 %",
        "Volume":"17,748.00"
    },
    {
        "Symbol":"MHCL",
        "Date":"2023-04-25",
        "Open":235.0,
        "High":251.7,
        "Low":235.0,
        "Close":246.0,
        "Percent Change":"2.93 %",
        "Volume":"20,790.00"
    },
    {
        "Symbol":"MHCL",
        "Date":"2023-04-24",
        "Open":259.0,
        "High":259.0,
        "Low":235.5,
        "Close":239.0,
        "Percent Change":"-5.91 %",
        "Volume":"52,538.00"
    },
    {
        "Symbol":"MHCL",
        "Date":"2023-04-23",
        "Open":254.4,
        "High":274.4,
        "Low":239.8,
        "Close":254.0,
        "Percent Change":"1.80 %",
        "Volume":"120,512.00"
    },
    {
        "Symbol":"MHCL",
        "Date":"2023-04-20",
        "Open":231.4,
        "High":249.5,
        "Low":231.4,
        "Close":249.5,
        "Percent Change":"9.96 %",
        "Volume":"1,839.00"
    },
    {
        "Symbol":"MHCL",
        "Date":"2023-04-19",
        "Open":210.4,
        "High":226.9,
        "Low":210.4,
        "Close":226.9,
        "Percent Change":"9.99 %",
        "Volume":"1,483.00"
    },
    {
        "Symbol":"MHCL",
        "Date":"2023-04-18",
        "Open":186.0,
        "High":206.3,
        "Low":186.0,
        "Close":206.3,
        "Percent Change":"9.97 %",
        "Volume":"10,126.00"
    },
    {
        "Symbol":"MHCL",
        "Date":"2023-04-17",
        "Open":174.0,
        "High":187.6,
        "Low":174.0,
        "Close":187.6,
        "Percent Change":"9.96 %",
        "Volume":"313.00"
    },
    {
        "Symbol":"MHCL",
        "Date":"2023-04-16",
        "Open":158.2,
        "High":170.6,
        "Low":158.2,
        "Close":170.6,
        "Percent Change":"9.99 %",
        "Volume":"490.00"
    },
    {
        "Symbol":"MHCL",
        "Date":"2023-04-13",
        "Open":141.0,
        "High":155.1,
        "Low":141.0,
        "Close":155.1,
        "Percent Change":"0.00 %",
        "Volume":"460.00"
    }
]