[
    {
        "Symbol":"CYCL",
        "Date":"2024-08-11",
        "Open":1575.0,
        "High":1600.0,
        "Low":1560.0,
        "Close":1590.0,
        "Percent Change":"2.38 %",
        "Volume":"18,625.00"
    },
    {
        "Symbol":"CYCL",
        "Date":"2024-08-08",
        "Open":1593.9,
        "High":1655.0,
        "Low":1533.5,
        "Close":1553.0,
        "Percent Change":"-0.70 %",
        "Volume":"8,909.00"
    },
    {
        "Symbol":"CYCL",
        "Date":"2024-08-07",
        "Open":1560.0,
        "High":1564.0,
        "Low":1510.0,
        "Close":1564.0,
        "Percent Change":"1.56 %",
        "Volume":"4,252.00"
    },
    {
        "Symbol":"CYCL",
        "Date":"2024-08-06",
        "Open":1531.0,
        "High":1638.1,
        "Low":1500.0,
        "Close":1540.0,
        "Percent Change":"-0.65 %",
        "Volume":"10,824.00"
    },
    {
        "Symbol":"CYCL",
        "Date":"2024-08-05",
        "Open":1544.0,
        "High":1606.2,
        "Low":1532.0,
        "Close":1550.0,
        "Percent Change":"0.39 %",
        "Volume":"6,921.00"
    },
    {
        "Symbol":"CYCL",
        "Date":"2024-08-01",
        "Open":1588.0,
        "High":1599.0,
        "Low":1528.8,
        "Close":1544.0,
        "Percent Change":"-1.66 %",
        "Volume":"11,938.00"
    },
    {
        "Symbol":"CYCL",
        "Date":"2024-07-31",
        "Open":1580.0,
        "High":1592.0,
        "Low":1551.0,
        "Close":1570.1,
        "Percent Change":"0.01 %",
        "Volume":"11,300.00"
    },
    {
        "Symbol":"CYCL",
        "Date":"2024-07-30",
        "Open":1574.0,
        "High":1579.0,
        "Low":1530.0,
        "Close":1570.0,
        "Percent Change":"0.45 %",
        "Volume":"12,951.00"
    },
    {
        "Symbol":"CYCL",
        "Date":"2024-07-29",
        "Open":1600.0,
        "High":1611.0,
        "Low":1555.0,
        "Close":1563.0,
        "Percent Change":"-4.05 %",
        "Volume":"12,065.00"
    },
    {
        "Symbol":"CYCL",
        "Date":"2024-07-28",
        "Open":1712.0,
        "High":1744.0,
        "Low":1600.0,
        "Close":1629.0,
        "Percent Change":"-2.98 %",
        "Volume":"8,014.00"
    },
    {
        "Symbol":"CYCL",
        "Date":"2024-07-25",
        "Open":1621.6,
        "High":1679.0,
        "Low":1589.2,
        "Close":1679.0,
        "Percent Change":"5.60 %",
        "Volume":"29,541.00"
    },
    {
        "Symbol":"CYCL",
        "Date":"2024-07-24",
        "Open":1614.0,
        "High":1638.7,
        "Low":1575.0,
        "Close":1590.0,
        "Percent Change":"-1.55 %",
        "Volume":"8,039.00"
    },
    {
        "Symbol":"CYCL",
        "Date":"2024-07-23",
        "Open":1609.7,
        "High":1630.0,
        "Low":1560.0,
        "Close":1615.0,
        "Percent Change":"2.15 %",
        "Volume":"8,406.00"
    },
    {
        "Symbol":"CYCL",
        "Date":"2024-07-22",
        "Open":1607.9,
        "High":1607.9,
        "Low":1575.8,
        "Close":1581.0,
        "Percent Change":"0.06 %",
        "Volume":"4,440.00"
    },
    {
        "Symbol":"CYCL",
        "Date":"2024-07-21",
        "Open":1600.0,
        "High":1614.0,
        "Low":1570.2,
        "Close":1580.0,
        "Percent Change":"-0.82 %",
        "Volume":"6,008.00"
    },
    {
        "Symbol":"CYCL",
        "Date":"2024-07-18",
        "Open":1600.0,
        "High":1660.0,
        "Low":1590.0,
        "Close":1593.0,
        "Percent Change":"-0.44 %",
        "Volume":"12,962.00"
    },
    {
        "Symbol":"CYCL",
        "Date":"2024-07-17",
        "Open":1595.0,
        "High":1600.0,
        "Low":1575.0,
        "Close":1600.0,
        "Percent Change":"0.63 %",
        "Volume":"3,695.00"
    },
    {
        "Symbol":"CYCL",
        "Date":"2024-07-16",
        "Open":1580.0,
        "High":1600.0,
        "Low":1553.0,
        "Close":1590.0,
        "Percent Change":"2.59 %",
        "Volume":"5,695.00"
    },
    {
        "Symbol":"CYCL",
        "Date":"2024-07-15",
        "Open":1612.0,
        "High":1644.0,
        "Low":1530.0,
        "Close":1549.9,
        "Percent Change":"-1.97 %",
        "Volume":"9,245.00"
    },
    {
        "Symbol":"CYCL",
        "Date":"2024-07-14",
        "Open":1616.7,
        "High":1649.0,
        "Low":1561.1,
        "Close":1581.1,
        "Percent Change":"-0.25 %",
        "Volume":"5,268.00"
    },
    {
        "Symbol":"CYCL",
        "Date":"2024-07-11",
        "Open":1597.4,
        "High":1727.0,
        "Low":1575.1,
        "Close":1585.0,
        "Percent Change":"-2.76 %",
        "Volume":"16,305.00"
    },
    {
        "Symbol":"CYCL",
        "Date":"2024-07-10",
        "Open":1635.8,
        "High":1700.0,
        "Low":1630.0,
        "Close":1630.0,
        "Percent Change":"-2.34 %",
        "Volume":"9,195.00"
    },
    {
        "Symbol":"CYCL",
        "Date":"2024-07-09",
        "Open":1569.0,
        "High":1696.0,
        "Low":1569.0,
        "Close":1669.1,
        "Percent Change":"4.25 %",
        "Volume":"12,380.00"
    },
    {
        "Symbol":"CYCL",
        "Date":"2024-07-08",
        "Open":1528.6,
        "High":1609.0,
        "Low":1528.6,
        "Close":1601.0,
        "Percent Change":"2.65 %",
        "Volume":"12,423.00"
    },
    {
        "Symbol":"CYCL",
        "Date":"2024-07-07",
        "Open":1494.5,
        "High":1563.0,
        "Low":1494.5,
        "Close":1559.7,
        "Percent Change":"2.28 %",
        "Volume":"16,452.00"
    },
    {
        "Symbol":"CYCL",
        "Date":"2024-07-04",
        "Open":1453.0,
        "High":1530.0,
        "Low":1453.0,
        "Close":1525.0,
        "Percent Change":"2.91 %",
        "Volume":"11,337.00"
    },
    {
        "Symbol":"CYCL",
        "Date":"2024-07-03",
        "Open":1456.0,
        "High":1490.0,
        "Low":1456.0,
        "Close":1481.9,
        "Percent Change":"-0.14 %",
        "Volume":"2,342.00"
    },
    {
        "Symbol":"CYCL",
        "Date":"2024-07-02",
        "Open":1499.0,
        "High":1549.0,
        "Low":1470.0,
        "Close":1484.0,
        "Percent Change":"0.96 %",
        "Volume":"3,580.00"
    },
    {
        "Symbol":"CYCL",
        "Date":"2024-07-01",
        "Open":1472.9,
        "High":1477.0,
        "Low":1448.0,
        "Close":1469.9,
        "Percent Change":"-0.20 %",
        "Volume":"4,907.00"
    },
    {
        "Symbol":"CYCL",
        "Date":"2024-06-30",
        "Open":1490.0,
        "High":1499.0,
        "Low":1452.0,
        "Close":1472.9,
        "Percent Change":"-0.15 %",
        "Volume":"6,661.00"
    },
    {
        "Symbol":"CYCL",
        "Date":"2024-06-27",
        "Open":1471.1,
        "High":1495.0,
        "Low":1470.0,
        "Close":1475.1,
        "Percent Change":"-1.66 %",
        "Volume":"12,341.00"
    },
    {
        "Symbol":"CYCL",
        "Date":"2024-06-26",
        "Open":1491.0,
        "High":1510.0,
        "Low":1491.0,
        "Close":1500.0,
        "Percent Change":"-0.27 %",
        "Volume":"8,591.00"
    },
    {
        "Symbol":"CYCL",
        "Date":"2024-06-25",
        "Open":1485.0,
        "High":1508.9,
        "Low":1468.2,
        "Close":1504.0,
        "Percent Change":"1.40 %",
        "Volume":"4,062.00"
    },
    {
        "Symbol":"CYCL",
        "Date":"2024-06-24",
        "Open":1445.1,
        "High":1510.0,
        "Low":1445.1,
        "Close":1483.2,
        "Percent Change":"0.93 %",
        "Volume":"5,023.00"
    },
    {
        "Symbol":"CYCL",
        "Date":"2024-06-23",
        "Open":1463.0,
        "High":1499.9,
        "Low":1450.0,
        "Close":1469.5,
        "Percent Change":"-0.10 %",
        "Volume":"4,171.00"
    },
    {
        "Symbol":"CYCL",
        "Date":"2024-06-20",
        "Open":1461.0,
        "High":1500.0,
        "Low":1461.0,
        "Close":1471.0,
        "Percent Change":"-1.01 %",
        "Volume":"8,621.00"
    },
    {
        "Symbol":"CYCL",
        "Date":"2024-06-19",
        "Open":1475.0,
        "High":1581.0,
        "Low":1472.0,
        "Close":1486.0,
        "Percent Change":"-0.28 %",
        "Volume":"7,860.00"
    },
    {
        "Symbol":"CYCL",
        "Date":"2024-06-18",
        "Open":1490.0,
        "High":1510.0,
        "Low":1487.8,
        "Close":1490.1,
        "Percent Change":"-1.84 %",
        "Volume":"3,330.00"
    },
    {
        "Symbol":"CYCL",
        "Date":"2024-06-16",
        "Open":1549.4,
        "High":1549.4,
        "Low":1489.6,
        "Close":1518.0,
        "Percent Change":"-2.06 %",
        "Volume":"6,755.00"
    },
    {
        "Symbol":"CYCL",
        "Date":"2024-06-13",
        "Open":1530.0,
        "High":1585.0,
        "Low":1520.0,
        "Close":1550.0,
        "Percent Change":"-0.64 %",
        "Volume":"4,318.00"
    },
    {
        "Symbol":"CYCL",
        "Date":"2024-06-12",
        "Open":1519.0,
        "High":1573.0,
        "Low":1519.0,
        "Close":1560.0,
        "Percent Change":"0.65 %",
        "Volume":"5,181.00"
    },
    {
        "Symbol":"CYCL",
        "Date":"2024-06-11",
        "Open":1574.0,
        "High":1574.0,
        "Low":1530.0,
        "Close":1550.0,
        "Percent Change":"0.26 %",
        "Volume":"5,668.00"
    },
    {
        "Symbol":"CYCL",
        "Date":"2024-06-10",
        "Open":1517.0,
        "High":1570.0,
        "Low":1517.0,
        "Close":1546.0,
        "Percent Change":"0.13 %",
        "Volume":"4,003.00"
    },
    {
        "Symbol":"CYCL",
        "Date":"2024-06-09",
        "Open":1560.1,
        "High":1584.0,
        "Low":1530.0,
        "Close":1544.0,
        "Percent Change":"-2.15 %",
        "Volume":"8,970.00"
    },
    {
        "Symbol":"CYCL",
        "Date":"2024-06-06",
        "Open":1538.6,
        "High":1620.0,
        "Low":1538.6,
        "Close":1578.0,
        "Percent Change":"0.51 %",
        "Volume":"16,720.00"
    },
    {
        "Symbol":"CYCL",
        "Date":"2024-06-05",
        "Open":1479.0,
        "High":1590.0,
        "Low":1478.0,
        "Close":1570.0,
        "Percent Change":"4.74 %",
        "Volume":"31,836.00"
    },
    {
        "Symbol":"CYCL",
        "Date":"2024-06-04",
        "Open":1496.0,
        "High":1518.0,
        "Low":1476.0,
        "Close":1499.0,
        "Percent Change":"1.28 %",
        "Volume":"7,324.00"
    },
    {
        "Symbol":"CYCL",
        "Date":"2024-06-03",
        "Open":1460.0,
        "High":1487.0,
        "Low":1432.0,
        "Close":1480.0,
        "Percent Change":"3.35 %",
        "Volume":"6,145.00"
    },
    {
        "Symbol":"CYCL",
        "Date":"2024-06-02",
        "Open":1420.0,
        "High":1447.7,
        "Low":1420.0,
        "Close":1432.0,
        "Percent Change":"0.29 %",
        "Volume":"3,671.00"
    },
    {
        "Symbol":"CYCL",
        "Date":"2024-05-30",
        "Open":1430.5,
        "High":1459.1,
        "Low":1422.1,
        "Close":1427.9,
        "Percent Change":"-1.73 %",
        "Volume":"5,289.00"
    },
    {
        "Symbol":"CYCL",
        "Date":"2024-05-29",
        "Open":1502.0,
        "High":1502.0,
        "Low":1445.0,
        "Close":1453.0,
        "Percent Change":"-1.39 %",
        "Volume":"7,810.00"
    },
    {
        "Symbol":"CYCL",
        "Date":"2024-05-27",
        "Open":1470.0,
        "High":1512.0,
        "Low":1470.0,
        "Close":1473.5,
        "Percent Change":"-0.59 %",
        "Volume":"7,537.00"
    },
    {
        "Symbol":"CYCL",
        "Date":"2024-05-26",
        "Open":1524.0,
        "High":1554.9,
        "Low":1481.9,
        "Close":1482.3,
        "Percent Change":"-2.79 %",
        "Volume":"8,194.00"
    },
    {
        "Symbol":"CYCL",
        "Date":"2024-05-22",
        "Open":1550.0,
        "High":1586.0,
        "Low":1509.0,
        "Close":1524.9,
        "Percent Change":"-2.00 %",
        "Volume":"14,577.00"
    },
    {
        "Symbol":"CYCL",
        "Date":"2024-05-21",
        "Open":1565.1,
        "High":1650.0,
        "Low":1535.0,
        "Close":1556.0,
        "Percent Change":"-2.57 %",
        "Volume":"12,979.00"
    },
    {
        "Symbol":"CYCL",
        "Date":"2024-05-20",
        "Open":1572.1,
        "High":1631.0,
        "Low":1540.0,
        "Close":1597.0,
        "Percent Change":"-0.44 %",
        "Volume":"14,686.00"
    },
    {
        "Symbol":"CYCL",
        "Date":"2024-05-19",
        "Open":1597.0,
        "High":1726.0,
        "Low":1567.0,
        "Close":1604.1,
        "Percent Change":"0.44 %",
        "Volume":"13,389.00"
    },
    {
        "Symbol":"CYCL",
        "Date":"2024-05-16",
        "Open":1495.0,
        "High":1620.0,
        "Low":1495.0,
        "Close":1597.0,
        "Percent Change":"4.72 %",
        "Volume":"31,619.00"
    },
    {
        "Symbol":"CYCL",
        "Date":"2024-05-15",
        "Open":1546.5,
        "High":1600.0,
        "Low":1517.0,
        "Close":1525.0,
        "Percent Change":"-3.36 %",
        "Volume":"9,069.00"
    },
    {
        "Symbol":"CYCL",
        "Date":"2024-05-14",
        "Open":1530.0,
        "High":1588.9,
        "Low":1515.0,
        "Close":1578.0,
        "Percent Change":"1.61 %",
        "Volume":"12,976.00"
    },
    {
        "Symbol":"CYCL",
        "Date":"2024-05-13",
        "Open":1613.1,
        "High":1613.1,
        "Low":1500.0,
        "Close":1553.0,
        "Percent Change":"-5.65 %",
        "Volume":"9,535.00"
    },
    {
        "Symbol":"CYCL",
        "Date":"2024-05-12",
        "Open":1552.4,
        "High":1647.0,
        "Low":1471.0,
        "Close":1646.0,
        "Percent Change":"3.91 %",
        "Volume":"16,792.00"
    },
    {
        "Symbol":"CYCL",
        "Date":"2024-05-09",
        "Open":1548.4,
        "High":1620.0,
        "Low":1470.0,
        "Close":1584.0,
        "Percent Change":"0.25 %",
        "Volume":"11,405.00"
    },
    {
        "Symbol":"CYCL",
        "Date":"2024-05-08",
        "Open":1500.3,
        "High":1596.0,
        "Low":1500.3,
        "Close":1580.0,
        "Percent Change":"5.12 %",
        "Volume":"7,620.00"
    },
    {
        "Symbol":"CYCL",
        "Date":"2024-05-07",
        "Open":1566.1,
        "High":1661.5,
        "Low":1475.0,
        "Close":1503.0,
        "Percent Change":"-5.94 %",
        "Volume":"23,315.00"
    },
    {
        "Symbol":"CYCL",
        "Date":"2024-05-06",
        "Open":1489.6,
        "High":1612.0,
        "Low":1427.0,
        "Close":1598.0,
        "Percent Change":"5.13 %",
        "Volume":"14,543.00"
    },
    {
        "Symbol":"CYCL",
        "Date":"2024-05-05",
        "Open":1581.0,
        "High":1581.0,
        "Low":1493.1,
        "Close":1520.0,
        "Percent Change":"-1.94 %",
        "Volume":"11,144.00"
    },
    {
        "Symbol":"CYCL",
        "Date":"2024-05-02",
        "Open":1465.1,
        "High":1568.7,
        "Low":1465.1,
        "Close":1550.0,
        "Percent Change":"3.68 %",
        "Volume":"18,792.00"
    },
    {
        "Symbol":"CYCL",
        "Date":"2024-04-30",
        "Open":1460.0,
        "High":1505.0,
        "Low":1400.0,
        "Close":1495.0,
        "Percent Change":"1.29 %",
        "Volume":"16,057.00"
    },
    {
        "Symbol":"CYCL",
        "Date":"2024-04-29",
        "Open":1490.1,
        "High":1520.0,
        "Low":1460.0,
        "Close":1475.9,
        "Percent Change":"-2.90 %",
        "Volume":"8,795.00"
    },
    {
        "Symbol":"CYCL",
        "Date":"2024-04-28",
        "Open":1515.0,
        "High":1547.0,
        "Low":1475.0,
        "Close":1520.0,
        "Percent Change":"-1.62 %",
        "Volume":"13,086.00"
    },
    {
        "Symbol":"CYCL",
        "Date":"2024-04-25",
        "Open":1556.0,
        "High":1564.0,
        "Low":1492.0,
        "Close":1545.0,
        "Percent Change":"-2.65 %",
        "Volume":"11,712.00"
    },
    {
        "Symbol":"CYCL",
        "Date":"2024-04-24",
        "Open":1568.0,
        "High":1630.0,
        "Low":1535.8,
        "Close":1587.1,
        "Percent Change":"-0.81 %",
        "Volume":"5,711.00"
    },
    {
        "Symbol":"CYCL",
        "Date":"2024-04-22",
        "Open":1612.1,
        "High":1612.1,
        "Low":1516.1,
        "Close":1600.0,
        "Percent Change":"-2.74 %",
        "Volume":"7,970.00"
    },
    {
        "Symbol":"CYCL",
        "Date":"2024-04-21",
        "Open":1548.4,
        "High":1650.0,
        "Low":1459.0,
        "Close":1645.0,
        "Percent Change":"4.11 %",
        "Volume":"19,280.00"
    },
    {
        "Symbol":"CYCL",
        "Date":"2024-04-18",
        "Open":1625.0,
        "High":1625.0,
        "Low":1514.7,
        "Close":1580.0,
        "Percent Change":"-6.12 %",
        "Volume":"16,826.00"
    },
    {
        "Symbol":"CYCL",
        "Date":"2024-04-16",
        "Open":1764.0,
        "High":1764.0,
        "Low":1640.0,
        "Close":1683.0,
        "Percent Change":"-6.50 %",
        "Volume":"11,027.00"
    },
    {
        "Symbol":"CYCL",
        "Date":"2024-04-15",
        "Open":1692.5,
        "High":1823.0,
        "Low":1642.0,
        "Close":1800.0,
        "Percent Change":"4.23 %",
        "Volume":"45,738.00"
    },
    {
        "Symbol":"CYCL",
        "Date":"2024-04-14",
        "Open":1690.4,
        "High":1754.9,
        "Low":1676.0,
        "Close":1727.0,
        "Percent Change":"0.13 %",
        "Volume":"27,204.00"
    },
    {
        "Symbol":"CYCL",
        "Date":"2024-04-10",
        "Open":1657.5,
        "High":1724.8,
        "Low":1600.0,
        "Close":1724.8,
        "Percent Change":"6.14 %",
        "Volume":"39,542.00"
    },
    {
        "Symbol":"CYCL",
        "Date":"2024-04-09",
        "Open":1494.5,
        "High":1640.0,
        "Low":1494.5,
        "Close":1625.0,
        "Percent Change":"6.56 %",
        "Volume":"32,469.00"
    },
    {
        "Symbol":"CYCL",
        "Date":"2024-04-07",
        "Open":1465.0,
        "High":1549.0,
        "Low":1437.7,
        "Close":1525.0,
        "Percent Change":"3.95 %",
        "Volume":"24,453.00"
    },
    {
        "Symbol":"CYCL",
        "Date":"2024-04-04",
        "Open":1347.5,
        "High":1482.0,
        "Low":1321.0,
        "Close":1467.0,
        "Percent Change":"6.69 %",
        "Volume":"32,550.00"
    },
    {
        "Symbol":"CYCL",
        "Date":"2024-04-03",
        "Open":1314.2,
        "High":1390.0,
        "Low":1314.2,
        "Close":1375.0,
        "Percent Change":"2.54 %",
        "Volume":"11,918.00"
    },
    {
        "Symbol":"CYCL",
        "Date":"2024-04-02",
        "Open":1346.0,
        "High":1346.0,
        "Low":1282.2,
        "Close":1341.0,
        "Percent Change":"0.45 %",
        "Volume":"13,538.00"
    },
    {
        "Symbol":"CYCL",
        "Date":"2024-04-01",
        "Open":1335.0,
        "High":1385.0,
        "Low":1302.1,
        "Close":1335.0,
        "Percent Change":"1.99 %",
        "Volume":"6,630.00"
    },
    {
        "Symbol":"CYCL",
        "Date":"2024-03-31",
        "Open":1385.0,
        "High":1385.0,
        "Low":1309.0,
        "Close":1309.0,
        "Percent Change":"-5.82 %",
        "Volume":"10,401.00"
    },
    {
        "Symbol":"CYCL",
        "Date":"2024-03-28",
        "Open":1369.1,
        "High":1396.3,
        "Low":1335.0,
        "Close":1389.9,
        "Percent Change":"-0.51 %",
        "Volume":"5,019.00"
    },
    {
        "Symbol":"CYCL",
        "Date":"2024-03-27",
        "Open":1381.8,
        "High":1492.0,
        "Low":1318.2,
        "Close":1397.0,
        "Percent Change":"-0.92 %",
        "Volume":"10,627.00"
    },
    {
        "Symbol":"CYCL",
        "Date":"2024-03-26",
        "Open":1421.0,
        "High":1421.0,
        "Low":1341.0,
        "Close":1410.0,
        "Percent Change":"-2.76 %",
        "Volume":"8,772.00"
    },
    {
        "Symbol":"CYCL",
        "Date":"2024-03-25",
        "Open":1350.1,
        "High":1458.0,
        "Low":1303.5,
        "Close":1450.0,
        "Percent Change":"7.42 %",
        "Volume":"10,705.00"
    },
    {
        "Symbol":"CYCL",
        "Date":"2024-03-21",
        "Open":1347.0,
        "High":1457.0,
        "Low":1328.9,
        "Close":1349.9,
        "Percent Change":"-1.75 %",
        "Volume":"8,962.00"
    },
    {
        "Symbol":"CYCL",
        "Date":"2024-03-20",
        "Open":1359.0,
        "High":1412.0,
        "Low":1345.0,
        "Close":1374.0,
        "Percent Change":"-0.86 %",
        "Volume":"17,563.00"
    },
    {
        "Symbol":"CYCL",
        "Date":"2024-03-19",
        "Open":1402.9,
        "High":1402.9,
        "Low":1350.0,
        "Close":1385.9,
        "Percent Change":"-1.21 %",
        "Volume":"11,699.00"
    },
    {
        "Symbol":"CYCL",
        "Date":"2024-03-18",
        "Open":1401.4,
        "High":1412.0,
        "Low":1345.0,
        "Close":1402.9,
        "Percent Change":"-1.90 %",
        "Volume":"9,013.00"
    },
    {
        "Symbol":"CYCL",
        "Date":"2024-03-17",
        "Open":1351.5,
        "High":1458.0,
        "Low":1330.0,
        "Close":1430.0,
        "Percent Change":"3.70 %",
        "Volume":"13,505.00"
    },
    {
        "Symbol":"CYCL",
        "Date":"2024-03-14",
        "Open":1391.6,
        "High":1420.0,
        "Low":1336.6,
        "Close":1379.0,
        "Percent Change":"-2.89 %",
        "Volume":"13,806.00"
    },
    {
        "Symbol":"CYCL",
        "Date":"2024-03-13",
        "Open":1405.0,
        "High":1450.0,
        "Low":1350.0,
        "Close":1420.0,
        "Percent Change":"0.00 %",
        "Volume":"17,183.00"
    },
    {
        "Symbol":"CYCL",
        "Date":"2024-03-12",
        "Open":1379.0,
        "High":1463.0,
        "Low":1326.0,
        "Close":1420.0,
        "Percent Change":"0.92 %",
        "Volume":"29,119.00"
    },
    {
        "Symbol":"CYCL",
        "Date":"2024-03-10",
        "Open":1314.2,
        "High":1410.0,
        "Low":1289.0,
        "Close":1407.0,
        "Percent Change":"4.92 %",
        "Volume":"15,135.00"
    },
    {
        "Symbol":"CYCL",
        "Date":"2024-03-07",
        "Open":1323.0,
        "High":1430.0,
        "Low":1246.0,
        "Close":1341.0,
        "Percent Change":"-0.67 %",
        "Volume":"14,935.00"
    },
    {
        "Symbol":"CYCL",
        "Date":"2024-03-06",
        "Open":1225.0,
        "High":1350.0,
        "Low":1162.1,
        "Close":1350.0,
        "Percent Change":"8.00 %",
        "Volume":"21,628.00"
    },
    {
        "Symbol":"CYCL",
        "Date":"2024-03-05",
        "Open":1253.5,
        "High":1360.0,
        "Low":1157.2,
        "Close":1250.0,
        "Percent Change":"-2.27 %",
        "Volume":"18,193.00"
    },
    {
        "Symbol":"CYCL",
        "Date":"2024-03-04",
        "Open":1205.4,
        "High":1279.0,
        "Low":1181.3,
        "Close":1279.0,
        "Percent Change":"3.98 %",
        "Volume":"1,253.00"
    },
    {
        "Symbol":"CYCL",
        "Date":"2024-03-03",
        "Open":1141.0,
        "High":1234.0,
        "Low":1121.0,
        "Close":1230.0,
        "Percent Change":"7.80 %",
        "Volume":"3,621.00"
    },
    {
        "Symbol":"CYCL",
        "Date":"2024-02-29",
        "Open":1156.4,
        "High":1180.0,
        "Low":1141.0,
        "Close":1141.0,
        "Percent Change":"-3.31 %",
        "Volume":"2,276.00"
    },
    {
        "Symbol":"CYCL",
        "Date":"2024-02-28",
        "Open":1154.1,
        "High":1248.4,
        "Low":1133.0,
        "Close":1180.0,
        "Percent Change":"0.20 %",
        "Volume":"6,140.00"
    },
    {
        "Symbol":"CYCL",
        "Date":"2024-02-27",
        "Open":1152.6,
        "High":1236.2,
        "Low":1108.0,
        "Close":1177.6,
        "Percent Change":"0.13 %",
        "Volume":"6,812.00"
    },
    {
        "Symbol":"CYCL",
        "Date":"2024-02-26",
        "Open":1080.1,
        "High":1177.0,
        "Low":1080.1,
        "Close":1176.1,
        "Percent Change":"6.72 %",
        "Volume":"4,975.00"
    },
    {
        "Symbol":"CYCL",
        "Date":"2024-02-25",
        "Open":1119.6,
        "High":1125.0,
        "Low":1098.0,
        "Close":1102.0,
        "Percent Change":"-3.54 %",
        "Volume":"4,565.00"
    },
    {
        "Symbol":"CYCL",
        "Date":"2024-02-22",
        "Open":1085.0,
        "High":1208.0,
        "Low":1085.0,
        "Close":1142.4,
        "Percent Change":"3.95 %",
        "Volume":"5,322.00"
    },
    {
        "Symbol":"CYCL",
        "Date":"2024-02-21",
        "Open":1102.0,
        "High":1116.7,
        "Low":1090.0,
        "Close":1099.0,
        "Percent Change":"-0.63 %",
        "Volume":"1,486.00"
    },
    {
        "Symbol":"CYCL",
        "Date":"2024-02-20",
        "Open":1133.0,
        "High":1133.0,
        "Low":1096.3,
        "Close":1106.0,
        "Percent Change":"-1.43 %",
        "Volume":"2,780.00"
    },
    {
        "Symbol":"CYCL",
        "Date":"2024-02-18",
        "Open":1138.9,
        "High":1138.9,
        "Low":1111.0,
        "Close":1122.0,
        "Percent Change":"-1.48 %",
        "Volume":"2,373.00"
    },
    {
        "Symbol":"CYCL",
        "Date":"2024-02-15",
        "Open":1136.7,
        "High":1159.4,
        "Low":1130.0,
        "Close":1138.9,
        "Percent Change":"-1.80 %",
        "Volume":"2,458.00"
    },
    {
        "Symbol":"CYCL",
        "Date":"2024-02-14",
        "Open":1105.0,
        "High":1176.0,
        "Low":1105.0,
        "Close":1159.8,
        "Percent Change":"4.49 %",
        "Volume":"8,161.00"
    },
    {
        "Symbol":"CYCL",
        "Date":"2024-02-13",
        "Open":1102.5,
        "High":1123.0,
        "Low":1102.5,
        "Close":1110.0,
        "Percent Change":"-1.32 %",
        "Volume":"4,013.00"
    },
    {
        "Symbol":"CYCL",
        "Date":"2024-02-12",
        "Open":1100.1,
        "High":1125.0,
        "Low":1100.1,
        "Close":1124.9,
        "Percent Change":"0.89 %",
        "Volume":"1,728.00"
    },
    {
        "Symbol":"CYCL",
        "Date":"2024-02-11",
        "Open":1111.0,
        "High":1117.7,
        "Low":1098.1,
        "Close":1115.0,
        "Percent Change":"-0.36 %",
        "Volume":"6,026.00"
    },
    {
        "Symbol":"CYCL",
        "Date":"2024-02-08",
        "Open":1088.8,
        "High":1120.0,
        "Low":1088.8,
        "Close":1119.0,
        "Percent Change":"0.72 %",
        "Volume":"3,560.00"
    },
    {
        "Symbol":"CYCL",
        "Date":"2024-02-07",
        "Open":1093.0,
        "High":1125.0,
        "Low":1093.0,
        "Close":1111.0,
        "Percent Change":"0.53 %",
        "Volume":"1,792.00"
    },
    {
        "Symbol":"CYCL",
        "Date":"2024-02-06",
        "Open":1100.0,
        "High":1120.0,
        "Low":1100.0,
        "Close":1105.1,
        "Percent Change":"0.28 %",
        "Volume":"2,267.00"
    },
    {
        "Symbol":"CYCL",
        "Date":"2024-02-05",
        "Open":1115.0,
        "High":1133.7,
        "Low":1095.1,
        "Close":1102.0,
        "Percent Change":"-1.17 %",
        "Volume":"2,258.00"
    },
    {
        "Symbol":"CYCL",
        "Date":"2024-02-04",
        "Open":1118.0,
        "High":1125.0,
        "Low":1078.0,
        "Close":1115.0,
        "Percent Change":"1.64 %",
        "Volume":"6,250.00"
    },
    {
        "Symbol":"CYCL",
        "Date":"2024-02-01",
        "Open":1124.9,
        "High":1125.0,
        "Low":1088.0,
        "Close":1097.0,
        "Percent Change":"-2.49 %",
        "Volume":"5,007.00"
    },
    {
        "Symbol":"CYCL",
        "Date":"2024-01-31",
        "Open":1128.0,
        "High":1170.0,
        "Low":1120.0,
        "Close":1125.0,
        "Percent Change":"-2.26 %",
        "Volume":"4,792.00"
    },
    {
        "Symbol":"CYCL",
        "Date":"2024-01-30",
        "Open":1145.7,
        "High":1239.0,
        "Low":1145.7,
        "Close":1151.0,
        "Percent Change":"-1.54 %",
        "Volume":"4,190.00"
    },
    {
        "Symbol":"CYCL",
        "Date":"2024-01-29",
        "Open":1156.4,
        "High":1188.0,
        "Low":1155.0,
        "Close":1169.0,
        "Percent Change":"-0.92 %",
        "Volume":"2,778.00"
    },
    {
        "Symbol":"CYCL",
        "Date":"2024-01-28",
        "Open":1138.8,
        "High":1244.0,
        "Low":1138.8,
        "Close":1179.9,
        "Percent Change":"1.54 %",
        "Volume":"6,250.00"
    },
    {
        "Symbol":"CYCL",
        "Date":"2024-01-25",
        "Open":1200.0,
        "High":1200.0,
        "Low":1148.0,
        "Close":1162.0,
        "Percent Change":"-1.53 %",
        "Volume":"4,488.00"
    },
    {
        "Symbol":"CYCL",
        "Date":"2024-01-24",
        "Open":1219.2,
        "High":1219.2,
        "Low":1170.0,
        "Close":1180.0,
        "Percent Change":"-5.14 %",
        "Volume":"10,422.00"
    },
    {
        "Symbol":"CYCL",
        "Date":"2024-01-23",
        "Open":1146.6,
        "High":1260.0,
        "Low":1123.7,
        "Close":1244.0,
        "Percent Change":"6.32 %",
        "Volume":"9,598.00"
    },
    {
        "Symbol":"CYCL",
        "Date":"2024-01-22",
        "Open":1185.8,
        "High":1330.0,
        "Low":1140.0,
        "Close":1170.0,
        "Percent Change":"-3.31 %",
        "Volume":"8,772.00"
    },
    {
        "Symbol":"CYCL",
        "Date":"2024-01-21",
        "Open":1158.0,
        "High":1299.1,
        "Low":1158.0,
        "Close":1210.0,
        "Percent Change":"2.46 %",
        "Volume":"15,374.00"
    },
    {
        "Symbol":"CYCL",
        "Date":"2024-01-18",
        "Open":1221.9,
        "High":1221.9,
        "Low":1145.0,
        "Close":1181.0,
        "Percent Change":"-1.42 %",
        "Volume":"6,764.00"
    },
    {
        "Symbol":"CYCL",
        "Date":"2024-01-17",
        "Open":1115.3,
        "High":1251.8,
        "Low":1115.3,
        "Close":1198.0,
        "Percent Change":"5.27 %",
        "Volume":"20,606.00"
    },
    {
        "Symbol":"CYCL",
        "Date":"2024-01-16",
        "Open":1080.0,
        "High":1147.0,
        "Low":1080.0,
        "Close":1138.0,
        "Percent Change":"6.36 %",
        "Volume":"14,176.00"
    },
    {
        "Symbol":"CYCL",
        "Date":"2024-01-14",
        "Open":1029.0,
        "High":1080.0,
        "Low":1029.0,
        "Close":1070.0,
        "Percent Change":"1.90 %",
        "Volume":"5,231.00"
    },
    {
        "Symbol":"CYCL",
        "Date":"2024-01-11",
        "Open":1064.0,
        "High":1064.0,
        "Low":1045.0,
        "Close":1050.0,
        "Percent Change":"0.57 %",
        "Volume":"2,213.00"
    },
    {
        "Symbol":"CYCL",
        "Date":"2024-01-10",
        "Open":1038.0,
        "High":1074.0,
        "Low":1038.0,
        "Close":1044.0,
        "Percent Change":"0.58 %",
        "Volume":"5,592.00"
    },
    {
        "Symbol":"CYCL",
        "Date":"2024-01-09",
        "Open":1031.1,
        "High":1055.0,
        "Low":1031.1,
        "Close":1038.0,
        "Percent Change":"-1.14 %",
        "Volume":"2,979.00"
    },
    {
        "Symbol":"CYCL",
        "Date":"2024-01-08",
        "Open":1007.1,
        "High":1060.0,
        "Low":1007.1,
        "Close":1050.0,
        "Percent Change":"2.64 %",
        "Volume":"2,640.00"
    },
    {
        "Symbol":"CYCL",
        "Date":"2024-01-07",
        "Open":1052.0,
        "High":1054.0,
        "Low":1021.0,
        "Close":1023.0,
        "Percent Change":"-2.66 %",
        "Volume":"3,747.00"
    },
    {
        "Symbol":"CYCL",
        "Date":"2024-01-04",
        "Open":1065.1,
        "High":1085.0,
        "Low":1025.0,
        "Close":1051.0,
        "Percent Change":"-1.32 %",
        "Volume":"5,306.00"
    },
    {
        "Symbol":"CYCL",
        "Date":"2024-01-03",
        "Open":1022.3,
        "High":1104.0,
        "Low":1022.3,
        "Close":1065.1,
        "Percent Change":"2.11 %",
        "Volume":"3,145.00"
    },
    {
        "Symbol":"CYCL",
        "Date":"2024-01-02",
        "Open":1092.0,
        "High":1096.0,
        "Low":1030.0,
        "Close":1043.1,
        "Percent Change":"-2.97 %",
        "Volume":"4,843.00"
    },
    {
        "Symbol":"CYCL",
        "Date":"2024-01-01",
        "Open":1134.0,
        "High":1134.0,
        "Low":1031.0,
        "Close":1075.0,
        "Percent Change":"-5.12 %",
        "Volume":"5,311.00"
    },
    {
        "Symbol":"CYCL",
        "Date":"2023-12-28",
        "Open":1071.0,
        "High":1133.0,
        "Low":1026.0,
        "Close":1133.0,
        "Percent Change":"7.90 %",
        "Volume":"7,064.00"
    },
    {
        "Symbol":"CYCL",
        "Date":"2023-12-27",
        "Open":1060.0,
        "High":1080.0,
        "Low":1027.0,
        "Close":1050.0,
        "Percent Change":"-0.94 %",
        "Volume":"5,948.00"
    },
    {
        "Symbol":"CYCL",
        "Date":"2023-12-24",
        "Open":1086.0,
        "High":1090.0,
        "Low":1043.7,
        "Close":1060.0,
        "Percent Change":"-2.39 %",
        "Volume":"5,172.00"
    },
    {
        "Symbol":"CYCL",
        "Date":"2023-12-21",
        "Open":1051.6,
        "High":1094.0,
        "Low":1050.0,
        "Close":1086.0,
        "Percent Change":"1.21 %",
        "Volume":"6,686.00"
    },
    {
        "Symbol":"CYCL",
        "Date":"2023-12-20",
        "Open":1065.0,
        "High":1122.0,
        "Low":1043.0,
        "Close":1073.0,
        "Percent Change":"-1.11 %",
        "Volume":"11,216.00"
    },
    {
        "Symbol":"CYCL",
        "Date":"2023-12-19",
        "Open":1100.0,
        "High":1100.0,
        "Low":1060.0,
        "Close":1085.0,
        "Percent Change":"0.10 %",
        "Volume":"5,958.00"
    },
    {
        "Symbol":"CYCL",
        "Date":"2023-12-18",
        "Open":1004.5,
        "High":1090.0,
        "Low":1004.5,
        "Close":1083.9,
        "Percent Change":"5.75 %",
        "Volume":"10,241.00"
    },
    {
        "Symbol":"CYCL",
        "Date":"2023-12-17",
        "Open":1020.0,
        "High":1103.0,
        "Low":999.6,
        "Close":1025.0,
        "Percent Change":"0.49 %",
        "Volume":"7,078.00"
    },
    {
        "Symbol":"CYCL",
        "Date":"2023-12-14",
        "Open":1041.7,
        "High":1079.0,
        "Low":1000.0,
        "Close":1020.0,
        "Percent Change":"-4.04 %",
        "Volume":"5,117.00"
    },
    {
        "Symbol":"CYCL",
        "Date":"2023-12-13",
        "Open":1098.0,
        "High":1104.0,
        "Low":1033.0,
        "Close":1062.9,
        "Percent Change":"-3.02 %",
        "Volume":"2,870.00"
    },
    {
        "Symbol":"CYCL",
        "Date":"2023-12-12",
        "Open":1132.0,
        "High":1132.0,
        "Low":1040.8,
        "Close":1096.0,
        "Percent Change":"-5.11 %",
        "Volume":"5,963.00"
    },
    {
        "Symbol":"CYCL",
        "Date":"2023-12-11",
        "Open":1059.9,
        "High":1164.0,
        "Low":990.0,
        "Close":1155.0,
        "Percent Change":"6.85 %",
        "Volume":"12,232.00"
    },
    {
        "Symbol":"CYCL",
        "Date":"2023-12-10",
        "Open":964.4,
        "High":1081.0,
        "Low":964.4,
        "Close":1081.0,
        "Percent Change":"9.86 %",
        "Volume":"980.00"
    },
    {
        "Symbol":"CYCL",
        "Date":"2023-12-07",
        "Open":882.3,
        "High":984.0,
        "Low":882.3,
        "Close":984.0,
        "Percent Change":"9.91 %",
        "Volume":"6,898.00"
    },
    {
        "Symbol":"CYCL",
        "Date":"2023-12-06",
        "Open":943.0,
        "High":943.0,
        "Low":882.0,
        "Close":895.3,
        "Percent Change":"-4.25 %",
        "Volume":"3,560.00"
    },
    {
        "Symbol":"CYCL",
        "Date":"2023-12-05",
        "Open":930.0,
        "High":945.0,
        "Low":910.7,
        "Close":935.0,
        "Percent Change":"-1.37 %",
        "Volume":"919.00"
    },
    {
        "Symbol":"CYCL",
        "Date":"2023-12-04",
        "Open":968.0,
        "High":968.0,
        "Low":925.0,
        "Close":948.0,
        "Percent Change":"-0.21 %",
        "Volume":"2,433.00"
    },
    {
        "Symbol":"CYCL",
        "Date":"2023-12-03",
        "Open":973.0,
        "High":989.0,
        "Low":936.0,
        "Close":950.0,
        "Percent Change":"-2.45 %",
        "Volume":"1,648.00"
    },
    {
        "Symbol":"CYCL",
        "Date":"2023-11-30",
        "Open":965.1,
        "High":987.0,
        "Low":955.0,
        "Close":973.9,
        "Percent Change":"-0.82 %",
        "Volume":"875.00"
    },
    {
        "Symbol":"CYCL",
        "Date":"2023-11-29",
        "Open":998.0,
        "High":999.0,
        "Low":960.1,
        "Close":982.0,
        "Percent Change":"-1.60 %",
        "Volume":"1,612.00"
    },
    {
        "Symbol":"CYCL",
        "Date":"2023-11-28",
        "Open":979.1,
        "High":1015.0,
        "Low":961.0,
        "Close":998.0,
        "Percent Change":"-0.10 %",
        "Volume":"966.00"
    },
    {
        "Symbol":"CYCL",
        "Date":"2023-11-27",
        "Open":985.0,
        "High":1005.0,
        "Low":965.0,
        "Close":999.0,
        "Percent Change":"-0.10 %",
        "Volume":"2,322.00"
    },
    {
        "Symbol":"CYCL",
        "Date":"2023-11-26",
        "Open":995.0,
        "High":1010.0,
        "Low":975.0,
        "Close":1000.0,
        "Percent Change":"2.51 %",
        "Volume":"1,842.00"
    },
    {
        "Symbol":"CYCL",
        "Date":"2023-11-23",
        "Open":972.3,
        "High":975.5,
        "Low":956.3,
        "Close":975.5,
        "Percent Change":"-1.65 %",
        "Volume":"1,767.00"
    },
    {
        "Symbol":"CYCL",
        "Date":"2023-11-22",
        "Open":1007.8,
        "High":1007.8,
        "Low":970.0,
        "Close":991.9,
        "Percent Change":"0.19 %",
        "Volume":"1,204.00"
    },
    {
        "Symbol":"CYCL",
        "Date":"2023-11-21",
        "Open":1005.0,
        "High":1028.5,
        "Low":961.0,
        "Close":990.0,
        "Percent Change":"-1.96 %",
        "Volume":"2,721.00"
    },
    {
        "Symbol":"CYCL",
        "Date":"2023-11-20",
        "Open":1000.0,
        "High":1060.8,
        "Low":985.0,
        "Close":1009.8,
        "Percent Change":"-1.00 %",
        "Volume":"2,172.00"
    },
    {
        "Symbol":"CYCL",
        "Date":"2023-11-09",
        "Open":1000.0,
        "High":1020.0,
        "Low":990.0,
        "Close":1020.0,
        "Percent Change":"0.20 %",
        "Volume":"1,465.00"
    },
    {
        "Symbol":"CYCL",
        "Date":"2023-11-08",
        "Open":990.1,
        "High":1037.9,
        "Low":980.0,
        "Close":1018.0,
        "Percent Change":"1.78 %",
        "Volume":"1,345.00"
    },
    {
        "Symbol":"CYCL",
        "Date":"2023-11-07",
        "Open":1000.2,
        "High":1034.9,
        "Low":1000.2,
        "Close":1000.2,
        "Percent Change":"-1.94 %",
        "Volume":"899.00"
    },
    {
        "Symbol":"CYCL",
        "Date":"2023-11-06",
        "Open":999.0,
        "High":1038.0,
        "Low":990.0,
        "Close":1020.0,
        "Percent Change":"0.20 %",
        "Volume":"3,140.00"
    },
    {
        "Symbol":"CYCL",
        "Date":"2023-11-05",
        "Open":1065.0,
        "High":1065.0,
        "Low":1000.0,
        "Close":1018.0,
        "Percent Change":"-4.41 %",
        "Volume":"5,769.00"
    },
    {
        "Symbol":"CYCL",
        "Date":"2023-11-02",
        "Open":1048.6,
        "High":1088.0,
        "Low":1019.2,
        "Close":1065.0,
        "Percent Change":"-0.47 %",
        "Volume":"4,476.00"
    },
    {
        "Symbol":"CYCL",
        "Date":"2023-11-01",
        "Open":1155.1,
        "High":1155.1,
        "Low":1025.0,
        "Close":1070.0,
        "Percent Change":"-5.52 %",
        "Volume":"3,605.00"
    },
    {
        "Symbol":"CYCL",
        "Date":"2023-10-31",
        "Open":1110.0,
        "High":1155.6,
        "Low":1011.0,
        "Close":1132.5,
        "Percent Change":"3.42 %",
        "Volume":"5,775.00"
    },
    {
        "Symbol":"CYCL",
        "Date":"2023-10-30",
        "Open":1116.3,
        "High":1116.3,
        "Low":1030.0,
        "Close":1095.0,
        "Percent Change":"-3.86 %",
        "Volume":"4,894.00"
    },
    {
        "Symbol":"CYCL",
        "Date":"2023-10-29",
        "Open":1048.0,
        "High":1155.0,
        "Low":1012.0,
        "Close":1139.0,
        "Percent Change":"6.60 %",
        "Volume":"3,566.00"
    },
    {
        "Symbol":"CYCL",
        "Date":"2023-10-19",
        "Open":1050.0,
        "High":1076.1,
        "Low":994.0,
        "Close":1068.5,
        "Percent Change":"3.44 %",
        "Volume":"3,058.00"
    },
    {
        "Symbol":"CYCL",
        "Date":"2023-10-18",
        "Open":1034.0,
        "High":1045.5,
        "Low":1015.0,
        "Close":1033.0,
        "Percent Change":"1.75 %",
        "Volume":"3,108.00"
    },
    {
        "Symbol":"CYCL",
        "Date":"2023-10-17",
        "Open":1020.0,
        "High":1024.0,
        "Low":1000.0,
        "Close":1015.2,
        "Percent Change":"1.12 %",
        "Volume":"1,499.00"
    },
    {
        "Symbol":"CYCL",
        "Date":"2023-10-16",
        "Open":1005.0,
        "High":1025.0,
        "Low":993.0,
        "Close":1004.0,
        "Percent Change":"-2.04 %",
        "Volume":"2,902.00"
    },
    {
        "Symbol":"CYCL",
        "Date":"2023-10-12",
        "Open":1044.0,
        "High":1044.0,
        "Low":1003.7,
        "Close":1024.9,
        "Percent Change":"0.09 %",
        "Volume":"3,773.00"
    },
    {
        "Symbol":"CYCL",
        "Date":"2023-10-11",
        "Open":1040.4,
        "High":1040.4,
        "Low":1005.2,
        "Close":1024.0,
        "Percent Change":"0.39 %",
        "Volume":"1,382.00"
    },
    {
        "Symbol":"CYCL",
        "Date":"2023-10-10",
        "Open":1010.0,
        "High":1020.0,
        "Low":1005.0,
        "Close":1020.0,
        "Percent Change":"-0.29 %",
        "Volume":"1,020.00"
    },
    {
        "Symbol":"CYCL",
        "Date":"2023-10-09",
        "Open":1040.0,
        "High":1040.0,
        "Low":1010.0,
        "Close":1023.0,
        "Percent Change":"0.29 %",
        "Volume":"2,558.00"
    },
    {
        "Symbol":"CYCL",
        "Date":"2023-10-08",
        "Open":1070.0,
        "High":1089.9,
        "Low":1015.5,
        "Close":1020.0,
        "Percent Change":"-4.67 %",
        "Volume":"4,422.00"
    },
    {
        "Symbol":"CYCL",
        "Date":"2023-10-05",
        "Open":1107.4,
        "High":1107.4,
        "Low":1045.0,
        "Close":1070.0,
        "Percent Change":"-5.31 %",
        "Volume":"6,089.00"
    },
    {
        "Symbol":"CYCL",
        "Date":"2023-10-04",
        "Open":1029.0,
        "High":1130.0,
        "Low":1029.0,
        "Close":1130.0,
        "Percent Change":"7.62 %",
        "Volume":"5,757.00"
    },
    {
        "Symbol":"CYCL",
        "Date":"2023-10-03",
        "Open":1144.4,
        "High":1144.4,
        "Low":1034.7,
        "Close":1050.0,
        "Percent Change":"-6.42 %",
        "Volume":"2,654.00"
    },
    {
        "Symbol":"CYCL",
        "Date":"2023-10-02",
        "Open":1020.0,
        "High":1122.0,
        "Low":1000.0,
        "Close":1122.0,
        "Percent Change":"10.00 %",
        "Volume":"5,221.00"
    },
    {
        "Symbol":"CYCL",
        "Date":"2023-10-01",
        "Open":1071.0,
        "High":1090.0,
        "Low":1008.0,
        "Close":1020.0,
        "Percent Change":"-2.95 %",
        "Volume":"8,464.00"
    },
    {
        "Symbol":"CYCL",
        "Date":"2023-09-27",
        "Open":1070.0,
        "High":1090.9,
        "Low":1045.0,
        "Close":1051.0,
        "Percent Change":"-1.78 %",
        "Volume":"5,315.00"
    },
    {
        "Symbol":"CYCL",
        "Date":"2023-09-26",
        "Open":1042.8,
        "High":1129.8,
        "Low":1026.0,
        "Close":1070.1,
        "Percent Change":"0.57 %",
        "Volume":"2,704.00"
    },
    {
        "Symbol":"CYCL",
        "Date":"2023-09-25",
        "Open":1092.2,
        "High":1092.2,
        "Low":1030.0,
        "Close":1064.0,
        "Percent Change":"-0.64 %",
        "Volume":"1,941.00"
    },
    {
        "Symbol":"CYCL",
        "Date":"2023-09-24",
        "Open":1075.9,
        "High":1140.0,
        "Low":1036.0,
        "Close":1070.8,
        "Percent Change":"1.51 %",
        "Volume":"5,928.00"
    },
    {
        "Symbol":"CYCL",
        "Date":"2023-09-21",
        "Open":1028.1,
        "High":1132.0,
        "Low":1008.0,
        "Close":1054.9,
        "Percent Change":"0.66 %",
        "Volume":"3,882.00"
    },
    {
        "Symbol":"CYCL",
        "Date":"2023-09-19",
        "Open":1012.3,
        "High":1050.0,
        "Low":980.0,
        "Close":1048.0,
        "Percent Change":"1.46 %",
        "Volume":"3,185.00"
    },
    {
        "Symbol":"CYCL",
        "Date":"2023-09-18",
        "Open":1070.6,
        "High":1070.6,
        "Low":994.0,
        "Close":1032.9,
        "Percent Change":"-1.60 %",
        "Volume":"2,937.00"
    },
    {
        "Symbol":"CYCL",
        "Date":"2023-09-17",
        "Open":1088.0,
        "High":1109.0,
        "Low":996.7,
        "Close":1049.7,
        "Percent Change":"-1.62 %",
        "Volume":"2,867.00"
    },
    {
        "Symbol":"CYCL",
        "Date":"2023-09-13",
        "Open":1097.5,
        "High":1097.5,
        "Low":1021.0,
        "Close":1067.0,
        "Percent Change":"-0.84 %",
        "Volume":"1,165.00"
    },
    {
        "Symbol":"CYCL",
        "Date":"2023-09-12",
        "Open":1120.0,
        "High":1140.0,
        "Low":1045.1,
        "Close":1076.0,
        "Percent Change":"-2.18 %",
        "Volume":"1,765.00"
    },
    {
        "Symbol":"CYCL",
        "Date":"2023-09-11",
        "Open":1053.5,
        "High":1100.0,
        "Low":1010.0,
        "Close":1100.0,
        "Percent Change":"2.33 %",
        "Volume":"3,103.00"
    },
    {
        "Symbol":"CYCL",
        "Date":"2023-09-10",
        "Open":1036.0,
        "High":1077.0,
        "Low":979.0,
        "Close":1075.0,
        "Percent Change":"5.81 %",
        "Volume":"3,459.00"
    },
    {
        "Symbol":"CYCL",
        "Date":"2023-09-07",
        "Open":1042.0,
        "High":1046.0,
        "Low":986.0,
        "Close":1016.0,
        "Percent Change":"-1.17 %",
        "Volume":"1,398.00"
    },
    {
        "Symbol":"CYCL",
        "Date":"2023-09-05",
        "Open":1029.0,
        "High":1059.9,
        "Low":995.0,
        "Close":1028.0,
        "Percent Change":"-2.10 %",
        "Volume":"1,974.00"
    },
    {
        "Symbol":"CYCL",
        "Date":"2023-09-04",
        "Open":1100.0,
        "High":1100.0,
        "Low":986.3,
        "Close":1050.0,
        "Percent Change":"-3.05 %",
        "Volume":"7,944.00"
    },
    {
        "Symbol":"CYCL",
        "Date":"2023-09-03",
        "Open":1116.0,
        "High":1116.0,
        "Low":1068.5,
        "Close":1083.0,
        "Percent Change":"-4.83 %",
        "Volume":"2,528.00"
    },
    {
        "Symbol":"CYCL",
        "Date":"2023-08-30",
        "Open":1168.9,
        "High":1192.2,
        "Low":1086.3,
        "Close":1138.0,
        "Percent Change":"-0.70 %",
        "Volume":"10,435.00"
    },
    {
        "Symbol":"CYCL",
        "Date":"2023-08-29",
        "Open":1180.0,
        "High":1180.0,
        "Low":1117.0,
        "Close":1146.0,
        "Percent Change":"-1.21 %",
        "Volume":"1,532.00"
    },
    {
        "Symbol":"CYCL",
        "Date":"2023-08-28",
        "Open":1145.0,
        "High":1175.0,
        "Low":1123.0,
        "Close":1160.0,
        "Percent Change":"0.43 %",
        "Volume":"7,872.00"
    },
    {
        "Symbol":"CYCL",
        "Date":"2023-08-27",
        "Open":1176.0,
        "High":1176.0,
        "Low":1154.0,
        "Close":1155.0,
        "Percent Change":"-3.74 %",
        "Volume":"3,745.00"
    },
    {
        "Symbol":"CYCL",
        "Date":"2023-08-24",
        "Open":1180.0,
        "High":1199.9,
        "Low":1168.0,
        "Close":1199.9,
        "Percent Change":"0.00 %",
        "Volume":"2,635.00"
    },
    {
        "Symbol":"CYCL",
        "Date":"2023-08-23",
        "Open":1207.5,
        "High":1207.5,
        "Low":1170.0,
        "Close":1199.9,
        "Percent Change":"0.83 %",
        "Volume":"1,564.00"
    },
    {
        "Symbol":"CYCL",
        "Date":"2023-08-22",
        "Open":1190.0,
        "High":1209.0,
        "Low":1151.1,
        "Close":1190.0,
        "Percent Change":"0.17 %",
        "Volume":"1,430.00"
    },
    {
        "Symbol":"CYCL",
        "Date":"2023-08-21",
        "Open":1168.0,
        "High":1190.0,
        "Low":1151.0,
        "Close":1188.0,
        "Percent Change":"1.71 %",
        "Volume":"2,627.00"
    },
    {
        "Symbol":"CYCL",
        "Date":"2023-08-20",
        "Open":1192.0,
        "High":1210.0,
        "Low":1168.0,
        "Close":1168.0,
        "Percent Change":"-1.93 %",
        "Volume":"3,033.00"
    },
    {
        "Symbol":"CYCL",
        "Date":"2023-08-17",
        "Open":1238.2,
        "High":1238.2,
        "Low":1190.0,
        "Close":1191.0,
        "Percent Change":"-1.89 %",
        "Volume":"1,862.00"
    },
    {
        "Symbol":"CYCL",
        "Date":"2023-08-16",
        "Open":1220.1,
        "High":1256.0,
        "Low":1199.0,
        "Close":1214.0,
        "Percent Change":"-2.49 %",
        "Volume":"741.00"
    },
    {
        "Symbol":"CYCL",
        "Date":"2023-08-15",
        "Open":1275.0,
        "High":1275.0,
        "Low":1212.1,
        "Close":1245.0,
        "Percent Change":"-4.23 %",
        "Volume":"2,717.00"
    },
    {
        "Symbol":"CYCL",
        "Date":"2023-08-14",
        "Open":1234.2,
        "High":1308.0,
        "Low":1186.0,
        "Close":1300.0,
        "Percent Change":"7.44 %",
        "Volume":"3,897.00"
    },
    {
        "Symbol":"CYCL",
        "Date":"2023-08-13",
        "Open":1234.0,
        "High":1234.0,
        "Low":1192.1,
        "Close":1210.0,
        "Percent Change":"-0.08 %",
        "Volume":"1,399.00"
    },
    {
        "Symbol":"CYCL",
        "Date":"2023-08-10",
        "Open":1244.4,
        "High":1244.4,
        "Low":1200.0,
        "Close":1211.0,
        "Percent Change":"-1.34 %",
        "Volume":"2,618.00"
    },
    {
        "Symbol":"CYCL",
        "Date":"2023-08-09",
        "Open":1249.5,
        "High":1249.5,
        "Low":1195.9,
        "Close":1227.5,
        "Percent Change":"-1.76 %",
        "Volume":"2,561.00"
    },
    {
        "Symbol":"CYCL",
        "Date":"2023-08-08",
        "Open":1215.0,
        "High":1261.0,
        "Low":1184.0,
        "Close":1249.5,
        "Percent Change":"2.43 %",
        "Volume":"2,282.00"
    },
    {
        "Symbol":"CYCL",
        "Date":"2023-08-07",
        "Open":1200.0,
        "High":1240.0,
        "Low":1200.0,
        "Close":1219.9,
        "Percent Change":"0.65 %",
        "Volume":"2,621.00"
    },
    {
        "Symbol":"CYCL",
        "Date":"2023-08-06",
        "Open":1265.0,
        "High":1265.1,
        "Low":1186.6,
        "Close":1212.0,
        "Percent Change":"-4.57 %",
        "Volume":"4,618.00"
    },
    {
        "Symbol":"CYCL",
        "Date":"2023-08-03",
        "Open":1315.8,
        "High":1315.8,
        "Low":1265.1,
        "Close":1270.0,
        "Percent Change":"-1.55 %",
        "Volume":"1,459.00"
    },
    {
        "Symbol":"CYCL",
        "Date":"2023-08-02",
        "Open":1309.9,
        "High":1309.9,
        "Low":1265.0,
        "Close":1290.0,
        "Percent Change":"-0.39 %",
        "Volume":"1,456.00"
    },
    {
        "Symbol":"CYCL",
        "Date":"2023-08-01",
        "Open":1305.0,
        "High":1335.0,
        "Low":1250.0,
        "Close":1295.0,
        "Percent Change":"-2.55 %",
        "Volume":"4,136.00"
    },
    {
        "Symbol":"CYCL",
        "Date":"2023-07-31",
        "Open":1367.8,
        "High":1367.8,
        "Low":1313.2,
        "Close":1328.9,
        "Percent Change":"-0.90 %",
        "Volume":"2,324.00"
    },
    {
        "Symbol":"CYCL",
        "Date":"2023-07-30",
        "Open":1350.0,
        "High":1360.0,
        "Low":1308.3,
        "Close":1341.0,
        "Percent Change":"-0.67 %",
        "Volume":"2,198.00"
    },
    {
        "Symbol":"CYCL",
        "Date":"2023-07-27",
        "Open":1400.0,
        "High":1400.0,
        "Low":1340.0,
        "Close":1350.0,
        "Percent Change":"-2.53 %",
        "Volume":"3,299.00"
    },
    {
        "Symbol":"CYCL",
        "Date":"2023-07-26",
        "Open":1425.0,
        "High":1425.0,
        "Low":1385.0,
        "Close":1385.0,
        "Percent Change":"-2.81 %",
        "Volume":"2,277.00"
    },
    {
        "Symbol":"CYCL",
        "Date":"2023-07-25",
        "Open":1479.0,
        "High":1479.0,
        "Low":1400.0,
        "Close":1425.0,
        "Percent Change":"-1.72 %",
        "Volume":"3,458.00"
    },
    {
        "Symbol":"CYCL",
        "Date":"2023-07-24",
        "Open":1527.9,
        "High":1527.9,
        "Low":1421.0,
        "Close":1450.0,
        "Percent Change":"-3.20 %",
        "Volume":"4,982.00"
    },
    {
        "Symbol":"CYCL",
        "Date":"2023-07-23",
        "Open":1468.0,
        "High":1507.5,
        "Low":1431.1,
        "Close":1498.0,
        "Percent Change":"0.07 %",
        "Volume":"6,000.00"
    },
    {
        "Symbol":"CYCL",
        "Date":"2023-07-20",
        "Open":1469.0,
        "High":1498.2,
        "Low":1400.0,
        "Close":1497.0,
        "Percent Change":"3.38 %",
        "Volume":"4,976.00"
    },
    {
        "Symbol":"CYCL",
        "Date":"2023-07-19",
        "Open":1440.6,
        "High":1450.0,
        "Low":1385.0,
        "Close":1448.0,
        "Percent Change":"-1.50 %",
        "Volume":"4,788.00"
    },
    {
        "Symbol":"CYCL",
        "Date":"2023-07-18",
        "Open":1540.2,
        "High":1560.0,
        "Low":1411.2,
        "Close":1470.0,
        "Percent Change":"-2.65 %",
        "Volume":"10,436.00"
    },
    {
        "Symbol":"CYCL",
        "Date":"2023-07-17",
        "Open":1381.8,
        "High":1520.0,
        "Low":1366.1,
        "Close":1510.0,
        "Percent Change":"7.09 %",
        "Volume":"10,089.00"
    },
    {
        "Symbol":"CYCL",
        "Date":"2023-07-16",
        "Open":1330.0,
        "High":1410.0,
        "Low":1290.3,
        "Close":1410.0,
        "Percent Change":"6.02 %",
        "Volume":"7,751.00"
    },
    {
        "Symbol":"CYCL",
        "Date":"2023-07-13",
        "Open":1305.0,
        "High":1346.0,
        "Low":1277.0,
        "Close":1330.0,
        "Percent Change":"1.95 %",
        "Volume":"9,547.00"
    },
    {
        "Symbol":"CYCL",
        "Date":"2023-07-12",
        "Open":1186.0,
        "High":1304.6,
        "Low":1170.2,
        "Close":1304.6,
        "Percent Change":"10.00 %",
        "Volume":"8,215.00"
    },
    {
        "Symbol":"CYCL",
        "Date":"2023-07-11",
        "Open":1175.4,
        "High":1213.8,
        "Low":1175.0,
        "Close":1186.0,
        "Percent Change":"-0.34 %",
        "Volume":"3,091.00"
    },
    {
        "Symbol":"CYCL",
        "Date":"2023-07-10",
        "Open":1168.0,
        "High":1205.0,
        "Low":1168.0,
        "Close":1190.0,
        "Percent Change":"0.00 %",
        "Volume":"4,574.00"
    },
    {
        "Symbol":"CYCL",
        "Date":"2023-07-09",
        "Open":1200.0,
        "High":1206.0,
        "Low":1175.0,
        "Close":1190.0,
        "Percent Change":"-0.83 %",
        "Volume":"3,834.00"
    },
    {
        "Symbol":"CYCL",
        "Date":"2023-07-06",
        "Open":1185.0,
        "High":1205.0,
        "Low":1181.0,
        "Close":1199.9,
        "Percent Change":"-0.17 %",
        "Volume":"4,726.00"
    },
    {
        "Symbol":"CYCL",
        "Date":"2023-07-05",
        "Open":1270.0,
        "High":1285.0,
        "Low":1195.0,
        "Close":1202.0,
        "Percent Change":"-6.09 %",
        "Volume":"5,850.00"
    },
    {
        "Symbol":"CYCL",
        "Date":"2023-07-04",
        "Open":1289.0,
        "High":1417.9,
        "Low":1277.2,
        "Close":1280.0,
        "Percent Change":"-0.70 %",
        "Volume":"18,093.00"
    },
    {
        "Symbol":"CYCL",
        "Date":"2023-07-03",
        "Open":1195.0,
        "High":1289.0,
        "Low":1195.0,
        "Close":1289.0,
        "Percent Change":"10.00 %",
        "Volume":"1,612.00"
    },
    {
        "Symbol":"CYCL",
        "Date":"2023-03-13",
        "Open":1380.0,
        "High":1380.0,
        "Low":1291.0,
        "Close":1345.0,
        "Percent Change":"-2.54 %",
        "Volume":"3,167.00"
    },
    {
        "Symbol":"CYCL",
        "Date":"2023-03-12",
        "Open":1345.2,
        "High":1389.0,
        "Low":1345.2,
        "Close":1380.0,
        "Percent Change":"1.10 %",
        "Volume":"1,272.00"
    },
    {
        "Symbol":"CYCL",
        "Date":"2023-03-09",
        "Open":1335.0,
        "High":1384.9,
        "Low":1335.0,
        "Close":1365.0,
        "Percent Change":"2.25 %",
        "Volume":"1,178.00"
    },
    {
        "Symbol":"CYCL",
        "Date":"2023-03-07",
        "Open":1380.1,
        "High":1408.0,
        "Low":1335.0,
        "Close":1335.0,
        "Percent Change":"-5.18 %",
        "Volume":"2,877.00"
    },
    {
        "Symbol":"CYCL",
        "Date":"2023-03-05",
        "Open":1465.0,
        "High":1465.0,
        "Low":1390.0,
        "Close":1408.0,
        "Percent Change":"-5.06 %",
        "Volume":"1,007.00"
    },
    {
        "Symbol":"CYCL",
        "Date":"2023-03-02",
        "Open":1508.0,
        "High":1538.0,
        "Low":1479.4,
        "Close":1483.0,
        "Percent Change":"-3.58 %",
        "Volume":"880.00"
    },
    {
        "Symbol":"CYCL",
        "Date":"2023-03-01",
        "Open":1599.4,
        "High":1599.4,
        "Low":1510.0,
        "Close":1538.0,
        "Percent Change":"-5.76 %",
        "Volume":"2,265.00"
    },
    {
        "Symbol":"CYCL",
        "Date":"2023-02-28",
        "Open":1570.1,
        "High":1632.0,
        "Low":1507.0,
        "Close":1632.0,
        "Percent Change":"2.00 %",
        "Volume":"1,875.00"
    },
    {
        "Symbol":"CYCL",
        "Date":"2023-02-27",
        "Open":1690.0,
        "High":1690.0,
        "Low":1571.0,
        "Close":1600.0,
        "Percent Change":"-5.33 %",
        "Volume":"1,793.00"
    },
    {
        "Symbol":"CYCL",
        "Date":"2023-02-26",
        "Open":1609.3,
        "High":1690.0,
        "Low":1477.9,
        "Close":1690.0,
        "Percent Change":"2.92 %",
        "Volume":"5,114.00"
    },
    {
        "Symbol":"CYCL",
        "Date":"2023-02-23",
        "Open":1824.5,
        "High":1824.5,
        "Low":1642.1,
        "Close":1642.1,
        "Percent Change":"-10.00 %",
        "Volume":"818.00"
    },
    {
        "Symbol":"CYCL",
        "Date":"2023-02-22",
        "Open":1780.0,
        "High":1824.5,
        "Low":1721.1,
        "Close":1824.5,
        "Percent Change":"1.98 %",
        "Volume":"1,875.00"
    },
    {
        "Symbol":"CYCL",
        "Date":"2023-02-20",
        "Open":1800.0,
        "High":1800.0,
        "Low":1740.0,
        "Close":1789.0,
        "Percent Change":"-0.61 %",
        "Volume":"1,394.00"
    },
    {
        "Symbol":"CYCL",
        "Date":"2023-02-16",
        "Open":1785.1,
        "High":1826.0,
        "Low":1785.1,
        "Close":1800.0,
        "Percent Change":"-1.10 %",
        "Volume":"1,207.00"
    },
    {
        "Symbol":"CYCL",
        "Date":"2023-02-15",
        "Open":1780.0,
        "High":1822.9,
        "Low":1780.0,
        "Close":1820.0,
        "Percent Change":"0.28 %",
        "Volume":"680.00"
    },
    {
        "Symbol":"CYCL",
        "Date":"2023-02-14",
        "Open":1800.0,
        "High":1830.0,
        "Low":1800.0,
        "Close":1815.0,
        "Percent Change":"-0.77 %",
        "Volume":"680.00"
    },
    {
        "Symbol":"CYCL",
        "Date":"2023-02-12",
        "Open":1869.9,
        "High":1869.9,
        "Low":1806.1,
        "Close":1829.0,
        "Percent Change":"-2.19 %",
        "Volume":"879.00"
    },
    {
        "Symbol":"CYCL",
        "Date":"2023-02-09",
        "Open":1840.1,
        "High":1910.0,
        "Low":1835.0,
        "Close":1870.0,
        "Percent Change":"-0.16 %",
        "Volume":"830.00"
    },
    {
        "Symbol":"CYCL",
        "Date":"2023-02-08",
        "Open":1899.0,
        "High":1899.0,
        "Low":1840.1,
        "Close":1873.0,
        "Percent Change":"-0.53 %",
        "Volume":"988.00"
    },
    {
        "Symbol":"CYCL",
        "Date":"2023-02-07",
        "Open":1800.0,
        "High":1883.0,
        "Low":1795.0,
        "Close":1883.0,
        "Percent Change":"4.26 %",
        "Volume":"2,595.00"
    },
    {
        "Symbol":"CYCL",
        "Date":"2023-02-06",
        "Open":1800.0,
        "High":1821.0,
        "Low":1786.0,
        "Close":1806.0,
        "Percent Change":"0.06 %",
        "Volume":"1,108.00"
    },
    {
        "Symbol":"CYCL",
        "Date":"2023-02-05",
        "Open":1804.0,
        "High":1825.0,
        "Low":1790.0,
        "Close":1805.0,
        "Percent Change":"0.06 %",
        "Volume":"1,380.00"
    },
    {
        "Symbol":"CYCL",
        "Date":"2023-02-02",
        "Open":1818.0,
        "High":1858.0,
        "Low":1803.2,
        "Close":1804.0,
        "Percent Change":"-2.75 %",
        "Volume":"1,340.00"
    },
    {
        "Symbol":"CYCL",
        "Date":"2023-02-01",
        "Open":1830.0,
        "High":1855.0,
        "Low":1825.3,
        "Close":1855.0,
        "Percent Change":"0.00 %",
        "Volume":"785.00"
    },
    {
        "Symbol":"CYCL",
        "Date":"2023-01-31",
        "Open":1855.1,
        "High":1855.1,
        "Low":1830.0,
        "Close":1855.0,
        "Percent Change":"-0.64 %",
        "Volume":"2,288.00"
    },
    {
        "Symbol":"CYCL",
        "Date":"2023-01-30",
        "Open":1861.0,
        "High":1880.0,
        "Low":1861.0,
        "Close":1867.0,
        "Percent Change":"-1.48 %",
        "Volume":"2,130.00"
    },
    {
        "Symbol":"CYCL",
        "Date":"2023-01-29",
        "Open":1863.0,
        "High":1905.0,
        "Low":1863.0,
        "Close":1895.0,
        "Percent Change":"0.25 %",
        "Volume":"982.00"
    },
    {
        "Symbol":"CYCL",
        "Date":"2023-01-26",
        "Open":1890.0,
        "High":1942.0,
        "Low":1890.0,
        "Close":1890.3,
        "Percent Change":"-0.33 %",
        "Volume":"2,160.00"
    },
    {
        "Symbol":"CYCL",
        "Date":"2023-01-25",
        "Open":1877.0,
        "High":1920.0,
        "Low":1877.0,
        "Close":1896.5,
        "Percent Change":"-0.64 %",
        "Volume":"1,143.00"
    },
    {
        "Symbol":"CYCL",
        "Date":"2023-01-24",
        "Open":1880.0,
        "High":1908.8,
        "Low":1850.0,
        "Close":1908.8,
        "Percent Change":"0.46 %",
        "Volume":"2,793.00"
    },
    {
        "Symbol":"CYCL",
        "Date":"2023-01-23",
        "Open":1920.0,
        "High":1921.0,
        "Low":1890.0,
        "Close":1900.0,
        "Percent Change":"-0.78 %",
        "Volume":"2,326.00"
    },
    {
        "Symbol":"CYCL",
        "Date":"2023-01-19",
        "Open":1915.0,
        "High":1940.0,
        "Low":1902.2,
        "Close":1915.0,
        "Percent Change":"-1.29 %",
        "Volume":"992.00"
    },
    {
        "Symbol":"CYCL",
        "Date":"2023-01-18",
        "Open":1985.0,
        "High":2010.0,
        "Low":1935.0,
        "Close":1940.0,
        "Percent Change":"-2.02 %",
        "Volume":"1,512.00"
    },
    {
        "Symbol":"CYCL",
        "Date":"2023-01-17",
        "Open":1980.0,
        "High":1980.0,
        "Low":1910.0,
        "Close":1980.0,
        "Percent Change":"1.85 %",
        "Volume":"2,478.00"
    },
    {
        "Symbol":"CYCL",
        "Date":"2023-01-12",
        "Open":2015.5,
        "High":2019.0,
        "Low":1922.9,
        "Close":1944.0,
        "Percent Change":"-1.62 %",
        "Volume":"4,309.00"
    },
    {
        "Symbol":"CYCL",
        "Date":"2023-01-10",
        "Open":2057.9,
        "High":2057.9,
        "Low":1975.0,
        "Close":1976.0,
        "Percent Change":"-2.08 %",
        "Volume":"6,054.00"
    },
    {
        "Symbol":"CYCL",
        "Date":"2023-01-09",
        "Open":2050.0,
        "High":2050.0,
        "Low":2014.2,
        "Close":2018.0,
        "Percent Change":"-1.61 %",
        "Volume":"5,380.00"
    },
    {
        "Symbol":"CYCL",
        "Date":"2023-01-08",
        "Open":2148.0,
        "High":2148.0,
        "Low":2050.0,
        "Close":2051.0,
        "Percent Change":"-2.62 %",
        "Volume":"6,353.00"
    },
    {
        "Symbol":"CYCL",
        "Date":"2023-01-05",
        "Open":2050.0,
        "High":2144.0,
        "Low":2021.0,
        "Close":2106.1,
        "Percent Change":"4.26 %",
        "Volume":"3,939.00"
    },
    {
        "Symbol":"CYCL",
        "Date":"2023-01-04",
        "Open":2040.0,
        "High":2040.0,
        "Low":1977.0,
        "Close":2020.0,
        "Percent Change":"1.00 %",
        "Volume":"3,375.00"
    },
    {
        "Symbol":"CYCL",
        "Date":"2023-01-03",
        "Open":1967.8,
        "High":2087.0,
        "Low":1967.8,
        "Close":2000.0,
        "Percent Change":"3.67 %",
        "Volume":"8,107.00"
    },
    {
        "Symbol":"CYCL",
        "Date":"2023-01-02",
        "Open":2460.0,
        "High":2525.5,
        "Low":2450.1,
        "Close":2508.0,
        "Percent Change":"2.37 %",
        "Volume":"9,223.00"
    },
    {
        "Symbol":"CYCL",
        "Date":"2023-01-01",
        "Open":2480.0,
        "High":2480.0,
        "Low":2392.0,
        "Close":2450.0,
        "Percent Change":"0.41 %",
        "Volume":"5,342.00"
    },
    {
        "Symbol":"CYCL",
        "Date":"2022-12-29",
        "Open":2400.0,
        "High":2447.0,
        "Low":2400.0,
        "Close":2440.0,
        "Percent Change":"0.54 %",
        "Volume":"2,489.00"
    },
    {
        "Symbol":"CYCL",
        "Date":"2022-12-28",
        "Open":2380.0,
        "High":2455.0,
        "Low":2380.0,
        "Close":2427.0,
        "Percent Change":"0.04 %",
        "Volume":"3,648.00"
    },
    {
        "Symbol":"CYCL",
        "Date":"2022-12-27",
        "Open":2480.0,
        "High":2500.0,
        "Low":2423.0,
        "Close":2426.0,
        "Percent Change":"-1.86 %",
        "Volume":"7,093.00"
    },
    {
        "Symbol":"CYCL",
        "Date":"2022-12-26",
        "Open":2644.0,
        "High":2644.0,
        "Low":2420.0,
        "Close":2472.0,
        "Percent Change":"-4.67 %",
        "Volume":"11,147.00"
    },
    {
        "Symbol":"CYCL",
        "Date":"2022-12-22",
        "Open":2680.0,
        "High":2680.0,
        "Low":2518.0,
        "Close":2593.0,
        "Percent Change":"-2.08 %",
        "Volume":"5,725.00"
    },
    {
        "Symbol":"CYCL",
        "Date":"2022-12-21",
        "Open":2700.0,
        "High":2710.0,
        "Low":2617.0,
        "Close":2648.0,
        "Percent Change":"-0.82 %",
        "Volume":"8,055.00"
    },
    {
        "Symbol":"CYCL",
        "Date":"2022-12-20",
        "Open":2499.0,
        "High":2723.0,
        "Low":2470.0,
        "Close":2670.0,
        "Percent Change":"7.62 %",
        "Volume":"8,826.00"
    },
    {
        "Symbol":"CYCL",
        "Date":"2022-12-19",
        "Open":2341.0,
        "High":2520.0,
        "Low":2318.0,
        "Close":2481.0,
        "Percent Change":"5.98 %",
        "Volume":"5,360.00"
    },
    {
        "Symbol":"CYCL",
        "Date":"2022-12-18",
        "Open":2405.0,
        "High":2405.0,
        "Low":2335.1,
        "Close":2341.0,
        "Percent Change":"-2.66 %",
        "Volume":"13,170.00"
    },
    {
        "Symbol":"CYCL",
        "Date":"2022-12-15",
        "Open":2535.9,
        "High":2734.8,
        "Low":2341.0,
        "Close":2405.0,
        "Percent Change":"-3.27 %",
        "Volume":"25,894.00"
    },
    {
        "Symbol":"CYCL",
        "Date":"2022-12-14",
        "Open":2305.4,
        "High":2486.2,
        "Low":2305.4,
        "Close":2486.2,
        "Percent Change":"10.00 %",
        "Volume":"760.00"
    },
    {
        "Symbol":"CYCL",
        "Date":"2022-12-13",
        "Open":2014.1,
        "High":2260.2,
        "Low":2014.1,
        "Close":2260.2,
        "Percent Change":"10.00 %",
        "Volume":"2,019.00"
    },
    {
        "Symbol":"CYCL",
        "Date":"2022-12-12",
        "Open":1905.0,
        "High":2054.8,
        "Low":1905.0,
        "Close":2054.8,
        "Percent Change":"10.00 %",
        "Volume":"1,489.00"
    },
    {
        "Symbol":"CYCL",
        "Date":"2022-12-11",
        "Open":1732.1,
        "High":1868.0,
        "Low":1732.1,
        "Close":1868.0,
        "Percent Change":"10.00 %",
        "Volume":"1,150.00"
    },
    {
        "Symbol":"CYCL",
        "Date":"2022-07-06",
        "Open":1543.9,
        "High":1698.2,
        "Low":1543.9,
        "Close":1698.2,
        "Percent Change":"9.99 %",
        "Volume":"134.00"
    },
    {
        "Symbol":"CYCL",
        "Date":"2022-07-05",
        "Open":1431.6,
        "High":1543.9,
        "Low":1431.6,
        "Close":1543.9,
        "Percent Change":"10.00 %",
        "Volume":"144.00"
    },
    {
        "Symbol":"CYCL",
        "Date":"2022-07-04",
        "Open":1276.0,
        "High":1403.6,
        "Low":1276.0,
        "Close":1403.6,
        "Percent Change":"10.00 %",
        "Volume":"170.00"
    },
    {
        "Symbol":"CYCL",
        "Date":"2022-07-03",
        "Open":1183.2,
        "High":1276.0,
        "Low":1183.2,
        "Close":1276.0,
        "Percent Change":"10.00 %",
        "Volume":"88.00"
    },
    {
        "Symbol":"CYCL",
        "Date":"2022-07-01",
        "Open":1075.6,
        "High":1160.0,
        "Low":1075.6,
        "Close":1160.0,
        "Percent Change":"9.99 %",
        "Volume":"76.00"
    },
    {
        "Symbol":"CYCL",
        "Date":"2022-06-30",
        "Open":977.9,
        "High":1054.6,
        "Low":977.9,
        "Close":1054.6,
        "Percent Change":"9.99 %",
        "Volume":"100.00"
    },
    {
        "Symbol":"CYCL",
        "Date":"2022-06-29",
        "Open":889.1,
        "High":958.8,
        "Low":889.1,
        "Close":958.8,
        "Percent Change":"9.99 %",
        "Volume":"80.00"
    },
    {
        "Symbol":"CYCL",
        "Date":"2022-06-28",
        "Open":780.0,
        "High":871.7,
        "Low":780.0,
        "Close":871.7,
        "Percent Change":"9.99 %",
        "Volume":"89.00"
    },
    {
        "Symbol":"CYCL",
        "Date":"2022-06-27",
        "Open":734.9,
        "High":792.5,
        "Low":734.9,
        "Close":792.5,
        "Percent Change":"9.99 %",
        "Volume":"70.00"
    },
    {
        "Symbol":"CYCL",
        "Date":"2022-06-26",
        "Open":668.1,
        "High":720.5,
        "Low":668.1,
        "Close":720.5,
        "Percent Change":"10.00 %",
        "Volume":"70.00"
    },
    {
        "Symbol":"CYCL",
        "Date":"2022-06-24",
        "Open":605.3,
        "High":655.0,
        "Low":605.3,
        "Close":655.0,
        "Percent Change":"8.21 %",
        "Volume":"50.00"
    },
    {
        "Symbol":"CYCL",
        "Date":"2022-06-23",
        "Open":561.3,
        "High":605.3,
        "Low":561.3,
        "Close":605.3,
        "Percent Change":"9.99 %",
        "Volume":"50.00"
    },
    {
        "Symbol":"CYCL",
        "Date":"2022-06-22",
        "Open":550.3,
        "High":550.3,
        "Low":550.3,
        "Close":550.3,
        "Percent Change":"0.00 %",
        "Volume":"10.00"
    },
    {
        "Symbol":"CYCL",
        "Date":"2022-06-21",
        "Open":510.3,
        "High":550.3,
        "Low":510.3,
        "Close":550.3,
        "Percent Change":"9.99 %",
        "Volume":"60.00"
    },
    {
        "Symbol":"CYCL",
        "Date":"2022-06-20",
        "Open":463.9,
        "High":500.3,
        "Low":463.9,
        "Close":500.3,
        "Percent Change":"9.98 %",
        "Volume":"70.00"
    },
    {
        "Symbol":"CYCL",
        "Date":"2022-06-19",
        "Open":446.0,
        "High":454.9,
        "Low":446.0,
        "Close":454.9,
        "Percent Change":"4.02 %",
        "Volume":"30.00"
    },
    {
        "Symbol":"CYCL",
        "Date":"2022-06-17",
        "Open":428.8,
        "High":437.3,
        "Low":428.8,
        "Close":437.3,
        "Percent Change":"4.02 %",
        "Volume":"20.00"
    },
    {
        "Symbol":"CYCL",
        "Date":"2022-06-15",
        "Open":389.8,
        "High":420.4,
        "Low":389.8,
        "Close":420.4,
        "Percent Change":"9.99 %",
        "Volume":"60.00"
    },
    {
        "Symbol":"CYCL",
        "Date":"2022-06-13",
        "Open":382.2,
        "High":382.2,
        "Low":382.2,
        "Close":382.2,
        "Percent Change":"0.00 %",
        "Volume":"60.00"
    },
    {
        "Symbol":"CYCL",
        "Date":"2022-01-02",
        "Open":2460.0,
        "High":2525.5,
        "Low":2450.1,
        "Close":2508.0,
        "Percent Change":"2.37 %",
        "Volume":"9,223.00"
    }
]