[
    {
        "Symbol":"UNLB",
        "Date":"2024-08-11",
        "Open":2371.5,
        "High":2557.0,
        "Low":2358.1,
        "Close":2447.0,
        "Percent Change":"5.25 %",
        "Volume":"12,714.00"
    },
    {
        "Symbol":"UNLB",
        "Date":"2024-08-08",
        "Open":2354.1,
        "High":2354.1,
        "Low":2276.0,
        "Close":2325.0,
        "Percent Change":"0.74 %",
        "Volume":"6,395.00"
    },
    {
        "Symbol":"UNLB",
        "Date":"2024-08-07",
        "Open":2260.0,
        "High":2309.0,
        "Low":2260.0,
        "Close":2308.0,
        "Percent Change":"2.12 %",
        "Volume":"1,772.00"
    },
    {
        "Symbol":"UNLB",
        "Date":"2024-08-06",
        "Open":2323.0,
        "High":2323.0,
        "Low":2260.0,
        "Close":2260.0,
        "Percent Change":"-4.64 %",
        "Volume":"4,365.00"
    },
    {
        "Symbol":"UNLB",
        "Date":"2024-08-05",
        "Open":2289.0,
        "High":2400.0,
        "Low":2253.2,
        "Close":2370.0,
        "Percent Change":"3.54 %",
        "Volume":"3,458.00"
    },
    {
        "Symbol":"UNLB",
        "Date":"2024-08-01",
        "Open":2335.5,
        "High":2428.0,
        "Low":2245.1,
        "Close":2289.0,
        "Percent Change":"-3.94 %",
        "Volume":"4,161.00"
    },
    {
        "Symbol":"UNLB",
        "Date":"2024-07-31",
        "Open":2350.0,
        "High":2402.1,
        "Low":2300.2,
        "Close":2383.0,
        "Percent Change":"1.40 %",
        "Volume":"4,381.00"
    },
    {
        "Symbol":"UNLB",
        "Date":"2024-07-30",
        "Open":2270.0,
        "High":2360.0,
        "Low":2270.0,
        "Close":2350.0,
        "Percent Change":"1.56 %",
        "Volume":"2,063.00"
    },
    {
        "Symbol":"UNLB",
        "Date":"2024-07-29",
        "Open":2400.0,
        "High":2400.0,
        "Low":2300.0,
        "Close":2314.0,
        "Percent Change":"-4.50 %",
        "Volume":"5,949.00"
    },
    {
        "Symbol":"UNLB",
        "Date":"2024-07-28",
        "Open":2465.0,
        "High":2465.0,
        "Low":2324.0,
        "Close":2423.0,
        "Percent Change":"0.17 %",
        "Volume":"3,491.00"
    },
    {
        "Symbol":"UNLB",
        "Date":"2024-07-25",
        "Open":2264.0,
        "High":2420.0,
        "Low":2264.0,
        "Close":2419.0,
        "Percent Change":"8.96 %",
        "Volume":"8,831.00"
    },
    {
        "Symbol":"UNLB",
        "Date":"2024-07-24",
        "Open":2259.0,
        "High":2275.0,
        "Low":2190.3,
        "Close":2220.0,
        "Percent Change":"-0.67 %",
        "Volume":"2,099.00"
    },
    {
        "Symbol":"UNLB",
        "Date":"2024-07-23",
        "Open":2220.0,
        "High":2250.0,
        "Low":2171.0,
        "Close":2235.0,
        "Percent Change":"0.49 %",
        "Volume":"4,449.00"
    },
    {
        "Symbol":"UNLB",
        "Date":"2024-07-22",
        "Open":2205.0,
        "High":2250.0,
        "Low":2205.0,
        "Close":2224.0,
        "Percent Change":"-1.07 %",
        "Volume":"2,049.00"
    },
    {
        "Symbol":"UNLB",
        "Date":"2024-07-21",
        "Open":2229.0,
        "High":2392.0,
        "Low":2229.0,
        "Close":2248.0,
        "Percent Change":"-0.35 %",
        "Volume":"3,094.00"
    },
    {
        "Symbol":"UNLB",
        "Date":"2024-07-18",
        "Open":2250.2,
        "High":2340.9,
        "Low":2250.0,
        "Close":2256.0,
        "Percent Change":"1.17 %",
        "Volume":"6,567.00"
    },
    {
        "Symbol":"UNLB",
        "Date":"2024-07-17",
        "Open":2220.0,
        "High":2275.0,
        "Low":2176.0,
        "Close":2230.0,
        "Percent Change":"-0.89 %",
        "Volume":"2,123.00"
    },
    {
        "Symbol":"UNLB",
        "Date":"2024-07-16",
        "Open":2147.1,
        "High":2340.0,
        "Low":2145.0,
        "Close":2250.0,
        "Percent Change":"3.40 %",
        "Volume":"2,016.00"
    },
    {
        "Symbol":"UNLB",
        "Date":"2024-07-15",
        "Open":2190.0,
        "High":2299.0,
        "Low":2136.0,
        "Close":2176.0,
        "Percent Change":"-0.51 %",
        "Volume":"2,940.00"
    },
    {
        "Symbol":"UNLB",
        "Date":"2024-07-14",
        "Open":2209.0,
        "High":2298.1,
        "Low":2175.0,
        "Close":2187.1,
        "Percent Change":"-0.99 %",
        "Volume":"2,089.00"
    },
    {
        "Symbol":"UNLB",
        "Date":"2024-07-11",
        "Open":2250.0,
        "High":2280.0,
        "Low":2175.0,
        "Close":2209.0,
        "Percent Change":"-0.18 %",
        "Volume":"4,698.00"
    },
    {
        "Symbol":"UNLB",
        "Date":"2024-07-10",
        "Open":2248.0,
        "High":2295.0,
        "Low":2211.0,
        "Close":2213.0,
        "Percent Change":"0.14 %",
        "Volume":"3,469.00"
    },
    {
        "Symbol":"UNLB",
        "Date":"2024-07-09",
        "Open":2045.0,
        "High":2212.0,
        "Low":2004.1,
        "Close":2210.0,
        "Percent Change":"9.79 %",
        "Volume":"7,815.00"
    },
    {
        "Symbol":"UNLB",
        "Date":"2024-07-08",
        "Open":2040.0,
        "High":2045.0,
        "Low":2000.0,
        "Close":2013.0,
        "Percent Change":"-1.28 %",
        "Volume":"1,980.00"
    },
    {
        "Symbol":"UNLB",
        "Date":"2024-07-07",
        "Open":2060.0,
        "High":2065.0,
        "Low":1994.0,
        "Close":2039.0,
        "Percent Change":"0.69 %",
        "Volume":"4,990.00"
    },
    {
        "Symbol":"UNLB",
        "Date":"2024-07-04",
        "Open":2000.0,
        "High":2069.9,
        "Low":1972.1,
        "Close":2025.0,
        "Percent Change":"-0.74 %",
        "Volume":"855.00"
    },
    {
        "Symbol":"UNLB",
        "Date":"2024-07-03",
        "Open":2010.0,
        "High":2040.0,
        "Low":1987.3,
        "Close":2040.0,
        "Percent Change":"1.39 %",
        "Volume":"1,275.00"
    },
    {
        "Symbol":"UNLB",
        "Date":"2024-07-02",
        "Open":2027.0,
        "High":2185.0,
        "Low":1988.0,
        "Close":2012.1,
        "Percent Change":"1.21 %",
        "Volume":"2,663.00"
    },
    {
        "Symbol":"UNLB",
        "Date":"2024-07-01",
        "Open":1970.0,
        "High":1995.0,
        "Low":1962.0,
        "Close":1988.0,
        "Percent Change":"0.66 %",
        "Volume":"2,446.00"
    },
    {
        "Symbol":"UNLB",
        "Date":"2024-06-30",
        "Open":1956.0,
        "High":1995.1,
        "Low":1956.0,
        "Close":1975.0,
        "Percent Change":"-0.70 %",
        "Volume":"1,325.00"
    },
    {
        "Symbol":"UNLB",
        "Date":"2024-06-27",
        "Open":1978.0,
        "High":1989.0,
        "Low":1970.0,
        "Close":1989.0,
        "Percent Change":"0.39 %",
        "Volume":"578.00"
    },
    {
        "Symbol":"UNLB",
        "Date":"2024-06-26",
        "Open":1990.0,
        "High":2075.0,
        "Low":1981.0,
        "Close":1981.2,
        "Percent Change":"-1.29 %",
        "Volume":"1,130.00"
    },
    {
        "Symbol":"UNLB",
        "Date":"2024-06-25",
        "Open":2000.0,
        "High":2019.0,
        "Low":1990.0,
        "Close":2007.0,
        "Percent Change":"-0.64 %",
        "Volume":"1,170.00"
    },
    {
        "Symbol":"UNLB",
        "Date":"2024-06-24",
        "Open":2010.0,
        "High":2034.0,
        "Low":1985.0,
        "Close":2020.0,
        "Percent Change":"1.00 %",
        "Volume":"2,544.00"
    },
    {
        "Symbol":"UNLB",
        "Date":"2024-06-23",
        "Open":1975.0,
        "High":2020.0,
        "Low":1971.1,
        "Close":2000.0,
        "Percent Change":"0.00 %",
        "Volume":"1,749.00"
    },
    {
        "Symbol":"UNLB",
        "Date":"2024-06-20",
        "Open":2084.0,
        "High":2085.0,
        "Low":2000.0,
        "Close":2000.0,
        "Percent Change":"-2.20 %",
        "Volume":"3,246.00"
    },
    {
        "Symbol":"UNLB",
        "Date":"2024-06-19",
        "Open":1998.0,
        "High":2069.0,
        "Low":1998.0,
        "Close":2045.0,
        "Percent Change":"3.75 %",
        "Volume":"2,874.00"
    },
    {
        "Symbol":"UNLB",
        "Date":"2024-06-18",
        "Open":1967.1,
        "High":2035.0,
        "Low":1967.1,
        "Close":1971.1,
        "Percent Change":"-1.45 %",
        "Volume":"1,859.00"
    },
    {
        "Symbol":"UNLB",
        "Date":"2024-06-16",
        "Open":2001.1,
        "High":2036.0,
        "Low":1990.0,
        "Close":2000.0,
        "Percent Change":"-1.38 %",
        "Volume":"973.00"
    },
    {
        "Symbol":"UNLB",
        "Date":"2024-06-13",
        "Open":2025.0,
        "High":2050.0,
        "Low":1985.0,
        "Close":2028.0,
        "Percent Change":"0.74 %",
        "Volume":"2,410.00"
    },
    {
        "Symbol":"UNLB",
        "Date":"2024-06-12",
        "Open":2065.0,
        "High":2070.0,
        "Low":2003.0,
        "Close":2013.1,
        "Percent Change":"-0.83 %",
        "Volume":"3,827.00"
    },
    {
        "Symbol":"UNLB",
        "Date":"2024-06-11",
        "Open":1986.0,
        "High":2030.0,
        "Low":1986.0,
        "Close":2030.0,
        "Percent Change":"0.20 %",
        "Volume":"3,040.00"
    },
    {
        "Symbol":"UNLB",
        "Date":"2024-06-10",
        "Open":2009.0,
        "High":2026.0,
        "Low":1940.0,
        "Close":2026.0,
        "Percent Change":"2.84 %",
        "Volume":"1,192.00"
    },
    {
        "Symbol":"UNLB",
        "Date":"2024-06-09",
        "Open":1955.0,
        "High":2027.0,
        "Low":1955.0,
        "Close":1970.0,
        "Percent Change":"-1.20 %",
        "Volume":"2,971.00"
    },
    {
        "Symbol":"UNLB",
        "Date":"2024-06-06",
        "Open":2020.0,
        "High":2075.0,
        "Low":1990.0,
        "Close":1994.0,
        "Percent Change":"-0.30 %",
        "Volume":"3,087.00"
    },
    {
        "Symbol":"UNLB",
        "Date":"2024-06-05",
        "Open":2020.0,
        "High":2050.0,
        "Low":1951.0,
        "Close":2000.0,
        "Percent Change":"0.86 %",
        "Volume":"4,745.00"
    },
    {
        "Symbol":"UNLB",
        "Date":"2024-06-04",
        "Open":2040.0,
        "High":2040.0,
        "Low":1940.0,
        "Close":1983.0,
        "Percent Change":"-1.29 %",
        "Volume":"4,567.00"
    },
    {
        "Symbol":"UNLB",
        "Date":"2024-06-03",
        "Open":1938.0,
        "High":2038.0,
        "Low":1896.0,
        "Close":2009.0,
        "Percent Change":"3.61 %",
        "Volume":"4,880.00"
    },
    {
        "Symbol":"UNLB",
        "Date":"2024-06-02",
        "Open":1930.0,
        "High":1950.0,
        "Low":1891.1,
        "Close":1939.0,
        "Percent Change":"-0.05 %",
        "Volume":"1,525.00"
    },
    {
        "Symbol":"UNLB",
        "Date":"2024-05-30",
        "Open":1940.0,
        "High":1965.0,
        "Low":1882.0,
        "Close":1940.0,
        "Percent Change":"-1.97 %",
        "Volume":"15,034.00"
    },
    {
        "Symbol":"UNLB",
        "Date":"2024-05-29",
        "Open":2027.0,
        "High":2028.0,
        "Low":1956.0,
        "Close":1979.0,
        "Percent Change":"-0.50 %",
        "Volume":"860.00"
    },
    {
        "Symbol":"UNLB",
        "Date":"2024-05-27",
        "Open":1967.0,
        "High":2100.0,
        "Low":1928.5,
        "Close":1989.0,
        "Percent Change":"1.12 %",
        "Volume":"2,035.00"
    },
    {
        "Symbol":"UNLB",
        "Date":"2024-05-26",
        "Open":2000.0,
        "High":2006.0,
        "Low":1932.0,
        "Close":1967.0,
        "Percent Change":"0.00 %",
        "Volume":"2,687.00"
    },
    {
        "Symbol":"UNLB",
        "Date":"2024-05-22",
        "Open":2040.0,
        "High":2042.0,
        "Low":1965.0,
        "Close":1967.0,
        "Percent Change":"-1.75 %",
        "Volume":"2,079.00"
    },
    {
        "Symbol":"UNLB",
        "Date":"2024-05-21",
        "Open":2025.0,
        "High":2061.4,
        "Low":1982.1,
        "Close":2002.0,
        "Percent Change":"-0.83 %",
        "Volume":"3,771.00"
    },
    {
        "Symbol":"UNLB",
        "Date":"2024-05-20",
        "Open":2140.0,
        "High":2142.0,
        "Low":1971.0,
        "Close":2018.8,
        "Percent Change":"-5.66 %",
        "Volume":"7,032.00"
    },
    {
        "Symbol":"UNLB",
        "Date":"2024-05-19",
        "Open":2145.0,
        "High":2193.0,
        "Low":2006.0,
        "Close":2140.0,
        "Percent Change":"1.52 %",
        "Volume":"7,695.00"
    },
    {
        "Symbol":"UNLB",
        "Date":"2024-05-16",
        "Open":2080.9,
        "High":2193.0,
        "Low":2080.0,
        "Close":2108.0,
        "Percent Change":"3.33 %",
        "Volume":"6,052.00"
    },
    {
        "Symbol":"UNLB",
        "Date":"2024-05-15",
        "Open":1854.0,
        "High":2040.1,
        "Low":1850.0,
        "Close":2040.1,
        "Percent Change":"10.00 %",
        "Volume":"11,483.00"
    },
    {
        "Symbol":"UNLB",
        "Date":"2024-05-14",
        "Open":1715.0,
        "High":1854.7,
        "Low":1705.0,
        "Close":1854.7,
        "Percent Change":"10.00 %",
        "Volume":"12,551.00"
    },
    {
        "Symbol":"UNLB",
        "Date":"2024-05-13",
        "Open":1622.2,
        "High":1731.9,
        "Low":1622.2,
        "Close":1686.1,
        "Percent Change":"1.89 %",
        "Volume":"3,281.00"
    },
    {
        "Symbol":"UNLB",
        "Date":"2024-05-12",
        "Open":1697.0,
        "High":1697.0,
        "Low":1651.1,
        "Close":1654.9,
        "Percent Change":"-1.73 %",
        "Volume":"2,468.00"
    },
    {
        "Symbol":"UNLB",
        "Date":"2024-05-09",
        "Open":1690.0,
        "High":1690.0,
        "Low":1660.0,
        "Close":1684.0,
        "Percent Change":"-1.81 %",
        "Volume":"930.00"
    },
    {
        "Symbol":"UNLB",
        "Date":"2024-05-08",
        "Open":1646.2,
        "High":1719.0,
        "Low":1615.0,
        "Close":1715.0,
        "Percent Change":"6.26 %",
        "Volume":"6,631.00"
    },
    {
        "Symbol":"UNLB",
        "Date":"2024-05-07",
        "Open":1580.0,
        "High":1620.0,
        "Low":1580.0,
        "Close":1614.0,
        "Percent Change":"0.88 %",
        "Volume":"1,605.00"
    },
    {
        "Symbol":"UNLB",
        "Date":"2024-05-06",
        "Open":1602.0,
        "High":1629.0,
        "Low":1582.0,
        "Close":1600.0,
        "Percent Change":"-1.54 %",
        "Volume":"1,340.00"
    },
    {
        "Symbol":"UNLB",
        "Date":"2024-05-05",
        "Open":1610.0,
        "High":1660.0,
        "Low":1600.0,
        "Close":1625.0,
        "Percent Change":"0.31 %",
        "Volume":"3,711.00"
    },
    {
        "Symbol":"UNLB",
        "Date":"2024-05-02",
        "Open":1600.0,
        "High":1674.0,
        "Low":1600.0,
        "Close":1620.0,
        "Percent Change":"1.25 %",
        "Volume":"1,502.00"
    },
    {
        "Symbol":"UNLB",
        "Date":"2024-04-30",
        "Open":1580.4,
        "High":1615.0,
        "Low":1565.2,
        "Close":1600.0,
        "Percent Change":"-0.62 %",
        "Volume":"2,077.00"
    },
    {
        "Symbol":"UNLB",
        "Date":"2024-04-29",
        "Open":1600.2,
        "High":1610.0,
        "Low":1597.0,
        "Close":1610.0,
        "Percent Change":"-0.86 %",
        "Volume":"695.00"
    },
    {
        "Symbol":"UNLB",
        "Date":"2024-04-28",
        "Open":1586.0,
        "High":1660.0,
        "Low":1582.0,
        "Close":1624.0,
        "Percent Change":"2.40 %",
        "Volume":"1,860.00"
    },
    {
        "Symbol":"UNLB",
        "Date":"2024-04-25",
        "Open":1618.5,
        "High":1650.0,
        "Low":1586.0,
        "Close":1586.0,
        "Percent Change":"-3.81 %",
        "Volume":"895.00"
    },
    {
        "Symbol":"UNLB",
        "Date":"2024-04-24",
        "Open":1649.0,
        "High":1660.0,
        "Low":1600.0,
        "Close":1648.9,
        "Percent Change":"1.91 %",
        "Volume":"2,655.00"
    },
    {
        "Symbol":"UNLB",
        "Date":"2024-04-22",
        "Open":1605.0,
        "High":1669.0,
        "Low":1605.0,
        "Close":1618.0,
        "Percent Change":"0.81 %",
        "Volume":"2,040.00"
    },
    {
        "Symbol":"UNLB",
        "Date":"2024-04-21",
        "Open":1565.0,
        "High":1614.9,
        "Low":1565.0,
        "Close":1605.0,
        "Percent Change":"0.94 %",
        "Volume":"1,794.00"
    },
    {
        "Symbol":"UNLB",
        "Date":"2024-04-18",
        "Open":1609.0,
        "High":1630.0,
        "Low":1590.0,
        "Close":1590.0,
        "Percent Change":"-3.07 %",
        "Volume":"2,311.00"
    },
    {
        "Symbol":"UNLB",
        "Date":"2024-04-16",
        "Open":1685.0,
        "High":1685.0,
        "Low":1630.0,
        "Close":1640.3,
        "Percent Change":"-3.39 %",
        "Volume":"2,798.00"
    },
    {
        "Symbol":"UNLB",
        "Date":"2024-04-15",
        "Open":1720.0,
        "High":1779.0,
        "Low":1667.0,
        "Close":1697.9,
        "Percent Change":"-0.12 %",
        "Volume":"1,235.00"
    },
    {
        "Symbol":"UNLB",
        "Date":"2024-04-14",
        "Open":1630.0,
        "High":1768.6,
        "Low":1575.0,
        "Close":1700.0,
        "Percent Change":"4.29 %",
        "Volume":"2,758.00"
    },
    {
        "Symbol":"UNLB",
        "Date":"2024-04-10",
        "Open":1700.0,
        "High":1721.0,
        "Low":1615.2,
        "Close":1630.0,
        "Percent Change":"-3.44 %",
        "Volume":"1,360.00"
    },
    {
        "Symbol":"UNLB",
        "Date":"2024-04-09",
        "Open":1677.9,
        "High":1746.0,
        "Low":1652.5,
        "Close":1688.0,
        "Percent Change":"0.60 %",
        "Volume":"1,886.00"
    },
    {
        "Symbol":"UNLB",
        "Date":"2024-04-07",
        "Open":1635.0,
        "High":1677.9,
        "Low":1605.0,
        "Close":1677.9,
        "Percent Change":"2.62 %",
        "Volume":"2,891.00"
    },
    {
        "Symbol":"UNLB",
        "Date":"2024-04-04",
        "Open":1590.0,
        "High":1652.3,
        "Low":1590.0,
        "Close":1635.0,
        "Percent Change":"0.93 %",
        "Volume":"3,886.00"
    },
    {
        "Symbol":"UNLB",
        "Date":"2024-04-03",
        "Open":1625.0,
        "High":1629.9,
        "Low":1558.0,
        "Close":1620.0,
        "Percent Change":"0.00 %",
        "Volume":"2,243.00"
    },
    {
        "Symbol":"UNLB",
        "Date":"2024-04-02",
        "Open":1519.0,
        "High":1650.0,
        "Low":1519.0,
        "Close":1620.0,
        "Percent Change":"4.72 %",
        "Volume":"3,513.00"
    },
    {
        "Symbol":"UNLB",
        "Date":"2024-04-01",
        "Open":1540.0,
        "High":1570.1,
        "Low":1538.0,
        "Close":1547.0,
        "Percent Change":"-1.40 %",
        "Volume":"919.00"
    },
    {
        "Symbol":"UNLB",
        "Date":"2024-03-31",
        "Open":1625.0,
        "High":1625.0,
        "Low":1540.0,
        "Close":1569.0,
        "Percent Change":"-1.60 %",
        "Volume":"1,918.00"
    },
    {
        "Symbol":"UNLB",
        "Date":"2024-03-28",
        "Open":1526.0,
        "High":1599.0,
        "Low":1509.2,
        "Close":1594.5,
        "Percent Change":"4.54 %",
        "Volume":"11,208.00"
    },
    {
        "Symbol":"UNLB",
        "Date":"2024-03-27",
        "Open":1568.9,
        "High":1625.0,
        "Low":1523.0,
        "Close":1525.3,
        "Percent Change":"-0.95 %",
        "Volume":"4,348.00"
    },
    {
        "Symbol":"UNLB",
        "Date":"2024-03-26",
        "Open":1520.0,
        "High":1549.0,
        "Low":1490.0,
        "Close":1540.0,
        "Percent Change":"2.67 %",
        "Volume":"4,001.00"
    },
    {
        "Symbol":"UNLB",
        "Date":"2024-03-25",
        "Open":1618.9,
        "High":1618.9,
        "Low":1480.5,
        "Close":1500.0,
        "Percent Change":"-6.25 %",
        "Volume":"4,230.00"
    },
    {
        "Symbol":"UNLB",
        "Date":"2024-03-21",
        "Open":1620.0,
        "High":1620.0,
        "Low":1557.6,
        "Close":1600.0,
        "Percent Change":"-3.17 %",
        "Volume":"3,063.00"
    },
    {
        "Symbol":"UNLB",
        "Date":"2024-03-20",
        "Open":1610.0,
        "High":1690.0,
        "Low":1580.0,
        "Close":1652.4,
        "Percent Change":"4.65 %",
        "Volume":"6,688.00"
    },
    {
        "Symbol":"UNLB",
        "Date":"2024-03-19",
        "Open":1476.9,
        "High":1579.0,
        "Low":1455.0,
        "Close":1579.0,
        "Percent Change":"9.05 %",
        "Volume":"7,502.00"
    },
    {
        "Symbol":"UNLB",
        "Date":"2024-03-18",
        "Open":1450.0,
        "High":1479.9,
        "Low":1421.0,
        "Close":1448.0,
        "Percent Change":"0.21 %",
        "Volume":"3,427.00"
    },
    {
        "Symbol":"UNLB",
        "Date":"2024-03-17",
        "Open":1445.1,
        "High":1480.0,
        "Low":1435.0,
        "Close":1445.0,
        "Percent Change":"0.00 %",
        "Volume":"3,436.00"
    },
    {
        "Symbol":"UNLB",
        "Date":"2024-03-14",
        "Open":1490.0,
        "High":1490.0,
        "Low":1421.0,
        "Close":1445.0,
        "Percent Change":"-2.36 %",
        "Volume":"5,472.00"
    },
    {
        "Symbol":"UNLB",
        "Date":"2024-03-13",
        "Open":1483.0,
        "High":1484.0,
        "Low":1432.0,
        "Close":1480.0,
        "Percent Change":"1.79 %",
        "Volume":"2,603.00"
    },
    {
        "Symbol":"UNLB",
        "Date":"2024-03-12",
        "Open":1402.3,
        "High":1473.0,
        "Low":1402.3,
        "Close":1454.0,
        "Percent Change":"4.85 %",
        "Volume":"5,737.00"
    },
    {
        "Symbol":"UNLB",
        "Date":"2024-03-10",
        "Open":1339.9,
        "High":1397.0,
        "Low":1321.0,
        "Close":1386.8,
        "Percent Change":"5.46 %",
        "Volume":"3,426.00"
    },
    {
        "Symbol":"UNLB",
        "Date":"2024-03-07",
        "Open":1240.0,
        "High":1323.0,
        "Low":1240.0,
        "Close":1315.0,
        "Percent Change":"4.37 %",
        "Volume":"3,376.00"
    },
    {
        "Symbol":"UNLB",
        "Date":"2024-03-06",
        "Open":1220.0,
        "High":1260.0,
        "Low":1220.0,
        "Close":1260.0,
        "Percent Change":"3.11 %",
        "Volume":"1,855.00"
    },
    {
        "Symbol":"UNLB",
        "Date":"2024-03-05",
        "Open":1202.1,
        "High":1260.0,
        "Low":1202.1,
        "Close":1222.0,
        "Percent Change":"2.17 %",
        "Volume":"3,091.00"
    },
    {
        "Symbol":"UNLB",
        "Date":"2024-03-03",
        "Open":1209.0,
        "High":1210.0,
        "Low":1190.0,
        "Close":1196.0,
        "Percent Change":"-1.17 %",
        "Volume":"1,665.00"
    },
    {
        "Symbol":"UNLB",
        "Date":"2024-02-29",
        "Open":1211.0,
        "High":1235.1,
        "Low":1210.0,
        "Close":1210.2,
        "Percent Change":"-0.99 %",
        "Volume":"880.00"
    },
    {
        "Symbol":"UNLB",
        "Date":"2024-02-28",
        "Open":1220.0,
        "High":1254.0,
        "Low":1212.0,
        "Close":1222.3,
        "Percent Change":"-0.63 %",
        "Volume":"1,330.00"
    },
    {
        "Symbol":"UNLB",
        "Date":"2024-02-27",
        "Open":1240.0,
        "High":1290.0,
        "Low":1207.3,
        "Close":1230.0,
        "Percent Change":"1.07 %",
        "Volume":"1,486.00"
    },
    {
        "Symbol":"UNLB",
        "Date":"2024-02-26",
        "Open":1219.9,
        "High":1228.4,
        "Low":1207.0,
        "Close":1217.0,
        "Percent Change":"-0.08 %",
        "Volume":"1,715.00"
    },
    {
        "Symbol":"UNLB",
        "Date":"2024-02-25",
        "Open":1217.1,
        "High":1240.0,
        "Low":1217.1,
        "Close":1218.0,
        "Percent Change":"-1.14 %",
        "Volume":"805.00"
    },
    {
        "Symbol":"UNLB",
        "Date":"2024-02-22",
        "Open":1217.0,
        "High":1274.9,
        "Low":1217.0,
        "Close":1232.0,
        "Percent Change":"-0.08 %",
        "Volume":"1,480.00"
    },
    {
        "Symbol":"UNLB",
        "Date":"2024-02-21",
        "Open":1206.0,
        "High":1240.0,
        "Low":1206.0,
        "Close":1233.0,
        "Percent Change":"0.98 %",
        "Volume":"607.00"
    },
    {
        "Symbol":"UNLB",
        "Date":"2024-02-20",
        "Open":1226.0,
        "High":1254.0,
        "Low":1213.0,
        "Close":1221.0,
        "Percent Change":"-2.09 %",
        "Volume":"2,337.00"
    },
    {
        "Symbol":"UNLB",
        "Date":"2024-02-18",
        "Open":1242.0,
        "High":1260.0,
        "Low":1242.0,
        "Close":1247.0,
        "Percent Change":"-1.34 %",
        "Volume":"955.00"
    },
    {
        "Symbol":"UNLB",
        "Date":"2024-02-15",
        "Open":1261.0,
        "High":1297.0,
        "Low":1261.0,
        "Close":1264.0,
        "Percent Change":"0.24 %",
        "Volume":"2,469.00"
    },
    {
        "Symbol":"UNLB",
        "Date":"2024-02-14",
        "Open":1250.0,
        "High":1279.0,
        "Low":1250.0,
        "Close":1261.0,
        "Percent Change":"0.80 %",
        "Volume":"1,052.00"
    },
    {
        "Symbol":"UNLB",
        "Date":"2024-02-13",
        "Open":1261.4,
        "High":1300.0,
        "Low":1251.0,
        "Close":1251.0,
        "Percent Change":"-2.80 %",
        "Volume":"3,900.00"
    },
    {
        "Symbol":"UNLB",
        "Date":"2024-02-12",
        "Open":1250.1,
        "High":1290.5,
        "Low":1250.1,
        "Close":1287.0,
        "Percent Change":"1.57 %",
        "Volume":"2,240.00"
    },
    {
        "Symbol":"UNLB",
        "Date":"2024-02-11",
        "Open":1277.0,
        "High":1278.0,
        "Low":1255.0,
        "Close":1267.1,
        "Percent Change":"1.13 %",
        "Volume":"6,475.00"
    },
    {
        "Symbol":"UNLB",
        "Date":"2024-02-08",
        "Open":1254.0,
        "High":1255.0,
        "Low":1220.0,
        "Close":1253.0,
        "Percent Change":"1.87 %",
        "Volume":"3,650.00"
    },
    {
        "Symbol":"UNLB",
        "Date":"2024-02-07",
        "Open":1228.0,
        "High":1235.2,
        "Low":1206.0,
        "Close":1230.0,
        "Percent Change":"0.16 %",
        "Volume":"2,485.00"
    },
    {
        "Symbol":"UNLB",
        "Date":"2024-02-06",
        "Open":1249.0,
        "High":1249.0,
        "Low":1206.0,
        "Close":1228.0,
        "Percent Change":"-0.17 %",
        "Volume":"1,712.00"
    },
    {
        "Symbol":"UNLB",
        "Date":"2024-02-05",
        "Open":1227.5,
        "High":1302.0,
        "Low":1227.5,
        "Close":1230.1,
        "Percent Change":"2.21 %",
        "Volume":"7,851.00"
    },
    {
        "Symbol":"UNLB",
        "Date":"2024-02-04",
        "Open":1115.9,
        "High":1203.5,
        "Low":1115.9,
        "Close":1203.5,
        "Percent Change":"10.00 %",
        "Volume":"11,014.00"
    },
    {
        "Symbol":"UNLB",
        "Date":"2024-02-01",
        "Open":1123.0,
        "High":1123.0,
        "Low":1094.0,
        "Close":1094.1,
        "Percent Change":"-0.63 %",
        "Volume":"2,690.00"
    },
    {
        "Symbol":"UNLB",
        "Date":"2024-01-31",
        "Open":1119.0,
        "High":1132.0,
        "Low":1097.6,
        "Close":1101.0,
        "Percent Change":"-1.70 %",
        "Volume":"1,685.00"
    },
    {
        "Symbol":"UNLB",
        "Date":"2024-01-30",
        "Open":1125.0,
        "High":1147.6,
        "Low":1103.1,
        "Close":1120.0,
        "Percent Change":"1.53 %",
        "Volume":"4,774.00"
    },
    {
        "Symbol":"UNLB",
        "Date":"2024-01-29",
        "Open":1100.0,
        "High":1137.0,
        "Low":1100.0,
        "Close":1103.1,
        "Percent Change":"-1.07 %",
        "Volume":"1,115.00"
    },
    {
        "Symbol":"UNLB",
        "Date":"2024-01-28",
        "Open":1120.0,
        "High":1120.0,
        "Low":1084.0,
        "Close":1115.0,
        "Percent Change":"-0.09 %",
        "Volume":"2,451.00"
    },
    {
        "Symbol":"UNLB",
        "Date":"2024-01-25",
        "Open":1162.0,
        "High":1208.0,
        "Low":1094.0,
        "Close":1116.0,
        "Percent Change":"-2.10 %",
        "Volume":"488.00"
    },
    {
        "Symbol":"UNLB",
        "Date":"2024-01-24",
        "Open":1166.8,
        "High":1234.0,
        "Low":1111.0,
        "Close":1139.9,
        "Percent Change":"-0.36 %",
        "Volume":"745.00"
    },
    {
        "Symbol":"UNLB",
        "Date":"2024-01-23",
        "Open":1162.0,
        "High":1162.0,
        "Low":1095.4,
        "Close":1144.0,
        "Percent Change":"0.36 %",
        "Volume":"410.00"
    },
    {
        "Symbol":"UNLB",
        "Date":"2024-01-22",
        "Open":1198.0,
        "High":1198.0,
        "Low":1088.2,
        "Close":1139.9,
        "Percent Change":"-3.23 %",
        "Volume":"1,355.00"
    },
    {
        "Symbol":"UNLB",
        "Date":"2024-01-21",
        "Open":1190.0,
        "High":1205.0,
        "Low":1150.1,
        "Close":1178.0,
        "Percent Change":"0.68 %",
        "Volume":"3,700.00"
    },
    {
        "Symbol":"UNLB",
        "Date":"2024-01-18",
        "Open":1176.0,
        "High":1180.0,
        "Low":1146.1,
        "Close":1170.0,
        "Percent Change":"-2.50 %",
        "Volume":"2,029.00"
    },
    {
        "Symbol":"UNLB",
        "Date":"2024-01-17",
        "Open":1148.0,
        "High":1220.0,
        "Low":1148.0,
        "Close":1200.0,
        "Percent Change":"4.53 %",
        "Volume":"8,757.00"
    },
    {
        "Symbol":"UNLB",
        "Date":"2024-01-16",
        "Open":1139.3,
        "High":1208.0,
        "Low":1114.4,
        "Close":1148.0,
        "Percent Change":"2.78 %",
        "Volume":"3,047.00"
    },
    {
        "Symbol":"UNLB",
        "Date":"2024-01-14",
        "Open":1073.0,
        "High":1167.0,
        "Low":1073.0,
        "Close":1117.0,
        "Percent Change":"4.10 %",
        "Volume":"1,245.00"
    },
    {
        "Symbol":"UNLB",
        "Date":"2024-01-11",
        "Open":1120.0,
        "High":1142.0,
        "Low":1066.0,
        "Close":1073.0,
        "Percent Change":"-2.32 %",
        "Volume":"1,654.00"
    },
    {
        "Symbol":"UNLB",
        "Date":"2024-01-10",
        "Open":1111.8,
        "High":1156.0,
        "Low":1080.1,
        "Close":1098.5,
        "Percent Change":"0.78 %",
        "Volume":"6,984.00"
    },
    {
        "Symbol":"UNLB",
        "Date":"2024-01-09",
        "Open":1080.0,
        "High":1120.9,
        "Low":1070.0,
        "Close":1090.0,
        "Percent Change":"-0.82 %",
        "Volume":"1,502.00"
    },
    {
        "Symbol":"UNLB",
        "Date":"2024-01-08",
        "Open":1076.0,
        "High":1099.5,
        "Low":1076.0,
        "Close":1099.0,
        "Percent Change":"0.46 %",
        "Volume":"1,282.00"
    },
    {
        "Symbol":"UNLB",
        "Date":"2024-01-07",
        "Open":1098.6,
        "High":1110.1,
        "Low":1075.0,
        "Close":1094.0,
        "Percent Change":"-2.41 %",
        "Volume":"2,586.00"
    },
    {
        "Symbol":"UNLB",
        "Date":"2024-01-04",
        "Open":1111.0,
        "High":1150.0,
        "Low":1080.4,
        "Close":1121.0,
        "Percent Change":"-1.10 %",
        "Volume":"3,343.00"
    },
    {
        "Symbol":"UNLB",
        "Date":"2024-01-03",
        "Open":1091.8,
        "High":1145.0,
        "Low":1080.0,
        "Close":1133.5,
        "Percent Change":"1.75 %",
        "Volume":"1,277.00"
    },
    {
        "Symbol":"UNLB",
        "Date":"2024-01-02",
        "Open":1060.0,
        "High":1114.0,
        "Low":1060.0,
        "Close":1114.0,
        "Percent Change":"4.01 %",
        "Volume":"1,741.00"
    },
    {
        "Symbol":"UNLB",
        "Date":"2024-01-01",
        "Open":1120.0,
        "High":1121.0,
        "Low":1069.1,
        "Close":1071.0,
        "Percent Change":"-2.64 %",
        "Volume":"1,190.00"
    },
    {
        "Symbol":"UNLB",
        "Date":"2023-12-28",
        "Open":1061.3,
        "High":1101.0,
        "Low":1050.0,
        "Close":1100.0,
        "Percent Change":"1.85 %",
        "Volume":"4,110.00"
    },
    {
        "Symbol":"UNLB",
        "Date":"2023-12-27",
        "Open":1116.6,
        "High":1116.6,
        "Low":1065.0,
        "Close":1080.0,
        "Percent Change":"-3.28 %",
        "Volume":"2,064.00"
    },
    {
        "Symbol":"UNLB",
        "Date":"2023-12-24",
        "Open":1139.0,
        "High":1179.9,
        "Low":1116.6,
        "Close":1116.6,
        "Percent Change":"-2.04 %",
        "Volume":"3,792.00"
    },
    {
        "Symbol":"UNLB",
        "Date":"2023-12-21",
        "Open":1150.0,
        "High":1150.0,
        "Low":1105.0,
        "Close":1139.9,
        "Percent Change":"-2.83 %",
        "Volume":"1,699.00"
    },
    {
        "Symbol":"UNLB",
        "Date":"2023-12-20",
        "Open":1224.0,
        "High":1240.0,
        "Low":1138.0,
        "Close":1173.1,
        "Percent Change":"-2.24 %",
        "Volume":"3,481.00"
    },
    {
        "Symbol":"UNLB",
        "Date":"2023-12-19",
        "Open":1152.0,
        "High":1219.0,
        "Low":1110.0,
        "Close":1200.0,
        "Percent Change":"4.35 %",
        "Volume":"1,785.00"
    },
    {
        "Symbol":"UNLB",
        "Date":"2023-12-18",
        "Open":1060.0,
        "High":1150.0,
        "Low":1032.0,
        "Close":1150.0,
        "Percent Change":"8.08 %",
        "Volume":"3,196.00"
    },
    {
        "Symbol":"UNLB",
        "Date":"2023-12-17",
        "Open":996.0,
        "High":1064.0,
        "Low":996.0,
        "Close":1064.0,
        "Percent Change":"4.72 %",
        "Volume":"2,575.00"
    },
    {
        "Symbol":"UNLB",
        "Date":"2023-12-14",
        "Open":1010.0,
        "High":1044.9,
        "Low":1000.0,
        "Close":1016.0,
        "Percent Change":"0.59 %",
        "Volume":"670.00"
    },
    {
        "Symbol":"UNLB",
        "Date":"2023-12-13",
        "Open":984.9,
        "High":1072.0,
        "Low":984.9,
        "Close":1010.0,
        "Percent Change":"0.50 %",
        "Volume":"1,313.00"
    },
    {
        "Symbol":"UNLB",
        "Date":"2023-12-12",
        "Open":978.1,
        "High":1020.0,
        "Low":974.0,
        "Close":1005.0,
        "Percent Change":"0.70 %",
        "Volume":"1,520.00"
    },
    {
        "Symbol":"UNLB",
        "Date":"2023-12-11",
        "Open":1009.1,
        "High":1049.0,
        "Low":980.0,
        "Close":998.0,
        "Percent Change":"0.87 %",
        "Volume":"1,229.00"
    },
    {
        "Symbol":"UNLB",
        "Date":"2023-12-10",
        "Open":989.4,
        "High":989.4,
        "Low":989.4,
        "Close":989.4,
        "Percent Change":"2.00 %",
        "Volume":"10.00"
    },
    {
        "Symbol":"UNLB",
        "Date":"2023-12-07",
        "Open":940.0,
        "High":977.1,
        "Low":940.0,
        "Close":970.0,
        "Percent Change":"1.87 %",
        "Volume":"244.00"
    },
    {
        "Symbol":"UNLB",
        "Date":"2023-12-06",
        "Open":950.0,
        "High":965.0,
        "Low":934.0,
        "Close":952.2,
        "Percent Change":"0.23 %",
        "Volume":"400.00"
    },
    {
        "Symbol":"UNLB",
        "Date":"2023-12-05",
        "Open":944.0,
        "High":964.9,
        "Low":944.0,
        "Close":950.0,
        "Percent Change":"-1.25 %",
        "Volume":"496.00"
    },
    {
        "Symbol":"UNLB",
        "Date":"2023-12-04",
        "Open":922.0,
        "High":973.0,
        "Low":922.0,
        "Close":962.0,
        "Percent Change":"2.72 %",
        "Volume":"370.00"
    },
    {
        "Symbol":"UNLB",
        "Date":"2023-12-03",
        "Open":944.0,
        "High":945.0,
        "Low":930.1,
        "Close":936.5,
        "Percent Change":"-0.96 %",
        "Volume":"265.00"
    },
    {
        "Symbol":"UNLB",
        "Date":"2023-11-30",
        "Open":950.0,
        "High":970.0,
        "Low":941.0,
        "Close":945.6,
        "Percent Change":"-0.98 %",
        "Volume":"700.00"
    },
    {
        "Symbol":"UNLB",
        "Date":"2023-11-29",
        "Open":970.0,
        "High":975.0,
        "Low":951.0,
        "Close":955.0,
        "Percent Change":"-1.34 %",
        "Volume":"623.00"
    },
    {
        "Symbol":"UNLB",
        "Date":"2023-11-28",
        "Open":970.0,
        "High":990.0,
        "Low":960.0,
        "Close":968.0,
        "Percent Change":"-1.22 %",
        "Volume":"333.00"
    },
    {
        "Symbol":"UNLB",
        "Date":"2023-11-27",
        "Open":1000.0,
        "High":1000.0,
        "Low":962.4,
        "Close":980.0,
        "Percent Change":"-1.41 %",
        "Volume":"265.00"
    },
    {
        "Symbol":"UNLB",
        "Date":"2023-11-26",
        "Open":960.4,
        "High":999.6,
        "Low":947.0,
        "Close":994.0,
        "Percent Change":"1.43 %",
        "Volume":"1,010.00"
    },
    {
        "Symbol":"UNLB",
        "Date":"2023-11-23",
        "Open":981.0,
        "High":991.0,
        "Low":960.0,
        "Close":980.0,
        "Percent Change":"1.87 %",
        "Volume":"516.00"
    },
    {
        "Symbol":"UNLB",
        "Date":"2023-11-22",
        "Open":935.1,
        "High":969.1,
        "Low":932.0,
        "Close":962.0,
        "Percent Change":"1.25 %",
        "Volume":"930.00"
    },
    {
        "Symbol":"UNLB",
        "Date":"2023-11-21",
        "Open":990.0,
        "High":1003.0,
        "Low":941.0,
        "Close":950.1,
        "Percent Change":"-5.93 %",
        "Volume":"1,316.00"
    },
    {
        "Symbol":"UNLB",
        "Date":"2023-11-20",
        "Open":1020.0,
        "High":1020.0,
        "Low":996.0,
        "Close":1010.0,
        "Percent Change":"-1.75 %",
        "Volume":"750.00"
    },
    {
        "Symbol":"UNLB",
        "Date":"2023-11-09",
        "Open":1013.1,
        "High":1030.0,
        "Low":1013.1,
        "Close":1028.0,
        "Percent Change":"-0.19 %",
        "Volume":"420.00"
    },
    {
        "Symbol":"UNLB",
        "Date":"2023-11-08",
        "Open":1011.0,
        "High":1050.0,
        "Low":1011.0,
        "Close":1030.0,
        "Percent Change":"0.00 %",
        "Volume":"523.00"
    },
    {
        "Symbol":"UNLB",
        "Date":"2023-11-07",
        "Open":1023.1,
        "High":1040.0,
        "Low":1023.1,
        "Close":1030.0,
        "Percent Change":"0.78 %",
        "Volume":"260.00"
    },
    {
        "Symbol":"UNLB",
        "Date":"2023-11-06",
        "Open":1012.1,
        "High":1035.0,
        "Low":1012.0,
        "Close":1022.0,
        "Percent Change":"0.98 %",
        "Volume":"405.00"
    },
    {
        "Symbol":"UNLB",
        "Date":"2023-11-05",
        "Open":1015.1,
        "High":1025.0,
        "Low":1005.0,
        "Close":1012.1,
        "Percent Change":"-2.21 %",
        "Volume":"360.00"
    },
    {
        "Symbol":"UNLB",
        "Date":"2023-11-02",
        "Open":1032.1,
        "High":1052.0,
        "Low":1032.1,
        "Close":1035.0,
        "Percent Change":"-0.58 %",
        "Volume":"600.00"
    },
    {
        "Symbol":"UNLB",
        "Date":"2023-11-01",
        "Open":1033.0,
        "High":1060.0,
        "Low":1033.0,
        "Close":1041.0,
        "Percent Change":"-0.17 %",
        "Volume":"665.00"
    },
    {
        "Symbol":"UNLB",
        "Date":"2023-10-31",
        "Open":1030.0,
        "High":1052.0,
        "Low":1030.0,
        "Close":1042.8,
        "Percent Change":"-0.21 %",
        "Volume":"519.00"
    },
    {
        "Symbol":"UNLB",
        "Date":"2023-10-30",
        "Open":1032.0,
        "High":1070.0,
        "Low":1032.0,
        "Close":1045.0,
        "Percent Change":"-0.48 %",
        "Volume":"212.00"
    },
    {
        "Symbol":"UNLB",
        "Date":"2023-10-29",
        "Open":1041.0,
        "High":1070.0,
        "Low":1031.2,
        "Close":1050.0,
        "Percent Change":"-1.13 %",
        "Volume":"505.00"
    },
    {
        "Symbol":"UNLB",
        "Date":"2023-10-19",
        "Open":1080.0,
        "High":1081.2,
        "Low":1061.0,
        "Close":1062.0,
        "Percent Change":"-1.78 %",
        "Volume":"235.00"
    },
    {
        "Symbol":"UNLB",
        "Date":"2023-10-18",
        "Open":1030.0,
        "High":1081.2,
        "Low":1025.0,
        "Close":1081.2,
        "Percent Change":"4.97 %",
        "Volume":"280.00"
    },
    {
        "Symbol":"UNLB",
        "Date":"2023-10-17",
        "Open":1040.0,
        "High":1050.0,
        "Low":1023.0,
        "Close":1030.0,
        "Percent Change":"0.00 %",
        "Volume":"500.00"
    },
    {
        "Symbol":"UNLB",
        "Date":"2023-10-16",
        "Open":1025.0,
        "High":1030.0,
        "Low":1016.0,
        "Close":1030.0,
        "Percent Change":"-0.39 %",
        "Volume":"700.00"
    },
    {
        "Symbol":"UNLB",
        "Date":"2023-10-12",
        "Open":1051.7,
        "High":1071.0,
        "Low":1021.0,
        "Close":1034.0,
        "Percent Change":"-3.63 %",
        "Volume":"1,100.00"
    },
    {
        "Symbol":"UNLB",
        "Date":"2023-10-11",
        "Open":1055.0,
        "High":1079.0,
        "Low":1053.1,
        "Close":1073.0,
        "Percent Change":"1.42 %",
        "Volume":"525.00"
    },
    {
        "Symbol":"UNLB",
        "Date":"2023-10-10",
        "Open":1060.0,
        "High":1075.0,
        "Low":1055.1,
        "Close":1058.0,
        "Percent Change":"-1.12 %",
        "Volume":"530.00"
    },
    {
        "Symbol":"UNLB",
        "Date":"2023-10-09",
        "Open":1065.0,
        "High":1070.0,
        "Low":1061.0,
        "Close":1070.0,
        "Percent Change":"-0.47 %",
        "Volume":"628.00"
    },
    {
        "Symbol":"UNLB",
        "Date":"2023-10-08",
        "Open":1078.0,
        "High":1080.9,
        "Low":1065.0,
        "Close":1075.0,
        "Percent Change":"-2.18 %",
        "Volume":"894.00"
    },
    {
        "Symbol":"UNLB",
        "Date":"2023-10-05",
        "Open":1096.5,
        "High":1106.0,
        "Low":1088.0,
        "Close":1099.0,
        "Percent Change":"-1.61 %",
        "Volume":"997.00"
    },
    {
        "Symbol":"UNLB",
        "Date":"2023-10-04",
        "Open":1110.0,
        "High":1127.0,
        "Low":1095.0,
        "Close":1117.0,
        "Percent Change":"0.18 %",
        "Volume":"2,970.00"
    },
    {
        "Symbol":"UNLB",
        "Date":"2023-10-03",
        "Open":1120.3,
        "High":1128.0,
        "Low":1070.0,
        "Close":1115.0,
        "Percent Change":"-1.33 %",
        "Volume":"6,293.00"
    },
    {
        "Symbol":"UNLB",
        "Date":"2023-10-02",
        "Open":1111.0,
        "High":1140.0,
        "Low":1111.0,
        "Close":1130.0,
        "Percent Change":"0.13 %",
        "Volume":"835.00"
    },
    {
        "Symbol":"UNLB",
        "Date":"2023-10-01",
        "Open":1125.0,
        "High":1135.0,
        "Low":1117.0,
        "Close":1128.5,
        "Percent Change":"-0.57 %",
        "Volume":"1,002.00"
    },
    {
        "Symbol":"UNLB",
        "Date":"2023-09-27",
        "Open":1137.0,
        "High":1138.0,
        "Low":1121.0,
        "Close":1135.0,
        "Percent Change":"-2.16 %",
        "Volume":"555.00"
    },
    {
        "Symbol":"UNLB",
        "Date":"2023-09-26",
        "Open":1121.1,
        "High":1162.0,
        "Low":1121.1,
        "Close":1160.0,
        "Percent Change":"1.75 %",
        "Volume":"1,298.00"
    },
    {
        "Symbol":"UNLB",
        "Date":"2023-09-25",
        "Open":1130.0,
        "High":1169.9,
        "Low":1125.2,
        "Close":1140.0,
        "Percent Change":"-0.87 %",
        "Volume":"890.00"
    },
    {
        "Symbol":"UNLB",
        "Date":"2023-09-24",
        "Open":1120.0,
        "High":1177.0,
        "Low":1120.0,
        "Close":1150.0,
        "Percent Change":"0.70 %",
        "Volume":"1,000.00"
    },
    {
        "Symbol":"UNLB",
        "Date":"2023-09-21",
        "Open":1145.4,
        "High":1168.0,
        "Low":1123.0,
        "Close":1142.0,
        "Percent Change":"1.69 %",
        "Volume":"1,344.00"
    },
    {
        "Symbol":"UNLB",
        "Date":"2023-09-19",
        "Open":1163.0,
        "High":1200.0,
        "Low":1116.0,
        "Close":1123.0,
        "Percent Change":"-1.66 %",
        "Volume":"565.00"
    },
    {
        "Symbol":"UNLB",
        "Date":"2023-09-18",
        "Open":1098.0,
        "High":1207.0,
        "Low":1096.0,
        "Close":1142.0,
        "Percent Change":"4.01 %",
        "Volume":"1,454.00"
    },
    {
        "Symbol":"UNLB",
        "Date":"2023-09-17",
        "Open":1035.0,
        "High":1106.7,
        "Low":1035.0,
        "Close":1098.0,
        "Percent Change":"4.08 %",
        "Volume":"1,876.00"
    },
    {
        "Symbol":"UNLB",
        "Date":"2023-09-13",
        "Open":1016.0,
        "High":1061.0,
        "Low":1010.0,
        "Close":1055.0,
        "Percent Change":"3.84 %",
        "Volume":"591.00"
    },
    {
        "Symbol":"UNLB",
        "Date":"2023-09-12",
        "Open":1025.1,
        "High":1030.0,
        "Low":1015.0,
        "Close":1016.0,
        "Percent Change":"-2.78 %",
        "Volume":"410.00"
    },
    {
        "Symbol":"UNLB",
        "Date":"2023-09-11",
        "Open":1007.0,
        "High":1045.0,
        "Low":996.1,
        "Close":1045.0,
        "Percent Change":"3.67 %",
        "Volume":"780.00"
    },
    {
        "Symbol":"UNLB",
        "Date":"2023-09-10",
        "Open":1015.0,
        "High":1023.0,
        "Low":999.0,
        "Close":1008.0,
        "Percent Change":"-1.48 %",
        "Volume":"936.00"
    },
    {
        "Symbol":"UNLB",
        "Date":"2023-09-07",
        "Open":1021.0,
        "High":1040.0,
        "Low":1021.0,
        "Close":1023.1,
        "Percent Change":"-1.63 %",
        "Volume":"610.00"
    },
    {
        "Symbol":"UNLB",
        "Date":"2023-09-05",
        "Open":1050.0,
        "High":1052.6,
        "Low":1032.0,
        "Close":1040.0,
        "Percent Change":"-2.80 %",
        "Volume":"475.00"
    },
    {
        "Symbol":"UNLB",
        "Date":"2023-09-04",
        "Open":1047.7,
        "High":1070.0,
        "Low":1042.0,
        "Close":1070.0,
        "Percent Change":"0.09 %",
        "Volume":"870.00"
    },
    {
        "Symbol":"UNLB",
        "Date":"2023-09-03",
        "Open":1084.1,
        "High":1084.1,
        "Low":1050.1,
        "Close":1069.0,
        "Percent Change":"-3.26 %",
        "Volume":"660.00"
    },
    {
        "Symbol":"UNLB",
        "Date":"2023-08-30",
        "Open":1088.0,
        "High":1106.7,
        "Low":1080.0,
        "Close":1105.0,
        "Percent Change":"-0.45 %",
        "Volume":"1,217.00"
    },
    {
        "Symbol":"UNLB",
        "Date":"2023-08-29",
        "Open":1091.1,
        "High":1110.0,
        "Low":1091.1,
        "Close":1110.0,
        "Percent Change":"0.00 %",
        "Volume":"650.00"
    },
    {
        "Symbol":"UNLB",
        "Date":"2023-08-28",
        "Open":1112.5,
        "High":1135.0,
        "Low":1094.0,
        "Close":1110.0,
        "Percent Change":"-2.20 %",
        "Volume":"860.00"
    },
    {
        "Symbol":"UNLB",
        "Date":"2023-08-27",
        "Open":1156.4,
        "High":1156.4,
        "Low":1097.6,
        "Close":1135.0,
        "Percent Change":"-3.81 %",
        "Volume":"1,548.00"
    },
    {
        "Symbol":"UNLB",
        "Date":"2023-08-24",
        "Open":1157.0,
        "High":1180.0,
        "Low":1105.0,
        "Close":1180.0,
        "Percent Change":"0.43 %",
        "Volume":"3,697.00"
    },
    {
        "Symbol":"UNLB",
        "Date":"2023-08-23",
        "Open":1150.0,
        "High":1190.0,
        "Low":1150.0,
        "Close":1175.0,
        "Percent Change":"0.43 %",
        "Volume":"595.00"
    },
    {
        "Symbol":"UNLB",
        "Date":"2023-08-22",
        "Open":1180.0,
        "High":1203.6,
        "Low":1165.0,
        "Close":1170.0,
        "Percent Change":"-1.27 %",
        "Volume":"475.00"
    },
    {
        "Symbol":"UNLB",
        "Date":"2023-08-21",
        "Open":1205.1,
        "High":1215.0,
        "Low":1185.0,
        "Close":1185.0,
        "Percent Change":"-3.50 %",
        "Volume":"550.00"
    },
    {
        "Symbol":"UNLB",
        "Date":"2023-08-20",
        "Open":1200.0,
        "High":1244.4,
        "Low":1181.0,
        "Close":1228.0,
        "Percent Change":"0.66 %",
        "Volume":"1,580.00"
    },
    {
        "Symbol":"UNLB",
        "Date":"2023-08-17",
        "Open":1160.0,
        "High":1269.9,
        "Low":1160.0,
        "Close":1220.0,
        "Percent Change":"4.72 %",
        "Volume":"1,790.00"
    },
    {
        "Symbol":"UNLB",
        "Date":"2023-08-16",
        "Open":1155.0,
        "High":1165.0,
        "Low":1155.0,
        "Close":1165.0,
        "Percent Change":"0.09 %",
        "Volume":"820.00"
    },
    {
        "Symbol":"UNLB",
        "Date":"2023-08-15",
        "Open":1152.2,
        "High":1175.0,
        "Low":1150.0,
        "Close":1164.0,
        "Percent Change":"0.43 %",
        "Volume":"1,230.00"
    },
    {
        "Symbol":"UNLB",
        "Date":"2023-08-14",
        "Open":1136.0,
        "High":1172.0,
        "Low":1133.5,
        "Close":1159.0,
        "Percent Change":"0.26 %",
        "Volume":"1,245.00"
    },
    {
        "Symbol":"UNLB",
        "Date":"2023-08-13",
        "Open":1162.0,
        "High":1166.0,
        "Low":1145.0,
        "Close":1156.0,
        "Percent Change":"-2.45 %",
        "Volume":"1,050.00"
    },
    {
        "Symbol":"UNLB",
        "Date":"2023-08-10",
        "Open":1225.0,
        "High":1249.5,
        "Low":1167.0,
        "Close":1185.0,
        "Percent Change":"-2.31 %",
        "Volume":"680.00"
    },
    {
        "Symbol":"UNLB",
        "Date":"2023-08-09",
        "Open":1151.0,
        "High":1217.0,
        "Low":1145.0,
        "Close":1213.0,
        "Percent Change":"3.47 %",
        "Volume":"1,353.00"
    },
    {
        "Symbol":"UNLB",
        "Date":"2023-08-08",
        "Open":1171.5,
        "High":1190.0,
        "Low":1167.1,
        "Close":1172.3,
        "Percent Change":"-1.40 %",
        "Volume":"930.00"
    },
    {
        "Symbol":"UNLB",
        "Date":"2023-08-07",
        "Open":1177.0,
        "High":1209.0,
        "Low":1176.2,
        "Close":1189.0,
        "Percent Change":"-0.59 %",
        "Volume":"1,210.00"
    },
    {
        "Symbol":"UNLB",
        "Date":"2023-08-06",
        "Open":1212.0,
        "High":1220.0,
        "Low":1194.0,
        "Close":1196.0,
        "Percent Change":"-3.08 %",
        "Volume":"1,390.00"
    },
    {
        "Symbol":"UNLB",
        "Date":"2023-08-03",
        "Open":1225.6,
        "High":1275.0,
        "Low":1225.6,
        "Close":1234.0,
        "Percent Change":"-1.28 %",
        "Volume":"785.00"
    },
    {
        "Symbol":"UNLB",
        "Date":"2023-08-02",
        "Open":1246.5,
        "High":1260.0,
        "Low":1241.3,
        "Close":1250.0,
        "Percent Change":"-0.79 %",
        "Volume":"1,425.00"
    },
    {
        "Symbol":"UNLB",
        "Date":"2023-08-01",
        "Open":1293.0,
        "High":1300.0,
        "Low":1255.0,
        "Close":1260.0,
        "Percent Change":"-2.48 %",
        "Volume":"955.00"
    },
    {
        "Symbol":"UNLB",
        "Date":"2023-07-31",
        "Open":1279.0,
        "High":1310.0,
        "Low":1279.0,
        "Close":1292.0,
        "Percent Change":"-0.92 %",
        "Volume":"955.00"
    },
    {
        "Symbol":"UNLB",
        "Date":"2023-07-30",
        "Open":1343.0,
        "High":1343.0,
        "Low":1280.0,
        "Close":1304.0,
        "Percent Change":"-0.96 %",
        "Volume":"1,882.00"
    },
    {
        "Symbol":"UNLB",
        "Date":"2023-07-27",
        "Open":1370.0,
        "High":1371.9,
        "Low":1313.0,
        "Close":1316.7,
        "Percent Change":"-2.18 %",
        "Volume":"1,540.00"
    },
    {
        "Symbol":"UNLB",
        "Date":"2023-07-26",
        "Open":1369.0,
        "High":1369.0,
        "Low":1317.2,
        "Close":1346.0,
        "Percent Change":"0.22 %",
        "Volume":"2,075.00"
    },
    {
        "Symbol":"UNLB",
        "Date":"2023-07-25",
        "Open":1318.0,
        "High":1359.0,
        "Low":1318.0,
        "Close":1343.0,
        "Percent Change":"-0.01 %",
        "Volume":"2,027.00"
    },
    {
        "Symbol":"UNLB",
        "Date":"2023-07-24",
        "Open":1352.2,
        "High":1379.0,
        "Low":1341.0,
        "Close":1343.1,
        "Percent Change":"-2.60 %",
        "Volume":"1,164.00"
    },
    {
        "Symbol":"UNLB",
        "Date":"2023-07-23",
        "Open":1314.3,
        "High":1390.0,
        "Low":1314.0,
        "Close":1379.0,
        "Percent Change":"3.61 %",
        "Volume":"3,806.00"
    },
    {
        "Symbol":"UNLB",
        "Date":"2023-07-20",
        "Open":1314.3,
        "High":1360.0,
        "Low":1314.3,
        "Close":1331.0,
        "Percent Change":"-0.75 %",
        "Volume":"1,945.00"
    },
    {
        "Symbol":"UNLB",
        "Date":"2023-07-19",
        "Open":1329.0,
        "High":1355.0,
        "Low":1327.9,
        "Close":1341.0,
        "Percent Change":"-1.03 %",
        "Volume":"1,740.00"
    },
    {
        "Symbol":"UNLB",
        "Date":"2023-07-18",
        "Open":1330.0,
        "High":1375.0,
        "Low":1323.0,
        "Close":1355.0,
        "Percent Change":"1.88 %",
        "Volume":"2,909.00"
    },
    {
        "Symbol":"UNLB",
        "Date":"2023-07-17",
        "Open":1292.0,
        "High":1340.0,
        "Low":1292.0,
        "Close":1330.0,
        "Percent Change":"0.91 %",
        "Volume":"1,325.00"
    },
    {
        "Symbol":"UNLB",
        "Date":"2023-07-16",
        "Open":1350.0,
        "High":1365.0,
        "Low":1313.0,
        "Close":1318.0,
        "Percent Change":"-1.57 %",
        "Volume":"1,550.00"
    },
    {
        "Symbol":"UNLB",
        "Date":"2023-07-13",
        "Open":1320.0,
        "High":1400.7,
        "Low":1302.0,
        "Close":1339.0,
        "Percent Change":"1.44 %",
        "Volume":"2,782.00"
    },
    {
        "Symbol":"UNLB",
        "Date":"2023-07-12",
        "Open":1312.0,
        "High":1321.0,
        "Low":1293.0,
        "Close":1320.0,
        "Percent Change":"0.61 %",
        "Volume":"1,660.00"
    },
    {
        "Symbol":"UNLB",
        "Date":"2023-07-11",
        "Open":1317.0,
        "High":1335.0,
        "Low":1292.0,
        "Close":1312.0,
        "Percent Change":"-0.31 %",
        "Volume":"2,050.00"
    },
    {
        "Symbol":"UNLB",
        "Date":"2023-07-10",
        "Open":1300.0,
        "High":1341.0,
        "Low":1300.0,
        "Close":1316.1,
        "Percent Change":"0.47 %",
        "Volume":"3,652.00"
    },
    {
        "Symbol":"UNLB",
        "Date":"2023-07-09",
        "Open":1301.0,
        "High":1326.0,
        "Low":1275.0,
        "Close":1310.0,
        "Percent Change":"1.08 %",
        "Volume":"2,520.00"
    },
    {
        "Symbol":"UNLB",
        "Date":"2023-07-06",
        "Open":1293.0,
        "High":1320.0,
        "Low":1293.0,
        "Close":1296.0,
        "Percent Change":"-0.31 %",
        "Volume":"3,289.00"
    },
    {
        "Symbol":"UNLB",
        "Date":"2023-07-05",
        "Open":1291.3,
        "High":1310.0,
        "Low":1291.3,
        "Close":1300.0,
        "Percent Change":"0.00 %",
        "Volume":"2,500.00"
    },
    {
        "Symbol":"UNLB",
        "Date":"2023-07-04",
        "Open":1276.0,
        "High":1326.0,
        "Low":1276.0,
        "Close":1300.0,
        "Percent Change":"0.00 %",
        "Volume":"2,140.00"
    },
    {
        "Symbol":"UNLB",
        "Date":"2023-07-03",
        "Open":1300.0,
        "High":1325.0,
        "Low":1280.0,
        "Close":1300.0,
        "Percent Change":"-1.16 %",
        "Volume":"2,997.00"
    },
    {
        "Symbol":"UNLB",
        "Date":"2023-07-02",
        "Open":1375.0,
        "High":1375.0,
        "Low":1310.1,
        "Close":1315.3,
        "Percent Change":"-4.34 %",
        "Volume":"4,340.00"
    },
    {
        "Symbol":"UNLB",
        "Date":"2023-06-28",
        "Open":1447.3,
        "High":1485.0,
        "Low":1348.0,
        "Close":1375.0,
        "Percent Change":"-3.10 %",
        "Volume":"9,656.00"
    },
    {
        "Symbol":"UNLB",
        "Date":"2023-06-27",
        "Open":1291.2,
        "High":1419.0,
        "Low":1291.2,
        "Close":1419.0,
        "Percent Change":"10.00 %",
        "Volume":"4,592.00"
    },
    {
        "Symbol":"UNLB",
        "Date":"2023-06-26",
        "Open":1218.0,
        "High":1305.0,
        "Low":1216.0,
        "Close":1290.0,
        "Percent Change":"4.03 %",
        "Volume":"7,318.00"
    },
    {
        "Symbol":"UNLB",
        "Date":"2023-06-25",
        "Open":1233.9,
        "High":1258.6,
        "Low":1186.0,
        "Close":1240.0,
        "Percent Change":"-1.51 %",
        "Volume":"7,247.00"
    },
    {
        "Symbol":"UNLB",
        "Date":"2023-06-22",
        "Open":1250.0,
        "High":1265.0,
        "Low":1196.0,
        "Close":1259.0,
        "Percent Change":"1.21 %",
        "Volume":"5,967.00"
    },
    {
        "Symbol":"UNLB",
        "Date":"2023-06-21",
        "Open":1198.5,
        "High":1245.0,
        "Low":1105.0,
        "Close":1244.0,
        "Percent Change":"1.73 %",
        "Volume":"17,910.00"
    },
    {
        "Symbol":"UNLB",
        "Date":"2023-06-20",
        "Open":1332.0,
        "High":1332.0,
        "Low":1222.9,
        "Close":1222.9,
        "Percent Change":"-9.99 %",
        "Volume":"1,840.00"
    },
    {
        "Symbol":"UNLB",
        "Date":"2023-06-19",
        "Open":1490.0,
        "High":1490.0,
        "Low":1358.7,
        "Close":1358.7,
        "Percent Change":"-10.00 %",
        "Volume":"1,325.00"
    },
    {
        "Symbol":"UNLB",
        "Date":"2023-06-18",
        "Open":1458.6,
        "High":1513.0,
        "Low":1455.3,
        "Close":1509.6,
        "Percent Change":"5.57 %",
        "Volume":"315.00"
    },
    {
        "Symbol":"UNLB",
        "Date":"2023-06-15",
        "Open":1430.0,
        "High":1435.0,
        "Low":1430.0,
        "Close":1430.0,
        "Percent Change":"0.00 %",
        "Volume":"50.00"
    },
    {
        "Symbol":"UNLB",
        "Date":"2023-06-14",
        "Open":1406.3,
        "High":1452.4,
        "Low":1405.0,
        "Close":1430.0,
        "Percent Change":"3.71 %",
        "Volume":"287.00"
    },
    {
        "Symbol":"UNLB",
        "Date":"2023-06-13",
        "Open":1380.0,
        "High":1435.0,
        "Low":1378.9,
        "Close":1378.9,
        "Percent Change":"-0.08 %",
        "Volume":"125.00"
    },
    {
        "Symbol":"UNLB",
        "Date":"2023-06-12",
        "Open":1405.1,
        "High":1405.1,
        "Low":1380.0,
        "Close":1380.0,
        "Percent Change":"-3.50 %",
        "Volume":"50.00"
    },
    {
        "Symbol":"UNLB",
        "Date":"2023-06-11",
        "Open":1398.0,
        "High":1430.0,
        "Low":1364.0,
        "Close":1430.0,
        "Percent Change":"2.29 %",
        "Volume":"115.00"
    },
    {
        "Symbol":"UNLB",
        "Date":"2023-06-08",
        "Open":1379.4,
        "High":1406.9,
        "Low":1379.0,
        "Close":1398.0,
        "Percent Change":"3.33 %",
        "Volume":"134.00"
    },
    {
        "Symbol":"UNLB",
        "Date":"2023-06-07",
        "Open":1254.6,
        "High":1353.0,
        "Low":1254.6,
        "Close":1353.0,
        "Percent Change":"10.00 %",
        "Volume":"245.00"
    },
    {
        "Symbol":"UNLB",
        "Date":"2023-06-06",
        "Open":1251.0,
        "High":1251.0,
        "Low":1230.0,
        "Close":1230.0,
        "Percent Change":"-1.68 %",
        "Volume":"20.00"
    },
    {
        "Symbol":"UNLB",
        "Date":"2023-06-05",
        "Open":1250.0,
        "High":1345.0,
        "Low":1250.0,
        "Close":1251.0,
        "Percent Change":"-1.88 %",
        "Volume":"130.00"
    },
    {
        "Symbol":"UNLB",
        "Date":"2023-06-04",
        "Open":1250.0,
        "High":1275.0,
        "Low":1250.0,
        "Close":1275.0,
        "Percent Change":"3.66 %",
        "Volume":"30.00"
    },
    {
        "Symbol":"UNLB",
        "Date":"2023-06-01",
        "Open":1205.0,
        "High":1252.0,
        "Low":1205.0,
        "Close":1230.0,
        "Percent Change":"0.15 %",
        "Volume":"105.00"
    },
    {
        "Symbol":"UNLB",
        "Date":"2023-05-31",
        "Open":1313.2,
        "High":1313.2,
        "Low":1228.1,
        "Close":1228.1,
        "Percent Change":"-8.35 %",
        "Volume":"388.00"
    },
    {
        "Symbol":"UNLB",
        "Date":"2023-05-30",
        "Open":1340.0,
        "High":1340.0,
        "Low":1340.0,
        "Close":1340.0,
        "Percent Change":"0.00 %",
        "Volume":"10.00"
    },
    {
        "Symbol":"UNLB",
        "Date":"2023-05-28",
        "Open":1362.8,
        "High":1362.8,
        "Low":1335.6,
        "Close":1340.0,
        "Percent Change":"0.07 %",
        "Volume":"60.00"
    },
    {
        "Symbol":"UNLB",
        "Date":"2023-05-24",
        "Open":1346.0,
        "High":1366.0,
        "Low":1320.0,
        "Close":1339.0,
        "Percent Change":"1.44 %",
        "Volume":"725.00"
    },
    {
        "Symbol":"UNLB",
        "Date":"2023-05-23",
        "Open":1326.0,
        "High":1340.1,
        "Low":1320.0,
        "Close":1320.0,
        "Percent Change":"1.54 %",
        "Volume":"394.00"
    },
    {
        "Symbol":"UNLB",
        "Date":"2023-05-22",
        "Open":1332.0,
        "High":1332.0,
        "Low":1300.0,
        "Close":1300.0,
        "Percent Change":"-2.40 %",
        "Volume":"119.00"
    },
    {
        "Symbol":"UNLB",
        "Date":"2023-05-21",
        "Open":1326.0,
        "High":1332.0,
        "Low":1326.0,
        "Close":1332.0,
        "Percent Change":"2.46 %",
        "Volume":"35.00"
    },
    {
        "Symbol":"UNLB",
        "Date":"2023-05-18",
        "Open":1350.0,
        "High":1350.0,
        "Low":1300.0,
        "Close":1300.0,
        "Percent Change":"-1.89 %",
        "Volume":"370.00"
    },
    {
        "Symbol":"UNLB",
        "Date":"2023-05-17",
        "Open":1377.0,
        "High":1377.0,
        "Low":1321.0,
        "Close":1325.0,
        "Percent Change":"-5.36 %",
        "Volume":"341.00"
    },
    {
        "Symbol":"UNLB",
        "Date":"2023-05-16",
        "Open":1410.0,
        "High":1410.0,
        "Low":1400.0,
        "Close":1400.0,
        "Percent Change":"-0.71 %",
        "Volume":"55.00"
    },
    {
        "Symbol":"UNLB",
        "Date":"2023-05-15",
        "Open":1411.0,
        "High":1420.0,
        "Low":1410.0,
        "Close":1410.0,
        "Percent Change":"-0.01 %",
        "Volume":"40.00"
    },
    {
        "Symbol":"UNLB",
        "Date":"2023-05-14",
        "Open":1435.8,
        "High":1464.0,
        "Low":1430.0,
        "Close":1430.0,
        "Percent Change":"-2.38 %",
        "Volume":"55.00"
    },
    {
        "Symbol":"UNLB",
        "Date":"2023-05-11",
        "Open":1465.0,
        "High":1465.0,
        "Low":1408.0,
        "Close":1464.8,
        "Percent Change":"-1.95 %",
        "Volume":"145.00"
    },
    {
        "Symbol":"UNLB",
        "Date":"2023-05-10",
        "Open":1494.0,
        "High":1541.5,
        "Low":1494.0,
        "Close":1494.0,
        "Percent Change":"-1.14 %",
        "Volume":"170.00"
    },
    {
        "Symbol":"UNLB",
        "Date":"2023-05-09",
        "Open":1621.9,
        "High":1621.9,
        "Low":1511.3,
        "Close":1511.3,
        "Percent Change":"-8.68 %",
        "Volume":"552.00"
    },
    {
        "Symbol":"UNLB",
        "Date":"2023-05-08",
        "Open":1609.4,
        "High":1655.0,
        "Low":1520.0,
        "Close":1655.0,
        "Percent Change":"0.78 %",
        "Volume":"115.00"
    },
    {
        "Symbol":"UNLB",
        "Date":"2023-05-07",
        "Open":1590.0,
        "High":1642.2,
        "Low":1552.3,
        "Close":1642.2,
        "Percent Change":"2.00 %",
        "Volume":"100.00"
    },
    {
        "Symbol":"UNLB",
        "Date":"2023-05-04",
        "Open":1591.8,
        "High":1610.0,
        "Low":1591.2,
        "Close":1610.0,
        "Percent Change":"1.26 %",
        "Volume":"187.00"
    },
    {
        "Symbol":"UNLB",
        "Date":"2023-05-03",
        "Open":1615.0,
        "High":1615.0,
        "Low":1590.0,
        "Close":1590.0,
        "Percent Change":"-1.55 %",
        "Volume":"40.00"
    },
    {
        "Symbol":"UNLB",
        "Date":"2023-05-02",
        "Open":1611.1,
        "High":1615.0,
        "Low":1609.0,
        "Close":1615.0,
        "Percent Change":"-0.31 %",
        "Volume":"153.00"
    },
    {
        "Symbol":"UNLB",
        "Date":"2023-04-30",
        "Open":1590.0,
        "High":1620.0,
        "Low":1586.0,
        "Close":1620.0,
        "Percent Change":"0.31 %",
        "Volume":"70.00"
    },
    {
        "Symbol":"UNLB",
        "Date":"2023-04-27",
        "Open":1630.0,
        "High":1630.0,
        "Low":1615.0,
        "Close":1615.0,
        "Percent Change":"-1.16 %",
        "Volume":"20.00"
    },
    {
        "Symbol":"UNLB",
        "Date":"2023-04-26",
        "Open":1637.0,
        "High":1637.0,
        "Low":1605.0,
        "Close":1634.0,
        "Percent Change":"1.81 %",
        "Volume":"59.00"
    },
    {
        "Symbol":"UNLB",
        "Date":"2023-04-25",
        "Open":1605.0,
        "High":1605.0,
        "Low":1605.0,
        "Close":1605.0,
        "Percent Change":"-0.37 %",
        "Volume":"20.00"
    },
    {
        "Symbol":"UNLB",
        "Date":"2023-04-24",
        "Open":1630.0,
        "High":1630.1,
        "Low":1611.0,
        "Close":1611.0,
        "Percent Change":"-0.56 %",
        "Volume":"530.00"
    },
    {
        "Symbol":"UNLB",
        "Date":"2023-04-23",
        "Open":1561.0,
        "High":1623.8,
        "Low":1561.0,
        "Close":1620.0,
        "Percent Change":"1.73 %",
        "Volume":"70.00"
    },
    {
        "Symbol":"UNLB",
        "Date":"2023-04-20",
        "Open":1625.0,
        "High":1625.0,
        "Low":1592.5,
        "Close":1592.5,
        "Percent Change":"-2.00 %",
        "Volume":"25.00"
    },
    {
        "Symbol":"UNLB",
        "Date":"2023-04-19",
        "Open":1599.0,
        "High":1625.0,
        "Low":1599.0,
        "Close":1625.0,
        "Percent Change":"2.39 %",
        "Volume":"75.00"
    },
    {
        "Symbol":"UNLB",
        "Date":"2023-04-18",
        "Open":1608.2,
        "High":1660.0,
        "Low":1587.0,
        "Close":1587.0,
        "Percent Change":"-3.29 %",
        "Volume":"356.00"
    },
    {
        "Symbol":"UNLB",
        "Date":"2023-04-17",
        "Open":1641.5,
        "High":1641.5,
        "Low":1581.1,
        "Close":1641.0,
        "Percent Change":"-0.03 %",
        "Volume":"128.00"
    },
    {
        "Symbol":"UNLB",
        "Date":"2023-04-16",
        "Open":1710.0,
        "High":1710.0,
        "Low":1641.5,
        "Close":1641.5,
        "Percent Change":"-4.01 %",
        "Volume":"165.00"
    },
    {
        "Symbol":"UNLB",
        "Date":"2023-04-13",
        "Open":1700.0,
        "High":1710.0,
        "Low":1632.0,
        "Close":1710.0,
        "Percent Change":"1.74 %",
        "Volume":"91.00"
    },
    {
        "Symbol":"UNLB",
        "Date":"2023-04-12",
        "Open":1664.0,
        "High":1715.0,
        "Low":1616.0,
        "Close":1680.7,
        "Percent Change":"2.92 %",
        "Volume":"785.00"
    },
    {
        "Symbol":"UNLB",
        "Date":"2023-04-11",
        "Open":1520.0,
        "High":1642.0,
        "Low":1520.0,
        "Close":1633.0,
        "Percent Change":"7.43 %",
        "Volume":"345.00"
    },
    {
        "Symbol":"UNLB",
        "Date":"2023-04-10",
        "Open":1550.0,
        "High":1550.0,
        "Low":1515.1,
        "Close":1520.0,
        "Percent Change":"-3.06 %",
        "Volume":"430.00"
    },
    {
        "Symbol":"UNLB",
        "Date":"2023-04-09",
        "Open":1600.0,
        "High":1600.0,
        "Low":1568.0,
        "Close":1568.0,
        "Percent Change":"-2.00 %",
        "Volume":"30.00"
    },
    {
        "Symbol":"UNLB",
        "Date":"2023-04-06",
        "Open":1605.0,
        "High":1605.0,
        "Low":1600.0,
        "Close":1600.0,
        "Percent Change":"-0.31 %",
        "Volume":"36.00"
    },
    {
        "Symbol":"UNLB",
        "Date":"2023-04-05",
        "Open":1550.0,
        "High":1605.0,
        "Low":1550.0,
        "Close":1605.0,
        "Percent Change":"2.69 %",
        "Volume":"570.00"
    },
    {
        "Symbol":"UNLB",
        "Date":"2023-04-04",
        "Open":1620.0,
        "High":1620.0,
        "Low":1563.0,
        "Close":1563.0,
        "Percent Change":"-1.70 %",
        "Volume":"124.00"
    },
    {
        "Symbol":"UNLB",
        "Date":"2023-04-03",
        "Open":1557.1,
        "High":1590.0,
        "Low":1557.0,
        "Close":1590.0,
        "Percent Change":"0.13 %",
        "Volume":"100.00"
    },
    {
        "Symbol":"UNLB",
        "Date":"2023-04-02",
        "Open":1620.0,
        "High":1619.7,
        "Low":1588.0,
        "Close":1588.0,
        "Percent Change":"-1.98 %",
        "Volume":"40.00"
    },
    {
        "Symbol":"UNLB",
        "Date":"2023-03-30",
        "Open":1670.0,
        "High":1688.0,
        "Low":1619.0,
        "Close":1620.0,
        "Percent Change":"-2.64 %",
        "Volume":"350.00"
    },
    {
        "Symbol":"UNLB",
        "Date":"2023-03-29",
        "Open":1700.0,
        "High":1700.0,
        "Low":1600.4,
        "Close":1664.0,
        "Percent Change":"-2.12 %",
        "Volume":"406.00"
    },
    {
        "Symbol":"UNLB",
        "Date":"2023-03-28",
        "Open":1580.0,
        "High":1720.9,
        "Low":1570.0,
        "Close":1700.0,
        "Percent Change":"7.08 %",
        "Volume":"315.00"
    },
    {
        "Symbol":"UNLB",
        "Date":"2023-03-27",
        "Open":1587.6,
        "High":1587.6,
        "Low":1465.2,
        "Close":1587.6,
        "Percent Change":"-2.00 %",
        "Volume":"512.00"
    },
    {
        "Symbol":"UNLB",
        "Date":"2023-03-26",
        "Open":1764.0,
        "High":1764.0,
        "Low":1620.0,
        "Close":1620.0,
        "Percent Change":"-10.00 %",
        "Volume":"1,050.00"
    },
    {
        "Symbol":"UNLB",
        "Date":"2023-03-23",
        "Open":1910.0,
        "High":1911.0,
        "Low":1783.0,
        "Close":1800.0,
        "Percent Change":"-7.46 %",
        "Volume":"1,677.00"
    },
    {
        "Symbol":"UNLB",
        "Date":"2023-03-22",
        "Open":1941.0,
        "High":2135.1,
        "Low":1940.4,
        "Close":1945.0,
        "Percent Change":"0.21 %",
        "Volume":"2,879.00"
    },
    {
        "Symbol":"UNLB",
        "Date":"2023-03-20",
        "Open":1799.8,
        "High":1941.0,
        "Low":1799.8,
        "Close":1941.0,
        "Percent Change":"10.00 %",
        "Volume":"621.00"
    },
    {
        "Symbol":"UNLB",
        "Date":"2023-03-19",
        "Open":1604.2,
        "High":1764.6,
        "Low":1604.2,
        "Close":1764.6,
        "Percent Change":"10.00 %",
        "Volume":"900.00"
    },
    {
        "Symbol":"UNLB",
        "Date":"2023-03-16",
        "Open":1458.4,
        "High":1604.2,
        "Low":1458.4,
        "Close":1604.2,
        "Percent Change":"10.00 %",
        "Volume":"347.00"
    },
    {
        "Symbol":"UNLB",
        "Date":"2023-03-15",
        "Open":1352.4,
        "High":1458.4,
        "Low":1352.4,
        "Close":1458.4,
        "Percent Change":"9.99 %",
        "Volume":"150.00"
    },
    {
        "Symbol":"UNLB",
        "Date":"2023-03-14",
        "Open":1229.5,
        "High":1325.9,
        "Low":1229.5,
        "Close":1325.9,
        "Percent Change":"10.00 %",
        "Volume":"155.00"
    },
    {
        "Symbol":"UNLB",
        "Date":"2023-03-13",
        "Open":1158.7,
        "High":1205.4,
        "Low":1158.7,
        "Close":1205.4,
        "Percent Change":"4.03 %",
        "Volume":"60.00"
    },
    {
        "Symbol":"UNLB",
        "Date":"2023-03-12",
        "Open":1136.0,
        "High":1158.7,
        "Low":1136.0,
        "Close":1158.7,
        "Percent Change":"4.03 %",
        "Volume":"35.00"
    },
    {
        "Symbol":"UNLB",
        "Date":"2023-03-09",
        "Open":1092.0,
        "High":1113.8,
        "Low":1092.0,
        "Close":1113.8,
        "Percent Change":"2.00 %",
        "Volume":"20.00"
    },
    {
        "Symbol":"UNLB",
        "Date":"2023-03-07",
        "Open":1070.6,
        "High":1092.0,
        "Low":1070.6,
        "Close":1092.0,
        "Percent Change":"2.00 %",
        "Volume":"35.00"
    },
    {
        "Symbol":"UNLB",
        "Date":"2023-03-05",
        "Open":1029.2,
        "High":1070.6,
        "Low":1029.2,
        "Close":1070.6,
        "Percent Change":"4.02 %",
        "Volume":"145.00"
    },
    {
        "Symbol":"UNLB",
        "Date":"2023-03-02",
        "Open":989.4,
        "High":1029.2,
        "Low":989.4,
        "Close":1029.2,
        "Percent Change":"4.02 %",
        "Volume":"45.00"
    },
    {
        "Symbol":"UNLB",
        "Date":"2023-03-01",
        "Open":989.4,
        "High":989.4,
        "Low":989.4,
        "Close":989.4,
        "Percent Change":"0.00 %",
        "Volume":"10.00"
    },
    {
        "Symbol":"UNLB",
        "Date":"2023-02-28",
        "Open":989.4,
        "High":989.4,
        "Low":989.4,
        "Close":989.4,
        "Percent Change":"0.00 %",
        "Volume":"20.00"
    }
]