[
    {
        "Symbol":"PHCL",
        "Date":"2024-08-11",
        "Open":428.0,
        "High":454.9,
        "Low":422.0,
        "Close":442.1,
        "Percent Change":"3.29 %",
        "Volume":"139,257.00"
    },
    {
        "Symbol":"PHCL",
        "Date":"2024-08-08",
        "Open":430.0,
        "High":437.0,
        "Low":420.1,
        "Close":428.0,
        "Percent Change":"-0.47 %",
        "Volume":"174,682.00"
    },
    {
        "Symbol":"PHCL",
        "Date":"2024-08-07",
        "Open":401.0,
        "High":430.0,
        "Low":397.0,
        "Close":430.0,
        "Percent Change":"6.70 %",
        "Volume":"89,165.00"
    },
    {
        "Symbol":"PHCL",
        "Date":"2024-08-06",
        "Open":435.0,
        "High":441.1,
        "Low":397.0,
        "Close":403.0,
        "Percent Change":"-8.41 %",
        "Volume":"113,008.00"
    },
    {
        "Symbol":"PHCL",
        "Date":"2024-08-05",
        "Open":422.4,
        "High":449.4,
        "Low":411.7,
        "Close":440.0,
        "Percent Change":"2.09 %",
        "Volume":"187,907.00"
    },
    {
        "Symbol":"PHCL",
        "Date":"2024-08-01",
        "Open":464.9,
        "High":464.9,
        "Low":430.0,
        "Close":431.0,
        "Percent Change":"-9.13 %",
        "Volume":"225,272.00"
    },
    {
        "Symbol":"PHCL",
        "Date":"2024-07-31",
        "Open":460.0,
        "High":489.0,
        "Low":435.0,
        "Close":474.3,
        "Percent Change":"4.24 %",
        "Volume":"244,030.00"
    },
    {
        "Symbol":"PHCL",
        "Date":"2024-07-30",
        "Open":431.4,
        "High":468.0,
        "Low":431.4,
        "Close":455.0,
        "Percent Change":"3.41 %",
        "Volume":"161,103.00"
    },
    {
        "Symbol":"PHCL",
        "Date":"2024-07-29",
        "Open":420.0,
        "High":449.0,
        "Low":417.2,
        "Close":440.0,
        "Percent Change":"3.70 %",
        "Volume":"176,854.00"
    },
    {
        "Symbol":"PHCL",
        "Date":"2024-07-28",
        "Open":416.1,
        "High":424.3,
        "Low":400.0,
        "Close":424.3,
        "Percent Change":"4.00 %",
        "Volume":"142,550.00"
    },
    {
        "Symbol":"PHCL",
        "Date":"2024-07-25",
        "Open":417.0,
        "High":417.0,
        "Low":397.0,
        "Close":408.0,
        "Percent Change":"-0.24 %",
        "Volume":"192,600.00"
    },
    {
        "Symbol":"PHCL",
        "Date":"2024-07-24",
        "Open":424.1,
        "High":432.0,
        "Low":406.0,
        "Close":409.0,
        "Percent Change":"-3.54 %",
        "Volume":"142,666.00"
    },
    {
        "Symbol":"PHCL",
        "Date":"2024-07-23",
        "Open":390.0,
        "High":426.0,
        "Low":385.1,
        "Close":424.0,
        "Percent Change":"8.72 %",
        "Volume":"156,823.00"
    },
    {
        "Symbol":"PHCL",
        "Date":"2024-07-22",
        "Open":370.0,
        "High":397.5,
        "Low":366.0,
        "Close":390.0,
        "Percent Change":"6.56 %",
        "Volume":"248,448.00"
    },
    {
        "Symbol":"PHCL",
        "Date":"2024-07-21",
        "Open":351.0,
        "High":379.4,
        "Low":342.3,
        "Close":366.0,
        "Percent Change":"3.10 %",
        "Volume":"256,616.00"
    },
    {
        "Symbol":"PHCL",
        "Date":"2024-07-18",
        "Open":349.8,
        "High":374.0,
        "Low":335.3,
        "Close":355.0,
        "Percent Change":"1.72 %",
        "Volume":"171,154.00"
    },
    {
        "Symbol":"PHCL",
        "Date":"2024-07-17",
        "Open":346.0,
        "High":351.8,
        "Low":335.2,
        "Close":349.0,
        "Percent Change":"1.60 %",
        "Volume":"139,239.00"
    },
    {
        "Symbol":"PHCL",
        "Date":"2024-07-16",
        "Open":317.6,
        "High":351.8,
        "Low":317.4,
        "Close":343.5,
        "Percent Change":"7.38 %",
        "Volume":"107,164.00"
    },
    {
        "Symbol":"PHCL",
        "Date":"2024-07-15",
        "Open":327.4,
        "High":333.5,
        "Low":316.0,
        "Close":319.9,
        "Percent Change":"-0.34 %",
        "Volume":"38,656.00"
    },
    {
        "Symbol":"PHCL",
        "Date":"2024-07-14",
        "Open":323.2,
        "High":328.0,
        "Low":316.0,
        "Close":321.0,
        "Percent Change":"1.29 %",
        "Volume":"38,727.00"
    },
    {
        "Symbol":"PHCL",
        "Date":"2024-07-11",
        "Open":310.0,
        "High":318.9,
        "Low":308.0,
        "Close":316.9,
        "Percent Change":"2.89 %",
        "Volume":"65,892.00"
    },
    {
        "Symbol":"PHCL",
        "Date":"2024-07-10",
        "Open":306.2,
        "High":311.7,
        "Low":306.2,
        "Close":308.0,
        "Percent Change":"0.65 %",
        "Volume":"37,076.00"
    },
    {
        "Symbol":"PHCL",
        "Date":"2024-07-09",
        "Open":302.3,
        "High":310.0,
        "Low":302.3,
        "Close":306.0,
        "Percent Change":"0.00 %",
        "Volume":"19,289.00"
    },
    {
        "Symbol":"PHCL",
        "Date":"2024-07-08",
        "Open":301.9,
        "High":320.0,
        "Low":301.9,
        "Close":306.0,
        "Percent Change":"-0.65 %",
        "Volume":"20,223.00"
    },
    {
        "Symbol":"PHCL",
        "Date":"2024-07-07",
        "Open":308.0,
        "High":314.0,
        "Low":307.8,
        "Close":308.0,
        "Percent Change":"-0.65 %",
        "Volume":"34,829.00"
    },
    {
        "Symbol":"PHCL",
        "Date":"2024-07-04",
        "Open":303.0,
        "High":318.0,
        "Low":303.0,
        "Close":310.0,
        "Percent Change":"0.81 %",
        "Volume":"31,979.00"
    },
    {
        "Symbol":"PHCL",
        "Date":"2024-07-03",
        "Open":306.1,
        "High":312.3,
        "Low":306.0,
        "Close":307.5,
        "Percent Change":"-1.44 %",
        "Volume":"20,632.00"
    },
    {
        "Symbol":"PHCL",
        "Date":"2024-07-02",
        "Open":311.1,
        "High":324.6,
        "Low":305.0,
        "Close":312.0,
        "Percent Change":"2.30 %",
        "Volume":"37,507.00"
    },
    {
        "Symbol":"PHCL",
        "Date":"2024-07-01",
        "Open":303.2,
        "High":312.0,
        "Low":303.2,
        "Close":305.0,
        "Percent Change":"-0.97 %",
        "Volume":"22,215.00"
    },
    {
        "Symbol":"PHCL",
        "Date":"2024-06-30",
        "Open":305.0,
        "High":312.0,
        "Low":302.0,
        "Close":308.0,
        "Percent Change":"0.98 %",
        "Volume":"18,625.00"
    },
    {
        "Symbol":"PHCL",
        "Date":"2024-06-27",
        "Open":313.0,
        "High":318.0,
        "Low":304.0,
        "Close":305.0,
        "Percent Change":"-2.87 %",
        "Volume":"41,990.00"
    },
    {
        "Symbol":"PHCL",
        "Date":"2024-06-26",
        "Open":312.0,
        "High":332.0,
        "Low":310.0,
        "Close":314.0,
        "Percent Change":"0.29 %",
        "Volume":"31,758.00"
    },
    {
        "Symbol":"PHCL",
        "Date":"2024-06-25",
        "Open":319.0,
        "High":324.9,
        "Low":313.0,
        "Close":313.1,
        "Percent Change":"-1.85 %",
        "Volume":"35,042.00"
    },
    {
        "Symbol":"PHCL",
        "Date":"2024-06-24",
        "Open":314.7,
        "High":339.0,
        "Low":314.7,
        "Close":319.0,
        "Percent Change":"-0.65 %",
        "Volume":"42,554.00"
    },
    {
        "Symbol":"PHCL",
        "Date":"2024-06-23",
        "Open":320.1,
        "High":330.0,
        "Low":316.2,
        "Close":321.1,
        "Percent Change":"-1.50 %",
        "Volume":"22,928.00"
    },
    {
        "Symbol":"PHCL",
        "Date":"2024-06-20",
        "Open":317.6,
        "High":336.9,
        "Low":317.6,
        "Close":326.0,
        "Percent Change":"0.62 %",
        "Volume":"62,270.00"
    },
    {
        "Symbol":"PHCL",
        "Date":"2024-06-19",
        "Open":325.2,
        "High":329.4,
        "Low":312.7,
        "Close":324.0,
        "Percent Change":"1.60 %",
        "Volume":"56,091.00"
    },
    {
        "Symbol":"PHCL",
        "Date":"2024-06-18",
        "Open":318.0,
        "High":324.0,
        "Low":313.0,
        "Close":318.9,
        "Percent Change":"-1.51 %",
        "Volume":"82,731.00"
    },
    {
        "Symbol":"PHCL",
        "Date":"2024-06-16",
        "Open":325.0,
        "High":339.0,
        "Low":320.0,
        "Close":323.8,
        "Percent Change":"-2.18 %",
        "Volume":"71,461.00"
    },
    {
        "Symbol":"PHCL",
        "Date":"2024-06-13",
        "Open":320.0,
        "High":332.0,
        "Low":317.2,
        "Close":331.0,
        "Percent Change":"3.44 %",
        "Volume":"82,329.00"
    },
    {
        "Symbol":"PHCL",
        "Date":"2024-06-12",
        "Open":320.0,
        "High":332.4,
        "Low":315.0,
        "Close":320.0,
        "Percent Change":"0.00 %",
        "Volume":"68,019.00"
    },
    {
        "Symbol":"PHCL",
        "Date":"2024-06-11",
        "Open":306.2,
        "High":325.0,
        "Low":303.0,
        "Close":320.0,
        "Percent Change":"6.60 %",
        "Volume":"124,025.00"
    },
    {
        "Symbol":"PHCL",
        "Date":"2024-06-10",
        "Open":298.0,
        "High":310.9,
        "Low":297.2,
        "Close":300.2,
        "Percent Change":"0.03 %",
        "Volume":"30,719.00"
    },
    {
        "Symbol":"PHCL",
        "Date":"2024-06-09",
        "Open":300.0,
        "High":306.0,
        "Low":299.0,
        "Close":300.1,
        "Percent Change":"-0.27 %",
        "Volume":"22,531.00"
    },
    {
        "Symbol":"PHCL",
        "Date":"2024-06-06",
        "Open":301.0,
        "High":309.4,
        "Low":297.0,
        "Close":300.9,
        "Percent Change":"-1.54 %",
        "Volume":"28,707.00"
    },
    {
        "Symbol":"PHCL",
        "Date":"2024-06-05",
        "Open":313.0,
        "High":313.0,
        "Low":302.0,
        "Close":305.6,
        "Percent Change":"-1.42 %",
        "Volume":"24,910.00"
    },
    {
        "Symbol":"PHCL",
        "Date":"2024-06-04",
        "Open":313.1,
        "High":313.1,
        "Low":306.9,
        "Close":310.0,
        "Percent Change":"0.98 %",
        "Volume":"32,981.00"
    },
    {
        "Symbol":"PHCL",
        "Date":"2024-06-03",
        "Open":300.0,
        "High":314.8,
        "Low":300.0,
        "Close":307.0,
        "Percent Change":"0.66 %",
        "Volume":"54,088.00"
    },
    {
        "Symbol":"PHCL",
        "Date":"2024-06-02",
        "Open":290.1,
        "High":305.0,
        "Low":290.1,
        "Close":305.0,
        "Percent Change":"3.39 %",
        "Volume":"28,670.00"
    },
    {
        "Symbol":"PHCL",
        "Date":"2024-05-30",
        "Open":287.0,
        "High":300.0,
        "Low":287.0,
        "Close":295.0,
        "Percent Change":"1.03 %",
        "Volume":"27,310.00"
    },
    {
        "Symbol":"PHCL",
        "Date":"2024-05-29",
        "Open":293.0,
        "High":298.8,
        "Low":289.0,
        "Close":292.0,
        "Percent Change":"1.00 %",
        "Volume":"18,380.00"
    },
    {
        "Symbol":"PHCL",
        "Date":"2024-05-27",
        "Open":290.0,
        "High":295.9,
        "Low":286.3,
        "Close":289.1,
        "Percent Change":"-0.34 %",
        "Volume":"8,078.00"
    },
    {
        "Symbol":"PHCL",
        "Date":"2024-05-26",
        "Open":300.0,
        "High":300.0,
        "Low":290.1,
        "Close":290.1,
        "Percent Change":"-3.30 %",
        "Volume":"14,137.00"
    },
    {
        "Symbol":"PHCL",
        "Date":"2024-05-22",
        "Open":307.0,
        "High":307.0,
        "Low":297.4,
        "Close":300.0,
        "Percent Change":"-2.28 %",
        "Volume":"19,067.00"
    },
    {
        "Symbol":"PHCL",
        "Date":"2024-05-21",
        "Open":298.0,
        "High":308.0,
        "Low":293.1,
        "Close":307.0,
        "Percent Change":"4.42 %",
        "Volume":"31,008.00"
    },
    {
        "Symbol":"PHCL",
        "Date":"2024-05-20",
        "Open":293.0,
        "High":304.8,
        "Low":291.4,
        "Close":294.0,
        "Percent Change":"1.03 %",
        "Volume":"30,525.00"
    },
    {
        "Symbol":"PHCL",
        "Date":"2024-05-19",
        "Open":293.0,
        "High":299.8,
        "Low":285.3,
        "Close":291.0,
        "Percent Change":"1.29 %",
        "Volume":"11,101.00"
    },
    {
        "Symbol":"PHCL",
        "Date":"2024-05-16",
        "Open":287.0,
        "High":295.0,
        "Low":287.0,
        "Close":287.3,
        "Percent Change":"-1.78 %",
        "Volume":"12,161.00"
    },
    {
        "Symbol":"PHCL",
        "Date":"2024-05-15",
        "Open":292.1,
        "High":303.0,
        "Low":292.1,
        "Close":292.5,
        "Percent Change":"-1.85 %",
        "Volume":"13,980.00"
    },
    {
        "Symbol":"PHCL",
        "Date":"2024-05-14",
        "Open":284.0,
        "High":299.0,
        "Low":284.0,
        "Close":298.0,
        "Percent Change":"3.83 %",
        "Volume":"26,791.00"
    },
    {
        "Symbol":"PHCL",
        "Date":"2024-05-13",
        "Open":280.0,
        "High":295.0,
        "Low":280.0,
        "Close":287.0,
        "Percent Change":"0.99 %",
        "Volume":"13,268.00"
    },
    {
        "Symbol":"PHCL",
        "Date":"2024-05-12",
        "Open":280.3,
        "High":293.5,
        "Low":280.1,
        "Close":284.2,
        "Percent Change":"-0.25 %",
        "Volume":"10,642.00"
    },
    {
        "Symbol":"PHCL",
        "Date":"2024-05-09",
        "Open":278.1,
        "High":285.0,
        "Low":278.1,
        "Close":284.9,
        "Percent Change":"1.03 %",
        "Volume":"9,664.00"
    },
    {
        "Symbol":"PHCL",
        "Date":"2024-05-08",
        "Open":275.1,
        "High":307.0,
        "Low":275.1,
        "Close":282.0,
        "Percent Change":"0.86 %",
        "Volume":"4,972.00"
    },
    {
        "Symbol":"PHCL",
        "Date":"2024-05-07",
        "Open":283.0,
        "High":290.0,
        "Low":279.0,
        "Close":279.6,
        "Percent Change":"-2.88 %",
        "Volume":"21,936.00"
    },
    {
        "Symbol":"PHCL",
        "Date":"2024-05-06",
        "Open":289.1,
        "High":292.7,
        "Low":284.0,
        "Close":287.9,
        "Percent Change":"-0.07 %",
        "Volume":"15,119.00"
    },
    {
        "Symbol":"PHCL",
        "Date":"2024-05-05",
        "Open":290.3,
        "High":296.0,
        "Low":288.1,
        "Close":288.1,
        "Percent Change":"-2.34 %",
        "Volume":"16,867.00"
    },
    {
        "Symbol":"PHCL",
        "Date":"2024-05-02",
        "Open":294.0,
        "High":302.9,
        "Low":294.0,
        "Close":295.0,
        "Percent Change":"-0.67 %",
        "Volume":"16,225.00"
    },
    {
        "Symbol":"PHCL",
        "Date":"2024-04-30",
        "Open":298.0,
        "High":306.5,
        "Low":290.0,
        "Close":297.0,
        "Percent Change":"1.19 %",
        "Volume":"23,134.00"
    },
    {
        "Symbol":"PHCL",
        "Date":"2024-04-29",
        "Open":290.0,
        "High":299.0,
        "Low":290.0,
        "Close":293.5,
        "Percent Change":"0.79 %",
        "Volume":"8,445.00"
    },
    {
        "Symbol":"PHCL",
        "Date":"2024-04-28",
        "Open":290.0,
        "High":298.0,
        "Low":290.0,
        "Close":291.2,
        "Percent Change":"-1.32 %",
        "Volume":"14,951.00"
    },
    {
        "Symbol":"PHCL",
        "Date":"2024-04-25",
        "Open":295.0,
        "High":301.0,
        "Low":294.3,
        "Close":295.1,
        "Percent Change":"-1.30 %",
        "Volume":"12,226.00"
    },
    {
        "Symbol":"PHCL",
        "Date":"2024-04-24",
        "Open":294.3,
        "High":304.9,
        "Low":294.1,
        "Close":299.0,
        "Percent Change":"0.00 %",
        "Volume":"24,462.00"
    },
    {
        "Symbol":"PHCL",
        "Date":"2024-04-22",
        "Open":296.0,
        "High":308.7,
        "Low":296.0,
        "Close":299.0,
        "Percent Change":"0.00 %",
        "Volume":"24,306.00"
    },
    {
        "Symbol":"PHCL",
        "Date":"2024-04-21",
        "Open":289.3,
        "High":303.0,
        "Low":289.3,
        "Close":299.0,
        "Percent Change":"1.70 %",
        "Volume":"22,310.00"
    },
    {
        "Symbol":"PHCL",
        "Date":"2024-04-18",
        "Open":309.9,
        "High":309.9,
        "Low":293.9,
        "Close":294.0,
        "Percent Change":"-2.68 %",
        "Volume":"23,715.00"
    },
    {
        "Symbol":"PHCL",
        "Date":"2024-04-16",
        "Open":302.3,
        "High":310.0,
        "Low":302.1,
        "Close":302.1,
        "Percent Change":"-1.92 %",
        "Volume":"18,211.00"
    },
    {
        "Symbol":"PHCL",
        "Date":"2024-04-15",
        "Open":308.5,
        "High":315.0,
        "Low":307.9,
        "Close":308.0,
        "Percent Change":"-1.60 %",
        "Volume":"25,053.00"
    },
    {
        "Symbol":"PHCL",
        "Date":"2024-04-14",
        "Open":310.1,
        "High":319.2,
        "Low":307.5,
        "Close":313.0,
        "Percent Change":"0.32 %",
        "Volume":"15,675.00"
    },
    {
        "Symbol":"PHCL",
        "Date":"2024-04-10",
        "Open":312.0,
        "High":318.0,
        "Low":310.0,
        "Close":312.0,
        "Percent Change":"-0.64 %",
        "Volume":"29,704.00"
    },
    {
        "Symbol":"PHCL",
        "Date":"2024-04-09",
        "Open":310.2,
        "High":321.0,
        "Low":310.0,
        "Close":314.0,
        "Percent Change":"1.29 %",
        "Volume":"28,257.00"
    },
    {
        "Symbol":"PHCL",
        "Date":"2024-04-07",
        "Open":304.0,
        "High":313.0,
        "Low":304.0,
        "Close":310.0,
        "Percent Change":"0.81 %",
        "Volume":"22,077.00"
    },
    {
        "Symbol":"PHCL",
        "Date":"2024-04-04",
        "Open":309.1,
        "High":315.0,
        "Low":307.5,
        "Close":307.5,
        "Percent Change":"-2.01 %",
        "Volume":"24,588.00"
    },
    {
        "Symbol":"PHCL",
        "Date":"2024-04-03",
        "Open":314.5,
        "High":321.0,
        "Low":310.0,
        "Close":313.8,
        "Percent Change":"-0.70 %",
        "Volume":"27,432.00"
    },
    {
        "Symbol":"PHCL",
        "Date":"2024-04-02",
        "Open":322.5,
        "High":324.0,
        "Low":316.0,
        "Close":316.0,
        "Percent Change":"-0.57 %",
        "Volume":"18,139.00"
    },
    {
        "Symbol":"PHCL",
        "Date":"2024-04-01",
        "Open":317.0,
        "High":324.0,
        "Low":316.0,
        "Close":317.8,
        "Percent Change":"-0.06 %",
        "Volume":"32,263.00"
    },
    {
        "Symbol":"PHCL",
        "Date":"2024-03-31",
        "Open":320.2,
        "High":330.0,
        "Low":318.0,
        "Close":318.0,
        "Percent Change":"-1.85 %",
        "Volume":"57,988.00"
    },
    {
        "Symbol":"PHCL",
        "Date":"2024-03-28",
        "Open":324.3,
        "High":344.0,
        "Low":323.4,
        "Close":324.0,
        "Percent Change":"-2.09 %",
        "Volume":"61,269.00"
    },
    {
        "Symbol":"PHCL",
        "Date":"2024-03-27",
        "Open":322.5,
        "High":348.9,
        "Low":322.5,
        "Close":330.9,
        "Percent Change":"0.58 %",
        "Volume":"148,298.00"
    },
    {
        "Symbol":"PHCL",
        "Date":"2024-03-26",
        "Open":319.1,
        "High":340.9,
        "Low":318.0,
        "Close":329.0,
        "Percent Change":"1.61 %",
        "Volume":"96,081.00"
    },
    {
        "Symbol":"PHCL",
        "Date":"2024-03-25",
        "Open":332.1,
        "High":335.0,
        "Low":319.0,
        "Close":323.8,
        "Percent Change":"-3.92 %",
        "Volume":"34,387.00"
    },
    {
        "Symbol":"PHCL",
        "Date":"2024-03-21",
        "Open":328.3,
        "High":350.0,
        "Low":324.0,
        "Close":337.0,
        "Percent Change":"0.60 %",
        "Volume":"169,521.00"
    },
    {
        "Symbol":"PHCL",
        "Date":"2024-03-20",
        "Open":322.0,
        "High":338.0,
        "Low":320.3,
        "Close":335.0,
        "Percent Change":"2.76 %",
        "Volume":"127,971.00"
    },
    {
        "Symbol":"PHCL",
        "Date":"2024-03-19",
        "Open":343.2,
        "High":343.2,
        "Low":324.0,
        "Close":326.0,
        "Percent Change":"-6.91 %",
        "Volume":"144,620.00"
    },
    {
        "Symbol":"PHCL",
        "Date":"2024-03-18",
        "Open":315.5,
        "High":350.2,
        "Low":315.5,
        "Close":350.2,
        "Percent Change":"9.99 %",
        "Volume":"37,842.00"
    },
    {
        "Symbol":"PHCL",
        "Date":"2024-03-17",
        "Open":320.0,
        "High":328.0,
        "Low":316.0,
        "Close":318.4,
        "Percent Change":"-1.18 %",
        "Volume":"18,210.00"
    },
    {
        "Symbol":"PHCL",
        "Date":"2024-03-14",
        "Open":327.1,
        "High":336.0,
        "Low":321.1,
        "Close":322.2,
        "Percent Change":"-3.24 %",
        "Volume":"37,573.00"
    },
    {
        "Symbol":"PHCL",
        "Date":"2024-03-13",
        "Open":327.0,
        "High":337.7,
        "Low":324.5,
        "Close":333.0,
        "Percent Change":"1.83 %",
        "Volume":"49,181.00"
    },
    {
        "Symbol":"PHCL",
        "Date":"2024-03-12",
        "Open":325.0,
        "High":338.5,
        "Low":325.0,
        "Close":327.0,
        "Percent Change":"0.46 %",
        "Volume":"57,993.00"
    },
    {
        "Symbol":"PHCL",
        "Date":"2024-03-10",
        "Open":356.7,
        "High":356.7,
        "Low":325.5,
        "Close":325.5,
        "Percent Change":"-6.95 %",
        "Volume":"81,572.00"
    },
    {
        "Symbol":"PHCL",
        "Date":"2024-03-07",
        "Open":324.3,
        "High":349.8,
        "Low":318.5,
        "Close":349.8,
        "Percent Change":"10.00 %",
        "Volume":"70,585.00"
    },
    {
        "Symbol":"PHCL",
        "Date":"2024-03-06",
        "Open":311.0,
        "High":321.9,
        "Low":305.6,
        "Close":318.0,
        "Percent Change":"2.25 %",
        "Volume":"45,813.00"
    },
    {
        "Symbol":"PHCL",
        "Date":"2024-03-05",
        "Open":320.0,
        "High":323.0,
        "Low":307.0,
        "Close":311.0,
        "Percent Change":"-2.81 %",
        "Volume":"51,229.00"
    },
    {
        "Symbol":"PHCL",
        "Date":"2024-03-04",
        "Open":300.9,
        "High":323.9,
        "Low":300.9,
        "Close":320.0,
        "Percent Change":"8.47 %",
        "Volume":"6,225.00"
    },
    {
        "Symbol":"PHCL",
        "Date":"2024-03-03",
        "Open":294.0,
        "High":303.9,
        "Low":291.2,
        "Close":295.0,
        "Percent Change":"-1.01 %",
        "Volume":"35,095.00"
    },
    {
        "Symbol":"PHCL",
        "Date":"2024-02-29",
        "Open":315.0,
        "High":316.0,
        "Low":298.0,
        "Close":298.0,
        "Percent Change":"-5.40 %",
        "Volume":"53,193.00"
    },
    {
        "Symbol":"PHCL",
        "Date":"2024-02-28",
        "Open":325.0,
        "High":325.0,
        "Low":315.0,
        "Close":315.0,
        "Percent Change":"-1.59 %",
        "Volume":"23,455.00"
    },
    {
        "Symbol":"PHCL",
        "Date":"2024-02-27",
        "Open":326.0,
        "High":345.8,
        "Low":319.0,
        "Close":320.1,
        "Percent Change":"-1.20 %",
        "Volume":"19,919.00"
    },
    {
        "Symbol":"PHCL",
        "Date":"2024-02-26",
        "Open":316.0,
        "High":328.9,
        "Low":316.0,
        "Close":324.0,
        "Percent Change":"2.50 %",
        "Volume":"42,957.00"
    },
    {
        "Symbol":"PHCL",
        "Date":"2024-02-25",
        "Open":320.0,
        "High":330.0,
        "Low":316.0,
        "Close":316.1,
        "Percent Change":"-3.10 %",
        "Volume":"63,698.00"
    },
    {
        "Symbol":"PHCL",
        "Date":"2024-02-22",
        "Open":341.1,
        "High":342.0,
        "Low":323.4,
        "Close":326.2,
        "Percent Change":"-6.26 %",
        "Volume":"95,869.00"
    },
    {
        "Symbol":"PHCL",
        "Date":"2024-02-21",
        "Open":370.1,
        "High":370.1,
        "Low":340.0,
        "Close":348.0,
        "Percent Change":"-7.84 %",
        "Volume":"172,273.00"
    },
    {
        "Symbol":"PHCL",
        "Date":"2024-02-20",
        "Open":344.0,
        "High":377.6,
        "Low":334.0,
        "Close":377.6,
        "Percent Change":"7.92 %",
        "Volume":"133,943.00"
    },
    {
        "Symbol":"PHCL",
        "Date":"2024-02-18",
        "Open":343.1,
        "High":369.1,
        "Low":332.0,
        "Close":349.9,
        "Percent Change":"0.55 %",
        "Volume":"112,429.00"
    },
    {
        "Symbol":"PHCL",
        "Date":"2024-02-15",
        "Open":357.0,
        "High":369.9,
        "Low":345.0,
        "Close":348.0,
        "Percent Change":"-2.38 %",
        "Volume":"195,335.00"
    },
    {
        "Symbol":"PHCL",
        "Date":"2024-02-14",
        "Open":335.0,
        "High":360.0,
        "Low":333.3,
        "Close":356.5,
        "Percent Change":"5.16 %",
        "Volume":"260,877.00"
    },
    {
        "Symbol":"PHCL",
        "Date":"2024-02-13",
        "Open":323.0,
        "High":343.9,
        "Low":322.0,
        "Close":339.0,
        "Percent Change":"3.04 %",
        "Volume":"135,278.00"
    },
    {
        "Symbol":"PHCL",
        "Date":"2024-02-12",
        "Open":320.2,
        "High":332.0,
        "Low":318.3,
        "Close":329.0,
        "Percent Change":"2.02 %",
        "Volume":"43,380.00"
    },
    {
        "Symbol":"PHCL",
        "Date":"2024-02-11",
        "Open":331.0,
        "High":338.0,
        "Low":322.0,
        "Close":322.5,
        "Percent Change":"-2.57 %",
        "Volume":"55,104.00"
    },
    {
        "Symbol":"PHCL",
        "Date":"2024-02-08",
        "Open":321.0,
        "High":338.6,
        "Low":320.0,
        "Close":331.0,
        "Percent Change":"2.07 %",
        "Volume":"70,858.00"
    },
    {
        "Symbol":"PHCL",
        "Date":"2024-02-07",
        "Open":323.0,
        "High":345.0,
        "Low":320.2,
        "Close":324.3,
        "Percent Change":"0.15 %",
        "Volume":"28,031.00"
    },
    {
        "Symbol":"PHCL",
        "Date":"2024-02-06",
        "Open":317.0,
        "High":327.0,
        "Low":317.0,
        "Close":323.8,
        "Percent Change":"2.47 %",
        "Volume":"25,100.00"
    },
    {
        "Symbol":"PHCL",
        "Date":"2024-02-05",
        "Open":320.0,
        "High":325.0,
        "Low":315.5,
        "Close":316.0,
        "Percent Change":"-0.60 %",
        "Volume":"31,357.00"
    },
    {
        "Symbol":"PHCL",
        "Date":"2024-02-04",
        "Open":320.0,
        "High":327.7,
        "Low":317.0,
        "Close":317.9,
        "Percent Change":"-1.88 %",
        "Volume":"41,965.00"
    },
    {
        "Symbol":"PHCL",
        "Date":"2024-02-01",
        "Open":350.9,
        "High":350.9,
        "Low":324.0,
        "Close":324.0,
        "Percent Change":"-5.84 %",
        "Volume":"67,370.00"
    },
    {
        "Symbol":"PHCL",
        "Date":"2024-01-31",
        "Open":333.0,
        "High":357.0,
        "Low":330.0,
        "Close":344.1,
        "Percent Change":"4.91 %",
        "Volume":"199,276.00"
    },
    {
        "Symbol":"PHCL",
        "Date":"2024-01-30",
        "Open":322.2,
        "High":334.5,
        "Low":322.1,
        "Close":328.0,
        "Percent Change":"0.77 %",
        "Volume":"55,364.00"
    },
    {
        "Symbol":"PHCL",
        "Date":"2024-01-29",
        "Open":320.0,
        "High":332.5,
        "Low":320.0,
        "Close":325.5,
        "Percent Change":"0.81 %",
        "Volume":"42,105.00"
    },
    {
        "Symbol":"PHCL",
        "Date":"2024-01-28",
        "Open":318.0,
        "High":326.4,
        "Low":317.0,
        "Close":322.9,
        "Percent Change":"1.86 %",
        "Volume":"41,853.00"
    },
    {
        "Symbol":"PHCL",
        "Date":"2024-01-25",
        "Open":316.0,
        "High":323.5,
        "Low":316.0,
        "Close":317.0,
        "Percent Change":"-0.94 %",
        "Volume":"27,788.00"
    },
    {
        "Symbol":"PHCL",
        "Date":"2024-01-24",
        "Open":323.6,
        "High":331.1,
        "Low":317.5,
        "Close":320.0,
        "Percent Change":"0.85 %",
        "Volume":"59,600.00"
    },
    {
        "Symbol":"PHCL",
        "Date":"2024-01-23",
        "Open":321.0,
        "High":328.0,
        "Low":316.7,
        "Close":317.3,
        "Percent Change":"-1.15 %",
        "Volume":"59,469.00"
    },
    {
        "Symbol":"PHCL",
        "Date":"2024-01-22",
        "Open":325.0,
        "High":333.5,
        "Low":319.0,
        "Close":321.0,
        "Percent Change":"-0.96 %",
        "Volume":"67,784.00"
    },
    {
        "Symbol":"PHCL",
        "Date":"2024-01-21",
        "Open":317.0,
        "High":346.0,
        "Low":317.0,
        "Close":324.1,
        "Percent Change":"1.92 %",
        "Volume":"111,719.00"
    },
    {
        "Symbol":"PHCL",
        "Date":"2024-01-18",
        "Open":312.7,
        "High":328.0,
        "Low":312.7,
        "Close":318.0,
        "Percent Change":"-0.31 %",
        "Volume":"89,948.00"
    },
    {
        "Symbol":"PHCL",
        "Date":"2024-01-17",
        "Open":338.0,
        "High":341.1,
        "Low":315.1,
        "Close":319.0,
        "Percent Change":"-6.73 %",
        "Volume":"92,922.00"
    },
    {
        "Symbol":"PHCL",
        "Date":"2024-01-16",
        "Open":335.0,
        "High":348.5,
        "Low":330.0,
        "Close":342.0,
        "Percent Change":"0.62 %",
        "Volume":"92,824.00"
    },
    {
        "Symbol":"PHCL",
        "Date":"2024-01-14",
        "Open":330.0,
        "High":350.0,
        "Low":326.0,
        "Close":339.9,
        "Percent Change":"4.58 %",
        "Volume":"74,807.00"
    },
    {
        "Symbol":"PHCL",
        "Date":"2024-01-11",
        "Open":315.0,
        "High":330.0,
        "Low":315.0,
        "Close":325.0,
        "Percent Change":"3.17 %",
        "Volume":"70,422.00"
    },
    {
        "Symbol":"PHCL",
        "Date":"2024-01-10",
        "Open":316.0,
        "High":327.0,
        "Low":311.0,
        "Close":315.0,
        "Percent Change":"-1.56 %",
        "Volume":"53,593.00"
    },
    {
        "Symbol":"PHCL",
        "Date":"2024-01-09",
        "Open":328.3,
        "High":341.7,
        "Low":319.0,
        "Close":320.0,
        "Percent Change":"-4.48 %",
        "Volume":"100,603.00"
    },
    {
        "Symbol":"PHCL",
        "Date":"2024-01-08",
        "Open":318.2,
        "High":336.2,
        "Low":318.2,
        "Close":335.0,
        "Percent Change":"7.37 %",
        "Volume":"86,549.00"
    },
    {
        "Symbol":"PHCL",
        "Date":"2024-01-07",
        "Open":328.0,
        "High":360.8,
        "Low":312.0,
        "Close":312.0,
        "Percent Change":"-4.88 %",
        "Volume":"96,281.00"
    },
    {
        "Symbol":"PHCL",
        "Date":"2024-01-04",
        "Open":338.8,
        "High":339.0,
        "Low":321.5,
        "Close":328.0,
        "Percent Change":"-1.26 %",
        "Volume":"119,807.00"
    },
    {
        "Symbol":"PHCL",
        "Date":"2024-01-03",
        "Open":296.2,
        "High":332.2,
        "Low":295.1,
        "Close":332.2,
        "Percent Change":"10.00 %",
        "Volume":"102,531.00"
    },
    {
        "Symbol":"PHCL",
        "Date":"2024-01-02",
        "Open":300.0,
        "High":322.5,
        "Low":297.0,
        "Close":302.0,
        "Percent Change":"0.70 %",
        "Volume":"65,546.00"
    },
    {
        "Symbol":"PHCL",
        "Date":"2024-01-01",
        "Open":293.1,
        "High":321.4,
        "Low":293.1,
        "Close":299.9,
        "Percent Change":"0.64 %",
        "Volume":"63,615.00"
    },
    {
        "Symbol":"PHCL",
        "Date":"2023-12-28",
        "Open":296.0,
        "High":308.0,
        "Low":290.0,
        "Close":298.0,
        "Percent Change":"-1.32 %",
        "Volume":"37,986.00"
    },
    {
        "Symbol":"PHCL",
        "Date":"2023-12-27",
        "Open":300.0,
        "High":312.0,
        "Low":296.0,
        "Close":302.0,
        "Percent Change":"-0.98 %",
        "Volume":"26,155.00"
    },
    {
        "Symbol":"PHCL",
        "Date":"2023-12-24",
        "Open":292.0,
        "High":323.9,
        "Low":292.0,
        "Close":305.0,
        "Percent Change":"2.69 %",
        "Volume":"68,883.00"
    },
    {
        "Symbol":"PHCL",
        "Date":"2023-12-21",
        "Open":303.0,
        "High":306.0,
        "Low":292.1,
        "Close":297.0,
        "Percent Change":"-3.88 %",
        "Volume":"31,474.00"
    },
    {
        "Symbol":"PHCL",
        "Date":"2023-12-20",
        "Open":289.0,
        "High":321.4,
        "Low":289.0,
        "Close":309.0,
        "Percent Change":"5.10 %",
        "Volume":"71,232.00"
    },
    {
        "Symbol":"PHCL",
        "Date":"2023-12-19",
        "Open":297.0,
        "High":300.0,
        "Low":276.0,
        "Close":294.0,
        "Percent Change":"-1.01 %",
        "Volume":"26,033.00"
    },
    {
        "Symbol":"PHCL",
        "Date":"2023-12-18",
        "Open":290.2,
        "High":308.1,
        "Low":290.2,
        "Close":297.0,
        "Percent Change":"0.41 %",
        "Volume":"68,958.00"
    },
    {
        "Symbol":"PHCL",
        "Date":"2023-12-17",
        "Open":264.0,
        "High":296.2,
        "Low":262.0,
        "Close":295.8,
        "Percent Change":"9.84 %",
        "Volume":"70,099.00"
    },
    {
        "Symbol":"PHCL",
        "Date":"2023-12-14",
        "Open":252.0,
        "High":276.0,
        "Low":252.0,
        "Close":273.0,
        "Percent Change":"4.79 %",
        "Volume":"39,108.00"
    },
    {
        "Symbol":"PHCL",
        "Date":"2023-12-13",
        "Open":263.1,
        "High":279.0,
        "Low":256.0,
        "Close":257.0,
        "Percent Change":"-4.10 %",
        "Volume":"42,860.00"
    },
    {
        "Symbol":"PHCL",
        "Date":"2023-12-12",
        "Open":256.8,
        "High":270.0,
        "Low":243.0,
        "Close":268.0,
        "Percent Change":"2.29 %",
        "Volume":"47,145.00"
    },
    {
        "Symbol":"PHCL",
        "Date":"2023-12-11",
        "Open":252.0,
        "High":267.3,
        "Low":233.0,
        "Close":262.0,
        "Percent Change":"5.86 %",
        "Volume":"40,057.00"
    },
    {
        "Symbol":"PHCL",
        "Date":"2023-12-10",
        "Open":238.6,
        "High":252.0,
        "Low":238.0,
        "Close":247.5,
        "Percent Change":"5.77 %",
        "Volume":"1,390.00"
    },
    {
        "Symbol":"PHCL",
        "Date":"2023-12-07",
        "Open":225.4,
        "High":234.7,
        "Low":222.5,
        "Close":234.0,
        "Percent Change":"1.74 %",
        "Volume":"6,418.00"
    },
    {
        "Symbol":"PHCL",
        "Date":"2023-12-06",
        "Open":224.0,
        "High":232.0,
        "Low":221.3,
        "Close":230.0,
        "Percent Change":"0.88 %",
        "Volume":"11,750.00"
    },
    {
        "Symbol":"PHCL",
        "Date":"2023-12-05",
        "Open":227.0,
        "High":234.6,
        "Low":225.1,
        "Close":228.0,
        "Percent Change":"-0.87 %",
        "Volume":"5,875.00"
    },
    {
        "Symbol":"PHCL",
        "Date":"2023-12-04",
        "Open":224.1,
        "High":236.6,
        "Low":224.1,
        "Close":230.0,
        "Percent Change":"0.66 %",
        "Volume":"5,770.00"
    },
    {
        "Symbol":"PHCL",
        "Date":"2023-12-03",
        "Open":224.0,
        "High":230.2,
        "Low":222.1,
        "Close":228.5,
        "Percent Change":"0.18 %",
        "Volume":"3,890.00"
    },
    {
        "Symbol":"PHCL",
        "Date":"2023-11-30",
        "Open":230.0,
        "High":235.6,
        "Low":227.0,
        "Close":228.1,
        "Percent Change":"-1.30 %",
        "Volume":"9,034.00"
    },
    {
        "Symbol":"PHCL",
        "Date":"2023-11-29",
        "Open":239.7,
        "High":236.0,
        "Low":231.1,
        "Close":231.1,
        "Percent Change":"-3.59 %",
        "Volume":"15,030.00"
    },
    {
        "Symbol":"PHCL",
        "Date":"2023-11-28",
        "Open":238.0,
        "High":249.0,
        "Low":227.4,
        "Close":239.7,
        "Percent Change":"-0.08 %",
        "Volume":"12,190.00"
    },
    {
        "Symbol":"PHCL",
        "Date":"2023-11-27",
        "Open":239.0,
        "High":246.7,
        "Low":235.0,
        "Close":239.9,
        "Percent Change":"-1.28 %",
        "Volume":"8,715.00"
    },
    {
        "Symbol":"PHCL",
        "Date":"2023-11-26",
        "Open":235.0,
        "High":244.8,
        "Low":231.1,
        "Close":243.0,
        "Percent Change":"3.62 %",
        "Volume":"18,249.00"
    },
    {
        "Symbol":"PHCL",
        "Date":"2023-11-23",
        "Open":235.9,
        "High":242.0,
        "Low":222.1,
        "Close":234.5,
        "Percent Change":"-2.58 %",
        "Volume":"9,185.00"
    },
    {
        "Symbol":"PHCL",
        "Date":"2023-11-22",
        "Open":216.0,
        "High":240.7,
        "Low":216.0,
        "Close":240.7,
        "Percent Change":"9.41 %",
        "Volume":"6,720.00"
    },
    {
        "Symbol":"PHCL",
        "Date":"2023-11-21",
        "Open":227.0,
        "High":230.5,
        "Low":217.2,
        "Close":220.0,
        "Percent Change":"-4.76 %",
        "Volume":"16,128.00"
    },
    {
        "Symbol":"PHCL",
        "Date":"2023-11-20",
        "Open":244.0,
        "High":245.0,
        "Low":230.0,
        "Close":231.0,
        "Percent Change":"-5.33 %",
        "Volume":"10,584.00"
    },
    {
        "Symbol":"PHCL",
        "Date":"2023-11-09",
        "Open":254.9,
        "High":254.9,
        "Low":241.3,
        "Close":244.0,
        "Percent Change":"-3.94 %",
        "Volume":"7,296.00"
    },
    {
        "Symbol":"PHCL",
        "Date":"2023-11-08",
        "Open":232.0,
        "High":255.9,
        "Low":232.0,
        "Close":254.0,
        "Percent Change":"7.40 %",
        "Volume":"20,148.00"
    },
    {
        "Symbol":"PHCL",
        "Date":"2023-11-07",
        "Open":225.0,
        "High":248.8,
        "Low":225.0,
        "Close":236.5,
        "Percent Change":"3.32 %",
        "Volume":"14,240.00"
    },
    {
        "Symbol":"PHCL",
        "Date":"2023-11-06",
        "Open":217.0,
        "High":233.3,
        "Low":217.0,
        "Close":228.9,
        "Percent Change":"4.05 %",
        "Volume":"8,094.00"
    },
    {
        "Symbol":"PHCL",
        "Date":"2023-11-05",
        "Open":225.5,
        "High":226.0,
        "Low":218.1,
        "Close":220.0,
        "Percent Change":"-3.93 %",
        "Volume":"12,343.00"
    },
    {
        "Symbol":"PHCL",
        "Date":"2023-11-02",
        "Open":230.0,
        "High":232.0,
        "Low":226.1,
        "Close":229.0,
        "Percent Change":"-2.14 %",
        "Volume":"6,626.00"
    },
    {
        "Symbol":"PHCL",
        "Date":"2023-11-01",
        "Open":230.0,
        "High":238.0,
        "Low":230.0,
        "Close":234.0,
        "Percent Change":"0.21 %",
        "Volume":"4,755.00"
    },
    {
        "Symbol":"PHCL",
        "Date":"2023-10-31",
        "Open":234.4,
        "High":238.0,
        "Low":230.2,
        "Close":233.5,
        "Percent Change":"-2.34 %",
        "Volume":"6,960.00"
    },
    {
        "Symbol":"PHCL",
        "Date":"2023-10-30",
        "Open":234.0,
        "High":242.7,
        "Low":234.0,
        "Close":239.1,
        "Percent Change":"0.89 %",
        "Volume":"4,570.00"
    },
    {
        "Symbol":"PHCL",
        "Date":"2023-10-29",
        "Open":245.1,
        "High":245.1,
        "Low":236.1,
        "Close":237.0,
        "Percent Change":"-3.97 %",
        "Volume":"7,530.00"
    },
    {
        "Symbol":"PHCL",
        "Date":"2023-10-19",
        "Open":249.0,
        "High":250.0,
        "Low":238.7,
        "Close":246.8,
        "Percent Change":"-1.24 %",
        "Volume":"7,799.00"
    },
    {
        "Symbol":"PHCL",
        "Date":"2023-10-18",
        "Open":240.0,
        "High":249.9,
        "Low":236.5,
        "Close":249.9,
        "Percent Change":"4.13 %",
        "Volume":"6,811.00"
    },
    {
        "Symbol":"PHCL",
        "Date":"2023-10-17",
        "Open":240.0,
        "High":250.9,
        "Low":239.3,
        "Close":240.0,
        "Percent Change":"-0.83 %",
        "Volume":"8,180.00"
    },
    {
        "Symbol":"PHCL",
        "Date":"2023-10-16",
        "Open":250.0,
        "High":250.0,
        "Low":240.2,
        "Close":242.0,
        "Percent Change":"-4.72 %",
        "Volume":"15,679.00"
    },
    {
        "Symbol":"PHCL",
        "Date":"2023-10-12",
        "Open":259.7,
        "High":259.7,
        "Low":246.0,
        "Close":254.0,
        "Percent Change":"-4.15 %",
        "Volume":"4,899.00"
    },
    {
        "Symbol":"PHCL",
        "Date":"2023-10-11",
        "Open":252.0,
        "High":265.0,
        "Low":247.2,
        "Close":265.0,
        "Percent Change":"3.11 %",
        "Volume":"9,629.00"
    },
    {
        "Symbol":"PHCL",
        "Date":"2023-10-10",
        "Open":255.0,
        "High":259.0,
        "Low":251.0,
        "Close":257.0,
        "Percent Change":"-0.46 %",
        "Volume":"10,281.00"
    },
    {
        "Symbol":"PHCL",
        "Date":"2023-10-09",
        "Open":269.9,
        "High":270.0,
        "Low":253.0,
        "Close":258.2,
        "Percent Change":"-2.53 %",
        "Volume":"8,108.00"
    },
    {
        "Symbol":"PHCL",
        "Date":"2023-10-08",
        "Open":271.1,
        "High":271.1,
        "Low":264.8,
        "Close":264.9,
        "Percent Change":"-3.85 %",
        "Volume":"17,375.00"
    },
    {
        "Symbol":"PHCL",
        "Date":"2023-10-05",
        "Open":273.6,
        "High":295.9,
        "Low":272.0,
        "Close":275.5,
        "Percent Change":"-1.25 %",
        "Volume":"14,725.00"
    },
    {
        "Symbol":"PHCL",
        "Date":"2023-10-04",
        "Open":278.4,
        "High":282.0,
        "Low":270.5,
        "Close":279.0,
        "Percent Change":"-1.76 %",
        "Volume":"19,809.00"
    },
    {
        "Symbol":"PHCL",
        "Date":"2023-10-03",
        "Open":275.7,
        "High":290.0,
        "Low":270.0,
        "Close":284.0,
        "Percent Change":"0.96 %",
        "Volume":"15,566.00"
    },
    {
        "Symbol":"PHCL",
        "Date":"2023-10-02",
        "Open":291.1,
        "High":291.1,
        "Low":268.7,
        "Close":281.3,
        "Percent Change":"-5.29 %",
        "Volume":"24,873.00"
    },
    {
        "Symbol":"PHCL",
        "Date":"2023-10-01",
        "Open":275.0,
        "High":303.0,
        "Low":263.0,
        "Close":297.0,
        "Percent Change":"6.07 %",
        "Volume":"25,658.00"
    },
    {
        "Symbol":"PHCL",
        "Date":"2023-09-27",
        "Open":300.0,
        "High":305.9,
        "Low":278.5,
        "Close":280.0,
        "Percent Change":"-6.67 %",
        "Volume":"25,370.00"
    },
    {
        "Symbol":"PHCL",
        "Date":"2023-09-26",
        "Open":289.0,
        "High":313.0,
        "Low":284.0,
        "Close":300.0,
        "Percent Change":"5.26 %",
        "Volume":"44,104.00"
    },
    {
        "Symbol":"PHCL",
        "Date":"2023-09-25",
        "Open":269.6,
        "High":292.8,
        "Low":266.1,
        "Close":285.0,
        "Percent Change":"3.64 %",
        "Volume":"27,388.00"
    },
    {
        "Symbol":"PHCL",
        "Date":"2023-09-24",
        "Open":284.2,
        "High":285.2,
        "Low":270.6,
        "Close":275.0,
        "Percent Change":"-5.17 %",
        "Volume":"30,936.00"
    },
    {
        "Symbol":"PHCL",
        "Date":"2023-09-21",
        "Open":276.0,
        "High":300.0,
        "Low":272.0,
        "Close":290.0,
        "Percent Change":"5.45 %",
        "Volume":"41,134.00"
    },
    {
        "Symbol":"PHCL",
        "Date":"2023-09-19",
        "Open":256.0,
        "High":276.1,
        "Low":246.1,
        "Close":275.0,
        "Percent Change":"9.56 %",
        "Volume":"32,728.00"
    },
    {
        "Symbol":"PHCL",
        "Date":"2023-09-18",
        "Open":250.0,
        "High":255.0,
        "Low":238.0,
        "Close":251.0,
        "Percent Change":"0.88 %",
        "Volume":"9,446.00"
    },
    {
        "Symbol":"PHCL",
        "Date":"2023-09-17",
        "Open":257.8,
        "High":257.8,
        "Low":240.0,
        "Close":248.8,
        "Percent Change":"-5.40 %",
        "Volume":"24,259.00"
    },
    {
        "Symbol":"PHCL",
        "Date":"2023-09-13",
        "Open":240.1,
        "High":263.0,
        "Low":236.0,
        "Close":263.0,
        "Percent Change":"7.35 %",
        "Volume":"9,240.00"
    },
    {
        "Symbol":"PHCL",
        "Date":"2023-09-12",
        "Open":245.0,
        "High":255.0,
        "Low":240.4,
        "Close":245.0,
        "Percent Change":"-2.00 %",
        "Volume":"4,655.00"
    },
    {
        "Symbol":"PHCL",
        "Date":"2023-09-11",
        "Open":230.3,
        "High":255.0,
        "Low":230.3,
        "Close":250.0,
        "Percent Change":"6.38 %",
        "Volume":"16,105.00"
    },
    {
        "Symbol":"PHCL",
        "Date":"2023-09-10",
        "Open":233.0,
        "High":245.0,
        "Low":230.0,
        "Close":235.0,
        "Percent Change":"1.25 %",
        "Volume":"6,060.00"
    },
    {
        "Symbol":"PHCL",
        "Date":"2023-09-07",
        "Open":244.5,
        "High":244.5,
        "Low":232.0,
        "Close":232.1,
        "Percent Change":"-6.94 %",
        "Volume":"10,700.00"
    },
    {
        "Symbol":"PHCL",
        "Date":"2023-09-05",
        "Open":249.5,
        "High":250.0,
        "Low":237.1,
        "Close":249.4,
        "Percent Change":"-2.00 %",
        "Volume":"6,706.00"
    },
    {
        "Symbol":"PHCL",
        "Date":"2023-09-04",
        "Open":233.0,
        "High":254.6,
        "Low":231.0,
        "Close":254.5,
        "Percent Change":"7.84 %",
        "Volume":"9,923.00"
    },
    {
        "Symbol":"PHCL",
        "Date":"2023-09-03",
        "Open":240.1,
        "High":240.1,
        "Low":235.1,
        "Close":236.0,
        "Percent Change":"-3.67 %",
        "Volume":"5,350.00"
    },
    {
        "Symbol":"PHCL",
        "Date":"2023-08-30",
        "Open":249.8,
        "High":254.7,
        "Low":237.2,
        "Close":245.0,
        "Percent Change":"0.00 %",
        "Volume":"9,340.00"
    },
    {
        "Symbol":"PHCL",
        "Date":"2023-08-29",
        "Open":242.5,
        "High":246.0,
        "Low":241.2,
        "Close":245.0,
        "Percent Change":"-0.04 %",
        "Volume":"7,326.00"
    },
    {
        "Symbol":"PHCL",
        "Date":"2023-08-28",
        "Open":247.0,
        "High":262.0,
        "Low":243.2,
        "Close":245.1,
        "Percent Change":"-2.74 %",
        "Volume":"6,280.00"
    },
    {
        "Symbol":"PHCL",
        "Date":"2023-08-27",
        "Open":253.0,
        "High":263.1,
        "Low":247.0,
        "Close":252.0,
        "Percent Change":"-2.33 %",
        "Volume":"12,800.00"
    },
    {
        "Symbol":"PHCL",
        "Date":"2023-08-24",
        "Open":265.0,
        "High":275.0,
        "Low":255.0,
        "Close":258.0,
        "Percent Change":"-4.41 %",
        "Volume":"9,035.00"
    },
    {
        "Symbol":"PHCL",
        "Date":"2023-08-23",
        "Open":270.0,
        "High":270.3,
        "Low":255.0,
        "Close":269.9,
        "Percent Change":"1.85 %",
        "Volume":"9,061.00"
    },
    {
        "Symbol":"PHCL",
        "Date":"2023-08-22",
        "Open":252.3,
        "High":270.0,
        "Low":252.3,
        "Close":265.0,
        "Percent Change":"3.80 %",
        "Volume":"7,827.00"
    },
    {
        "Symbol":"PHCL",
        "Date":"2023-08-21",
        "Open":266.0,
        "High":270.0,
        "Low":255.2,
        "Close":255.3,
        "Percent Change":"-4.35 %",
        "Volume":"7,750.00"
    },
    {
        "Symbol":"PHCL",
        "Date":"2023-08-20",
        "Open":274.4,
        "High":275.4,
        "Low":263.8,
        "Close":266.9,
        "Percent Change":"-4.68 %",
        "Volume":"9,767.00"
    },
    {
        "Symbol":"PHCL",
        "Date":"2023-08-17",
        "Open":268.7,
        "High":283.0,
        "Low":266.0,
        "Close":280.0,
        "Percent Change":"2.19 %",
        "Volume":"29,151.00"
    },
    {
        "Symbol":"PHCL",
        "Date":"2023-08-16",
        "Open":274.4,
        "High":282.0,
        "Low":266.6,
        "Close":274.0,
        "Percent Change":"-2.11 %",
        "Volume":"13,959.00"
    },
    {
        "Symbol":"PHCL",
        "Date":"2023-08-15",
        "Open":282.3,
        "High":283.0,
        "Low":275.0,
        "Close":279.9,
        "Percent Change":"-2.81 %",
        "Volume":"10,334.00"
    },
    {
        "Symbol":"PHCL",
        "Date":"2023-08-14",
        "Open":281.3,
        "High":292.7,
        "Low":281.3,
        "Close":288.0,
        "Percent Change":"0.35 %",
        "Volume":"9,014.00"
    },
    {
        "Symbol":"PHCL",
        "Date":"2023-08-13",
        "Open":286.0,
        "High":299.9,
        "Low":282.3,
        "Close":287.0,
        "Percent Change":"-1.03 %",
        "Volume":"13,041.00"
    },
    {
        "Symbol":"PHCL",
        "Date":"2023-08-10",
        "Open":306.0,
        "High":306.0,
        "Low":288.3,
        "Close":290.0,
        "Percent Change":"-3.33 %",
        "Volume":"9,529.00"
    },
    {
        "Symbol":"PHCL",
        "Date":"2023-08-09",
        "Open":288.8,
        "High":300.0,
        "Low":285.0,
        "Close":300.0,
        "Percent Change":"1.87 %",
        "Volume":"10,406.00"
    },
    {
        "Symbol":"PHCL",
        "Date":"2023-08-08",
        "Open":295.0,
        "High":304.9,
        "Low":290.0,
        "Close":294.5,
        "Percent Change":"-1.51 %",
        "Volume":"16,130.00"
    },
    {
        "Symbol":"PHCL",
        "Date":"2023-08-07",
        "Open":293.0,
        "High":312.0,
        "Low":288.0,
        "Close":299.0,
        "Percent Change":"0.61 %",
        "Volume":"11,490.00"
    },
    {
        "Symbol":"PHCL",
        "Date":"2023-08-06",
        "Open":294.0,
        "High":312.0,
        "Low":294.0,
        "Close":297.2,
        "Percent Change":"-0.93 %",
        "Volume":"12,350.00"
    },
    {
        "Symbol":"PHCL",
        "Date":"2023-08-03",
        "Open":297.1,
        "High":308.0,
        "Low":297.0,
        "Close":300.0,
        "Percent Change":"-0.70 %",
        "Volume":"20,059.00"
    },
    {
        "Symbol":"PHCL",
        "Date":"2023-08-02",
        "Open":302.5,
        "High":308.0,
        "Low":300.1,
        "Close":302.1,
        "Percent Change":"-1.60 %",
        "Volume":"12,140.00"
    },
    {
        "Symbol":"PHCL",
        "Date":"2023-08-01",
        "Open":308.1,
        "High":320.0,
        "Low":307.0,
        "Close":307.0,
        "Percent Change":"-2.23 %",
        "Volume":"6,130.00"
    },
    {
        "Symbol":"PHCL",
        "Date":"2023-07-31",
        "Open":319.4,
        "High":326.2,
        "Low":308.0,
        "Close":314.0,
        "Percent Change":"0.10 %",
        "Volume":"10,900.00"
    },
    {
        "Symbol":"PHCL",
        "Date":"2023-07-30",
        "Open":332.5,
        "High":332.5,
        "Low":313.7,
        "Close":313.7,
        "Percent Change":"-3.77 %",
        "Volume":"8,101.00"
    },
    {
        "Symbol":"PHCL",
        "Date":"2023-07-27",
        "Open":321.3,
        "High":326.0,
        "Low":318.1,
        "Close":326.0,
        "Percent Change":"0.62 %",
        "Volume":"7,589.00"
    },
    {
        "Symbol":"PHCL",
        "Date":"2023-07-26",
        "Open":326.0,
        "High":330.0,
        "Low":322.0,
        "Close":324.0,
        "Percent Change":"-0.61 %",
        "Volume":"10,030.00"
    },
    {
        "Symbol":"PHCL",
        "Date":"2023-07-25",
        "Open":327.0,
        "High":345.0,
        "Low":325.0,
        "Close":326.0,
        "Percent Change":"-2.04 %",
        "Volume":"9,285.00"
    },
    {
        "Symbol":"PHCL",
        "Date":"2023-07-24",
        "Open":325.0,
        "High":341.2,
        "Low":325.0,
        "Close":332.8,
        "Percent Change":"1.16 %",
        "Volume":"22,221.00"
    },
    {
        "Symbol":"PHCL",
        "Date":"2023-07-23",
        "Open":329.0,
        "High":339.5,
        "Low":322.5,
        "Close":329.0,
        "Percent Change":"-1.20 %",
        "Volume":"11,127.00"
    },
    {
        "Symbol":"PHCL",
        "Date":"2023-07-20",
        "Open":324.9,
        "High":338.1,
        "Low":319.1,
        "Close":333.0,
        "Percent Change":"0.45 %",
        "Volume":"18,730.00"
    },
    {
        "Symbol":"PHCL",
        "Date":"2023-07-19",
        "Open":324.0,
        "High":331.5,
        "Low":320.0,
        "Close":331.5,
        "Percent Change":"0.64 %",
        "Volume":"8,340.00"
    },
    {
        "Symbol":"PHCL",
        "Date":"2023-07-18",
        "Open":331.5,
        "High":331.5,
        "Low":322.0,
        "Close":329.4,
        "Percent Change":"1.35 %",
        "Volume":"12,679.00"
    },
    {
        "Symbol":"PHCL",
        "Date":"2023-07-17",
        "Open":328.3,
        "High":329.9,
        "Low":321.8,
        "Close":325.0,
        "Percent Change":"-2.99 %",
        "Volume":"17,220.00"
    },
    {
        "Symbol":"PHCL",
        "Date":"2023-07-16",
        "Open":319.0,
        "High":345.7,
        "Low":316.1,
        "Close":335.0,
        "Percent Change":"5.18 %",
        "Volume":"13,150.00"
    },
    {
        "Symbol":"PHCL",
        "Date":"2023-07-13",
        "Open":333.0,
        "High":345.0,
        "Low":318.0,
        "Close":318.5,
        "Percent Change":"-6.05 %",
        "Volume":"73,744.00"
    },
    {
        "Symbol":"PHCL",
        "Date":"2023-07-12",
        "Open":319.0,
        "High":340.0,
        "Low":319.0,
        "Close":339.0,
        "Percent Change":"4.15 %",
        "Volume":"15,388.00"
    },
    {
        "Symbol":"PHCL",
        "Date":"2023-07-11",
        "Open":330.0,
        "High":330.0,
        "Low":315.0,
        "Close":325.5,
        "Percent Change":"0.46 %",
        "Volume":"16,266.00"
    },
    {
        "Symbol":"PHCL",
        "Date":"2023-07-10",
        "Open":325.1,
        "High":330.0,
        "Low":321.1,
        "Close":324.0,
        "Percent Change":"-1.82 %",
        "Volume":"12,916.00"
    },
    {
        "Symbol":"PHCL",
        "Date":"2023-07-09",
        "Open":327.2,
        "High":349.0,
        "Low":327.0,
        "Close":330.0,
        "Percent Change":"-1.14 %",
        "Volume":"21,065.00"
    },
    {
        "Symbol":"PHCL",
        "Date":"2023-07-06",
        "Open":339.5,
        "High":339.5,
        "Low":324.1,
        "Close":333.8,
        "Percent Change":"0.24 %",
        "Volume":"17,340.00"
    },
    {
        "Symbol":"PHCL",
        "Date":"2023-07-05",
        "Open":360.9,
        "High":360.9,
        "Low":328.5,
        "Close":333.0,
        "Percent Change":"-5.91 %",
        "Volume":"32,821.00"
    },
    {
        "Symbol":"PHCL",
        "Date":"2023-07-04",
        "Open":335.5,
        "High":360.0,
        "Low":330.2,
        "Close":353.9,
        "Percent Change":"4.70 %",
        "Volume":"27,167.00"
    },
    {
        "Symbol":"PHCL",
        "Date":"2023-07-03",
        "Open":335.0,
        "High":350.0,
        "Low":335.0,
        "Close":338.0,
        "Percent Change":"0.30 %",
        "Volume":"21,146.00"
    },
    {
        "Symbol":"PHCL",
        "Date":"2023-07-02",
        "Open":342.0,
        "High":359.0,
        "Low":337.0,
        "Close":337.0,
        "Percent Change":"-2.60 %",
        "Volume":"32,641.00"
    },
    {
        "Symbol":"PHCL",
        "Date":"2023-06-28",
        "Open":341.0,
        "High":355.0,
        "Low":341.0,
        "Close":346.0,
        "Percent Change":"-0.29 %",
        "Volume":"30,357.00"
    },
    {
        "Symbol":"PHCL",
        "Date":"2023-06-27",
        "Open":350.0,
        "High":359.9,
        "Low":340.0,
        "Close":347.0,
        "Percent Change":"0.70 %",
        "Volume":"17,168.00"
    },
    {
        "Symbol":"PHCL",
        "Date":"2023-06-26",
        "Open":345.0,
        "High":365.0,
        "Low":344.2,
        "Close":344.6,
        "Percent Change":"-1.54 %",
        "Volume":"32,625.00"
    },
    {
        "Symbol":"PHCL",
        "Date":"2023-06-25",
        "Open":350.0,
        "High":364.0,
        "Low":338.2,
        "Close":350.0,
        "Percent Change":"1.45 %",
        "Volume":"42,614.00"
    },
    {
        "Symbol":"PHCL",
        "Date":"2023-06-22",
        "Open":354.0,
        "High":361.0,
        "Low":343.0,
        "Close":345.0,
        "Percent Change":"-3.09 %",
        "Volume":"61,789.00"
    },
    {
        "Symbol":"PHCL",
        "Date":"2023-06-21",
        "Open":352.0,
        "High":365.0,
        "Low":350.0,
        "Close":356.0,
        "Percent Change":"-0.84 %",
        "Volume":"63,081.00"
    },
    {
        "Symbol":"PHCL",
        "Date":"2023-06-20",
        "Open":363.0,
        "High":377.0,
        "Low":351.3,
        "Close":359.0,
        "Percent Change":"-2.97 %",
        "Volume":"34,232.00"
    },
    {
        "Symbol":"PHCL",
        "Date":"2023-06-19",
        "Open":367.0,
        "High":381.0,
        "Low":356.3,
        "Close":370.0,
        "Percent Change":"0.82 %",
        "Volume":"23,323.00"
    },
    {
        "Symbol":"PHCL",
        "Date":"2023-06-18",
        "Open":348.0,
        "High":368.0,
        "Low":348.0,
        "Close":367.0,
        "Percent Change":"3.35 %",
        "Volume":"39,235.00"
    },
    {
        "Symbol":"PHCL",
        "Date":"2023-06-15",
        "Open":360.0,
        "High":373.4,
        "Low":346.2,
        "Close":355.1,
        "Percent Change":"-1.09 %",
        "Volume":"30,189.00"
    },
    {
        "Symbol":"PHCL",
        "Date":"2023-06-14",
        "Open":365.0,
        "High":372.3,
        "Low":351.9,
        "Close":359.0,
        "Percent Change":"-1.64 %",
        "Volume":"66,126.00"
    },
    {
        "Symbol":"PHCL",
        "Date":"2023-06-13",
        "Open":350.9,
        "High":369.0,
        "Low":348.0,
        "Close":365.0,
        "Percent Change":"1.96 %",
        "Volume":"60,221.00"
    },
    {
        "Symbol":"PHCL",
        "Date":"2023-06-12",
        "Open":353.0,
        "High":361.0,
        "Low":350.0,
        "Close":358.0,
        "Percent Change":"2.29 %",
        "Volume":"56,929.00"
    },
    {
        "Symbol":"PHCL",
        "Date":"2023-06-11",
        "Open":335.0,
        "High":354.0,
        "Low":329.1,
        "Close":350.0,
        "Percent Change":"4.63 %",
        "Volume":"74,695.00"
    },
    {
        "Symbol":"PHCL",
        "Date":"2023-06-08",
        "Open":329.0,
        "High":337.6,
        "Low":325.3,
        "Close":334.5,
        "Percent Change":"-0.15 %",
        "Volume":"36,986.00"
    },
    {
        "Symbol":"PHCL",
        "Date":"2023-06-07",
        "Open":322.2,
        "High":340.0,
        "Low":322.2,
        "Close":335.0,
        "Percent Change":"2.45 %",
        "Volume":"34,304.00"
    },
    {
        "Symbol":"PHCL",
        "Date":"2023-06-06",
        "Open":315.0,
        "High":330.0,
        "Low":315.0,
        "Close":327.0,
        "Percent Change":"3.45 %",
        "Volume":"16,572.00"
    },
    {
        "Symbol":"PHCL",
        "Date":"2023-06-05",
        "Open":327.0,
        "High":332.5,
        "Low":316.1,
        "Close":316.1,
        "Percent Change":"-2.74 %",
        "Volume":"42,313.00"
    },
    {
        "Symbol":"PHCL",
        "Date":"2023-06-04",
        "Open":318.0,
        "High":330.0,
        "Low":312.1,
        "Close":325.0,
        "Percent Change":"4.13 %",
        "Volume":"20,539.00"
    },
    {
        "Symbol":"PHCL",
        "Date":"2023-06-01",
        "Open":309.0,
        "High":317.0,
        "Low":302.1,
        "Close":312.1,
        "Percent Change":"1.66 %",
        "Volume":"27,730.00"
    },
    {
        "Symbol":"PHCL",
        "Date":"2023-05-31",
        "Open":313.6,
        "High":325.0,
        "Low":301.9,
        "Close":307.0,
        "Percent Change":"-4.06 %",
        "Volume":"30,000.00"
    },
    {
        "Symbol":"PHCL",
        "Date":"2023-05-30",
        "Open":320.2,
        "High":323.0,
        "Low":312.5,
        "Close":320.0,
        "Percent Change":"-2.05 %",
        "Volume":"16,702.00"
    },
    {
        "Symbol":"PHCL",
        "Date":"2023-05-28",
        "Open":336.0,
        "High":339.7,
        "Low":326.7,
        "Close":326.7,
        "Percent Change":"-2.48 %",
        "Volume":"33,390.00"
    },
    {
        "Symbol":"PHCL",
        "Date":"2023-05-24",
        "Open":340.0,
        "High":340.0,
        "Low":324.0,
        "Close":335.0,
        "Percent Change":"-1.47 %",
        "Volume":"29,595.00"
    },
    {
        "Symbol":"PHCL",
        "Date":"2023-05-23",
        "Open":320.0,
        "High":341.0,
        "Low":317.3,
        "Close":340.0,
        "Percent Change":"5.92 %",
        "Volume":"76,038.00"
    },
    {
        "Symbol":"PHCL",
        "Date":"2023-05-22",
        "Open":311.0,
        "High":322.5,
        "Low":311.0,
        "Close":321.0,
        "Percent Change":"1.26 %",
        "Volume":"10,860.00"
    },
    {
        "Symbol":"PHCL",
        "Date":"2023-05-21",
        "Open":317.0,
        "High":323.0,
        "Low":312.6,
        "Close":317.0,
        "Percent Change":"-0.63 %",
        "Volume":"12,428.00"
    },
    {
        "Symbol":"PHCL",
        "Date":"2023-05-18",
        "Open":312.0,
        "High":321.5,
        "Low":305.8,
        "Close":319.0,
        "Percent Change":"2.24 %",
        "Volume":"25,293.00"
    },
    {
        "Symbol":"PHCL",
        "Date":"2023-05-17",
        "Open":302.9,
        "High":315.0,
        "Low":297.0,
        "Close":312.0,
        "Percent Change":"0.97 %",
        "Volume":"12,720.00"
    },
    {
        "Symbol":"PHCL",
        "Date":"2023-05-16",
        "Open":293.4,
        "High":309.0,
        "Low":293.1,
        "Close":309.0,
        "Percent Change":"3.80 %",
        "Volume":"7,545.00"
    },
    {
        "Symbol":"PHCL",
        "Date":"2023-05-15",
        "Open":294.0,
        "High":306.0,
        "Low":289.1,
        "Close":297.7,
        "Percent Change":"-0.01 %",
        "Volume":"8,289.00"
    },
    {
        "Symbol":"PHCL",
        "Date":"2023-05-14",
        "Open":305.0,
        "High":313.0,
        "Low":298.0,
        "Close":300.0,
        "Percent Change":"-1.96 %",
        "Volume":"16,150.00"
    },
    {
        "Symbol":"PHCL",
        "Date":"2023-05-11",
        "Open":304.2,
        "High":315.0,
        "Low":300.3,
        "Close":306.0,
        "Percent Change":"-1.29 %",
        "Volume":"9,505.00"
    },
    {
        "Symbol":"PHCL",
        "Date":"2023-05-10",
        "Open":315.0,
        "High":315.0,
        "Low":303.3,
        "Close":310.0,
        "Percent Change":"-0.64 %",
        "Volume":"5,424.00"
    },
    {
        "Symbol":"PHCL",
        "Date":"2023-05-09",
        "Open":310.0,
        "High":315.0,
        "Low":304.0,
        "Close":312.0,
        "Percent Change":"0.97 %",
        "Volume":"9,600.00"
    },
    {
        "Symbol":"PHCL",
        "Date":"2023-05-08",
        "Open":312.7,
        "High":318.0,
        "Low":305.0,
        "Close":309.0,
        "Percent Change":"-3.13 %",
        "Volume":"7,445.00"
    },
    {
        "Symbol":"PHCL",
        "Date":"2023-05-07",
        "Open":310.0,
        "High":321.0,
        "Low":304.0,
        "Close":319.0,
        "Percent Change":"2.90 %",
        "Volume":"19,105.00"
    },
    {
        "Symbol":"PHCL",
        "Date":"2023-05-04",
        "Open":295.1,
        "High":319.0,
        "Low":295.1,
        "Close":310.0,
        "Percent Change":"2.96 %",
        "Volume":"12,865.00"
    },
    {
        "Symbol":"PHCL",
        "Date":"2023-05-03",
        "Open":302.2,
        "High":306.0,
        "Low":299.0,
        "Close":301.1,
        "Percent Change":"-2.24 %",
        "Volume":"12,139.00"
    },
    {
        "Symbol":"PHCL",
        "Date":"2023-05-02",
        "Open":306.0,
        "High":312.0,
        "Low":303.8,
        "Close":308.0,
        "Percent Change":"-1.28 %",
        "Volume":"12,775.00"
    },
    {
        "Symbol":"PHCL",
        "Date":"2023-04-30",
        "Open":315.0,
        "High":320.0,
        "Low":312.0,
        "Close":312.0,
        "Percent Change":"-2.23 %",
        "Volume":"14,630.00"
    },
    {
        "Symbol":"PHCL",
        "Date":"2023-04-27",
        "Open":317.0,
        "High":328.0,
        "Low":317.0,
        "Close":319.1,
        "Percent Change":"-0.93 %",
        "Volume":"12,176.00"
    },
    {
        "Symbol":"PHCL",
        "Date":"2023-04-26",
        "Open":319.5,
        "High":332.0,
        "Low":319.5,
        "Close":322.1,
        "Percent Change":"-1.20 %",
        "Volume":"7,355.00"
    },
    {
        "Symbol":"PHCL",
        "Date":"2023-04-25",
        "Open":316.7,
        "High":340.0,
        "Low":316.7,
        "Close":326.0,
        "Percent Change":"0.93 %",
        "Volume":"14,073.00"
    },
    {
        "Symbol":"PHCL",
        "Date":"2023-04-24",
        "Open":315.3,
        "High":324.9,
        "Low":315.3,
        "Close":323.0,
        "Percent Change":"1.06 %",
        "Volume":"6,783.00"
    },
    {
        "Symbol":"PHCL",
        "Date":"2023-04-23",
        "Open":320.0,
        "High":323.0,
        "Low":319.3,
        "Close":319.6,
        "Percent Change":"-1.66 %",
        "Volume":"9,302.00"
    },
    {
        "Symbol":"PHCL",
        "Date":"2023-04-20",
        "Open":330.0,
        "High":332.0,
        "Low":324.5,
        "Close":325.0,
        "Percent Change":"-2.99 %",
        "Volume":"7,891.00"
    },
    {
        "Symbol":"PHCL",
        "Date":"2023-04-19",
        "Open":325.5,
        "High":337.0,
        "Low":325.5,
        "Close":335.0,
        "Percent Change":"1.52 %",
        "Volume":"9,720.00"
    },
    {
        "Symbol":"PHCL",
        "Date":"2023-04-18",
        "Open":319.0,
        "High":336.0,
        "Low":319.0,
        "Close":330.0,
        "Percent Change":"1.38 %",
        "Volume":"9,668.00"
    },
    {
        "Symbol":"PHCL",
        "Date":"2023-04-17",
        "Open":330.0,
        "High":340.0,
        "Low":325.5,
        "Close":325.5,
        "Percent Change":"-2.54 %",
        "Volume":"10,926.00"
    },
    {
        "Symbol":"PHCL",
        "Date":"2023-04-16",
        "Open":332.0,
        "High":337.0,
        "Low":328.0,
        "Close":334.0,
        "Percent Change":"-0.86 %",
        "Volume":"12,230.00"
    },
    {
        "Symbol":"PHCL",
        "Date":"2023-04-13",
        "Open":345.0,
        "High":351.0,
        "Low":331.1,
        "Close":336.9,
        "Percent Change":"-2.23 %",
        "Volume":"15,668.00"
    },
    {
        "Symbol":"PHCL",
        "Date":"2023-04-12",
        "Open":320.0,
        "High":345.0,
        "Low":320.0,
        "Close":344.6,
        "Percent Change":"7.69 %",
        "Volume":"25,405.00"
    },
    {
        "Symbol":"PHCL",
        "Date":"2023-04-11",
        "Open":320.0,
        "High":332.0,
        "Low":318.1,
        "Close":320.0,
        "Percent Change":"-0.96 %",
        "Volume":"15,360.00"
    },
    {
        "Symbol":"PHCL",
        "Date":"2023-04-10",
        "Open":323.4,
        "High":343.0,
        "Low":321.1,
        "Close":323.1,
        "Percent Change":"-2.06 %",
        "Volume":"12,360.00"
    },
    {
        "Symbol":"PHCL",
        "Date":"2023-04-09",
        "Open":333.2,
        "High":335.0,
        "Low":322.0,
        "Close":329.9,
        "Percent Change":"-2.97 %",
        "Volume":"19,004.00"
    },
    {
        "Symbol":"PHCL",
        "Date":"2023-04-06",
        "Open":339.0,
        "High":342.0,
        "Low":334.4,
        "Close":340.0,
        "Percent Change":"0.03 %",
        "Volume":"16,620.00"
    },
    {
        "Symbol":"PHCL",
        "Date":"2023-04-05",
        "Open":332.0,
        "High":343.0,
        "Low":331.5,
        "Close":339.9,
        "Percent Change":"0.56 %",
        "Volume":"11,411.00"
    },
    {
        "Symbol":"PHCL",
        "Date":"2023-04-04",
        "Open":343.1,
        "High":343.6,
        "Low":331.1,
        "Close":338.0,
        "Percent Change":"0.48 %",
        "Volume":"20,110.00"
    },
    {
        "Symbol":"PHCL",
        "Date":"2023-04-03",
        "Open":338.2,
        "High":347.0,
        "Low":335.3,
        "Close":336.4,
        "Percent Change":"-2.46 %",
        "Volume":"25,781.00"
    },
    {
        "Symbol":"PHCL",
        "Date":"2023-04-02",
        "Open":354.0,
        "High":361.0,
        "Low":343.0,
        "Close":344.9,
        "Percent Change":"-2.57 %",
        "Volume":"20,169.00"
    },
    {
        "Symbol":"PHCL",
        "Date":"2023-03-30",
        "Open":360.0,
        "High":367.0,
        "Low":353.2,
        "Close":354.0,
        "Percent Change":"-1.99 %",
        "Volume":"18,861.00"
    },
    {
        "Symbol":"PHCL",
        "Date":"2023-03-29",
        "Open":355.1,
        "High":365.1,
        "Low":355.1,
        "Close":361.2,
        "Percent Change":"-0.22 %",
        "Volume":"19,680.00"
    },
    {
        "Symbol":"PHCL",
        "Date":"2023-03-28",
        "Open":356.0,
        "High":369.8,
        "Low":356.0,
        "Close":362.0,
        "Percent Change":"0.28 %",
        "Volume":"19,252.00"
    },
    {
        "Symbol":"PHCL",
        "Date":"2023-03-27",
        "Open":344.0,
        "High":361.0,
        "Low":338.0,
        "Close":361.0,
        "Percent Change":"3.14 %",
        "Volume":"18,085.00"
    },
    {
        "Symbol":"PHCL",
        "Date":"2023-03-26",
        "Open":346.0,
        "High":355.9,
        "Low":346.0,
        "Close":350.0,
        "Percent Change":"-0.37 %",
        "Volume":"33,085.00"
    },
    {
        "Symbol":"PHCL",
        "Date":"2023-03-23",
        "Open":352.1,
        "High":357.0,
        "Low":349.0,
        "Close":351.3,
        "Percent Change":"-2.14 %",
        "Volume":"25,563.00"
    },
    {
        "Symbol":"PHCL",
        "Date":"2023-03-22",
        "Open":364.0,
        "High":371.0,
        "Low":359.0,
        "Close":359.0,
        "Percent Change":"-1.45 %",
        "Volume":"21,200.00"
    },
    {
        "Symbol":"PHCL",
        "Date":"2023-03-20",
        "Open":357.0,
        "High":370.0,
        "Low":357.0,
        "Close":364.3,
        "Percent Change":"0.44 %",
        "Volume":"19,240.00"
    },
    {
        "Symbol":"PHCL",
        "Date":"2023-03-19",
        "Open":353.0,
        "High":386.0,
        "Low":353.0,
        "Close":362.7,
        "Percent Change":"1.00 %",
        "Volume":"32,157.00"
    },
    {
        "Symbol":"PHCL",
        "Date":"2023-03-16",
        "Open":356.1,
        "High":370.0,
        "Low":356.1,
        "Close":359.1,
        "Percent Change":"-1.05 %",
        "Volume":"45,526.00"
    },
    {
        "Symbol":"PHCL",
        "Date":"2023-03-15",
        "Open":365.0,
        "High":367.9,
        "Low":358.1,
        "Close":362.9,
        "Percent Change":"-0.60 %",
        "Volume":"18,737.00"
    },
    {
        "Symbol":"PHCL",
        "Date":"2023-03-14",
        "Open":356.3,
        "High":378.4,
        "Low":356.3,
        "Close":365.1,
        "Percent Change":"0.55 %",
        "Volume":"55,495.00"
    },
    {
        "Symbol":"PHCL",
        "Date":"2023-03-13",
        "Open":360.0,
        "High":369.9,
        "Low":353.0,
        "Close":363.1,
        "Percent Change":"0.83 %",
        "Volume":"32,231.00"
    },
    {
        "Symbol":"PHCL",
        "Date":"2023-03-12",
        "Open":365.0,
        "High":371.3,
        "Low":359.0,
        "Close":360.1,
        "Percent Change":"-1.10 %",
        "Volume":"39,279.00"
    },
    {
        "Symbol":"PHCL",
        "Date":"2023-03-09",
        "Open":336.5,
        "High":377.0,
        "Low":336.5,
        "Close":364.1,
        "Percent Change":"6.15 %",
        "Volume":"39,404.00"
    },
    {
        "Symbol":"PHCL",
        "Date":"2023-03-07",
        "Open":334.0,
        "High":349.0,
        "Low":334.0,
        "Close":343.0,
        "Percent Change":"1.63 %",
        "Volume":"18,887.00"
    },
    {
        "Symbol":"PHCL",
        "Date":"2023-03-05",
        "Open":345.5,
        "High":350.5,
        "Low":335.1,
        "Close":337.5,
        "Percent Change":"-3.60 %",
        "Volume":"26,048.00"
    },
    {
        "Symbol":"PHCL",
        "Date":"2023-03-02",
        "Open":351.0,
        "High":355.0,
        "Low":350.0,
        "Close":350.1,
        "Percent Change":"-2.23 %",
        "Volume":"25,310.00"
    },
    {
        "Symbol":"PHCL",
        "Date":"2023-03-01",
        "Open":368.0,
        "High":368.0,
        "Low":357.0,
        "Close":358.1,
        "Percent Change":"-2.69 %",
        "Volume":"11,233.00"
    },
    {
        "Symbol":"PHCL",
        "Date":"2023-02-28",
        "Open":355.0,
        "High":374.0,
        "Low":355.0,
        "Close":368.0,
        "Percent Change":"2.22 %",
        "Volume":"42,240.00"
    },
    {
        "Symbol":"PHCL",
        "Date":"2023-02-27",
        "Open":358.0,
        "High":365.1,
        "Low":343.0,
        "Close":360.0,
        "Percent Change":"-1.34 %",
        "Volume":"36,146.00"
    },
    {
        "Symbol":"PHCL",
        "Date":"2023-02-26",
        "Open":354.8,
        "High":366.0,
        "Low":342.7,
        "Close":364.9,
        "Percent Change":"0.80 %",
        "Volume":"48,860.00"
    },
    {
        "Symbol":"PHCL",
        "Date":"2023-02-23",
        "Open":360.0,
        "High":367.0,
        "Low":354.1,
        "Close":362.0,
        "Percent Change":"-1.39 %",
        "Volume":"29,931.00"
    },
    {
        "Symbol":"PHCL",
        "Date":"2023-02-22",
        "Open":356.0,
        "High":376.9,
        "Low":355.0,
        "Close":367.1,
        "Percent Change":"3.12 %",
        "Volume":"34,212.00"
    },
    {
        "Symbol":"PHCL",
        "Date":"2023-02-20",
        "Open":360.0,
        "High":363.0,
        "Low":353.0,
        "Close":356.0,
        "Percent Change":"-2.20 %",
        "Volume":"35,845.00"
    },
    {
        "Symbol":"PHCL",
        "Date":"2023-02-16",
        "Open":362.7,
        "High":373.0,
        "Low":359.0,
        "Close":364.0,
        "Percent Change":"-1.62 %",
        "Volume":"22,780.00"
    },
    {
        "Symbol":"PHCL",
        "Date":"2023-02-15",
        "Open":368.0,
        "High":377.0,
        "Low":362.0,
        "Close":370.0,
        "Percent Change":"-1.33 %",
        "Volume":"36,445.00"
    },
    {
        "Symbol":"PHCL",
        "Date":"2023-02-14",
        "Open":368.0,
        "High":375.0,
        "Low":362.0,
        "Close":375.0,
        "Percent Change":"0.00 %",
        "Volume":"30,264.00"
    },
    {
        "Symbol":"PHCL",
        "Date":"2023-02-12",
        "Open":387.0,
        "High":387.0,
        "Low":371.8,
        "Close":375.0,
        "Percent Change":"-5.02 %",
        "Volume":"94,119.00"
    },
    {
        "Symbol":"PHCL",
        "Date":"2023-02-09",
        "Open":384.0,
        "High":397.5,
        "Low":380.0,
        "Close":394.8,
        "Percent Change":"2.57 %",
        "Volume":"53,795.00"
    },
    {
        "Symbol":"PHCL",
        "Date":"2023-02-08",
        "Open":383.0,
        "High":399.0,
        "Low":383.0,
        "Close":384.9,
        "Percent Change":"-1.43 %",
        "Volume":"52,431.00"
    },
    {
        "Symbol":"PHCL",
        "Date":"2023-02-07",
        "Open":380.0,
        "High":398.4,
        "Low":375.0,
        "Close":390.5,
        "Percent Change":"2.79 %",
        "Volume":"94,538.00"
    },
    {
        "Symbol":"PHCL",
        "Date":"2023-02-06",
        "Open":376.0,
        "High":384.5,
        "Low":371.2,
        "Close":379.9,
        "Percent Change":"0.77 %",
        "Volume":"47,053.00"
    },
    {
        "Symbol":"PHCL",
        "Date":"2023-02-05",
        "Open":376.0,
        "High":400.0,
        "Low":370.2,
        "Close":377.0,
        "Percent Change":"-1.57 %",
        "Volume":"58,573.00"
    },
    {
        "Symbol":"PHCL",
        "Date":"2023-02-02",
        "Open":392.0,
        "High":403.9,
        "Low":377.3,
        "Close":383.0,
        "Percent Change":"-4.01 %",
        "Volume":"82,932.00"
    },
    {
        "Symbol":"PHCL",
        "Date":"2023-02-01",
        "Open":397.0,
        "High":405.0,
        "Low":385.0,
        "Close":399.0,
        "Percent Change":"0.35 %",
        "Volume":"98,335.00"
    },
    {
        "Symbol":"PHCL",
        "Date":"2023-01-31",
        "Open":378.0,
        "High":416.1,
        "Low":376.1,
        "Close":397.6,
        "Percent Change":"4.63 %",
        "Volume":"116,340.00"
    },
    {
        "Symbol":"PHCL",
        "Date":"2023-01-30",
        "Open":357.2,
        "High":394.0,
        "Low":357.2,
        "Close":380.0,
        "Percent Change":"5.03 %",
        "Volume":"252,453.00"
    },
    {
        "Symbol":"PHCL",
        "Date":"2023-01-29",
        "Open":362.6,
        "High":374.0,
        "Low":355.4,
        "Close":361.8,
        "Percent Change":"-2.22 %",
        "Volume":"57,465.00"
    },
    {
        "Symbol":"PHCL",
        "Date":"2023-01-26",
        "Open":372.0,
        "High":384.4,
        "Low":365.0,
        "Close":370.0,
        "Percent Change":"-1.86 %",
        "Volume":"94,783.00"
    },
    {
        "Symbol":"PHCL",
        "Date":"2023-01-25",
        "Open":391.6,
        "High":405.0,
        "Low":372.5,
        "Close":377.0,
        "Percent Change":"-3.33 %",
        "Volume":"157,234.00"
    },
    {
        "Symbol":"PHCL",
        "Date":"2023-01-24",
        "Open":370.0,
        "High":402.0,
        "Low":353.0,
        "Close":390.0,
        "Percent Change":"4.14 %",
        "Volume":"76,695.00"
    },
    {
        "Symbol":"PHCL",
        "Date":"2023-01-23",
        "Open":345.0,
        "High":379.5,
        "Low":339.0,
        "Close":374.5,
        "Percent Change":"8.55 %",
        "Volume":"127,279.00"
    },
    {
        "Symbol":"PHCL",
        "Date":"2023-01-19",
        "Open":333.2,
        "High":359.3,
        "Low":316.0,
        "Close":345.0,
        "Percent Change":"5.60 %",
        "Volume":"301,371.00"
    },
    {
        "Symbol":"PHCL",
        "Date":"2023-01-18",
        "Open":302.0,
        "High":326.7,
        "Low":302.0,
        "Close":326.7,
        "Percent Change":"10.00 %",
        "Volume":"53,835.00"
    },
    {
        "Symbol":"PHCL",
        "Date":"2023-01-17",
        "Open":270.0,
        "High":297.0,
        "Low":270.0,
        "Close":297.0,
        "Percent Change":"10.00 %",
        "Volume":"83,296.00"
    },
    {
        "Symbol":"PHCL",
        "Date":"2023-01-12",
        "Open":277.0,
        "High":288.0,
        "Low":270.0,
        "Close":270.0,
        "Percent Change":"-1.82 %",
        "Volume":"78,962.00"
    },
    {
        "Symbol":"PHCL",
        "Date":"2023-01-10",
        "Open":281.0,
        "High":300.0,
        "Low":267.0,
        "Close":275.0,
        "Percent Change":"-1.47 %",
        "Volume":"83,862.00"
    },
    {
        "Symbol":"PHCL",
        "Date":"2023-01-09",
        "Open":249.0,
        "High":279.1,
        "Low":249.0,
        "Close":279.1,
        "Percent Change":"9.97 %",
        "Volume":"94,077.00"
    },
    {
        "Symbol":"PHCL",
        "Date":"2023-01-08",
        "Open":253.9,
        "High":268.0,
        "Low":240.3,
        "Close":253.8,
        "Percent Change":"1.93 %",
        "Volume":"90,591.00"
    },
    {
        "Symbol":"PHCL",
        "Date":"2023-01-05",
        "Open":250.0,
        "High":258.0,
        "Low":238.1,
        "Close":249.0,
        "Percent Change":"-0.40 %",
        "Volume":"68,130.00"
    },
    {
        "Symbol":"PHCL",
        "Date":"2023-01-04",
        "Open":229.4,
        "High":252.9,
        "Low":229.4,
        "Close":250.0,
        "Percent Change":"6.84 %",
        "Volume":"69,470.00"
    },
    {
        "Symbol":"PHCL",
        "Date":"2023-01-03",
        "Open":228.0,
        "High":239.3,
        "Low":225.0,
        "Close":234.0,
        "Percent Change":"2.63 %",
        "Volume":"43,536.00"
    },
    {
        "Symbol":"PHCL",
        "Date":"2023-01-02",
        "Open":213.8,
        "High":229.9,
        "Low":213.7,
        "Close":228.0,
        "Percent Change":"4.59 %",
        "Volume":"74,947.00"
    },
    {
        "Symbol":"PHCL",
        "Date":"2023-01-01",
        "Open":214.1,
        "High":225.4,
        "Low":213.9,
        "Close":218.0,
        "Percent Change":"1.82 %",
        "Volume":"89,702.00"
    },
    {
        "Symbol":"PHCL",
        "Date":"2022-12-29",
        "Open":208.0,
        "High":219.0,
        "Low":205.1,
        "Close":214.1,
        "Percent Change":"2.93 %",
        "Volume":"33,748.00"
    },
    {
        "Symbol":"PHCL",
        "Date":"2022-12-28",
        "Open":207.0,
        "High":213.9,
        "Low":203.5,
        "Close":208.0,
        "Percent Change":"-0.95 %",
        "Volume":"37,641.00"
    },
    {
        "Symbol":"PHCL",
        "Date":"2022-12-27",
        "Open":202.0,
        "High":215.0,
        "Low":202.0,
        "Close":210.0,
        "Percent Change":"2.44 %",
        "Volume":"70,046.00"
    },
    {
        "Symbol":"PHCL",
        "Date":"2022-12-26",
        "Open":202.9,
        "High":210.1,
        "Low":197.0,
        "Close":205.0,
        "Percent Change":"3.02 %",
        "Volume":"48,390.00"
    },
    {
        "Symbol":"PHCL",
        "Date":"2022-12-22",
        "Open":204.0,
        "High":204.0,
        "Low":197.1,
        "Close":199.0,
        "Percent Change":"-2.88 %",
        "Volume":"38,684.00"
    },
    {
        "Symbol":"PHCL",
        "Date":"2022-12-21",
        "Open":202.0,
        "High":205.5,
        "Low":200.5,
        "Close":204.9,
        "Percent Change":"-0.44 %",
        "Volume":"29,210.00"
    },
    {
        "Symbol":"PHCL",
        "Date":"2022-12-20",
        "Open":201.4,
        "High":209.2,
        "Low":198.5,
        "Close":205.8,
        "Percent Change":"0.15 %",
        "Volume":"55,571.00"
    },
    {
        "Symbol":"PHCL",
        "Date":"2022-12-19",
        "Open":214.4,
        "High":214.4,
        "Low":196.9,
        "Close":205.5,
        "Percent Change":"-6.04 %",
        "Volume":"163,559.00"
    },
    {
        "Symbol":"PHCL",
        "Date":"2022-12-18",
        "Open":238.2,
        "High":238.2,
        "Low":218.7,
        "Close":218.7,
        "Percent Change":"-10.00 %",
        "Volume":"6,609.00"
    },
    {
        "Symbol":"PHCL",
        "Date":"2022-12-15",
        "Open":264.6,
        "High":264.6,
        "Low":243.0,
        "Close":243.0,
        "Percent Change":"-10.00 %",
        "Volume":"6,205.00"
    },
    {
        "Symbol":"PHCL",
        "Date":"2022-12-14",
        "Open":300.0,
        "High":300.0,
        "Low":270.0,
        "Close":270.0,
        "Percent Change":"0.00 %",
        "Volume":"13,121.00"
    },
    {
        "Symbol":"PHCL",
        "Date":"2022-01-02",
        "Open":213.8,
        "High":229.9,
        "Low":213.7,
        "Close":228.0,
        "Percent Change":"4.59 %",
        "Volume":"74,947.00"
    }
]