[
    {
        "Symbol":"DLBS",
        "Date":"2024-08-11",
        "Open":1337.0,
        "High":1346.4,
        "Low":1311.1,
        "Close":1335.0,
        "Percent Change":"1.82 %",
        "Volume":"3,726.00"
    },
    {
        "Symbol":"DLBS",
        "Date":"2024-08-08",
        "Open":1290.0,
        "High":1387.0,
        "Low":1290.0,
        "Close":1311.1,
        "Percent Change":"0.08 %",
        "Volume":"2,887.00"
    },
    {
        "Symbol":"DLBS",
        "Date":"2024-08-07",
        "Open":1290.0,
        "High":1330.0,
        "Low":1275.0,
        "Close":1310.0,
        "Percent Change":"1.55 %",
        "Volume":"3,194.00"
    },
    {
        "Symbol":"DLBS",
        "Date":"2024-08-06",
        "Open":1332.3,
        "High":1340.0,
        "Low":1286.0,
        "Close":1290.0,
        "Percent Change":"-3.17 %",
        "Volume":"3,765.00"
    },
    {
        "Symbol":"DLBS",
        "Date":"2024-08-05",
        "Open":1384.5,
        "High":1384.5,
        "Low":1322.0,
        "Close":1332.3,
        "Percent Change":"-2.11 %",
        "Volume":"4,850.00"
    },
    {
        "Symbol":"DLBS",
        "Date":"2024-08-01",
        "Open":1353.5,
        "High":1410.0,
        "Low":1353.5,
        "Close":1361.0,
        "Percent Change":"-1.38 %",
        "Volume":"4,132.00"
    },
    {
        "Symbol":"DLBS",
        "Date":"2024-07-31",
        "Open":1358.0,
        "High":1388.0,
        "Low":1358.0,
        "Close":1380.0,
        "Percent Change":"1.62 %",
        "Volume":"4,034.00"
    },
    {
        "Symbol":"DLBS",
        "Date":"2024-07-30",
        "Open":1392.0,
        "High":1395.0,
        "Low":1342.0,
        "Close":1358.0,
        "Percent Change":"-0.73 %",
        "Volume":"4,594.00"
    },
    {
        "Symbol":"DLBS",
        "Date":"2024-07-29",
        "Open":1428.0,
        "High":1428.0,
        "Low":1345.0,
        "Close":1368.0,
        "Percent Change":"-2.29 %",
        "Volume":"5,533.00"
    },
    {
        "Symbol":"DLBS",
        "Date":"2024-07-28",
        "Open":1445.0,
        "High":1473.9,
        "Low":1369.0,
        "Close":1400.0,
        "Percent Change":"-2.71 %",
        "Volume":"2,960.00"
    },
    {
        "Symbol":"DLBS",
        "Date":"2024-07-25",
        "Open":1350.0,
        "High":1440.0,
        "Low":1350.0,
        "Close":1439.0,
        "Percent Change":"6.52 %",
        "Volume":"7,840.00"
    },
    {
        "Symbol":"DLBS",
        "Date":"2024-07-24",
        "Open":1393.3,
        "High":1416.7,
        "Low":1350.9,
        "Close":1350.9,
        "Percent Change":"-3.04 %",
        "Volume":"5,224.00"
    },
    {
        "Symbol":"DLBS",
        "Date":"2024-07-23",
        "Open":1405.0,
        "High":1417.0,
        "Low":1389.3,
        "Close":1393.3,
        "Percent Change":"-0.62 %",
        "Volume":"3,155.00"
    },
    {
        "Symbol":"DLBS",
        "Date":"2024-07-22",
        "Open":1406.0,
        "High":1415.0,
        "Low":1375.0,
        "Close":1402.0,
        "Percent Change":"-1.27 %",
        "Volume":"4,426.00"
    },
    {
        "Symbol":"DLBS",
        "Date":"2024-07-21",
        "Open":1430.0,
        "High":1441.0,
        "Low":1401.0,
        "Close":1420.0,
        "Percent Change":"-0.21 %",
        "Volume":"3,836.00"
    },
    {
        "Symbol":"DLBS",
        "Date":"2024-07-18",
        "Open":1425.0,
        "High":1489.0,
        "Low":1420.0,
        "Close":1423.0,
        "Percent Change":"1.14 %",
        "Volume":"7,012.00"
    },
    {
        "Symbol":"DLBS",
        "Date":"2024-07-17",
        "Open":1385.0,
        "High":1428.0,
        "Low":1385.0,
        "Close":1407.0,
        "Percent Change":"0.50 %",
        "Volume":"4,127.00"
    },
    {
        "Symbol":"DLBS",
        "Date":"2024-07-16",
        "Open":1386.5,
        "High":1400.0,
        "Low":1332.8,
        "Close":1400.0,
        "Percent Change":"2.99 %",
        "Volume":"4,619.00"
    },
    {
        "Symbol":"DLBS",
        "Date":"2024-07-15",
        "Open":1395.0,
        "High":1402.0,
        "Low":1359.4,
        "Close":1359.4,
        "Percent Change":"-2.19 %",
        "Volume":"3,616.00"
    },
    {
        "Symbol":"DLBS",
        "Date":"2024-07-14",
        "Open":1443.3,
        "High":1450.0,
        "Low":1375.2,
        "Close":1389.9,
        "Percent Change":"-1.77 %",
        "Volume":"3,347.00"
    },
    {
        "Symbol":"DLBS",
        "Date":"2024-07-11",
        "Open":1408.0,
        "High":1426.0,
        "Low":1394.0,
        "Close":1415.0,
        "Percent Change":"-0.39 %",
        "Volume":"5,640.00"
    },
    {
        "Symbol":"DLBS",
        "Date":"2024-07-10",
        "Open":1402.5,
        "High":1465.0,
        "Low":1402.0,
        "Close":1420.5,
        "Percent Change":"3.31 %",
        "Volume":"13,144.00"
    },
    {
        "Symbol":"DLBS",
        "Date":"2024-07-09",
        "Open":1274.0,
        "High":1375.0,
        "Low":1274.0,
        "Close":1375.0,
        "Percent Change":"7.93 %",
        "Volume":"10,854.00"
    },
    {
        "Symbol":"DLBS",
        "Date":"2024-07-08",
        "Open":1258.0,
        "High":1277.0,
        "Low":1240.0,
        "Close":1274.0,
        "Percent Change":"1.27 %",
        "Volume":"2,051.00"
    },
    {
        "Symbol":"DLBS",
        "Date":"2024-07-07",
        "Open":1279.0,
        "High":1280.0,
        "Low":1250.0,
        "Close":1258.0,
        "Percent Change":"-0.16 %",
        "Volume":"3,623.00"
    },
    {
        "Symbol":"DLBS",
        "Date":"2024-07-04",
        "Open":1259.0,
        "High":1270.0,
        "Low":1247.0,
        "Close":1260.0,
        "Percent Change":"0.17 %",
        "Volume":"1,237.00"
    },
    {
        "Symbol":"DLBS",
        "Date":"2024-07-03",
        "Open":1289.0,
        "High":1289.0,
        "Low":1230.0,
        "Close":1257.8,
        "Percent Change":"-0.57 %",
        "Volume":"2,495.00"
    },
    {
        "Symbol":"DLBS",
        "Date":"2024-07-02",
        "Open":1263.0,
        "High":1288.0,
        "Low":1251.0,
        "Close":1265.0,
        "Percent Change":"2.10 %",
        "Volume":"1,567.00"
    },
    {
        "Symbol":"DLBS",
        "Date":"2024-07-01",
        "Open":1236.0,
        "High":1265.0,
        "Low":1236.0,
        "Close":1239.0,
        "Percent Change":"0.24 %",
        "Volume":"1,882.00"
    },
    {
        "Symbol":"DLBS",
        "Date":"2024-06-30",
        "Open":1237.6,
        "High":1261.9,
        "Low":1236.0,
        "Close":1236.0,
        "Percent Change":"-1.59 %",
        "Volume":"3,138.00"
    },
    {
        "Symbol":"DLBS",
        "Date":"2024-06-27",
        "Open":1260.0,
        "High":1283.5,
        "Low":1241.5,
        "Close":1256.0,
        "Percent Change":"-0.24 %",
        "Volume":"4,618.00"
    },
    {
        "Symbol":"DLBS",
        "Date":"2024-06-26",
        "Open":1295.0,
        "High":1295.0,
        "Low":1246.2,
        "Close":1259.0,
        "Percent Change":"-1.56 %",
        "Volume":"2,370.00"
    },
    {
        "Symbol":"DLBS",
        "Date":"2024-06-25",
        "Open":1276.0,
        "High":1300.0,
        "Low":1254.4,
        "Close":1279.0,
        "Percent Change":"1.91 %",
        "Volume":"5,259.00"
    },
    {
        "Symbol":"DLBS",
        "Date":"2024-06-24",
        "Open":1252.0,
        "High":1277.0,
        "Low":1226.5,
        "Close":1255.0,
        "Percent Change":"2.22 %",
        "Volume":"2,598.00"
    },
    {
        "Symbol":"DLBS",
        "Date":"2024-06-23",
        "Open":1288.0,
        "High":1288.0,
        "Low":1227.2,
        "Close":1227.8,
        "Percent Change":"-3.17 %",
        "Volume":"2,845.00"
    },
    {
        "Symbol":"DLBS",
        "Date":"2024-06-20",
        "Open":1270.0,
        "High":1325.0,
        "Low":1252.0,
        "Close":1268.0,
        "Percent Change":"1.04 %",
        "Volume":"4,080.00"
    },
    {
        "Symbol":"DLBS",
        "Date":"2024-06-19",
        "Open":1302.0,
        "High":1302.0,
        "Low":1255.0,
        "Close":1255.0,
        "Percent Change":"-1.80 %",
        "Volume":"1,852.00"
    },
    {
        "Symbol":"DLBS",
        "Date":"2024-06-18",
        "Open":1258.4,
        "High":1299.4,
        "Low":1233.3,
        "Close":1278.0,
        "Percent Change":"-0.47 %",
        "Volume":"4,395.00"
    },
    {
        "Symbol":"DLBS",
        "Date":"2024-06-16",
        "Open":1335.0,
        "High":1340.0,
        "Low":1280.0,
        "Close":1284.0,
        "Percent Change":"-3.82 %",
        "Volume":"5,209.00"
    },
    {
        "Symbol":"DLBS",
        "Date":"2024-06-13",
        "Open":1305.0,
        "High":1345.0,
        "Low":1305.0,
        "Close":1335.0,
        "Percent Change":"4.30 %",
        "Volume":"16,558.00"
    },
    {
        "Symbol":"DLBS",
        "Date":"2024-06-12",
        "Open":1259.0,
        "High":1280.0,
        "Low":1216.0,
        "Close":1280.0,
        "Percent Change":"1.99 %",
        "Volume":"5,863.00"
    },
    {
        "Symbol":"DLBS",
        "Date":"2024-06-11",
        "Open":1222.2,
        "High":1267.0,
        "Low":1220.0,
        "Close":1255.0,
        "Percent Change":"2.68 %",
        "Volume":"4,519.00"
    },
    {
        "Symbol":"DLBS",
        "Date":"2024-06-10",
        "Open":1190.1,
        "High":1243.0,
        "Low":1190.1,
        "Close":1222.2,
        "Percent Change":"0.68 %",
        "Volume":"2,444.00"
    },
    {
        "Symbol":"DLBS",
        "Date":"2024-06-09",
        "Open":1260.0,
        "High":1260.0,
        "Low":1200.0,
        "Close":1214.0,
        "Percent Change":"-3.65 %",
        "Volume":"5,615.00"
    },
    {
        "Symbol":"DLBS",
        "Date":"2024-06-06",
        "Open":1250.0,
        "High":1280.0,
        "Low":1240.0,
        "Close":1260.0,
        "Percent Change":"0.40 %",
        "Volume":"2,823.00"
    },
    {
        "Symbol":"DLBS",
        "Date":"2024-06-05",
        "Open":1262.0,
        "High":1283.0,
        "Low":1242.0,
        "Close":1255.0,
        "Percent Change":"-0.40 %",
        "Volume":"3,992.00"
    },
    {
        "Symbol":"DLBS",
        "Date":"2024-06-04",
        "Open":1240.0,
        "High":1282.9,
        "Low":1211.0,
        "Close":1260.0,
        "Percent Change":"2.86 %",
        "Volume":"5,027.00"
    },
    {
        "Symbol":"DLBS",
        "Date":"2024-06-03",
        "Open":1200.0,
        "High":1244.0,
        "Low":1160.0,
        "Close":1225.0,
        "Percent Change":"3.64 %",
        "Volume":"3,966.00"
    },
    {
        "Symbol":"DLBS",
        "Date":"2024-06-02",
        "Open":1179.0,
        "High":1196.0,
        "Low":1160.0,
        "Close":1182.0,
        "Percent Change":"0.42 %",
        "Volume":"1,910.00"
    },
    {
        "Symbol":"DLBS",
        "Date":"2024-05-30",
        "Open":1199.0,
        "High":1214.0,
        "Low":1176.0,
        "Close":1177.0,
        "Percent Change":"-1.09 %",
        "Volume":"4,418.00"
    },
    {
        "Symbol":"DLBS",
        "Date":"2024-05-29",
        "Open":1228.0,
        "High":1252.5,
        "Low":1190.0,
        "Close":1190.0,
        "Percent Change":"-3.09 %",
        "Volume":"3,253.00"
    },
    {
        "Symbol":"DLBS",
        "Date":"2024-05-27",
        "Open":1250.0,
        "High":1270.0,
        "Low":1220.0,
        "Close":1228.0,
        "Percent Change":"-1.85 %",
        "Volume":"4,268.00"
    },
    {
        "Symbol":"DLBS",
        "Date":"2024-05-26",
        "Open":1275.0,
        "High":1285.0,
        "Low":1235.0,
        "Close":1251.1,
        "Percent Change":"-1.11 %",
        "Volume":"3,246.00"
    },
    {
        "Symbol":"DLBS",
        "Date":"2024-05-22",
        "Open":1289.0,
        "High":1300.0,
        "Low":1260.0,
        "Close":1265.1,
        "Percent Change":"-2.31 %",
        "Volume":"10,140.00"
    },
    {
        "Symbol":"DLBS",
        "Date":"2024-05-21",
        "Open":1300.0,
        "High":1305.0,
        "Low":1265.1,
        "Close":1295.0,
        "Percent Change":"0.39 %",
        "Volume":"5,484.00"
    },
    {
        "Symbol":"DLBS",
        "Date":"2024-05-20",
        "Open":1350.0,
        "High":1356.0,
        "Low":1275.0,
        "Close":1290.0,
        "Percent Change":"-3.73 %",
        "Volume":"9,441.00"
    },
    {
        "Symbol":"DLBS",
        "Date":"2024-05-19",
        "Open":1351.5,
        "High":1405.0,
        "Low":1328.9,
        "Close":1340.0,
        "Percent Change":"1.13 %",
        "Volume":"8,196.00"
    },
    {
        "Symbol":"DLBS",
        "Date":"2024-05-16",
        "Open":1230.0,
        "High":1326.0,
        "Low":1220.1,
        "Close":1325.0,
        "Percent Change":"8.61 %",
        "Volume":"19,023.00"
    },
    {
        "Symbol":"DLBS",
        "Date":"2024-05-15",
        "Open":1265.0,
        "High":1280.0,
        "Low":1200.0,
        "Close":1220.0,
        "Percent Change":"-3.48 %",
        "Volume":"4,295.00"
    },
    {
        "Symbol":"DLBS",
        "Date":"2024-05-14",
        "Open":1162.3,
        "High":1264.8,
        "Low":1162.3,
        "Close":1264.0,
        "Percent Change":"7.21 %",
        "Volume":"7,247.00"
    },
    {
        "Symbol":"DLBS",
        "Date":"2024-05-13",
        "Open":1160.0,
        "High":1190.0,
        "Low":1160.0,
        "Close":1179.0,
        "Percent Change":"1.81 %",
        "Volume":"2,345.00"
    },
    {
        "Symbol":"DLBS",
        "Date":"2024-05-12",
        "Open":1189.0,
        "High":1189.9,
        "Low":1156.5,
        "Close":1158.0,
        "Percent Change":"-2.61 %",
        "Volume":"2,925.00"
    },
    {
        "Symbol":"DLBS",
        "Date":"2024-05-09",
        "Open":1220.0,
        "High":1230.5,
        "Low":1152.0,
        "Close":1189.0,
        "Percent Change":"-2.54 %",
        "Volume":"2,791.00"
    },
    {
        "Symbol":"DLBS",
        "Date":"2024-05-08",
        "Open":1175.0,
        "High":1224.0,
        "Low":1170.0,
        "Close":1220.0,
        "Percent Change":"3.83 %",
        "Volume":"2,943.00"
    },
    {
        "Symbol":"DLBS",
        "Date":"2024-05-07",
        "Open":1139.0,
        "High":1206.6,
        "Low":1139.0,
        "Close":1175.0,
        "Percent Change":"1.29 %",
        "Volume":"2,050.00"
    },
    {
        "Symbol":"DLBS",
        "Date":"2024-05-06",
        "Open":1200.0,
        "High":1200.0,
        "Low":1156.0,
        "Close":1160.0,
        "Percent Change":"-3.33 %",
        "Volume":"706.00"
    },
    {
        "Symbol":"DLBS",
        "Date":"2024-05-05",
        "Open":1235.0,
        "High":1259.0,
        "Low":1160.1,
        "Close":1200.0,
        "Percent Change":"-1.23 %",
        "Volume":"7,213.00"
    },
    {
        "Symbol":"DLBS",
        "Date":"2024-05-02",
        "Open":1151.0,
        "High":1268.8,
        "Low":1151.0,
        "Close":1215.0,
        "Percent Change":"3.85 %",
        "Volume":"6,065.00"
    },
    {
        "Symbol":"DLBS",
        "Date":"2024-04-30",
        "Open":1189.0,
        "High":1189.0,
        "Low":1149.0,
        "Close":1170.0,
        "Percent Change":"0.09 %",
        "Volume":"2,748.00"
    },
    {
        "Symbol":"DLBS",
        "Date":"2024-04-29",
        "Open":1160.0,
        "High":1183.0,
        "Low":1137.0,
        "Close":1169.0,
        "Percent Change":"2.36 %",
        "Volume":"4,708.00"
    },
    {
        "Symbol":"DLBS",
        "Date":"2024-04-28",
        "Open":1139.3,
        "High":1190.0,
        "Low":1115.0,
        "Close":1142.0,
        "Percent Change":"2.24 %",
        "Volume":"4,100.00"
    },
    {
        "Symbol":"DLBS",
        "Date":"2024-04-25",
        "Open":1113.6,
        "High":1210.7,
        "Low":1113.6,
        "Close":1117.0,
        "Percent Change":"-1.58 %",
        "Volume":"1,823.00"
    },
    {
        "Symbol":"DLBS",
        "Date":"2024-04-24",
        "Open":1108.0,
        "High":1159.0,
        "Low":1108.0,
        "Close":1134.9,
        "Percent Change":"0.43 %",
        "Volume":"1,898.00"
    },
    {
        "Symbol":"DLBS",
        "Date":"2024-04-22",
        "Open":1145.0,
        "High":1165.0,
        "Low":1108.0,
        "Close":1130.0,
        "Percent Change":"-1.48 %",
        "Volume":"3,232.00"
    },
    {
        "Symbol":"DLBS",
        "Date":"2024-04-21",
        "Open":1135.0,
        "High":1193.0,
        "Low":1091.0,
        "Close":1147.0,
        "Percent Change":"-0.69 %",
        "Volume":"3,501.00"
    },
    {
        "Symbol":"DLBS",
        "Date":"2024-04-18",
        "Open":1187.0,
        "High":1205.6,
        "Low":1134.0,
        "Close":1155.0,
        "Percent Change":"-3.99 %",
        "Volume":"3,972.00"
    },
    {
        "Symbol":"DLBS",
        "Date":"2024-04-16",
        "Open":1249.5,
        "High":1249.5,
        "Low":1203.0,
        "Close":1203.0,
        "Percent Change":"-1.80 %",
        "Volume":"1,899.00"
    },
    {
        "Symbol":"DLBS",
        "Date":"2024-04-15",
        "Open":1234.0,
        "High":1264.4,
        "Low":1220.0,
        "Close":1225.0,
        "Percent Change":"0.69 %",
        "Volume":"5,453.00"
    },
    {
        "Symbol":"DLBS",
        "Date":"2024-04-14",
        "Open":1200.0,
        "High":1269.0,
        "Low":1200.0,
        "Close":1216.6,
        "Percent Change":"-0.52 %",
        "Volume":"3,532.00"
    },
    {
        "Symbol":"DLBS",
        "Date":"2024-04-10",
        "Open":1243.0,
        "High":1248.9,
        "Low":1220.0,
        "Close":1223.0,
        "Percent Change":"-1.61 %",
        "Volume":"5,832.00"
    },
    {
        "Symbol":"DLBS",
        "Date":"2024-04-09",
        "Open":1257.0,
        "High":1280.1,
        "Low":1240.0,
        "Close":1243.0,
        "Percent Change":"-0.96 %",
        "Volume":"6,842.00"
    },
    {
        "Symbol":"DLBS",
        "Date":"2024-04-07",
        "Open":1285.0,
        "High":1290.0,
        "Low":1255.0,
        "Close":1255.0,
        "Percent Change":"-2.34 %",
        "Volume":"6,521.00"
    },
    {
        "Symbol":"DLBS",
        "Date":"2024-04-04",
        "Open":1252.5,
        "High":1320.0,
        "Low":1220.1,
        "Close":1285.1,
        "Percent Change":"0.56 %",
        "Volume":"10,870.00"
    },
    {
        "Symbol":"DLBS",
        "Date":"2024-04-03",
        "Open":1270.1,
        "High":1295.0,
        "Low":1209.0,
        "Close":1278.0,
        "Percent Change":"-1.39 %",
        "Volume":"19,441.00"
    },
    {
        "Symbol":"DLBS",
        "Date":"2024-04-02",
        "Open":1326.0,
        "High":1326.0,
        "Low":1210.0,
        "Close":1296.0,
        "Percent Change":"-0.31 %",
        "Volume":"11,430.00"
    },
    {
        "Symbol":"DLBS",
        "Date":"2024-04-01",
        "Open":1406.5,
        "High":1406.5,
        "Low":1241.1,
        "Close":1300.0,
        "Percent Change":"-5.73 %",
        "Volume":"13,885.00"
    },
    {
        "Symbol":"DLBS",
        "Date":"2024-03-31",
        "Open":1282.5,
        "High":1379.0,
        "Low":1218.0,
        "Close":1379.0,
        "Percent Change":"5.38 %",
        "Volume":"13,456.00"
    },
    {
        "Symbol":"DLBS",
        "Date":"2024-03-28",
        "Open":1483.0,
        "High":1483.0,
        "Low":1308.6,
        "Close":1308.6,
        "Percent Change":"-10.00 %",
        "Volume":"8,222.00"
    },
    {
        "Symbol":"DLBS",
        "Date":"2024-03-27",
        "Open":1371.7,
        "High":1454.0,
        "Low":1259.7,
        "Close":1454.0,
        "Percent Change":"3.89 %",
        "Volume":"26,547.00"
    },
    {
        "Symbol":"DLBS",
        "Date":"2024-03-26",
        "Open":1544.0,
        "High":1544.0,
        "Low":1389.6,
        "Close":1399.6,
        "Percent Change":"-9.35 %",
        "Volume":"8,900.00"
    },
    {
        "Symbol":"DLBS",
        "Date":"2024-03-25",
        "Open":1379.9,
        "High":1544.0,
        "Low":1271.1,
        "Close":1544.0,
        "Percent Change":"9.66 %",
        "Volume":"14,437.00"
    },
    {
        "Symbol":"DLBS",
        "Date":"2024-03-21",
        "Open":1254.4,
        "High":1408.0,
        "Low":1181.0,
        "Close":1408.0,
        "Percent Change":"10.00 %",
        "Volume":"9,599.00"
    },
    {
        "Symbol":"DLBS",
        "Date":"2024-03-20",
        "Open":1147.9,
        "High":1288.0,
        "Low":1110.0,
        "Close":1280.0,
        "Percent Change":"9.28 %",
        "Volume":"9,972.00"
    },
    {
        "Symbol":"DLBS",
        "Date":"2024-03-19",
        "Open":1070.0,
        "High":1171.3,
        "Low":1070.0,
        "Close":1171.3,
        "Percent Change":"9.99 %",
        "Volume":"11,105.00"
    },
    {
        "Symbol":"DLBS",
        "Date":"2024-03-18",
        "Open":987.0,
        "High":1064.9,
        "Low":967.4,
        "Close":1064.9,
        "Percent Change":"10.00 %",
        "Volume":"14,718.00"
    },
    {
        "Symbol":"DLBS",
        "Date":"2024-03-17",
        "Open":970.2,
        "High":998.7,
        "Low":960.0,
        "Close":968.1,
        "Percent Change":"-2.21 %",
        "Volume":"6,406.00"
    },
    {
        "Symbol":"DLBS",
        "Date":"2024-03-14",
        "Open":1024.6,
        "High":1024.6,
        "Low":961.0,
        "Close":990.0,
        "Percent Change":"-5.31 %",
        "Volume":"4,390.00"
    },
    {
        "Symbol":"DLBS",
        "Date":"2024-03-13",
        "Open":959.5,
        "High":1045.5,
        "Low":943.1,
        "Close":1045.5,
        "Percent Change":"6.79 %",
        "Volume":"5,116.00"
    },
    {
        "Symbol":"DLBS",
        "Date":"2024-03-12",
        "Open":903.5,
        "High":1013.0,
        "Low":903.5,
        "Close":979.0,
        "Percent Change":"6.19 %",
        "Volume":"8,234.00"
    },
    {
        "Symbol":"DLBS",
        "Date":"2024-03-10",
        "Open":870.0,
        "High":924.0,
        "Low":862.0,
        "Close":921.9,
        "Percent Change":"7.70 %",
        "Volume":"14,313.00"
    },
    {
        "Symbol":"DLBS",
        "Date":"2024-03-07",
        "Open":835.1,
        "High":856.0,
        "Low":810.0,
        "Close":856.0,
        "Percent Change":"1.09 %",
        "Volume":"2,619.00"
    },
    {
        "Symbol":"DLBS",
        "Date":"2024-03-06",
        "Open":828.1,
        "High":855.0,
        "Low":812.1,
        "Close":846.8,
        "Percent Change":"0.21 %",
        "Volume":"1,912.00"
    },
    {
        "Symbol":"DLBS",
        "Date":"2024-03-05",
        "Open":837.9,
        "High":845.0,
        "Low":818.0,
        "Close":845.0,
        "Percent Change":"0.30 %",
        "Volume":"2,601.00"
    },
    {
        "Symbol":"DLBS",
        "Date":"2024-03-04",
        "Open":826.0,
        "High":842.5,
        "Low":826.0,
        "Close":842.5,
        "Percent Change":"4.01 %",
        "Volume":"20.00"
    },
    {
        "Symbol":"DLBS",
        "Date":"2024-03-03",
        "Open":784.1,
        "High":810.0,
        "Low":784.1,
        "Close":810.0,
        "Percent Change":"1.25 %",
        "Volume":"1,362.00"
    },
    {
        "Symbol":"DLBS",
        "Date":"2024-02-29",
        "Open":820.0,
        "High":830.0,
        "Low":798.0,
        "Close":800.0,
        "Percent Change":"-3.61 %",
        "Volume":"2,294.00"
    },
    {
        "Symbol":"DLBS",
        "Date":"2024-02-28",
        "Open":836.0,
        "High":840.0,
        "Low":811.0,
        "Close":830.0,
        "Percent Change":"-2.70 %",
        "Volume":"1,605.00"
    },
    {
        "Symbol":"DLBS",
        "Date":"2024-02-27",
        "Open":790.0,
        "High":853.0,
        "Low":782.1,
        "Close":853.0,
        "Percent Change":"7.97 %",
        "Volume":"2,719.00"
    },
    {
        "Symbol":"DLBS",
        "Date":"2024-02-26",
        "Open":800.7,
        "High":806.0,
        "Low":786.0,
        "Close":790.0,
        "Percent Change":"-3.30 %",
        "Volume":"1,629.00"
    },
    {
        "Symbol":"DLBS",
        "Date":"2024-02-25",
        "Open":766.0,
        "High":817.0,
        "Low":760.0,
        "Close":817.0,
        "Percent Change":"6.66 %",
        "Volume":"1,301.00"
    },
    {
        "Symbol":"DLBS",
        "Date":"2024-02-22",
        "Open":773.0,
        "High":790.5,
        "Low":760.0,
        "Close":766.0,
        "Percent Change":"-0.78 %",
        "Volume":"768.00"
    },
    {
        "Symbol":"DLBS",
        "Date":"2024-02-21",
        "Open":766.3,
        "High":780.0,
        "Low":766.1,
        "Close":772.0,
        "Percent Change":"-0.39 %",
        "Volume":"463.00"
    },
    {
        "Symbol":"DLBS",
        "Date":"2024-02-20",
        "Open":751.0,
        "High":800.0,
        "Low":751.0,
        "Close":775.0,
        "Percent Change":"1.16 %",
        "Volume":"710.00"
    },
    {
        "Symbol":"DLBS",
        "Date":"2024-02-18",
        "Open":800.0,
        "High":800.0,
        "Low":765.0,
        "Close":766.1,
        "Percent Change":"-4.36 %",
        "Volume":"1,593.00"
    },
    {
        "Symbol":"DLBS",
        "Date":"2024-02-15",
        "Open":808.5,
        "High":822.9,
        "Low":801.0,
        "Close":801.0,
        "Percent Change":"-2.91 %",
        "Volume":"1,038.00"
    },
    {
        "Symbol":"DLBS",
        "Date":"2024-02-14",
        "Open":802.0,
        "High":841.0,
        "Low":793.0,
        "Close":825.0,
        "Percent Change":"2.84 %",
        "Volume":"1,566.00"
    },
    {
        "Symbol":"DLBS",
        "Date":"2024-02-13",
        "Open":795.0,
        "High":863.5,
        "Low":790.0,
        "Close":802.2,
        "Percent Change":"0.53 %",
        "Volume":"2,799.00"
    },
    {
        "Symbol":"DLBS",
        "Date":"2024-02-12",
        "Open":810.0,
        "High":810.0,
        "Low":790.0,
        "Close":798.0,
        "Percent Change":"-0.29 %",
        "Volume":"1,190.00"
    },
    {
        "Symbol":"DLBS",
        "Date":"2024-02-11",
        "Open":790.0,
        "High":809.5,
        "Low":785.1,
        "Close":800.3,
        "Percent Change":"1.30 %",
        "Volume":"3,585.00"
    },
    {
        "Symbol":"DLBS",
        "Date":"2024-02-08",
        "Open":785.1,
        "High":802.0,
        "Low":785.0,
        "Close":790.0,
        "Percent Change":"-1.25 %",
        "Volume":"584.00"
    },
    {
        "Symbol":"DLBS",
        "Date":"2024-02-07",
        "Open":804.8,
        "High":804.8,
        "Low":782.1,
        "Close":800.0,
        "Percent Change":"1.27 %",
        "Volume":"857.00"
    },
    {
        "Symbol":"DLBS",
        "Date":"2024-02-06",
        "Open":790.0,
        "High":800.0,
        "Low":780.3,
        "Close":790.0,
        "Percent Change":"0.00 %",
        "Volume":"1,204.00"
    },
    {
        "Symbol":"DLBS",
        "Date":"2024-02-05",
        "Open":810.9,
        "High":810.9,
        "Low":785.0,
        "Close":790.0,
        "Percent Change":"-0.63 %",
        "Volume":"606.00"
    },
    {
        "Symbol":"DLBS",
        "Date":"2024-02-04",
        "Open":771.0,
        "High":815.0,
        "Low":770.0,
        "Close":795.0,
        "Percent Change":"1.27 %",
        "Volume":"1,218.00"
    },
    {
        "Symbol":"DLBS",
        "Date":"2024-02-01",
        "Open":781.1,
        "High":792.0,
        "Low":781.0,
        "Close":785.0,
        "Percent Change":"-0.76 %",
        "Volume":"998.00"
    },
    {
        "Symbol":"DLBS",
        "Date":"2024-01-31",
        "Open":808.0,
        "High":808.1,
        "Low":790.0,
        "Close":791.0,
        "Percent Change":"-3.42 %",
        "Volume":"2,351.00"
    },
    {
        "Symbol":"DLBS",
        "Date":"2024-01-30",
        "Open":798.0,
        "High":821.0,
        "Low":798.0,
        "Close":819.0,
        "Percent Change":"0.61 %",
        "Volume":"1,151.00"
    },
    {
        "Symbol":"DLBS",
        "Date":"2024-01-29",
        "Open":819.0,
        "High":819.0,
        "Low":801.0,
        "Close":814.0,
        "Percent Change":"1.24 %",
        "Volume":"956.00"
    },
    {
        "Symbol":"DLBS",
        "Date":"2024-01-28",
        "Open":792.0,
        "High":815.0,
        "Low":790.0,
        "Close":804.0,
        "Percent Change":"1.52 %",
        "Volume":"871.00"
    },
    {
        "Symbol":"DLBS",
        "Date":"2024-01-25",
        "Open":828.0,
        "High":833.0,
        "Low":790.0,
        "Close":792.0,
        "Percent Change":"-4.35 %",
        "Volume":"2,062.00"
    },
    {
        "Symbol":"DLBS",
        "Date":"2024-01-24",
        "Open":825.0,
        "High":840.0,
        "Low":820.0,
        "Close":828.0,
        "Percent Change":"0.36 %",
        "Volume":"1,279.00"
    },
    {
        "Symbol":"DLBS",
        "Date":"2024-01-23",
        "Open":812.0,
        "High":844.0,
        "Low":812.0,
        "Close":825.0,
        "Percent Change":"-0.24 %",
        "Volume":"1,775.00"
    },
    {
        "Symbol":"DLBS",
        "Date":"2024-01-22",
        "Open":835.0,
        "High":841.0,
        "Low":815.0,
        "Close":827.0,
        "Percent Change":"-1.55 %",
        "Volume":"2,381.00"
    },
    {
        "Symbol":"DLBS",
        "Date":"2024-01-21",
        "Open":845.0,
        "High":861.9,
        "Low":833.5,
        "Close":840.0,
        "Percent Change":"-1.18 %",
        "Volume":"2,163.00"
    },
    {
        "Symbol":"DLBS",
        "Date":"2024-01-18",
        "Open":856.0,
        "High":870.0,
        "Low":850.0,
        "Close":850.0,
        "Percent Change":"-2.56 %",
        "Volume":"2,276.00"
    },
    {
        "Symbol":"DLBS",
        "Date":"2024-01-17",
        "Open":894.0,
        "High":905.0,
        "Low":870.0,
        "Close":872.3,
        "Percent Change":"-2.43 %",
        "Volume":"3,318.00"
    },
    {
        "Symbol":"DLBS",
        "Date":"2024-01-16",
        "Open":872.0,
        "High":905.0,
        "Low":852.0,
        "Close":894.0,
        "Percent Change":"2.52 %",
        "Volume":"7,330.00"
    },
    {
        "Symbol":"DLBS",
        "Date":"2024-01-14",
        "Open":865.0,
        "High":888.4,
        "Low":865.0,
        "Close":872.0,
        "Percent Change":"-0.91 %",
        "Volume":"3,010.00"
    },
    {
        "Symbol":"DLBS",
        "Date":"2024-01-11",
        "Open":877.8,
        "High":894.0,
        "Low":806.0,
        "Close":880.0,
        "Percent Change":"-1.73 %",
        "Volume":"6,988.00"
    },
    {
        "Symbol":"DLBS",
        "Date":"2024-01-10",
        "Open":948.0,
        "High":948.0,
        "Low":895.0,
        "Close":895.5,
        "Percent Change":"-3.81 %",
        "Volume":"3,648.00"
    },
    {
        "Symbol":"DLBS",
        "Date":"2024-01-09",
        "Open":993.8,
        "High":993.8,
        "Low":922.3,
        "Close":931.0,
        "Percent Change":"-8.19 %",
        "Volume":"6,900.00"
    },
    {
        "Symbol":"DLBS",
        "Date":"2024-01-08",
        "Open":1035.0,
        "High":1035.0,
        "Low":913.5,
        "Close":1014.0,
        "Percent Change":"-0.10 %",
        "Volume":"16,529.00"
    },
    {
        "Symbol":"DLBS",
        "Date":"2024-01-07",
        "Open":904.7,
        "High":1015.0,
        "Low":892.0,
        "Close":1015.0,
        "Percent Change":"9.96 %",
        "Volume":"4,348.00"
    },
    {
        "Symbol":"DLBS",
        "Date":"2024-01-04",
        "Open":904.6,
        "High":996.0,
        "Low":887.2,
        "Close":923.1,
        "Percent Change":"0.01 %",
        "Volume":"7,406.00"
    },
    {
        "Symbol":"DLBS",
        "Date":"2024-01-03",
        "Open":877.1,
        "High":925.0,
        "Low":862.0,
        "Close":923.0,
        "Percent Change":"3.13 %",
        "Volume":"2,156.00"
    },
    {
        "Symbol":"DLBS",
        "Date":"2024-01-02",
        "Open":864.0,
        "High":895.0,
        "Low":863.4,
        "Close":895.0,
        "Percent Change":"1.59 %",
        "Volume":"3,027.00"
    },
    {
        "Symbol":"DLBS",
        "Date":"2024-01-01",
        "Open":905.9,
        "High":910.0,
        "Low":863.1,
        "Close":881.0,
        "Percent Change":"-4.68 %",
        "Volume":"5,926.00"
    },
    {
        "Symbol":"DLBS",
        "Date":"2023-12-28",
        "Open":1027.0,
        "High":1027.0,
        "Low":924.3,
        "Close":924.3,
        "Percent Change":"-10.00 %",
        "Volume":"319.00"
    },
    {
        "Symbol":"DLBS",
        "Date":"2023-12-27",
        "Open":931.0,
        "High":1033.0,
        "Low":875.0,
        "Close":1027.0,
        "Percent Change":"8.11 %",
        "Volume":"8,294.00"
    },
    {
        "Symbol":"DLBS",
        "Date":"2023-12-24",
        "Open":1010.0,
        "High":1010.0,
        "Low":908.9,
        "Close":950.0,
        "Percent Change":"-5.92 %",
        "Volume":"6,038.00"
    },
    {
        "Symbol":"DLBS",
        "Date":"2023-12-21",
        "Open":899.7,
        "High":1009.8,
        "Low":868.0,
        "Close":1009.8,
        "Percent Change":"10.00 %",
        "Volume":"3,886.00"
    },
    {
        "Symbol":"DLBS",
        "Date":"2023-12-20",
        "Open":869.7,
        "High":959.0,
        "Low":852.4,
        "Close":918.0,
        "Percent Change":"3.45 %",
        "Volume":"3,477.00"
    },
    {
        "Symbol":"DLBS",
        "Date":"2023-12-19",
        "Open":878.0,
        "High":930.0,
        "Low":821.6,
        "Close":887.4,
        "Percent Change":"3.07 %",
        "Volume":"3,275.00"
    },
    {
        "Symbol":"DLBS",
        "Date":"2023-12-18",
        "Open":770.0,
        "High":861.1,
        "Low":767.3,
        "Close":861.0,
        "Percent Change":"9.98 %",
        "Volume":"9,938.00"
    },
    {
        "Symbol":"DLBS",
        "Date":"2023-12-17",
        "Open":735.0,
        "High":795.5,
        "Low":725.0,
        "Close":782.9,
        "Percent Change":"7.99 %",
        "Volume":"2,550.00"
    },
    {
        "Symbol":"DLBS",
        "Date":"2023-12-14",
        "Open":716.0,
        "High":730.0,
        "Low":715.5,
        "Close":725.0,
        "Percent Change":"-0.68 %",
        "Volume":"1,228.00"
    },
    {
        "Symbol":"DLBS",
        "Date":"2023-12-13",
        "Open":734.0,
        "High":789.0,
        "Low":730.0,
        "Close":730.0,
        "Percent Change":"1.32 %",
        "Volume":"4,184.00"
    },
    {
        "Symbol":"DLBS",
        "Date":"2023-12-12",
        "Open":668.0,
        "High":720.5,
        "Low":654.7,
        "Close":720.5,
        "Percent Change":"10.00 %",
        "Volume":"4,089.00"
    },
    {
        "Symbol":"DLBS",
        "Date":"2023-12-11",
        "Open":665.0,
        "High":691.6,
        "Low":645.0,
        "Close":655.0,
        "Percent Change":"0.46 %",
        "Volume":"1,965.00"
    },
    {
        "Symbol":"DLBS",
        "Date":"2023-12-10",
        "Open":640.5,
        "High":652.0,
        "Low":640.5,
        "Close":652.0,
        "Percent Change":"3.82 %",
        "Volume":"20.00"
    },
    {
        "Symbol":"DLBS",
        "Date":"2023-12-07",
        "Open":639.7,
        "High":642.8,
        "Low":618.5,
        "Close":628.0,
        "Percent Change":"0.13 %",
        "Volume":"421.00"
    },
    {
        "Symbol":"DLBS",
        "Date":"2023-12-06",
        "Open":600.0,
        "High":649.3,
        "Low":600.0,
        "Close":627.2,
        "Percent Change":"5.59 %",
        "Volume":"2,199.00"
    },
    {
        "Symbol":"DLBS",
        "Date":"2023-12-05",
        "Open":585.1,
        "High":611.6,
        "Low":585.1,
        "Close":594.0,
        "Percent Change":"-0.50 %",
        "Volume":"439.00"
    },
    {
        "Symbol":"DLBS",
        "Date":"2023-12-04",
        "Open":605.0,
        "High":610.3,
        "Low":593.5,
        "Close":597.0,
        "Percent Change":"-1.32 %",
        "Volume":"400.00"
    },
    {
        "Symbol":"DLBS",
        "Date":"2023-12-03",
        "Open":600.0,
        "High":608.0,
        "Low":599.0,
        "Close":605.0,
        "Percent Change":"-0.82 %",
        "Volume":"387.00"
    },
    {
        "Symbol":"DLBS",
        "Date":"2023-11-30",
        "Open":605.2,
        "High":621.0,
        "Low":605.1,
        "Close":610.0,
        "Percent Change":"-0.91 %",
        "Volume":"1,051.00"
    },
    {
        "Symbol":"DLBS",
        "Date":"2023-11-29",
        "Open":620.0,
        "High":645.0,
        "Low":613.0,
        "Close":615.6,
        "Percent Change":"0.59 %",
        "Volume":"954.00"
    },
    {
        "Symbol":"DLBS",
        "Date":"2023-11-28",
        "Open":608.5,
        "High":631.0,
        "Low":608.5,
        "Close":612.0,
        "Percent Change":"-1.13 %",
        "Volume":"455.00"
    },
    {
        "Symbol":"DLBS",
        "Date":"2023-11-27",
        "Open":620.0,
        "High":636.9,
        "Low":612.2,
        "Close":619.0,
        "Percent Change":"-1.12 %",
        "Volume":"346.00"
    },
    {
        "Symbol":"DLBS",
        "Date":"2023-11-26",
        "Open":620.0,
        "High":626.0,
        "Low":590.0,
        "Close":626.0,
        "Percent Change":"2.30 %",
        "Volume":"808.00"
    },
    {
        "Symbol":"DLBS",
        "Date":"2023-11-23",
        "Open":620.0,
        "High":621.0,
        "Low":602.7,
        "Close":611.9,
        "Percent Change":"-2.25 %",
        "Volume":"349.00"
    },
    {
        "Symbol":"DLBS",
        "Date":"2023-11-22",
        "Open":601.8,
        "High":630.0,
        "Low":601.8,
        "Close":626.0,
        "Percent Change":"6.10 %",
        "Volume":"1,105.00"
    },
    {
        "Symbol":"DLBS",
        "Date":"2023-11-09",
        "Open":590.0,
        "High":590.0,
        "Low":580.0,
        "Close":590.0,
        "Percent Change":"-1.17 %",
        "Volume":"100.00"
    },
    {
        "Symbol":"DLBS",
        "Date":"2023-11-08",
        "Open":593.0,
        "High":597.0,
        "Low":587.0,
        "Close":597.0,
        "Percent Change":"0.67 %",
        "Volume":"506.00"
    },
    {
        "Symbol":"DLBS",
        "Date":"2023-11-07",
        "Open":614.0,
        "High":614.0,
        "Low":592.0,
        "Close":593.0,
        "Percent Change":"-1.50 %",
        "Volume":"224.00"
    },
    {
        "Symbol":"DLBS",
        "Date":"2023-11-06",
        "Open":590.0,
        "High":606.9,
        "Low":579.0,
        "Close":602.0,
        "Percent Change":"1.18 %",
        "Volume":"358.00"
    },
    {
        "Symbol":"DLBS",
        "Date":"2023-11-05",
        "Open":600.0,
        "High":602.0,
        "Low":590.0,
        "Close":595.0,
        "Percent Change":"-0.83 %",
        "Volume":"740.00"
    },
    {
        "Symbol":"DLBS",
        "Date":"2023-11-02",
        "Open":600.0,
        "High":600.0,
        "Low":590.0,
        "Close":600.0,
        "Percent Change":"-0.70 %",
        "Volume":"160.00"
    },
    {
        "Symbol":"DLBS",
        "Date":"2023-11-01",
        "Open":594.0,
        "High":615.0,
        "Low":585.2,
        "Close":604.2,
        "Percent Change":"1.72 %",
        "Volume":"353.00"
    },
    {
        "Symbol":"DLBS",
        "Date":"2023-10-31",
        "Open":600.0,
        "High":612.0,
        "Low":593.0,
        "Close":594.0,
        "Percent Change":"-1.00 %",
        "Volume":"175.00"
    },
    {
        "Symbol":"DLBS",
        "Date":"2023-10-30",
        "Open":605.7,
        "High":610.0,
        "Low":594.0,
        "Close":600.0,
        "Percent Change":"-2.91 %",
        "Volume":"1,050.00"
    },
    {
        "Symbol":"DLBS",
        "Date":"2023-10-29",
        "Open":630.0,
        "High":630.0,
        "Low":598.0,
        "Close":618.0,
        "Percent Change":"-1.90 %",
        "Volume":"277.00"
    },
    {
        "Symbol":"DLBS",
        "Date":"2023-10-19",
        "Open":630.0,
        "High":639.7,
        "Low":617.4,
        "Close":630.0,
        "Percent Change":"1.61 %",
        "Volume":"467.00"
    },
    {
        "Symbol":"DLBS",
        "Date":"2023-10-18",
        "Open":605.0,
        "High":628.0,
        "Low":600.0,
        "Close":620.0,
        "Percent Change":"3.33 %",
        "Volume":"1,552.00"
    },
    {
        "Symbol":"DLBS",
        "Date":"2023-10-17",
        "Open":595.0,
        "High":606.9,
        "Low":583.7,
        "Close":600.0,
        "Percent Change":"0.84 %",
        "Volume":"393.00"
    },
    {
        "Symbol":"DLBS",
        "Date":"2023-10-16",
        "Open":592.0,
        "High":603.7,
        "Low":592.0,
        "Close":595.0,
        "Percent Change":"-1.26 %",
        "Volume":"654.00"
    },
    {
        "Symbol":"DLBS",
        "Date":"2023-10-12",
        "Open":605.3,
        "High":607.0,
        "Low":600.0,
        "Close":602.6,
        "Percent Change":"-2.33 %",
        "Volume":"532.00"
    },
    {
        "Symbol":"DLBS",
        "Date":"2023-10-11",
        "Open":615.0,
        "High":620.0,
        "Low":614.9,
        "Close":617.0,
        "Percent Change":"-0.48 %",
        "Volume":"403.00"
    },
    {
        "Symbol":"DLBS",
        "Date":"2023-10-10",
        "Open":606.1,
        "High":621.0,
        "Low":600.0,
        "Close":620.0,
        "Percent Change":"0.65 %",
        "Volume":"268.00"
    },
    {
        "Symbol":"DLBS",
        "Date":"2023-10-09",
        "Open":612.6,
        "High":625.0,
        "Low":612.5,
        "Close":616.0,
        "Percent Change":"-1.44 %",
        "Volume":"567.00"
    },
    {
        "Symbol":"DLBS",
        "Date":"2023-10-08",
        "Open":614.3,
        "High":638.0,
        "Low":609.0,
        "Close":625.0,
        "Percent Change":"-0.18 %",
        "Volume":"1,215.00"
    },
    {
        "Symbol":"DLBS",
        "Date":"2023-10-05",
        "Open":635.0,
        "High":635.0,
        "Low":623.0,
        "Close":626.1,
        "Percent Change":"-1.40 %",
        "Volume":"440.00"
    },
    {
        "Symbol":"DLBS",
        "Date":"2023-10-04",
        "Open":628.0,
        "High":663.0,
        "Low":625.0,
        "Close":635.0,
        "Percent Change":"-0.78 %",
        "Volume":"1,037.00"
    },
    {
        "Symbol":"DLBS",
        "Date":"2023-10-03",
        "Open":615.2,
        "High":640.0,
        "Low":615.2,
        "Close":640.0,
        "Percent Change":"3.16 %",
        "Volume":"672.00"
    },
    {
        "Symbol":"DLBS",
        "Date":"2023-10-02",
        "Open":613.3,
        "High":637.6,
        "Low":613.3,
        "Close":620.4,
        "Percent Change":"-0.75 %",
        "Volume":"1,318.00"
    },
    {
        "Symbol":"DLBS",
        "Date":"2023-10-01",
        "Open":630.0,
        "High":634.4,
        "Low":620.0,
        "Close":625.1,
        "Percent Change":"-1.95 %",
        "Volume":"367.00"
    },
    {
        "Symbol":"DLBS",
        "Date":"2023-09-27",
        "Open":650.0,
        "High":656.0,
        "Low":636.4,
        "Close":637.5,
        "Percent Change":"-2.82 %",
        "Volume":"321.00"
    },
    {
        "Symbol":"DLBS",
        "Date":"2023-09-26",
        "Open":654.9,
        "High":657.9,
        "Low":635.0,
        "Close":656.0,
        "Percent Change":"1.71 %",
        "Volume":"693.00"
    },
    {
        "Symbol":"DLBS",
        "Date":"2023-09-25",
        "Open":635.0,
        "High":647.5,
        "Low":632.0,
        "Close":645.0,
        "Percent Change":"0.78 %",
        "Volume":"461.00"
    },
    {
        "Symbol":"DLBS",
        "Date":"2023-09-24",
        "Open":640.0,
        "High":655.0,
        "Low":631.0,
        "Close":640.0,
        "Percent Change":"0.00 %",
        "Volume":"729.00"
    },
    {
        "Symbol":"DLBS",
        "Date":"2023-09-21",
        "Open":620.0,
        "High":651.0,
        "Low":620.0,
        "Close":640.0,
        "Percent Change":"3.73 %",
        "Volume":"1,150.00"
    },
    {
        "Symbol":"DLBS",
        "Date":"2023-09-19",
        "Open":605.0,
        "High":678.0,
        "Low":601.0,
        "Close":617.0,
        "Percent Change":"0.00 %",
        "Volume":"641.00"
    },
    {
        "Symbol":"DLBS",
        "Date":"2023-09-18",
        "Open":598.0,
        "High":638.0,
        "Low":598.0,
        "Close":617.0,
        "Percent Change":"1.15 %",
        "Volume":"606.00"
    },
    {
        "Symbol":"DLBS",
        "Date":"2023-09-17",
        "Open":610.0,
        "High":615.0,
        "Low":598.2,
        "Close":610.0,
        "Percent Change":"-1.91 %",
        "Volume":"539.00"
    },
    {
        "Symbol":"DLBS",
        "Date":"2023-09-13",
        "Open":586.3,
        "High":622.2,
        "Low":586.3,
        "Close":621.9,
        "Percent Change":"4.17 %",
        "Volume":"761.00"
    },
    {
        "Symbol":"DLBS",
        "Date":"2023-09-12",
        "Open":601.0,
        "High":601.0,
        "Low":597.0,
        "Close":597.0,
        "Percent Change":"-1.00 %",
        "Volume":"434.00"
    },
    {
        "Symbol":"DLBS",
        "Date":"2023-09-11",
        "Open":583.0,
        "High":606.0,
        "Low":583.0,
        "Close":603.0,
        "Percent Change":"1.69 %",
        "Volume":"341.00"
    },
    {
        "Symbol":"DLBS",
        "Date":"2023-09-10",
        "Open":591.1,
        "High":595.0,
        "Low":586.1,
        "Close":593.0,
        "Percent Change":"-0.84 %",
        "Volume":"1,284.00"
    },
    {
        "Symbol":"DLBS",
        "Date":"2023-09-07",
        "Open":590.0,
        "High":600.0,
        "Low":587.0,
        "Close":598.0,
        "Percent Change":"0.34 %",
        "Volume":"664.00"
    },
    {
        "Symbol":"DLBS",
        "Date":"2023-09-05",
        "Open":595.0,
        "High":600.0,
        "Low":592.0,
        "Close":596.0,
        "Percent Change":"-0.67 %",
        "Volume":"282.00"
    },
    {
        "Symbol":"DLBS",
        "Date":"2023-09-04",
        "Open":591.0,
        "High":608.0,
        "Low":591.0,
        "Close":600.0,
        "Percent Change":"-0.02 %",
        "Volume":"434.00"
    },
    {
        "Symbol":"DLBS",
        "Date":"2023-09-03",
        "Open":597.9,
        "High":617.0,
        "Low":589.2,
        "Close":600.1,
        "Percent Change":"-1.62 %",
        "Volume":"403.00"
    },
    {
        "Symbol":"DLBS",
        "Date":"2023-08-30",
        "Open":604.0,
        "High":613.0,
        "Low":600.0,
        "Close":610.0,
        "Percent Change":"0.33 %",
        "Volume":"980.00"
    },
    {
        "Symbol":"DLBS",
        "Date":"2023-08-29",
        "Open":615.0,
        "High":621.0,
        "Low":606.0,
        "Close":608.0,
        "Percent Change":"-2.72 %",
        "Volume":"1,151.00"
    },
    {
        "Symbol":"DLBS",
        "Date":"2023-08-28",
        "Open":618.0,
        "High":633.0,
        "Low":618.0,
        "Close":625.0,
        "Percent Change":"-0.79 %",
        "Volume":"858.00"
    },
    {
        "Symbol":"DLBS",
        "Date":"2023-08-27",
        "Open":643.0,
        "High":668.0,
        "Low":630.0,
        "Close":630.0,
        "Percent Change":"-3.82 %",
        "Volume":"617.00"
    },
    {
        "Symbol":"DLBS",
        "Date":"2023-08-24",
        "Open":654.0,
        "High":667.0,
        "Low":654.0,
        "Close":655.0,
        "Percent Change":"-1.65 %",
        "Volume":"1,133.00"
    },
    {
        "Symbol":"DLBS",
        "Date":"2023-08-23",
        "Open":651.0,
        "High":673.0,
        "Low":651.0,
        "Close":666.0,
        "Percent Change":"0.45 %",
        "Volume":"1,435.00"
    },
    {
        "Symbol":"DLBS",
        "Date":"2023-08-22",
        "Open":670.0,
        "High":675.0,
        "Low":663.0,
        "Close":663.0,
        "Percent Change":"-1.79 %",
        "Volume":"916.00"
    },
    {
        "Symbol":"DLBS",
        "Date":"2023-08-21",
        "Open":684.0,
        "High":685.0,
        "Low":673.0,
        "Close":675.1,
        "Percent Change":"-1.30 %",
        "Volume":"690.00"
    },
    {
        "Symbol":"DLBS",
        "Date":"2023-08-20",
        "Open":725.0,
        "High":725.0,
        "Low":677.7,
        "Close":684.0,
        "Percent Change":"-5.66 %",
        "Volume":"1,332.00"
    },
    {
        "Symbol":"DLBS",
        "Date":"2023-08-17",
        "Open":695.1,
        "High":745.0,
        "Low":685.0,
        "Close":725.0,
        "Percent Change":"2.40 %",
        "Volume":"1,922.00"
    },
    {
        "Symbol":"DLBS",
        "Date":"2023-08-16",
        "Open":780.0,
        "High":829.0,
        "Low":700.3,
        "Close":708.0,
        "Percent Change":"-7.89 %",
        "Volume":"2,066.00"
    },
    {
        "Symbol":"DLBS",
        "Date":"2023-07-04",
        "Open":766.0,
        "High":766.0,
        "Low":737.0,
        "Close":749.0,
        "Percent Change":"-0.27 %",
        "Volume":"745.00"
    },
    {
        "Symbol":"DLBS",
        "Date":"2023-07-03",
        "Open":777.0,
        "High":780.0,
        "Low":750.2,
        "Close":751.0,
        "Percent Change":"-2.91 %",
        "Volume":"3,186.00"
    },
    {
        "Symbol":"DLBS",
        "Date":"2023-07-02",
        "Open":811.0,
        "High":811.0,
        "Low":745.0,
        "Close":773.5,
        "Percent Change":"-6.38 %",
        "Volume":"3,256.00"
    },
    {
        "Symbol":"DLBS",
        "Date":"2023-06-28",
        "Open":854.7,
        "High":871.7,
        "Low":806.5,
        "Close":826.2,
        "Percent Change":"-1.41 %",
        "Volume":"1,670.00"
    },
    {
        "Symbol":"DLBS",
        "Date":"2023-06-27",
        "Open":784.0,
        "High":845.0,
        "Low":768.6,
        "Close":838.0,
        "Percent Change":"8.13 %",
        "Volume":"4,533.00"
    },
    {
        "Symbol":"DLBS",
        "Date":"2023-06-26",
        "Open":710.5,
        "High":789.0,
        "Low":710.5,
        "Close":775.0,
        "Percent Change":"6.90 %",
        "Volume":"6,242.00"
    },
    {
        "Symbol":"DLBS",
        "Date":"2023-06-25",
        "Open":730.5,
        "High":741.0,
        "Low":712.0,
        "Close":725.0,
        "Percent Change":"-2.01 %",
        "Volume":"1,434.00"
    },
    {
        "Symbol":"DLBS",
        "Date":"2023-06-22",
        "Open":734.0,
        "High":762.9,
        "Low":692.0,
        "Close":739.9,
        "Percent Change":"2.76 %",
        "Volume":"961.00"
    },
    {
        "Symbol":"DLBS",
        "Date":"2023-06-21",
        "Open":700.8,
        "High":743.0,
        "Low":700.8,
        "Close":720.0,
        "Percent Change":"2.75 %",
        "Volume":"1,561.00"
    },
    {
        "Symbol":"DLBS",
        "Date":"2023-06-20",
        "Open":717.0,
        "High":745.0,
        "Low":700.7,
        "Close":700.7,
        "Percent Change":"-3.38 %",
        "Volume":"1,853.00"
    },
    {
        "Symbol":"DLBS",
        "Date":"2023-06-19",
        "Open":762.0,
        "High":780.0,
        "Low":725.2,
        "Close":725.2,
        "Percent Change":"-5.57 %",
        "Volume":"2,767.00"
    },
    {
        "Symbol":"DLBS",
        "Date":"2023-06-18",
        "Open":785.4,
        "High":801.0,
        "Low":757.1,
        "Close":768.0,
        "Percent Change":"-0.26 %",
        "Volume":"545.00"
    },
    {
        "Symbol":"DLBS",
        "Date":"2023-06-15",
        "Open":750.0,
        "High":775.1,
        "Low":741.0,
        "Close":770.0,
        "Percent Change":"2.53 %",
        "Volume":"1,511.00"
    },
    {
        "Symbol":"DLBS",
        "Date":"2023-06-14",
        "Open":743.0,
        "High":786.5,
        "Low":733.0,
        "Close":751.0,
        "Percent Change":"1.08 %",
        "Volume":"1,489.00"
    },
    {
        "Symbol":"DLBS",
        "Date":"2023-06-13",
        "Open":720.0,
        "High":743.5,
        "Low":707.0,
        "Close":743.0,
        "Percent Change":"3.63 %",
        "Volume":"775.00"
    },
    {
        "Symbol":"DLBS",
        "Date":"2023-06-12",
        "Open":716.0,
        "High":730.0,
        "Low":716.0,
        "Close":717.0,
        "Percent Change":"0.14 %",
        "Volume":"240.00"
    },
    {
        "Symbol":"DLBS",
        "Date":"2023-06-11",
        "Open":686.1,
        "High":728.0,
        "Low":686.1,
        "Close":716.0,
        "Percent Change":"2.29 %",
        "Volume":"1,060.00"
    },
    {
        "Symbol":"DLBS",
        "Date":"2023-06-08",
        "Open":706.0,
        "High":706.0,
        "Low":694.0,
        "Close":700.0,
        "Percent Change":"-2.78 %",
        "Volume":"130.00"
    },
    {
        "Symbol":"DLBS",
        "Date":"2023-06-07",
        "Open":720.0,
        "High":734.4,
        "Low":711.0,
        "Close":720.0,
        "Percent Change":"0.00 %",
        "Volume":"520.00"
    },
    {
        "Symbol":"DLBS",
        "Date":"2023-06-06",
        "Open":686.0,
        "High":720.0,
        "Low":680.0,
        "Close":720.0,
        "Percent Change":"2.86 %",
        "Volume":"160.00"
    },
    {
        "Symbol":"DLBS",
        "Date":"2023-06-05",
        "Open":706.0,
        "High":706.0,
        "Low":686.0,
        "Close":700.0,
        "Percent Change":"-0.71 %",
        "Volume":"490.00"
    },
    {
        "Symbol":"DLBS",
        "Date":"2023-06-04",
        "Open":677.2,
        "High":705.0,
        "Low":677.2,
        "Close":705.0,
        "Percent Change":"2.03 %",
        "Volume":"540.00"
    },
    {
        "Symbol":"DLBS",
        "Date":"2023-06-01",
        "Open":690.0,
        "High":706.0,
        "Low":690.0,
        "Close":691.0,
        "Percent Change":"0.14 %",
        "Volume":"538.00"
    },
    {
        "Symbol":"DLBS",
        "Date":"2023-05-31",
        "Open":700.0,
        "High":700.0,
        "Low":686.0,
        "Close":690.0,
        "Percent Change":"-1.57 %",
        "Volume":"304.00"
    },
    {
        "Symbol":"DLBS",
        "Date":"2023-05-30",
        "Open":750.0,
        "High":750.0,
        "Low":701.0,
        "Close":701.0,
        "Percent Change":"-5.91 %",
        "Volume":"1,624.00"
    },
    {
        "Symbol":"DLBS",
        "Date":"2023-05-28",
        "Open":741.0,
        "High":745.0,
        "Low":730.0,
        "Close":745.0,
        "Percent Change":"0.54 %",
        "Volume":"579.00"
    },
    {
        "Symbol":"DLBS",
        "Date":"2023-05-24",
        "Open":702.7,
        "High":742.0,
        "Low":702.7,
        "Close":741.0,
        "Percent Change":"5.45 %",
        "Volume":"1,901.00"
    },
    {
        "Symbol":"DLBS",
        "Date":"2023-05-23",
        "Open":688.5,
        "High":702.7,
        "Low":680.0,
        "Close":702.7,
        "Percent Change":"4.10 %",
        "Volume":"407.00"
    },
    {
        "Symbol":"DLBS",
        "Date":"2023-05-22",
        "Open":688.5,
        "High":690.0,
        "Low":668.2,
        "Close":675.0,
        "Percent Change":"-0.01 %",
        "Volume":"220.00"
    },
    {
        "Symbol":"DLBS",
        "Date":"2023-05-21",
        "Open":689.0,
        "High":700.0,
        "Low":675.0,
        "Close":675.1,
        "Percent Change":"-0.72 %",
        "Volume":"1,347.00"
    },
    {
        "Symbol":"DLBS",
        "Date":"2023-05-18",
        "Open":685.0,
        "High":687.4,
        "Low":680.0,
        "Close":680.0,
        "Percent Change":"0.89 %",
        "Volume":"507.00"
    },
    {
        "Symbol":"DLBS",
        "Date":"2023-05-17",
        "Open":660.1,
        "High":675.0,
        "Low":660.1,
        "Close":674.0,
        "Percent Change":"2.12 %",
        "Volume":"287.00"
    },
    {
        "Symbol":"DLBS",
        "Date":"2023-05-16",
        "Open":660.0,
        "High":673.0,
        "Low":660.0,
        "Close":660.0,
        "Percent Change":"0.00 %",
        "Volume":"240.00"
    },
    {
        "Symbol":"DLBS",
        "Date":"2023-05-15",
        "Open":651.0,
        "High":674.7,
        "Low":651.0,
        "Close":660.0,
        "Percent Change":"0.00 %",
        "Volume":"645.00"
    },
    {
        "Symbol":"DLBS",
        "Date":"2023-05-14",
        "Open":680.9,
        "High":694.5,
        "Low":657.9,
        "Close":660.0,
        "Percent Change":"-1.14 %",
        "Volume":"187.00"
    },
    {
        "Symbol":"DLBS",
        "Date":"2023-05-11",
        "Open":680.0,
        "High":681.1,
        "Low":667.6,
        "Close":667.6,
        "Percent Change":"-1.98 %",
        "Volume":"874.00"
    },
    {
        "Symbol":"DLBS",
        "Date":"2023-05-10",
        "Open":695.0,
        "High":700.0,
        "Low":681.1,
        "Close":681.1,
        "Percent Change":"-0.58 %",
        "Volume":"89.00"
    },
    {
        "Symbol":"DLBS",
        "Date":"2023-05-09",
        "Open":700.0,
        "High":700.0,
        "Low":677.0,
        "Close":685.1,
        "Percent Change":"-0.71 %",
        "Volume":"1,554.00"
    },
    {
        "Symbol":"DLBS",
        "Date":"2023-05-08",
        "Open":720.0,
        "High":725.0,
        "Low":690.0,
        "Close":690.0,
        "Percent Change":"-4.17 %",
        "Volume":"824.00"
    },
    {
        "Symbol":"DLBS",
        "Date":"2023-05-07",
        "Open":730.0,
        "High":730.0,
        "Low":711.1,
        "Close":720.0,
        "Percent Change":"-0.41 %",
        "Volume":"200.00"
    },
    {
        "Symbol":"DLBS",
        "Date":"2023-05-04",
        "Open":726.0,
        "High":740.0,
        "Low":720.1,
        "Close":723.0,
        "Percent Change":"-2.30 %",
        "Volume":"570.00"
    },
    {
        "Symbol":"DLBS",
        "Date":"2023-05-03",
        "Open":740.0,
        "High":750.0,
        "Low":727.1,
        "Close":740.0,
        "Percent Change":"0.00 %",
        "Volume":"185.00"
    },
    {
        "Symbol":"DLBS",
        "Date":"2023-05-02",
        "Open":745.0,
        "High":759.9,
        "Low":740.0,
        "Close":740.0,
        "Percent Change":"-2.63 %",
        "Volume":"390.00"
    },
    {
        "Symbol":"DLBS",
        "Date":"2023-04-30",
        "Open":750.0,
        "High":770.2,
        "Low":750.0,
        "Close":760.0,
        "Percent Change":"-0.52 %",
        "Volume":"325.00"
    },
    {
        "Symbol":"DLBS",
        "Date":"2023-04-27",
        "Open":770.0,
        "High":770.0,
        "Low":745.0,
        "Close":764.0,
        "Percent Change":"-1.32 %",
        "Volume":"2,344.00"
    },
    {
        "Symbol":"DLBS",
        "Date":"2023-04-26",
        "Open":791.3,
        "High":810.0,
        "Low":774.2,
        "Close":774.2,
        "Percent Change":"-2.16 %",
        "Volume":"2,690.00"
    },
    {
        "Symbol":"DLBS",
        "Date":"2023-04-25",
        "Open":836.4,
        "High":870.1,
        "Low":791.3,
        "Close":791.3,
        "Percent Change":"-3.50 %",
        "Volume":"925.00"
    },
    {
        "Symbol":"DLBS",
        "Date":"2023-04-24",
        "Open":813.0,
        "High":820.0,
        "Low":800.1,
        "Close":820.0,
        "Percent Change":"-1.09 %",
        "Volume":"545.00"
    },
    {
        "Symbol":"DLBS",
        "Date":"2023-04-23",
        "Open":870.0,
        "High":870.0,
        "Low":810.1,
        "Close":829.0,
        "Percent Change":"-4.70 %",
        "Volume":"825.00"
    },
    {
        "Symbol":"DLBS",
        "Date":"2023-04-20",
        "Open":856.8,
        "High":924.0,
        "Low":825.0,
        "Close":869.9,
        "Percent Change":"3.56 %",
        "Volume":"866.00"
    },
    {
        "Symbol":"DLBS",
        "Date":"2023-04-19",
        "Open":780.1,
        "High":840.0,
        "Low":780.1,
        "Close":840.0,
        "Percent Change":"7.01 %",
        "Volume":"1,233.00"
    },
    {
        "Symbol":"DLBS",
        "Date":"2023-04-18",
        "Open":790.0,
        "High":807.0,
        "Low":776.7,
        "Close":785.0,
        "Percent Change":"-0.88 %",
        "Volume":"185.00"
    },
    {
        "Symbol":"DLBS",
        "Date":"2023-04-17",
        "Open":820.0,
        "High":820.0,
        "Low":791.0,
        "Close":792.0,
        "Percent Change":"-1.61 %",
        "Volume":"492.00"
    },
    {
        "Symbol":"DLBS",
        "Date":"2023-04-16",
        "Open":750.0,
        "High":816.0,
        "Low":750.0,
        "Close":805.0,
        "Percent Change":"5.64 %",
        "Volume":"2,526.00"
    },
    {
        "Symbol":"DLBS",
        "Date":"2023-04-13",
        "Open":816.0,
        "High":816.0,
        "Low":760.2,
        "Close":762.0,
        "Percent Change":"-4.75 %",
        "Volume":"975.00"
    },
    {
        "Symbol":"DLBS",
        "Date":"2023-04-12",
        "Open":755.0,
        "High":800.0,
        "Low":745.0,
        "Close":800.0,
        "Percent Change":"7.54 %",
        "Volume":"352.00"
    },
    {
        "Symbol":"DLBS",
        "Date":"2023-04-11",
        "Open":730.0,
        "High":743.9,
        "Low":725.0,
        "Close":743.9,
        "Percent Change":"1.90 %",
        "Volume":"342.00"
    },
    {
        "Symbol":"DLBS",
        "Date":"2023-04-10",
        "Open":725.0,
        "High":730.0,
        "Low":716.0,
        "Close":730.0,
        "Percent Change":"0.61 %",
        "Volume":"100.00"
    },
    {
        "Symbol":"DLBS",
        "Date":"2023-04-09",
        "Open":725.4,
        "High":739.9,
        "Low":725.3,
        "Close":725.6,
        "Percent Change":"-1.95 %",
        "Volume":"210.00"
    },
    {
        "Symbol":"DLBS",
        "Date":"2023-04-06",
        "Open":745.0,
        "High":745.0,
        "Low":730.0,
        "Close":740.0,
        "Percent Change":"1.23 %",
        "Volume":"525.00"
    },
    {
        "Symbol":"DLBS",
        "Date":"2023-04-05",
        "Open":739.5,
        "High":768.0,
        "Low":730.5,
        "Close":731.0,
        "Percent Change":"0.83 %",
        "Volume":"205.00"
    },
    {
        "Symbol":"DLBS",
        "Date":"2023-04-04",
        "Open":736.0,
        "High":750.0,
        "Low":725.0,
        "Close":725.0,
        "Percent Change":"-3.46 %",
        "Volume":"340.00"
    },
    {
        "Symbol":"DLBS",
        "Date":"2023-04-03",
        "Open":750.0,
        "High":752.0,
        "Low":734.0,
        "Close":751.0,
        "Percent Change":"0.27 %",
        "Volume":"240.00"
    },
    {
        "Symbol":"DLBS",
        "Date":"2023-04-02",
        "Open":768.7,
        "High":766.5,
        "Low":749.0,
        "Close":749.0,
        "Percent Change":"-2.56 %",
        "Volume":"674.00"
    },
    {
        "Symbol":"DLBS",
        "Date":"2023-03-30",
        "Open":780.0,
        "High":799.9,
        "Low":765.6,
        "Close":768.7,
        "Percent Change":"-3.06 %",
        "Volume":"411.00"
    },
    {
        "Symbol":"DLBS",
        "Date":"2023-03-29",
        "Open":769.0,
        "High":795.5,
        "Low":760.0,
        "Close":793.0,
        "Percent Change":"5.17 %",
        "Volume":"466.00"
    },
    {
        "Symbol":"DLBS",
        "Date":"2023-03-28",
        "Open":725.0,
        "High":780.0,
        "Low":725.0,
        "Close":754.0,
        "Percent Change":"4.00 %",
        "Volume":"731.00"
    },
    {
        "Symbol":"DLBS",
        "Date":"2023-03-27",
        "Open":746.1,
        "High":761.0,
        "Low":725.0,
        "Close":725.0,
        "Percent Change":"-2.83 %",
        "Volume":"1,110.00"
    },
    {
        "Symbol":"DLBS",
        "Date":"2023-03-26",
        "Open":761.6,
        "High":770.0,
        "Low":746.0,
        "Close":746.1,
        "Percent Change":"-3.98 %",
        "Volume":"720.00"
    },
    {
        "Symbol":"DLBS",
        "Date":"2023-03-23",
        "Open":786.0,
        "High":815.0,
        "Low":777.0,
        "Close":777.0,
        "Percent Change":"-3.00 %",
        "Volume":"1,430.00"
    },
    {
        "Symbol":"DLBS",
        "Date":"2023-03-22",
        "Open":840.0,
        "High":863.0,
        "Low":801.0,
        "Close":801.0,
        "Percent Change":"-5.39 %",
        "Volume":"1,332.00"
    },
    {
        "Symbol":"DLBS",
        "Date":"2023-03-20",
        "Open":813.0,
        "High":846.6,
        "Low":805.0,
        "Close":846.6,
        "Percent Change":"2.22 %",
        "Volume":"1,054.00"
    },
    {
        "Symbol":"DLBS",
        "Date":"2023-03-19",
        "Open":825.0,
        "High":845.0,
        "Low":825.0,
        "Close":828.2,
        "Percent Change":"-1.40 %",
        "Volume":"560.00"
    },
    {
        "Symbol":"DLBS",
        "Date":"2023-03-16",
        "Open":843.0,
        "High":860.0,
        "Low":833.5,
        "Close":840.0,
        "Percent Change":"-2.21 %",
        "Volume":"877.00"
    },
    {
        "Symbol":"DLBS",
        "Date":"2023-03-15",
        "Open":860.0,
        "High":880.0,
        "Low":845.1,
        "Close":859.0,
        "Percent Change":"-1.26 %",
        "Volume":"585.00"
    },
    {
        "Symbol":"DLBS",
        "Date":"2023-03-14",
        "Open":877.1,
        "High":877.1,
        "Low":860.7,
        "Close":870.0,
        "Percent Change":"-2.79 %",
        "Volume":"270.00"
    },
    {
        "Symbol":"DLBS",
        "Date":"2023-03-13",
        "Open":880.0,
        "High":895.0,
        "Low":863.1,
        "Close":895.0,
        "Percent Change":"-0.22 %",
        "Volume":"880.00"
    },
    {
        "Symbol":"DLBS",
        "Date":"2023-03-12",
        "Open":920.0,
        "High":929.0,
        "Low":880.0,
        "Close":897.0,
        "Percent Change":"-3.55 %",
        "Volume":"1,291.00"
    },
    {
        "Symbol":"DLBS",
        "Date":"2023-03-09",
        "Open":928.0,
        "High":945.0,
        "Low":894.0,
        "Close":930.0,
        "Percent Change":"2.09 %",
        "Volume":"743.00"
    },
    {
        "Symbol":"DLBS",
        "Date":"2023-03-07",
        "Open":901.9,
        "High":940.0,
        "Low":896.0,
        "Close":911.0,
        "Percent Change":"-1.01 %",
        "Volume":"758.00"
    },
    {
        "Symbol":"DLBS",
        "Date":"2023-03-05",
        "Open":950.0,
        "High":987.3,
        "Low":920.3,
        "Close":920.3,
        "Percent Change":"-4.93 %",
        "Volume":"1,025.00"
    },
    {
        "Symbol":"DLBS",
        "Date":"2023-03-02",
        "Open":995.0,
        "High":995.0,
        "Low":968.0,
        "Close":968.0,
        "Percent Change":"-2.71 %",
        "Volume":"350.00"
    },
    {
        "Symbol":"DLBS",
        "Date":"2023-03-01",
        "Open":995.0,
        "High":1076.0,
        "Low":995.0,
        "Close":995.0,
        "Percent Change":"-0.60 %",
        "Volume":"1,470.00"
    },
    {
        "Symbol":"DLBS",
        "Date":"2023-02-28",
        "Open":1005.0,
        "High":1020.0,
        "Low":990.0,
        "Close":1001.0,
        "Percent Change":"-1.86 %",
        "Volume":"745.00"
    },
    {
        "Symbol":"DLBS",
        "Date":"2023-02-27",
        "Open":1088.0,
        "High":1088.3,
        "Low":990.5,
        "Close":1020.0,
        "Percent Change":"-4.40 %",
        "Volume":"2,280.00"
    },
    {
        "Symbol":"DLBS",
        "Date":"2023-02-26",
        "Open":1045.2,
        "High":1087.0,
        "Low":959.9,
        "Close":1067.0,
        "Percent Change":"0.05 %",
        "Volume":"3,309.00"
    },
    {
        "Symbol":"DLBS",
        "Date":"2023-02-23",
        "Open":1161.5,
        "High":1161.5,
        "Low":1066.5,
        "Close":1066.5,
        "Percent Change":"-10.00 %",
        "Volume":"1,281.00"
    },
    {
        "Symbol":"DLBS",
        "Date":"2023-02-22",
        "Open":1195.0,
        "High":1198.0,
        "Low":1166.2,
        "Close":1185.0,
        "Percent Change":"-1.26 %",
        "Volume":"1,484.00"
    },
    {
        "Symbol":"DLBS",
        "Date":"2023-02-20",
        "Open":1196.0,
        "High":1215.0,
        "Low":1196.0,
        "Close":1200.1,
        "Percent Change":"-1.64 %",
        "Volume":"941.00"
    },
    {
        "Symbol":"DLBS",
        "Date":"2023-02-16",
        "Open":1298.9,
        "High":1298.9,
        "Low":1220.1,
        "Close":1220.1,
        "Percent Change":"-4.23 %",
        "Volume":"790.00"
    },
    {
        "Symbol":"DLBS",
        "Date":"2023-02-15",
        "Open":1256.0,
        "High":1274.0,
        "Low":1235.1,
        "Close":1274.0,
        "Percent Change":"-0.47 %",
        "Volume":"915.00"
    },
    {
        "Symbol":"DLBS",
        "Date":"2023-02-14",
        "Open":1275.0,
        "High":1290.0,
        "Low":1262.0,
        "Close":1280.0,
        "Percent Change":"-1.46 %",
        "Volume":"830.00"
    },
    {
        "Symbol":"DLBS",
        "Date":"2023-02-12",
        "Open":1310.3,
        "High":1310.3,
        "Low":1280.0,
        "Close":1298.9,
        "Percent Change":"-2.85 %",
        "Volume":"940.00"
    },
    {
        "Symbol":"DLBS",
        "Date":"2023-02-09",
        "Open":1340.0,
        "High":1340.0,
        "Low":1315.3,
        "Close":1337.0,
        "Percent Change":"-0.22 %",
        "Volume":"768.00"
    },
    {
        "Symbol":"DLBS",
        "Date":"2023-02-08",
        "Open":1325.0,
        "High":1350.0,
        "Low":1301.0,
        "Close":1340.0,
        "Percent Change":"3.08 %",
        "Volume":"1,950.00"
    },
    {
        "Symbol":"DLBS",
        "Date":"2023-02-07",
        "Open":1275.0,
        "High":1300.0,
        "Low":1261.0,
        "Close":1300.0,
        "Percent Change":"3.17 %",
        "Volume":"910.00"
    },
    {
        "Symbol":"DLBS",
        "Date":"2023-02-06",
        "Open":1255.0,
        "High":1260.0,
        "Low":1235.0,
        "Close":1260.0,
        "Percent Change":"0.16 %",
        "Volume":"730.00"
    },
    {
        "Symbol":"DLBS",
        "Date":"2023-02-05",
        "Open":1276.0,
        "High":1280.0,
        "Low":1255.0,
        "Close":1258.0,
        "Percent Change":"-3.01 %",
        "Volume":"1,300.00"
    },
    {
        "Symbol":"DLBS",
        "Date":"2023-02-02",
        "Open":1300.0,
        "High":1326.0,
        "Low":1280.0,
        "Close":1297.0,
        "Percent Change":"-1.07 %",
        "Volume":"1,767.00"
    },
    {
        "Symbol":"DLBS",
        "Date":"2023-02-01",
        "Open":1286.0,
        "High":1325.0,
        "Low":1286.0,
        "Close":1311.0,
        "Percent Change":"-0.08 %",
        "Volume":"1,274.00"
    },
    {
        "Symbol":"DLBS",
        "Date":"2023-01-31",
        "Open":1316.0,
        "High":1338.0,
        "Low":1308.1,
        "Close":1312.0,
        "Percent Change":"-1.51 %",
        "Volume":"1,250.00"
    },
    {
        "Symbol":"DLBS",
        "Date":"2023-01-30",
        "Open":1350.0,
        "High":1360.0,
        "Low":1327.0,
        "Close":1332.1,
        "Percent Change":"-2.76 %",
        "Volume":"1,385.00"
    },
    {
        "Symbol":"DLBS",
        "Date":"2023-01-29",
        "Open":1345.0,
        "High":1369.9,
        "Low":1345.0,
        "Close":1369.9,
        "Percent Change":"0.36 %",
        "Volume":"1,215.00"
    },
    {
        "Symbol":"DLBS",
        "Date":"2023-01-26",
        "Open":1394.3,
        "High":1421.0,
        "Low":1362.0,
        "Close":1365.0,
        "Percent Change":"-0.15 %",
        "Volume":"1,160.00"
    },
    {
        "Symbol":"DLBS",
        "Date":"2023-01-25",
        "Open":1330.0,
        "High":1397.0,
        "Low":1330.0,
        "Close":1367.0,
        "Percent Change":"1.18 %",
        "Volume":"2,290.00"
    },
    {
        "Symbol":"DLBS",
        "Date":"2023-01-24",
        "Open":1327.1,
        "High":1356.0,
        "Low":1327.1,
        "Close":1351.0,
        "Percent Change":"0.37 %",
        "Volume":"2,131.00"
    },
    {
        "Symbol":"DLBS",
        "Date":"2023-01-23",
        "Open":1335.0,
        "High":1387.3,
        "Low":1335.0,
        "Close":1346.0,
        "Percent Change":"-1.03 %",
        "Volume":"2,469.00"
    },
    {
        "Symbol":"DLBS",
        "Date":"2023-01-19",
        "Open":1352.0,
        "High":1375.0,
        "Low":1351.2,
        "Close":1360.0,
        "Percent Change":"-1.16 %",
        "Volume":"1,875.00"
    },
    {
        "Symbol":"DLBS",
        "Date":"2023-01-18",
        "Open":1367.0,
        "High":1402.0,
        "Low":1367.0,
        "Close":1376.0,
        "Percent Change":"-1.15 %",
        "Volume":"2,427.00"
    },
    {
        "Symbol":"DLBS",
        "Date":"2023-01-17",
        "Open":1380.0,
        "High":1405.0,
        "Low":1350.0,
        "Close":1392.0,
        "Percent Change":"0.87 %",
        "Volume":"3,272.00"
    },
    {
        "Symbol":"DLBS",
        "Date":"2023-01-12",
        "Open":1463.0,
        "High":1492.2,
        "Low":1365.0,
        "Close":1380.0,
        "Percent Change":"-5.67 %",
        "Volume":"4,615.00"
    },
    {
        "Symbol":"DLBS",
        "Date":"2023-01-10",
        "Open":1560.0,
        "High":1591.2,
        "Low":1462.0,
        "Close":1463.0,
        "Percent Change":"-6.22 %",
        "Volume":"4,746.00"
    },
    {
        "Symbol":"DLBS",
        "Date":"2023-01-09",
        "Open":1629.9,
        "High":1630.0,
        "Low":1540.0,
        "Close":1560.0,
        "Percent Change":"-2.44 %",
        "Volume":"5,379.00"
    },
    {
        "Symbol":"DLBS",
        "Date":"2023-01-08",
        "Open":1542.0,
        "High":1662.0,
        "Low":1440.6,
        "Close":1599.0,
        "Percent Change":"5.72 %",
        "Volume":"8,886.00"
    },
    {
        "Symbol":"DLBS",
        "Date":"2023-01-05",
        "Open":1402.0,
        "High":1512.5,
        "Low":1330.0,
        "Close":1512.5,
        "Percent Change":"10.00 %",
        "Volume":"5,812.00"
    },
    {
        "Symbol":"DLBS",
        "Date":"2023-01-04",
        "Open":1419.5,
        "High":1530.8,
        "Low":1295.0,
        "Close":1375.0,
        "Percent Change":"-1.20 %",
        "Volume":"15,505.00"
    },
    {
        "Symbol":"DLBS",
        "Date":"2023-01-03",
        "Open":1265.2,
        "High":1391.7,
        "Low":1265.2,
        "Close":1391.7,
        "Percent Change":"10.00 %",
        "Volume":"1,583.00"
    },
    {
        "Symbol":"DLBS",
        "Date":"2023-01-02",
        "Open":1150.2,
        "High":1265.2,
        "Low":1150.2,
        "Close":1265.2,
        "Percent Change":"10.00 %",
        "Volume":"200.00"
    },
    {
        "Symbol":"DLBS",
        "Date":"2023-01-01",
        "Open":1066.5,
        "High":1150.2,
        "Low":1066.5,
        "Close":1150.2,
        "Percent Change":"9.99 %",
        "Volume":"220.00"
    },
    {
        "Symbol":"DLBS",
        "Date":"2022-12-29",
        "Open":969.7,
        "High":1045.7,
        "Low":969.7,
        "Close":1045.7,
        "Percent Change":"9.99 %",
        "Volume":"190.00"
    },
    {
        "Symbol":"DLBS",
        "Date":"2022-12-28",
        "Open":881.5,
        "High":950.7,
        "Low":881.5,
        "Close":950.7,
        "Percent Change":"10.00 %",
        "Volume":"90.00"
    },
    {
        "Symbol":"DLBS",
        "Date":"2022-12-27",
        "Open":801.5,
        "High":864.3,
        "Low":801.5,
        "Close":864.3,
        "Percent Change":"9.99 %",
        "Volume":"70.00"
    },
    {
        "Symbol":"DLBS",
        "Date":"2022-12-26",
        "Open":728.6,
        "High":785.8,
        "Low":728.6,
        "Close":785.8,
        "Percent Change":"9.99 %",
        "Volume":"90.00"
    },
    {
        "Symbol":"DLBS",
        "Date":"2022-12-22",
        "Open":662.4,
        "High":714.4,
        "Low":662.4,
        "Close":714.4,
        "Percent Change":"9.99 %",
        "Volume":"50.00"
    },
    {
        "Symbol":"DLBS",
        "Date":"2022-12-21",
        "Open":612.2,
        "High":649.5,
        "Low":612.2,
        "Close":649.5,
        "Percent Change":"8.21 %",
        "Volume":"40.00"
    },
    {
        "Symbol":"DLBS",
        "Date":"2022-12-20",
        "Open":556.6,
        "High":600.2,
        "Low":556.6,
        "Close":600.2,
        "Percent Change":"9.99 %",
        "Volume":"57.00"
    },
    {
        "Symbol":"DLBS",
        "Date":"2022-12-19",
        "Open":506.0,
        "High":545.7,
        "Low":506.0,
        "Close":545.7,
        "Percent Change":"10.00 %",
        "Volume":"50.00"
    },
    {
        "Symbol":"DLBS",
        "Date":"2022-12-18",
        "Open":458.5,
        "High":496.1,
        "Low":458.5,
        "Close":496.1,
        "Percent Change":"8.20 %",
        "Volume":"43.00"
    },
    {
        "Symbol":"DLBS",
        "Date":"2022-12-15",
        "Open":440.8,
        "High":458.5,
        "Low":440.8,
        "Close":458.5,
        "Percent Change":"4.02 %",
        "Volume":"30.00"
    },
    {
        "Symbol":"DLBS",
        "Date":"2022-12-14",
        "Open":415.5,
        "High":440.8,
        "Low":415.5,
        "Close":440.8,
        "Percent Change":"8.20 %",
        "Volume":"40.00"
    },
    {
        "Symbol":"DLBS",
        "Date":"2022-12-13",
        "Open":407.4,
        "High":407.4,
        "Low":407.4,
        "Close":407.4,
        "Percent Change":"1.98 %",
        "Volume":"10.00"
    },
    {
        "Symbol":"DLBS",
        "Date":"2022-12-12",
        "Open":384.1,
        "High":399.5,
        "Low":384.1,
        "Close":399.5,
        "Percent Change":"6.08 %",
        "Volume":"30.00"
    },
    {
        "Symbol":"DLBS",
        "Date":"2022-12-11",
        "Open":362.1,
        "High":376.6,
        "Low":362.1,
        "Close":376.6,
        "Percent Change":"6.08 %",
        "Volume":"36.00"
    },
    {
        "Symbol":"DLBS",
        "Date":"2022-12-07",
        "Open":355.0,
        "High":355.0,
        "Low":355.0,
        "Close":355.0,
        "Percent Change":"1.98 %",
        "Volume":"14.00"
    },
    {
        "Symbol":"DLBS",
        "Date":"2022-12-06",
        "Open":328.2,
        "High":348.1,
        "Low":328.2,
        "Close":348.1,
        "Percent Change":"8.17 %",
        "Volume":"47.00"
    },
    {
        "Symbol":"DLBS",
        "Date":"2022-12-04",
        "Open":298.4,
        "High":321.8,
        "Low":298.4,
        "Close":321.8,
        "Percent Change":"9.98 %",
        "Volume":"90.00"
    },
    {
        "Symbol":"DLBS",
        "Date":"2022-12-01",
        "Open":271.3,
        "High":292.6,
        "Low":271.3,
        "Close":292.6,
        "Percent Change":"10.00 %",
        "Volume":"60.00"
    },
    {
        "Symbol":"DLBS",
        "Date":"2022-11-29",
        "Open":255.7,
        "High":266.0,
        "Low":255.7,
        "Close":266.0,
        "Percent Change":"6.10 %",
        "Volume":"30.00"
    },
    {
        "Symbol":"DLBS",
        "Date":"2022-11-28",
        "Open":245.8,
        "High":250.7,
        "Low":245.8,
        "Close":250.7,
        "Percent Change":"1.99 %",
        "Volume":"20.00"
    },
    {
        "Symbol":"DLBS",
        "Date":"2022-11-27",
        "Open":236.3,
        "High":245.8,
        "Low":236.3,
        "Close":245.8,
        "Percent Change":"6.09 %",
        "Volume":"30.00"
    },
    {
        "Symbol":"DLBS",
        "Date":"2022-11-23",
        "Open":227.2,
        "High":231.7,
        "Low":227.2,
        "Close":231.7,
        "Percent Change":"3.99 %",
        "Volume":"20.00"
    },
    {
        "Symbol":"DLBS",
        "Date":"2022-11-22",
        "Open":218.5,
        "High":222.8,
        "Low":218.5,
        "Close":222.8,
        "Percent Change":"3.97 %",
        "Volume":"30.00"
    },
    {
        "Symbol":"DLBS",
        "Date":"2022-11-17",
        "Open":210.1,
        "High":214.3,
        "Low":210.1,
        "Close":214.3,
        "Percent Change":"4.03 %",
        "Volume":"20.00"
    },
    {
        "Symbol":"DLBS",
        "Date":"2022-11-16",
        "Open":202.0,
        "High":206.0,
        "Low":202.0,
        "Close":206.0,
        "Percent Change":"1.98 %",
        "Volume":"20.00"
    },
    {
        "Symbol":"DLBS",
        "Date":"2022-11-15",
        "Open":202.0,
        "High":202.0,
        "Low":202.0,
        "Close":202.0,
        "Percent Change":"0.00 %",
        "Volume":"11.00"
    },
    {
        "Symbol":"DLBS",
        "Date":"2022-11-13",
        "Open":202.0,
        "High":202.0,
        "Low":202.0,
        "Close":202.0,
        "Percent Change":"1.97 %",
        "Volume":"10.00"
    },
    {
        "Symbol":"DLBS",
        "Date":"2022-11-07",
        "Open":186.8,
        "High":198.1,
        "Low":186.8,
        "Close":198.1,
        "Percent Change":"8.13 %",
        "Volume":"50.00"
    },
    {
        "Symbol":"DLBS",
        "Date":"2022-11-06",
        "Open":177.7,
        "High":183.2,
        "Low":177.7,
        "Close":183.2,
        "Percent Change":"1.95 %",
        "Volume":"20.00"
    },
    {
        "Symbol":"DLBS",
        "Date":"2022-11-01",
        "Open":179.7,
        "High":179.7,
        "Low":179.7,
        "Close":179.7,
        "Percent Change":"0.00 %",
        "Volume":"20.00"
    },
    {
        "Symbol":"DLBS",
        "Date":"2022-10-31",
        "Open":179.7,
        "High":179.7,
        "Low":179.7,
        "Close":179.7,
        "Percent Change":"0.00 %",
        "Volume":"10.00"
    },
    {
        "Symbol":"DLBS",
        "Date":"2022-10-23",
        "Open":179.7,
        "High":179.7,
        "Low":179.7,
        "Close":179.7,
        "Percent Change":"0.00 %",
        "Volume":"73.00"
    },
    {
        "Symbol":"DLBS",
        "Date":"2022-01-02",
        "Open":1150.2,
        "High":1265.2,
        "Low":1150.2,
        "Close":1265.2,
        "Percent Change":"10.00 %",
        "Volume":"200.00"
    }
]