[
    {
        "Symbol":"MMKJL",
        "Date":"2024-08-11",
        "Open":692.0,
        "High":692.0,
        "Low":665.2,
        "Close":689.0,
        "Percent Change":"-0.14 %",
        "Volume":"63,833.00"
    },
    {
        "Symbol":"MMKJL",
        "Date":"2024-08-08",
        "Open":632.1,
        "High":690.0,
        "Low":618.0,
        "Close":690.0,
        "Percent Change":"6.98 %",
        "Volume":"83,941.00"
    },
    {
        "Symbol":"MMKJL",
        "Date":"2024-08-07",
        "Open":600.8,
        "High":660.0,
        "Low":583.5,
        "Close":645.0,
        "Percent Change":"5.22 %",
        "Volume":"72,116.00"
    },
    {
        "Symbol":"MMKJL",
        "Date":"2024-08-06",
        "Open":618.2,
        "High":640.0,
        "Low":578.0,
        "Close":613.0,
        "Percent Change":"1.14 %",
        "Volume":"92,416.00"
    },
    {
        "Symbol":"MMKJL",
        "Date":"2024-08-05",
        "Open":551.0,
        "High":606.1,
        "Low":546.1,
        "Close":606.1,
        "Percent Change":"10.00 %",
        "Volume":"75,324.00"
    },
    {
        "Symbol":"MMKJL",
        "Date":"2024-08-01",
        "Open":569.9,
        "High":575.0,
        "Low":550.0,
        "Close":551.0,
        "Percent Change":"-1.61 %",
        "Volume":"30,054.00"
    },
    {
        "Symbol":"MMKJL",
        "Date":"2024-07-31",
        "Open":570.0,
        "High":581.0,
        "Low":556.0,
        "Close":560.0,
        "Percent Change":"-1.75 %",
        "Volume":"54,751.00"
    },
    {
        "Symbol":"MMKJL",
        "Date":"2024-07-30",
        "Open":574.0,
        "High":590.0,
        "Low":568.4,
        "Close":570.0,
        "Percent Change":"-2.56 %",
        "Volume":"48,468.00"
    },
    {
        "Symbol":"MMKJL",
        "Date":"2024-07-29",
        "Open":573.3,
        "High":632.0,
        "Low":569.0,
        "Close":585.0,
        "Percent Change":"0.00 %",
        "Volume":"31,134.00"
    },
    {
        "Symbol":"MMKJL",
        "Date":"2024-07-28",
        "Open":580.0,
        "High":586.0,
        "Low":556.0,
        "Close":585.0,
        "Percent Change":"2.81 %",
        "Volume":"23,624.00"
    },
    {
        "Symbol":"MMKJL",
        "Date":"2024-07-25",
        "Open":590.0,
        "High":590.0,
        "Low":565.1,
        "Close":569.0,
        "Percent Change":"-2.23 %",
        "Volume":"24,951.00"
    },
    {
        "Symbol":"MMKJL",
        "Date":"2024-07-24",
        "Open":593.0,
        "High":598.0,
        "Low":575.0,
        "Close":582.0,
        "Percent Change":"-3.77 %",
        "Volume":"39,604.00"
    },
    {
        "Symbol":"MMKJL",
        "Date":"2024-07-23",
        "Open":599.0,
        "High":632.0,
        "Low":587.1,
        "Close":604.8,
        "Percent Change":"2.34 %",
        "Volume":"47,314.00"
    },
    {
        "Symbol":"MMKJL",
        "Date":"2024-07-22",
        "Open":601.9,
        "High":601.9,
        "Low":575.0,
        "Close":591.0,
        "Percent Change":"-3.75 %",
        "Volume":"56,707.00"
    },
    {
        "Symbol":"MMKJL",
        "Date":"2024-07-21",
        "Open":637.0,
        "High":647.9,
        "Low":590.0,
        "Close":614.0,
        "Percent Change":"-5.54 %",
        "Volume":"127,406.00"
    },
    {
        "Symbol":"MMKJL",
        "Date":"2024-07-18",
        "Open":593.0,
        "High":665.0,
        "Low":580.0,
        "Close":650.0,
        "Percent Change":"7.44 %",
        "Volume":"63,478.00"
    },
    {
        "Symbol":"MMKJL",
        "Date":"2024-07-17",
        "Open":602.0,
        "High":605.0,
        "Low":580.1,
        "Close":605.0,
        "Percent Change":"2.37 %",
        "Volume":"47,934.00"
    },
    {
        "Symbol":"MMKJL",
        "Date":"2024-07-16",
        "Open":547.7,
        "High":597.7,
        "Low":547.7,
        "Close":591.0,
        "Percent Change":"5.76 %",
        "Volume":"52,139.00"
    },
    {
        "Symbol":"MMKJL",
        "Date":"2024-07-15",
        "Open":536.1,
        "High":568.9,
        "Low":530.0,
        "Close":558.8,
        "Percent Change":"2.16 %",
        "Volume":"59,974.00"
    },
    {
        "Symbol":"MMKJL",
        "Date":"2024-07-14",
        "Open":527.3,
        "High":548.0,
        "Low":508.0,
        "Close":547.0,
        "Percent Change":"5.80 %",
        "Volume":"45,122.00"
    },
    {
        "Symbol":"MMKJL",
        "Date":"2024-07-11",
        "Open":522.0,
        "High":527.0,
        "Low":512.0,
        "Close":517.0,
        "Percent Change":"-0.54 %",
        "Volume":"43,921.00"
    },
    {
        "Symbol":"MMKJL",
        "Date":"2024-07-10",
        "Open":504.9,
        "High":523.0,
        "Low":493.9,
        "Close":519.8,
        "Percent Change":"4.59 %",
        "Volume":"64,426.00"
    },
    {
        "Symbol":"MMKJL",
        "Date":"2024-07-09",
        "Open":500.0,
        "High":500.0,
        "Low":488.0,
        "Close":497.0,
        "Percent Change":"-1.19 %",
        "Volume":"13,873.00"
    },
    {
        "Symbol":"MMKJL",
        "Date":"2024-07-08",
        "Open":500.0,
        "High":510.0,
        "Low":496.0,
        "Close":503.0,
        "Percent Change":"-0.20 %",
        "Volume":"12,587.00"
    },
    {
        "Symbol":"MMKJL",
        "Date":"2024-07-07",
        "Open":499.0,
        "High":509.0,
        "Low":493.0,
        "Close":504.0,
        "Percent Change":"-0.20 %",
        "Volume":"98,271.00"
    },
    {
        "Symbol":"MMKJL",
        "Date":"2024-07-04",
        "Open":490.0,
        "High":505.0,
        "Low":490.0,
        "Close":505.0,
        "Percent Change":"2.02 %",
        "Volume":"30,166.00"
    },
    {
        "Symbol":"MMKJL",
        "Date":"2024-07-03",
        "Open":496.4,
        "High":504.0,
        "Low":492.0,
        "Close":495.0,
        "Percent Change":"-2.17 %",
        "Volume":"33,899.00"
    },
    {
        "Symbol":"MMKJL",
        "Date":"2024-07-02",
        "Open":515.6,
        "High":525.9,
        "Low":493.0,
        "Close":506.0,
        "Percent Change":"0.10 %",
        "Volume":"19,379.00"
    },
    {
        "Symbol":"MMKJL",
        "Date":"2024-07-01",
        "Open":494.0,
        "High":505.5,
        "Low":484.2,
        "Close":505.5,
        "Percent Change":"0.60 %",
        "Volume":"47,931.00"
    },
    {
        "Symbol":"MMKJL",
        "Date":"2024-06-30",
        "Open":505.7,
        "High":558.1,
        "Low":498.0,
        "Close":502.5,
        "Percent Change":"-2.62 %",
        "Volume":"160,959.00"
    },
    {
        "Symbol":"MMKJL",
        "Date":"2024-06-27",
        "Open":511.0,
        "High":517.0,
        "Low":505.5,
        "Close":516.0,
        "Percent Change":"1.20 %",
        "Volume":"83,968.00"
    },
    {
        "Symbol":"MMKJL",
        "Date":"2024-06-26",
        "Open":479.3,
        "High":509.9,
        "Low":469.9,
        "Close":509.9,
        "Percent Change":"4.27 %",
        "Volume":"63,761.00"
    },
    {
        "Symbol":"MMKJL",
        "Date":"2024-06-25",
        "Open":481.3,
        "High":494.0,
        "Low":481.3,
        "Close":489.0,
        "Percent Change":"-0.41 %",
        "Volume":"24,409.00"
    },
    {
        "Symbol":"MMKJL",
        "Date":"2024-06-24",
        "Open":485.0,
        "High":493.0,
        "Low":483.0,
        "Close":491.0,
        "Percent Change":"0.10 %",
        "Volume":"28,367.00"
    },
    {
        "Symbol":"MMKJL",
        "Date":"2024-06-23",
        "Open":456.0,
        "High":490.6,
        "Low":456.0,
        "Close":490.5,
        "Percent Change":"6.17 %",
        "Volume":"67,482.00"
    },
    {
        "Symbol":"MMKJL",
        "Date":"2024-06-20",
        "Open":471.0,
        "High":487.0,
        "Low":462.0,
        "Close":462.0,
        "Percent Change":"-2.74 %",
        "Volume":"17,569.00"
    },
    {
        "Symbol":"MMKJL",
        "Date":"2024-06-19",
        "Open":464.2,
        "High":476.0,
        "Low":450.0,
        "Close":475.0,
        "Percent Change":"4.37 %",
        "Volume":"24,599.00"
    },
    {
        "Symbol":"MMKJL",
        "Date":"2024-06-18",
        "Open":474.0,
        "High":480.5,
        "Low":447.0,
        "Close":455.1,
        "Percent Change":"-2.98 %",
        "Volume":"35,114.00"
    },
    {
        "Symbol":"MMKJL",
        "Date":"2024-06-16",
        "Open":477.3,
        "High":487.0,
        "Low":469.1,
        "Close":469.1,
        "Percent Change":"-3.60 %",
        "Volume":"10,668.00"
    },
    {
        "Symbol":"MMKJL",
        "Date":"2024-06-13",
        "Open":483.2,
        "High":492.8,
        "Low":475.0,
        "Close":486.6,
        "Percent Change":"-1.30 %",
        "Volume":"32,753.00"
    },
    {
        "Symbol":"MMKJL",
        "Date":"2024-06-12",
        "Open":505.9,
        "High":505.9,
        "Low":477.0,
        "Close":493.0,
        "Percent Change":"-0.60 %",
        "Volume":"55,858.00"
    },
    {
        "Symbol":"MMKJL",
        "Date":"2024-06-11",
        "Open":504.5,
        "High":529.0,
        "Low":496.0,
        "Close":496.0,
        "Percent Change":"-1.59 %",
        "Volume":"38,509.00"
    },
    {
        "Symbol":"MMKJL",
        "Date":"2024-06-10",
        "Open":482.0,
        "High":508.9,
        "Low":482.0,
        "Close":504.0,
        "Percent Change":"3.07 %",
        "Volume":"117,744.00"
    },
    {
        "Symbol":"MMKJL",
        "Date":"2024-06-09",
        "Open":488.0,
        "High":497.0,
        "Low":480.0,
        "Close":489.0,
        "Percent Change":"0.20 %",
        "Volume":"64,639.00"
    },
    {
        "Symbol":"MMKJL",
        "Date":"2024-06-06",
        "Open":476.0,
        "High":493.0,
        "Low":470.4,
        "Close":488.0,
        "Percent Change":"0.62 %",
        "Volume":"50,375.00"
    },
    {
        "Symbol":"MMKJL",
        "Date":"2024-06-05",
        "Open":479.4,
        "High":498.0,
        "Low":456.0,
        "Close":485.0,
        "Percent Change":"3.19 %",
        "Volume":"72,970.00"
    },
    {
        "Symbol":"MMKJL",
        "Date":"2024-06-04",
        "Open":445.0,
        "High":475.0,
        "Low":445.0,
        "Close":470.0,
        "Percent Change":"7.01 %",
        "Volume":"128,790.00"
    },
    {
        "Symbol":"MMKJL",
        "Date":"2024-06-03",
        "Open":445.0,
        "High":447.0,
        "Low":437.1,
        "Close":439.2,
        "Percent Change":"0.50 %",
        "Volume":"29,675.00"
    },
    {
        "Symbol":"MMKJL",
        "Date":"2024-06-02",
        "Open":421.5,
        "High":446.0,
        "Low":421.5,
        "Close":437.0,
        "Percent Change":"2.37 %",
        "Volume":"28,150.00"
    },
    {
        "Symbol":"MMKJL",
        "Date":"2024-05-30",
        "Open":427.0,
        "High":440.0,
        "Low":418.0,
        "Close":426.9,
        "Percent Change":"-1.84 %",
        "Volume":"12,898.00"
    },
    {
        "Symbol":"MMKJL",
        "Date":"2024-05-29",
        "Open":443.0,
        "High":443.2,
        "Low":414.0,
        "Close":434.9,
        "Percent Change":"0.07 %",
        "Volume":"8,686.00"
    },
    {
        "Symbol":"MMKJL",
        "Date":"2024-05-27",
        "Open":426.0,
        "High":440.0,
        "Low":425.9,
        "Close":434.6,
        "Percent Change":"2.02 %",
        "Volume":"3,858.00"
    },
    {
        "Symbol":"MMKJL",
        "Date":"2024-05-26",
        "Open":447.3,
        "High":447.3,
        "Low":421.7,
        "Close":426.0,
        "Percent Change":"-2.87 %",
        "Volume":"8,495.00"
    },
    {
        "Symbol":"MMKJL",
        "Date":"2024-05-22",
        "Open":440.0,
        "High":450.0,
        "Low":430.0,
        "Close":438.6,
        "Percent Change":"-1.84 %",
        "Volume":"9,170.00"
    },
    {
        "Symbol":"MMKJL",
        "Date":"2024-05-21",
        "Open":448.1,
        "High":450.0,
        "Low":431.3,
        "Close":446.8,
        "Percent Change":"1.55 %",
        "Volume":"36,388.00"
    },
    {
        "Symbol":"MMKJL",
        "Date":"2024-05-20",
        "Open":432.2,
        "High":464.0,
        "Low":432.2,
        "Close":440.0,
        "Percent Change":"1.80 %",
        "Volume":"21,128.00"
    },
    {
        "Symbol":"MMKJL",
        "Date":"2024-05-19",
        "Open":440.0,
        "High":446.7,
        "Low":427.1,
        "Close":432.2,
        "Percent Change":"-1.32 %",
        "Volume":"14,735.00"
    },
    {
        "Symbol":"MMKJL",
        "Date":"2024-05-16",
        "Open":453.9,
        "High":453.9,
        "Low":429.6,
        "Close":438.0,
        "Percent Change":"-2.01 %",
        "Volume":"12,070.00"
    },
    {
        "Symbol":"MMKJL",
        "Date":"2024-05-15",
        "Open":459.0,
        "High":459.0,
        "Low":435.0,
        "Close":447.0,
        "Percent Change":"-0.67 %",
        "Volume":"14,692.00"
    },
    {
        "Symbol":"MMKJL",
        "Date":"2024-05-14",
        "Open":440.0,
        "High":457.0,
        "Low":432.0,
        "Close":450.0,
        "Percent Change":"0.25 %",
        "Volume":"28,256.00"
    },
    {
        "Symbol":"MMKJL",
        "Date":"2024-05-13",
        "Open":454.0,
        "High":454.0,
        "Low":438.0,
        "Close":448.9,
        "Percent Change":"-0.02 %",
        "Volume":"22,150.00"
    },
    {
        "Symbol":"MMKJL",
        "Date":"2024-05-12",
        "Open":456.9,
        "High":459.0,
        "Low":428.0,
        "Close":449.0,
        "Percent Change":"-1.73 %",
        "Volume":"64,009.00"
    },
    {
        "Symbol":"MMKJL",
        "Date":"2024-05-09",
        "Open":430.3,
        "High":457.8,
        "Low":430.3,
        "Close":456.9,
        "Percent Change":"4.08 %",
        "Volume":"48,791.00"
    },
    {
        "Symbol":"MMKJL",
        "Date":"2024-05-08",
        "Open":405.9,
        "High":439.0,
        "Low":405.9,
        "Close":439.0,
        "Percent Change":"7.07 %",
        "Volume":"39,839.00"
    },
    {
        "Symbol":"MMKJL",
        "Date":"2024-05-07",
        "Open":404.1,
        "High":415.9,
        "Low":404.1,
        "Close":410.0,
        "Percent Change":"-0.12 %",
        "Volume":"7,825.00"
    },
    {
        "Symbol":"MMKJL",
        "Date":"2024-05-06",
        "Open":408.6,
        "High":414.0,
        "Low":408.1,
        "Close":410.5,
        "Percent Change":"-1.54 %",
        "Volume":"4,995.00"
    },
    {
        "Symbol":"MMKJL",
        "Date":"2024-05-05",
        "Open":409.0,
        "High":419.2,
        "Low":406.3,
        "Close":416.9,
        "Percent Change":"-0.02 %",
        "Volume":"20,313.00"
    },
    {
        "Symbol":"MMKJL",
        "Date":"2024-05-02",
        "Open":428.1,
        "High":428.1,
        "Low":410.0,
        "Close":417.0,
        "Percent Change":"-0.67 %",
        "Volume":"13,665.00"
    },
    {
        "Symbol":"MMKJL",
        "Date":"2024-04-30",
        "Open":411.3,
        "High":426.0,
        "Low":405.1,
        "Close":419.8,
        "Percent Change":"0.21 %",
        "Volume":"17,977.00"
    },
    {
        "Symbol":"MMKJL",
        "Date":"2024-04-29",
        "Open":409.9,
        "High":420.0,
        "Low":409.9,
        "Close":418.9,
        "Percent Change":"0.17 %",
        "Volume":"13,183.00"
    },
    {
        "Symbol":"MMKJL",
        "Date":"2024-04-28",
        "Open":409.0,
        "High":418.2,
        "Low":407.0,
        "Close":418.2,
        "Percent Change":"0.29 %",
        "Volume":"12,822.00"
    },
    {
        "Symbol":"MMKJL",
        "Date":"2024-04-25",
        "Open":411.0,
        "High":426.0,
        "Low":411.0,
        "Close":417.0,
        "Percent Change":"-0.24 %",
        "Volume":"7,799.00"
    },
    {
        "Symbol":"MMKJL",
        "Date":"2024-04-24",
        "Open":406.4,
        "High":426.9,
        "Low":406.4,
        "Close":418.0,
        "Percent Change":"0.82 %",
        "Volume":"8,010.00"
    },
    {
        "Symbol":"MMKJL",
        "Date":"2024-04-22",
        "Open":424.3,
        "High":428.4,
        "Low":408.0,
        "Close":414.6,
        "Percent Change":"-0.34 %",
        "Volume":"26,553.00"
    },
    {
        "Symbol":"MMKJL",
        "Date":"2024-04-21",
        "Open":407.7,
        "High":418.5,
        "Low":401.1,
        "Close":416.0,
        "Percent Change":"0.00 %",
        "Volume":"7,380.00"
    },
    {
        "Symbol":"MMKJL",
        "Date":"2024-04-18",
        "Open":408.0,
        "High":418.0,
        "Low":403.0,
        "Close":416.0,
        "Percent Change":"1.46 %",
        "Volume":"7,777.00"
    },
    {
        "Symbol":"MMKJL",
        "Date":"2024-04-16",
        "Open":402.8,
        "High":410.0,
        "Low":399.4,
        "Close":410.0,
        "Percent Change":"1.74 %",
        "Volume":"7,315.00"
    },
    {
        "Symbol":"MMKJL",
        "Date":"2024-04-15",
        "Open":405.8,
        "High":412.9,
        "Low":403.0,
        "Close":403.0,
        "Percent Change":"-0.98 %",
        "Volume":"13,207.00"
    },
    {
        "Symbol":"MMKJL",
        "Date":"2024-04-14",
        "Open":401.8,
        "High":419.0,
        "Low":401.8,
        "Close":407.0,
        "Percent Change":"-0.73 %",
        "Volume":"7,565.00"
    },
    {
        "Symbol":"MMKJL",
        "Date":"2024-04-10",
        "Open":404.2,
        "High":418.0,
        "Low":404.2,
        "Close":410.0,
        "Percent Change":"0.49 %",
        "Volume":"25,176.00"
    },
    {
        "Symbol":"MMKJL",
        "Date":"2024-04-09",
        "Open":406.0,
        "High":420.2,
        "Low":403.0,
        "Close":408.0,
        "Percent Change":"-1.40 %",
        "Volume":"21,845.00"
    },
    {
        "Symbol":"MMKJL",
        "Date":"2024-04-07",
        "Open":426.1,
        "High":426.1,
        "Low":395.0,
        "Close":413.8,
        "Percent Change":"-0.96 %",
        "Volume":"4,515.00"
    },
    {
        "Symbol":"MMKJL",
        "Date":"2024-04-04",
        "Open":408.3,
        "High":420.0,
        "Low":408.3,
        "Close":417.8,
        "Percent Change":"0.92 %",
        "Volume":"8,564.00"
    },
    {
        "Symbol":"MMKJL",
        "Date":"2024-04-03",
        "Open":412.1,
        "High":426.0,
        "Low":410.3,
        "Close":414.0,
        "Percent Change":"-1.41 %",
        "Volume":"9,006.00"
    },
    {
        "Symbol":"MMKJL",
        "Date":"2024-04-02",
        "Open":426.5,
        "High":426.5,
        "Low":416.1,
        "Close":419.9,
        "Percent Change":"-1.20 %",
        "Volume":"3,078.00"
    },
    {
        "Symbol":"MMKJL",
        "Date":"2024-04-01",
        "Open":415.0,
        "High":425.0,
        "Low":415.0,
        "Close":425.0,
        "Percent Change":"1.19 %",
        "Volume":"7,932.00"
    },
    {
        "Symbol":"MMKJL",
        "Date":"2024-03-31",
        "Open":415.0,
        "High":428.0,
        "Low":411.0,
        "Close":420.0,
        "Percent Change":"0.00 %",
        "Volume":"8,830.00"
    },
    {
        "Symbol":"MMKJL",
        "Date":"2024-03-28",
        "Open":409.5,
        "High":428.3,
        "Low":409.5,
        "Close":420.0,
        "Percent Change":"0.79 %",
        "Volume":"14,045.00"
    },
    {
        "Symbol":"MMKJL",
        "Date":"2024-03-27",
        "Open":420.0,
        "High":428.5,
        "Low":415.1,
        "Close":416.7,
        "Percent Change":"-1.26 %",
        "Volume":"6,270.00"
    },
    {
        "Symbol":"MMKJL",
        "Date":"2024-03-26",
        "Open":408.1,
        "High":428.5,
        "Low":408.1,
        "Close":422.0,
        "Percent Change":"1.71 %",
        "Volume":"21,705.00"
    },
    {
        "Symbol":"MMKJL",
        "Date":"2024-03-25",
        "Open":419.5,
        "High":419.5,
        "Low":407.0,
        "Close":414.9,
        "Percent Change":"-1.10 %",
        "Volume":"14,117.00"
    },
    {
        "Symbol":"MMKJL",
        "Date":"2024-03-21",
        "Open":428.0,
        "High":428.0,
        "Low":419.0,
        "Close":419.5,
        "Percent Change":"-1.76 %",
        "Volume":"12,615.00"
    },
    {
        "Symbol":"MMKJL",
        "Date":"2024-03-20",
        "Open":430.0,
        "High":436.4,
        "Low":422.0,
        "Close":427.0,
        "Percent Change":"-1.27 %",
        "Volume":"22,734.00"
    },
    {
        "Symbol":"MMKJL",
        "Date":"2024-03-19",
        "Open":449.8,
        "High":449.8,
        "Low":432.3,
        "Close":432.5,
        "Percent Change":"-1.93 %",
        "Volume":"20,748.00"
    },
    {
        "Symbol":"MMKJL",
        "Date":"2024-03-18",
        "Open":448.7,
        "High":448.7,
        "Low":434.0,
        "Close":441.0,
        "Percent Change":"0.23 %",
        "Volume":"31,609.00"
    },
    {
        "Symbol":"MMKJL",
        "Date":"2024-03-17",
        "Open":430.0,
        "High":447.7,
        "Low":430.0,
        "Close":440.0,
        "Percent Change":"2.56 %",
        "Volume":"66,905.00"
    },
    {
        "Symbol":"MMKJL",
        "Date":"2024-03-14",
        "Open":420.1,
        "High":436.4,
        "Low":420.1,
        "Close":429.0,
        "Percent Change":"1.06 %",
        "Volume":"48,521.00"
    },
    {
        "Symbol":"MMKJL",
        "Date":"2024-03-13",
        "Open":414.0,
        "High":432.0,
        "Low":412.7,
        "Close":424.5,
        "Percent Change":"0.83 %",
        "Volume":"21,098.00"
    },
    {
        "Symbol":"MMKJL",
        "Date":"2024-03-12",
        "Open":415.0,
        "High":423.9,
        "Low":414.2,
        "Close":421.0,
        "Percent Change":"0.48 %",
        "Volume":"10,380.00"
    },
    {
        "Symbol":"MMKJL",
        "Date":"2024-03-10",
        "Open":423.9,
        "High":423.9,
        "Low":411.7,
        "Close":419.0,
        "Percent Change":"0.58 %",
        "Volume":"3,514.00"
    },
    {
        "Symbol":"MMKJL",
        "Date":"2024-03-07",
        "Open":410.0,
        "High":421.0,
        "Low":407.4,
        "Close":416.6,
        "Percent Change":"0.87 %",
        "Volume":"12,520.00"
    },
    {
        "Symbol":"MMKJL",
        "Date":"2024-03-06",
        "Open":408.6,
        "High":425.0,
        "Low":402.5,
        "Close":413.0,
        "Percent Change":"-0.94 %",
        "Volume":"8,897.00"
    },
    {
        "Symbol":"MMKJL",
        "Date":"2024-03-05",
        "Open":445.7,
        "High":445.7,
        "Low":411.3,
        "Close":416.9,
        "Percent Change":"-4.60 %",
        "Volume":"31,612.00"
    },
    {
        "Symbol":"MMKJL",
        "Date":"2024-03-04",
        "Open":405.0,
        "High":437.0,
        "Low":405.0,
        "Close":437.0,
        "Percent Change":"9.80 %",
        "Volume":"1,160.00"
    },
    {
        "Symbol":"MMKJL",
        "Date":"2024-03-03",
        "Open":411.6,
        "High":425.0,
        "Low":391.0,
        "Close":398.0,
        "Percent Change":"-5.24 %",
        "Volume":"13,813.00"
    },
    {
        "Symbol":"MMKJL",
        "Date":"2024-02-29",
        "Open":413.0,
        "High":420.0,
        "Low":395.0,
        "Close":420.0,
        "Percent Change":"0.00 %",
        "Volume":"12,946.00"
    },
    {
        "Symbol":"MMKJL",
        "Date":"2024-02-28",
        "Open":425.0,
        "High":433.1,
        "Low":410.7,
        "Close":420.0,
        "Percent Change":"-3.00 %",
        "Volume":"6,795.00"
    },
    {
        "Symbol":"MMKJL",
        "Date":"2024-02-27",
        "Open":419.0,
        "High":434.0,
        "Low":414.4,
        "Close":433.0,
        "Percent Change":"1.64 %",
        "Volume":"25,385.00"
    },
    {
        "Symbol":"MMKJL",
        "Date":"2024-02-26",
        "Open":415.6,
        "High":430.0,
        "Low":408.1,
        "Close":426.0,
        "Percent Change":"0.47 %",
        "Volume":"10,588.00"
    },
    {
        "Symbol":"MMKJL",
        "Date":"2024-02-25",
        "Open":436.0,
        "High":438.8,
        "Low":414.0,
        "Close":424.0,
        "Percent Change":"-2.75 %",
        "Volume":"13,360.00"
    },
    {
        "Symbol":"MMKJL",
        "Date":"2024-02-22",
        "Open":429.4,
        "High":438.8,
        "Low":410.2,
        "Close":436.0,
        "Percent Change":"-0.46 %",
        "Volume":"15,858.00"
    },
    {
        "Symbol":"MMKJL",
        "Date":"2024-02-21",
        "Open":446.8,
        "High":455.0,
        "Low":425.0,
        "Close":438.0,
        "Percent Change":"-0.45 %",
        "Volume":"17,745.00"
    },
    {
        "Symbol":"MMKJL",
        "Date":"2024-02-20",
        "Open":435.7,
        "High":445.0,
        "Low":433.1,
        "Close":440.0,
        "Percent Change":"-1.01 %",
        "Volume":"15,476.00"
    },
    {
        "Symbol":"MMKJL",
        "Date":"2024-02-18",
        "Open":471.0,
        "High":471.0,
        "Low":434.6,
        "Close":444.5,
        "Percent Change":"-3.79 %",
        "Volume":"43,249.00"
    },
    {
        "Symbol":"MMKJL",
        "Date":"2024-02-15",
        "Open":463.6,
        "High":478.0,
        "Low":441.1,
        "Close":462.0,
        "Percent Change":"1.56 %",
        "Volume":"46,244.00"
    },
    {
        "Symbol":"MMKJL",
        "Date":"2024-02-14",
        "Open":450.0,
        "High":456.8,
        "Low":434.0,
        "Close":454.9,
        "Percent Change":"2.92 %",
        "Volume":"28,005.00"
    },
    {
        "Symbol":"MMKJL",
        "Date":"2024-02-13",
        "Open":432.0,
        "High":468.1,
        "Low":424.1,
        "Close":442.0,
        "Percent Change":"0.48 %",
        "Volume":"81,555.00"
    },
    {
        "Symbol":"MMKJL",
        "Date":"2024-02-12",
        "Open":421.3,
        "High":450.0,
        "Low":421.3,
        "Close":439.9,
        "Percent Change":"3.02 %",
        "Volume":"30,821.00"
    },
    {
        "Symbol":"MMKJL",
        "Date":"2024-02-11",
        "Open":424.0,
        "High":448.0,
        "Low":414.6,
        "Close":427.0,
        "Percent Change":"-0.70 %",
        "Volume":"17,958.00"
    },
    {
        "Symbol":"MMKJL",
        "Date":"2024-02-08",
        "Open":425.0,
        "High":436.0,
        "Low":420.0,
        "Close":430.0,
        "Percent Change":"0.00 %",
        "Volume":"13,447.00"
    },
    {
        "Symbol":"MMKJL",
        "Date":"2024-02-07",
        "Open":425.0,
        "High":430.0,
        "Low":419.2,
        "Close":430.0,
        "Percent Change":"0.73 %",
        "Volume":"12,460.00"
    },
    {
        "Symbol":"MMKJL",
        "Date":"2024-02-06",
        "Open":414.0,
        "High":428.0,
        "Low":414.0,
        "Close":426.9,
        "Percent Change":"1.16 %",
        "Volume":"23,078.00"
    },
    {
        "Symbol":"MMKJL",
        "Date":"2024-02-05",
        "Open":415.0,
        "High":423.5,
        "Low":412.1,
        "Close":422.0,
        "Percent Change":"-0.31 %",
        "Volume":"7,486.00"
    },
    {
        "Symbol":"MMKJL",
        "Date":"2024-02-04",
        "Open":409.7,
        "High":423.3,
        "Low":400.0,
        "Close":423.3,
        "Percent Change":"1.27 %",
        "Volume":"17,280.00"
    },
    {
        "Symbol":"MMKJL",
        "Date":"2024-02-01",
        "Open":420.0,
        "High":428.0,
        "Low":401.1,
        "Close":418.0,
        "Percent Change":"-0.48 %",
        "Volume":"18,809.00"
    },
    {
        "Symbol":"MMKJL",
        "Date":"2024-01-31",
        "Open":435.0,
        "High":439.0,
        "Low":416.0,
        "Close":420.0,
        "Percent Change":"-4.55 %",
        "Volume":"22,973.00"
    },
    {
        "Symbol":"MMKJL",
        "Date":"2024-01-30",
        "Open":435.0,
        "High":450.0,
        "Low":428.1,
        "Close":440.0,
        "Percent Change":"0.92 %",
        "Volume":"20,153.00"
    },
    {
        "Symbol":"MMKJL",
        "Date":"2024-01-29",
        "Open":441.1,
        "High":449.9,
        "Low":433.0,
        "Close":436.0,
        "Percent Change":"-1.16 %",
        "Volume":"22,351.00"
    },
    {
        "Symbol":"MMKJL",
        "Date":"2024-01-28",
        "Open":409.0,
        "High":441.1,
        "Low":409.0,
        "Close":441.1,
        "Percent Change":"10.00 %",
        "Volume":"81,541.00"
    },
    {
        "Symbol":"MMKJL",
        "Date":"2024-01-25",
        "Open":394.1,
        "High":417.0,
        "Low":390.2,
        "Close":401.0,
        "Percent Change":"-0.25 %",
        "Volume":"8,605.00"
    },
    {
        "Symbol":"MMKJL",
        "Date":"2024-01-24",
        "Open":406.0,
        "High":415.0,
        "Low":398.0,
        "Close":402.0,
        "Percent Change":"-2.66 %",
        "Volume":"6,915.00"
    },
    {
        "Symbol":"MMKJL",
        "Date":"2024-01-23",
        "Open":410.0,
        "High":421.0,
        "Low":403.0,
        "Close":413.0,
        "Percent Change":"0.51 %",
        "Volume":"26,890.00"
    },
    {
        "Symbol":"MMKJL",
        "Date":"2024-01-22",
        "Open":403.0,
        "High":425.0,
        "Low":395.0,
        "Close":410.9,
        "Percent Change":"-0.02 %",
        "Volume":"17,159.00"
    },
    {
        "Symbol":"MMKJL",
        "Date":"2024-01-21",
        "Open":421.0,
        "High":427.0,
        "Low":408.0,
        "Close":411.0,
        "Percent Change":"-3.81 %",
        "Volume":"19,183.00"
    },
    {
        "Symbol":"MMKJL",
        "Date":"2024-01-18",
        "Open":400.4,
        "High":432.0,
        "Low":400.4,
        "Close":427.3,
        "Percent Change":"4.60 %",
        "Volume":"37,921.00"
    },
    {
        "Symbol":"MMKJL",
        "Date":"2024-01-17",
        "Open":429.0,
        "High":453.0,
        "Low":408.5,
        "Close":408.5,
        "Percent Change":"-6.52 %",
        "Volume":"30,483.00"
    },
    {
        "Symbol":"MMKJL",
        "Date":"2024-01-16",
        "Open":449.9,
        "High":459.0,
        "Low":431.4,
        "Close":437.0,
        "Percent Change":"-0.93 %",
        "Volume":"19,810.00"
    },
    {
        "Symbol":"MMKJL",
        "Date":"2024-01-14",
        "Open":401.0,
        "High":441.1,
        "Low":400.0,
        "Close":441.1,
        "Percent Change":"10.00 %",
        "Volume":"61,268.00"
    },
    {
        "Symbol":"MMKJL",
        "Date":"2024-01-11",
        "Open":389.1,
        "High":420.0,
        "Low":373.1,
        "Close":401.0,
        "Percent Change":"1.01 %",
        "Volume":"30,667.00"
    },
    {
        "Symbol":"MMKJL",
        "Date":"2024-01-10",
        "Open":377.0,
        "High":399.0,
        "Low":366.0,
        "Close":397.0,
        "Percent Change":"5.31 %",
        "Volume":"21,558.00"
    },
    {
        "Symbol":"MMKJL",
        "Date":"2024-01-09",
        "Open":394.0,
        "High":408.9,
        "Low":375.6,
        "Close":377.0,
        "Percent Change":"-4.31 %",
        "Volume":"16,245.00"
    },
    {
        "Symbol":"MMKJL",
        "Date":"2024-01-08",
        "Open":376.4,
        "High":407.9,
        "Low":357.0,
        "Close":394.0,
        "Percent Change":"2.60 %",
        "Volume":"19,742.00"
    },
    {
        "Symbol":"MMKJL",
        "Date":"2024-01-07",
        "Open":344.4,
        "High":385.0,
        "Low":344.2,
        "Close":384.0,
        "Percent Change":"9.71 %",
        "Volume":"46,818.00"
    },
    {
        "Symbol":"MMKJL",
        "Date":"2024-01-04",
        "Open":340.0,
        "High":369.0,
        "Low":340.0,
        "Close":350.0,
        "Percent Change":"2.04 %",
        "Volume":"21,250.00"
    },
    {
        "Symbol":"MMKJL",
        "Date":"2024-01-03",
        "Open":325.0,
        "High":343.0,
        "Low":323.4,
        "Close":343.0,
        "Percent Change":"4.10 %",
        "Volume":"11,460.00"
    },
    {
        "Symbol":"MMKJL",
        "Date":"2024-01-02",
        "Open":335.0,
        "High":339.0,
        "Low":323.2,
        "Close":329.5,
        "Percent Change":"-3.09 %",
        "Volume":"21,885.00"
    },
    {
        "Symbol":"MMKJL",
        "Date":"2024-01-01",
        "Open":360.0,
        "High":365.0,
        "Low":339.0,
        "Close":340.0,
        "Percent Change":"-6.03 %",
        "Volume":"29,543.00"
    },
    {
        "Symbol":"MMKJL",
        "Date":"2023-12-28",
        "Open":366.0,
        "High":369.0,
        "Low":354.0,
        "Close":361.8,
        "Percent Change":"-1.28 %",
        "Volume":"18,434.00"
    },
    {
        "Symbol":"MMKJL",
        "Date":"2023-12-27",
        "Open":351.0,
        "High":390.0,
        "Low":351.0,
        "Close":366.5,
        "Percent Change":"3.24 %",
        "Volume":"30,497.00"
    },
    {
        "Symbol":"MMKJL",
        "Date":"2023-12-24",
        "Open":333.0,
        "High":360.8,
        "Low":331.7,
        "Close":355.0,
        "Percent Change":"8.23 %",
        "Volume":"66,828.00"
    },
    {
        "Symbol":"MMKJL",
        "Date":"2023-12-21",
        "Open":320.0,
        "High":339.0,
        "Low":311.8,
        "Close":328.0,
        "Percent Change":"3.14 %",
        "Volume":"30,996.00"
    },
    {
        "Symbol":"MMKJL",
        "Date":"2023-12-20",
        "Open":330.0,
        "High":330.0,
        "Low":314.2,
        "Close":318.0,
        "Percent Change":"-3.64 %",
        "Volume":"29,531.00"
    },
    {
        "Symbol":"MMKJL",
        "Date":"2023-12-19",
        "Open":340.1,
        "High":340.1,
        "Low":320.1,
        "Close":330.0,
        "Percent Change":"-4.90 %",
        "Volume":"22,170.00"
    },
    {
        "Symbol":"MMKJL",
        "Date":"2023-12-18",
        "Open":335.2,
        "High":348.8,
        "Low":325.7,
        "Close":347.0,
        "Percent Change":"1.46 %",
        "Volume":"19,375.00"
    },
    {
        "Symbol":"MMKJL",
        "Date":"2023-12-17",
        "Open":321.5,
        "High":350.0,
        "Low":308.9,
        "Close":342.0,
        "Percent Change":"4.27 %",
        "Volume":"18,918.00"
    },
    {
        "Symbol":"MMKJL",
        "Date":"2023-12-14",
        "Open":294.0,
        "High":330.0,
        "Low":291.4,
        "Close":328.0,
        "Percent Change":"9.33 %",
        "Volume":"25,585.00"
    },
    {
        "Symbol":"MMKJL",
        "Date":"2023-12-13",
        "Open":292.0,
        "High":305.1,
        "Low":292.0,
        "Close":300.0,
        "Percent Change":"1.04 %",
        "Volume":"24,639.00"
    },
    {
        "Symbol":"MMKJL",
        "Date":"2023-12-12",
        "Open":288.0,
        "High":306.0,
        "Low":283.1,
        "Close":296.9,
        "Percent Change":"1.33 %",
        "Volume":"19,737.00"
    },
    {
        "Symbol":"MMKJL",
        "Date":"2023-12-11",
        "Open":306.0,
        "High":306.0,
        "Low":283.0,
        "Close":293.0,
        "Percent Change":"-2.33 %",
        "Volume":"22,849.00"
    },
    {
        "Symbol":"MMKJL",
        "Date":"2023-12-10",
        "Open":278.0,
        "High":300.0,
        "Low":278.0,
        "Close":300.0,
        "Percent Change":"9.53 %",
        "Volume":"1,090.00"
    },
    {
        "Symbol":"MMKJL",
        "Date":"2023-12-07",
        "Open":274.4,
        "High":280.8,
        "Low":270.4,
        "Close":273.9,
        "Percent Change":"-2.14 %",
        "Volume":"10,464.00"
    },
    {
        "Symbol":"MMKJL",
        "Date":"2023-12-06",
        "Open":275.5,
        "High":280.0,
        "Low":275.5,
        "Close":279.9,
        "Percent Change":"-0.39 %",
        "Volume":"6,695.00"
    },
    {
        "Symbol":"MMKJL",
        "Date":"2023-12-05",
        "Open":276.2,
        "High":285.0,
        "Low":276.2,
        "Close":281.0,
        "Percent Change":"0.36 %",
        "Volume":"11,359.00"
    },
    {
        "Symbol":"MMKJL",
        "Date":"2023-12-04",
        "Open":271.0,
        "High":282.5,
        "Low":271.0,
        "Close":280.0,
        "Percent Change":"1.63 %",
        "Volume":"27,938.00"
    },
    {
        "Symbol":"MMKJL",
        "Date":"2023-12-03",
        "Open":282.5,
        "High":282.5,
        "Low":267.3,
        "Close":275.5,
        "Percent Change":"-1.25 %",
        "Volume":"11,169.00"
    },
    {
        "Symbol":"MMKJL",
        "Date":"2023-11-30",
        "Open":275.0,
        "High":281.0,
        "Low":266.3,
        "Close":279.0,
        "Percent Change":"-0.36 %",
        "Volume":"19,130.00"
    },
    {
        "Symbol":"MMKJL",
        "Date":"2023-11-29",
        "Open":284.0,
        "High":286.0,
        "Low":275.9,
        "Close":280.0,
        "Percent Change":"-1.41 %",
        "Volume":"21,359.00"
    },
    {
        "Symbol":"MMKJL",
        "Date":"2023-11-28",
        "Open":269.0,
        "High":284.0,
        "Low":267.7,
        "Close":284.0,
        "Percent Change":"3.65 %",
        "Volume":"25,969.00"
    },
    {
        "Symbol":"MMKJL",
        "Date":"2023-11-27",
        "Open":254.9,
        "High":275.0,
        "Low":250.1,
        "Close":274.0,
        "Percent Change":"7.49 %",
        "Volume":"41,342.00"
    },
    {
        "Symbol":"MMKJL",
        "Date":"2023-11-26",
        "Open":254.0,
        "High":263.0,
        "Low":244.1,
        "Close":254.9,
        "Percent Change":"-1.39 %",
        "Volume":"30,077.00"
    },
    {
        "Symbol":"MMKJL",
        "Date":"2023-11-23",
        "Open":252.0,
        "High":270.0,
        "Low":247.0,
        "Close":258.5,
        "Percent Change":"0.58 %",
        "Volume":"20,520.00"
    },
    {
        "Symbol":"MMKJL",
        "Date":"2023-11-22",
        "Open":229.2,
        "High":257.1,
        "Low":225.0,
        "Close":257.0,
        "Percent Change":"9.92 %",
        "Volume":"22,578.00"
    },
    {
        "Symbol":"MMKJL",
        "Date":"2023-11-21",
        "Open":254.5,
        "High":254.5,
        "Low":233.7,
        "Close":233.8,
        "Percent Change":"-9.94 %",
        "Volume":"27,890.00"
    },
    {
        "Symbol":"MMKJL",
        "Date":"2023-11-20",
        "Open":288.4,
        "High":299.9,
        "Low":259.6,
        "Close":259.6,
        "Percent Change":"0.00 %",
        "Volume":"31,379.00"
    }
]