[
    {
        "Symbol":"ILI",
        "Date":"2024-08-11",
        "Open":535.0,
        "High":559.1,
        "Low":535.0,
        "Close":557.0,
        "Percent Change":"3.15 %",
        "Volume":"166,215.00"
    },
    {
        "Symbol":"ILI",
        "Date":"2024-08-08",
        "Open":546.0,
        "High":560.0,
        "Low":536.0,
        "Close":540.0,
        "Percent Change":"-1.10 %",
        "Volume":"108,750.00"
    },
    {
        "Symbol":"ILI",
        "Date":"2024-08-07",
        "Open":521.6,
        "High":548.0,
        "Low":512.0,
        "Close":546.0,
        "Percent Change":"4.68 %",
        "Volume":"126,086.00"
    },
    {
        "Symbol":"ILI",
        "Date":"2024-08-06",
        "Open":565.0,
        "High":565.0,
        "Low":520.0,
        "Close":521.6,
        "Percent Change":"-7.27 %",
        "Volume":"162,390.00"
    },
    {
        "Symbol":"ILI",
        "Date":"2024-08-05",
        "Open":560.0,
        "High":570.0,
        "Low":553.7,
        "Close":562.5,
        "Percent Change":"0.90 %",
        "Volume":"135,792.00"
    },
    {
        "Symbol":"ILI",
        "Date":"2024-08-01",
        "Open":535.0,
        "High":576.0,
        "Low":535.0,
        "Close":557.5,
        "Percent Change":"4.40 %",
        "Volume":"205,682.00"
    },
    {
        "Symbol":"ILI",
        "Date":"2024-07-31",
        "Open":520.0,
        "High":536.0,
        "Low":520.0,
        "Close":534.0,
        "Percent Change":"3.29 %",
        "Volume":"137,537.00"
    },
    {
        "Symbol":"ILI",
        "Date":"2024-07-30",
        "Open":508.0,
        "High":525.3,
        "Low":500.1,
        "Close":517.0,
        "Percent Change":"1.39 %",
        "Volume":"97,569.00"
    },
    {
        "Symbol":"ILI",
        "Date":"2024-07-29",
        "Open":525.0,
        "High":535.0,
        "Low":509.9,
        "Close":509.9,
        "Percent Change":"-2.88 %",
        "Volume":"99,097.00"
    },
    {
        "Symbol":"ILI",
        "Date":"2024-07-28",
        "Open":521.2,
        "High":542.0,
        "Low":510.0,
        "Close":525.0,
        "Percent Change":"2.74 %",
        "Volume":"116,725.00"
    },
    {
        "Symbol":"ILI",
        "Date":"2024-07-25",
        "Open":510.0,
        "High":520.0,
        "Low":500.0,
        "Close":511.0,
        "Percent Change":"0.59 %",
        "Volume":"101,036.00"
    },
    {
        "Symbol":"ILI",
        "Date":"2024-07-24",
        "Open":511.0,
        "High":525.0,
        "Low":500.0,
        "Close":508.0,
        "Percent Change":"-0.39 %",
        "Volume":"138,092.00"
    },
    {
        "Symbol":"ILI",
        "Date":"2024-07-23",
        "Open":491.0,
        "High":513.0,
        "Low":483.0,
        "Close":510.0,
        "Percent Change":"4.34 %",
        "Volume":"123,772.00"
    },
    {
        "Symbol":"ILI",
        "Date":"2024-07-22",
        "Open":491.0,
        "High":494.9,
        "Low":480.0,
        "Close":488.8,
        "Percent Change":"-0.06 %",
        "Volume":"80,876.00"
    },
    {
        "Symbol":"ILI",
        "Date":"2024-07-21",
        "Open":485.0,
        "High":493.0,
        "Low":478.0,
        "Close":489.1,
        "Percent Change":"0.89 %",
        "Volume":"101,903.00"
    },
    {
        "Symbol":"ILI",
        "Date":"2024-07-18",
        "Open":478.0,
        "High":493.0,
        "Low":475.0,
        "Close":484.8,
        "Percent Change":"1.85 %",
        "Volume":"158,020.00"
    },
    {
        "Symbol":"ILI",
        "Date":"2024-07-17",
        "Open":466.0,
        "High":479.0,
        "Low":466.0,
        "Close":476.0,
        "Percent Change":"2.59 %",
        "Volume":"80,965.00"
    },
    {
        "Symbol":"ILI",
        "Date":"2024-07-16",
        "Open":451.0,
        "High":465.0,
        "Low":450.0,
        "Close":464.0,
        "Percent Change":"2.43 %",
        "Volume":"44,588.00"
    },
    {
        "Symbol":"ILI",
        "Date":"2024-07-15",
        "Open":472.0,
        "High":472.0,
        "Low":450.0,
        "Close":453.0,
        "Percent Change":"-2.16 %",
        "Volume":"64,337.00"
    },
    {
        "Symbol":"ILI",
        "Date":"2024-07-14",
        "Open":458.0,
        "High":475.0,
        "Low":457.0,
        "Close":463.0,
        "Percent Change":"3.10 %",
        "Volume":"59,154.00"
    },
    {
        "Symbol":"ILI",
        "Date":"2024-07-11",
        "Open":445.0,
        "High":451.9,
        "Low":443.0,
        "Close":449.1,
        "Percent Change":"2.07 %",
        "Volume":"53,396.00"
    },
    {
        "Symbol":"ILI",
        "Date":"2024-07-10",
        "Open":446.0,
        "High":446.0,
        "Low":438.0,
        "Close":440.0,
        "Percent Change":"0.57 %",
        "Volume":"21,743.00"
    },
    {
        "Symbol":"ILI",
        "Date":"2024-07-09",
        "Open":430.0,
        "High":444.0,
        "Low":430.0,
        "Close":437.5,
        "Percent Change":"0.30 %",
        "Volume":"15,267.00"
    },
    {
        "Symbol":"ILI",
        "Date":"2024-07-08",
        "Open":445.0,
        "High":449.0,
        "Low":435.0,
        "Close":436.2,
        "Percent Change":"-1.76 %",
        "Volume":"34,406.00"
    },
    {
        "Symbol":"ILI",
        "Date":"2024-07-07",
        "Open":439.5,
        "High":448.7,
        "Low":433.2,
        "Close":444.0,
        "Percent Change":"2.30 %",
        "Volume":"59,031.00"
    },
    {
        "Symbol":"ILI",
        "Date":"2024-07-04",
        "Open":420.0,
        "High":437.4,
        "Low":420.0,
        "Close":434.0,
        "Percent Change":"2.92 %",
        "Volume":"47,546.00"
    },
    {
        "Symbol":"ILI",
        "Date":"2024-07-03",
        "Open":420.0,
        "High":425.0,
        "Low":420.0,
        "Close":421.7,
        "Percent Change":"-1.01 %",
        "Volume":"10,580.00"
    },
    {
        "Symbol":"ILI",
        "Date":"2024-07-02",
        "Open":423.8,
        "High":441.0,
        "Low":423.0,
        "Close":426.0,
        "Percent Change":"2.53 %",
        "Volume":"29,807.00"
    },
    {
        "Symbol":"ILI",
        "Date":"2024-07-01",
        "Open":413.1,
        "High":417.0,
        "Low":412.5,
        "Close":415.5,
        "Percent Change":"0.10 %",
        "Volume":"18,771.00"
    },
    {
        "Symbol":"ILI",
        "Date":"2024-06-30",
        "Open":417.1,
        "High":418.0,
        "Low":414.7,
        "Close":415.1,
        "Percent Change":"-0.50 %",
        "Volume":"24,867.00"
    },
    {
        "Symbol":"ILI",
        "Date":"2024-06-27",
        "Open":421.0,
        "High":421.0,
        "Low":415.4,
        "Close":417.2,
        "Percent Change":"-1.11 %",
        "Volume":"14,978.00"
    },
    {
        "Symbol":"ILI",
        "Date":"2024-06-26",
        "Open":420.0,
        "High":423.0,
        "Low":419.9,
        "Close":421.9,
        "Percent Change":"-0.26 %",
        "Volume":"15,373.00"
    },
    {
        "Symbol":"ILI",
        "Date":"2024-06-25",
        "Open":420.0,
        "High":425.0,
        "Low":418.4,
        "Close":423.0,
        "Percent Change":"0.48 %",
        "Volume":"16,081.00"
    },
    {
        "Symbol":"ILI",
        "Date":"2024-06-24",
        "Open":421.5,
        "High":425.0,
        "Low":419.0,
        "Close":421.0,
        "Percent Change":"-0.82 %",
        "Volume":"29,240.00"
    },
    {
        "Symbol":"ILI",
        "Date":"2024-06-23",
        "Open":425.1,
        "High":427.0,
        "Low":423.5,
        "Close":424.5,
        "Percent Change":"-0.70 %",
        "Volume":"26,198.00"
    },
    {
        "Symbol":"ILI",
        "Date":"2024-06-20",
        "Open":427.4,
        "High":430.0,
        "Low":427.0,
        "Close":427.5,
        "Percent Change":"-0.81 %",
        "Volume":"15,945.00"
    },
    {
        "Symbol":"ILI",
        "Date":"2024-06-19",
        "Open":429.0,
        "High":433.9,
        "Low":427.3,
        "Close":431.0,
        "Percent Change":"0.47 %",
        "Volume":"15,052.00"
    },
    {
        "Symbol":"ILI",
        "Date":"2024-06-18",
        "Open":428.2,
        "High":433.7,
        "Low":428.0,
        "Close":429.0,
        "Percent Change":"-0.23 %",
        "Volume":"18,854.00"
    },
    {
        "Symbol":"ILI",
        "Date":"2024-06-16",
        "Open":440.0,
        "High":440.0,
        "Low":430.0,
        "Close":430.0,
        "Percent Change":"-0.97 %",
        "Volume":"24,901.00"
    },
    {
        "Symbol":"ILI",
        "Date":"2024-06-13",
        "Open":431.0,
        "High":439.9,
        "Low":431.0,
        "Close":434.2,
        "Percent Change":"-0.87 %",
        "Volume":"18,280.00"
    },
    {
        "Symbol":"ILI",
        "Date":"2024-06-12",
        "Open":444.0,
        "High":445.9,
        "Low":438.0,
        "Close":438.0,
        "Percent Change":"0.02 %",
        "Volume":"21,838.00"
    },
    {
        "Symbol":"ILI",
        "Date":"2024-06-11",
        "Open":421.0,
        "High":439.7,
        "Low":421.0,
        "Close":437.9,
        "Percent Change":"2.05 %",
        "Volume":"26,984.00"
    },
    {
        "Symbol":"ILI",
        "Date":"2024-06-10",
        "Open":428.6,
        "High":433.4,
        "Low":427.0,
        "Close":429.1,
        "Percent Change":"0.12 %",
        "Volume":"24,269.00"
    },
    {
        "Symbol":"ILI",
        "Date":"2024-06-09",
        "Open":433.0,
        "High":434.0,
        "Low":428.0,
        "Close":428.6,
        "Percent Change":"-1.02 %",
        "Volume":"28,353.00"
    },
    {
        "Symbol":"ILI",
        "Date":"2024-06-06",
        "Open":433.8,
        "High":439.0,
        "Low":431.0,
        "Close":433.0,
        "Percent Change":"-0.18 %",
        "Volume":"21,354.00"
    },
    {
        "Symbol":"ILI",
        "Date":"2024-06-05",
        "Open":428.0,
        "High":437.0,
        "Low":428.0,
        "Close":433.8,
        "Percent Change":"-0.53 %",
        "Volume":"14,390.00"
    },
    {
        "Symbol":"ILI",
        "Date":"2024-06-04",
        "Open":432.1,
        "High":440.0,
        "Low":432.1,
        "Close":436.1,
        "Percent Change":"0.72 %",
        "Volume":"22,340.00"
    },
    {
        "Symbol":"ILI",
        "Date":"2024-06-03",
        "Open":437.0,
        "High":440.0,
        "Low":432.1,
        "Close":433.0,
        "Percent Change":"-0.71 %",
        "Volume":"22,021.00"
    },
    {
        "Symbol":"ILI",
        "Date":"2024-06-02",
        "Open":432.0,
        "High":443.0,
        "Low":432.0,
        "Close":436.1,
        "Percent Change":"-0.11 %",
        "Volume":"26,453.00"
    },
    {
        "Symbol":"ILI",
        "Date":"2024-05-30",
        "Open":446.0,
        "High":447.7,
        "Low":436.0,
        "Close":436.6,
        "Percent Change":"-2.33 %",
        "Volume":"38,876.00"
    },
    {
        "Symbol":"ILI",
        "Date":"2024-05-29",
        "Open":466.0,
        "High":466.1,
        "Low":441.0,
        "Close":447.0,
        "Percent Change":"-2.19 %",
        "Volume":"58,070.00"
    },
    {
        "Symbol":"ILI",
        "Date":"2024-05-27",
        "Open":451.0,
        "High":461.0,
        "Low":447.0,
        "Close":457.0,
        "Percent Change":"2.01 %",
        "Volume":"100,189.00"
    },
    {
        "Symbol":"ILI",
        "Date":"2024-05-26",
        "Open":578.0,
        "High":578.0,
        "Low":559.7,
        "Close":560.0,
        "Percent Change":"-1.41 %",
        "Volume":"277,933.00"
    },
    {
        "Symbol":"ILI",
        "Date":"2024-05-22",
        "Open":569.0,
        "High":570.0,
        "Low":561.0,
        "Close":568.0,
        "Percent Change":"0.35 %",
        "Volume":"81,103.00"
    },
    {
        "Symbol":"ILI",
        "Date":"2024-05-21",
        "Open":573.4,
        "High":573.4,
        "Low":556.0,
        "Close":566.0,
        "Percent Change":"0.68 %",
        "Volume":"67,587.00"
    },
    {
        "Symbol":"ILI",
        "Date":"2024-05-20",
        "Open":575.2,
        "High":575.2,
        "Low":562.0,
        "Close":562.2,
        "Percent Change":"-0.32 %",
        "Volume":"84,495.00"
    },
    {
        "Symbol":"ILI",
        "Date":"2024-05-19",
        "Open":549.7,
        "High":565.0,
        "Low":548.0,
        "Close":564.0,
        "Percent Change":"4.64 %",
        "Volume":"142,502.00"
    },
    {
        "Symbol":"ILI",
        "Date":"2024-05-16",
        "Open":539.0,
        "High":544.0,
        "Low":538.2,
        "Close":539.0,
        "Percent Change":"-0.35 %",
        "Volume":"23,111.00"
    },
    {
        "Symbol":"ILI",
        "Date":"2024-05-15",
        "Open":550.0,
        "High":554.0,
        "Low":539.0,
        "Close":540.9,
        "Percent Change":"-1.12 %",
        "Volume":"34,487.00"
    },
    {
        "Symbol":"ILI",
        "Date":"2024-05-14",
        "Open":529.2,
        "High":550.0,
        "Low":529.2,
        "Close":547.0,
        "Percent Change":"1.30 %",
        "Volume":"30,195.00"
    },
    {
        "Symbol":"ILI",
        "Date":"2024-05-13",
        "Open":538.0,
        "High":546.9,
        "Low":537.0,
        "Close":540.0,
        "Percent Change":"0.37 %",
        "Volume":"23,919.00"
    },
    {
        "Symbol":"ILI",
        "Date":"2024-05-12",
        "Open":541.0,
        "High":546.0,
        "Low":537.0,
        "Close":538.0,
        "Percent Change":"0.37 %",
        "Volume":"39,181.00"
    },
    {
        "Symbol":"ILI",
        "Date":"2024-05-09",
        "Open":535.0,
        "High":541.5,
        "Low":535.0,
        "Close":536.0,
        "Percent Change":"-0.06 %",
        "Volume":"36,177.00"
    },
    {
        "Symbol":"ILI",
        "Date":"2024-05-08",
        "Open":551.4,
        "High":551.4,
        "Low":536.3,
        "Close":536.3,
        "Percent Change":"-0.80 %",
        "Volume":"33,790.00"
    },
    {
        "Symbol":"ILI",
        "Date":"2024-05-07",
        "Open":540.0,
        "High":548.9,
        "Low":538.0,
        "Close":540.6,
        "Percent Change":"-0.26 %",
        "Volume":"34,168.00"
    },
    {
        "Symbol":"ILI",
        "Date":"2024-05-06",
        "Open":563.0,
        "High":563.0,
        "Low":537.2,
        "Close":542.0,
        "Percent Change":"-1.81 %",
        "Volume":"78,104.00"
    },
    {
        "Symbol":"ILI",
        "Date":"2024-05-05",
        "Open":560.0,
        "High":565.0,
        "Low":550.3,
        "Close":552.0,
        "Percent Change":"-3.16 %",
        "Volume":"198,751.00"
    },
    {
        "Symbol":"ILI",
        "Date":"2024-05-02",
        "Open":584.4,
        "High":606.0,
        "Low":567.4,
        "Close":570.0,
        "Percent Change":"-0.52 %",
        "Volume":"497,057.00"
    },
    {
        "Symbol":"ILI",
        "Date":"2024-04-30",
        "Open":566.0,
        "High":575.0,
        "Low":560.2,
        "Close":573.0,
        "Percent Change":"1.61 %",
        "Volume":"97,644.00"
    },
    {
        "Symbol":"ILI",
        "Date":"2024-04-29",
        "Open":571.0,
        "High":571.0,
        "Low":559.6,
        "Close":563.9,
        "Percent Change":"-0.19 %",
        "Volume":"79,874.00"
    },
    {
        "Symbol":"ILI",
        "Date":"2024-04-28",
        "Open":572.0,
        "High":575.0,
        "Low":563.0,
        "Close":565.0,
        "Percent Change":"-0.86 %",
        "Volume":"101,125.00"
    },
    {
        "Symbol":"ILI",
        "Date":"2024-04-25",
        "Open":560.0,
        "High":570.0,
        "Low":551.1,
        "Close":569.9,
        "Percent Change":"3.39 %",
        "Volume":"134,774.00"
    },
    {
        "Symbol":"ILI",
        "Date":"2024-04-24",
        "Open":549.0,
        "High":557.0,
        "Low":544.0,
        "Close":551.2,
        "Percent Change":"0.22 %",
        "Volume":"55,992.00"
    },
    {
        "Symbol":"ILI",
        "Date":"2024-04-22",
        "Open":549.0,
        "High":560.0,
        "Low":541.2,
        "Close":550.0,
        "Percent Change":"0.18 %",
        "Volume":"84,484.00"
    },
    {
        "Symbol":"ILI",
        "Date":"2024-04-21",
        "Open":540.0,
        "High":550.0,
        "Low":536.0,
        "Close":549.0,
        "Percent Change":"1.67 %",
        "Volume":"48,814.00"
    },
    {
        "Symbol":"ILI",
        "Date":"2024-04-18",
        "Open":545.0,
        "High":554.0,
        "Low":540.0,
        "Close":540.0,
        "Percent Change":"-1.82 %",
        "Volume":"33,910.00"
    },
    {
        "Symbol":"ILI",
        "Date":"2024-04-16",
        "Open":557.0,
        "High":557.0,
        "Low":545.3,
        "Close":550.0,
        "Percent Change":"-0.54 %",
        "Volume":"50,286.00"
    },
    {
        "Symbol":"ILI",
        "Date":"2024-04-15",
        "Open":540.0,
        "High":559.0,
        "Low":540.0,
        "Close":553.0,
        "Percent Change":"1.43 %",
        "Volume":"72,790.00"
    },
    {
        "Symbol":"ILI",
        "Date":"2024-04-14",
        "Open":550.4,
        "High":560.0,
        "Low":545.0,
        "Close":545.2,
        "Percent Change":"-0.94 %",
        "Volume":"30,447.00"
    },
    {
        "Symbol":"ILI",
        "Date":"2024-04-10",
        "Open":560.0,
        "High":561.0,
        "Low":550.0,
        "Close":550.4,
        "Percent Change":"-1.20 %",
        "Volume":"69,514.00"
    },
    {
        "Symbol":"ILI",
        "Date":"2024-04-09",
        "Open":555.0,
        "High":563.0,
        "Low":550.0,
        "Close":557.1,
        "Percent Change":"1.48 %",
        "Volume":"85,802.00"
    },
    {
        "Symbol":"ILI",
        "Date":"2024-04-07",
        "Open":526.0,
        "High":552.0,
        "Low":525.6,
        "Close":549.0,
        "Percent Change":"4.57 %",
        "Volume":"79,530.00"
    },
    {
        "Symbol":"ILI",
        "Date":"2024-04-04",
        "Open":521.0,
        "High":530.0,
        "Low":521.0,
        "Close":525.0,
        "Percent Change":"0.19 %",
        "Volume":"22,748.00"
    },
    {
        "Symbol":"ILI",
        "Date":"2024-04-03",
        "Open":529.7,
        "High":535.0,
        "Low":521.9,
        "Close":524.0,
        "Percent Change":"0.89 %",
        "Volume":"30,851.00"
    },
    {
        "Symbol":"ILI",
        "Date":"2024-04-02",
        "Open":519.0,
        "High":524.7,
        "Low":518.3,
        "Close":519.4,
        "Percent Change":"0.13 %",
        "Volume":"20,311.00"
    },
    {
        "Symbol":"ILI",
        "Date":"2024-04-01",
        "Open":533.4,
        "High":533.4,
        "Low":517.0,
        "Close":518.7,
        "Percent Change":"-0.82 %",
        "Volume":"25,098.00"
    },
    {
        "Symbol":"ILI",
        "Date":"2024-03-31",
        "Open":525.0,
        "High":529.5,
        "Low":521.0,
        "Close":523.0,
        "Percent Change":"-1.19 %",
        "Volume":"17,913.00"
    },
    {
        "Symbol":"ILI",
        "Date":"2024-03-28",
        "Open":535.0,
        "High":535.0,
        "Low":528.0,
        "Close":529.3,
        "Percent Change":"-0.69 %",
        "Volume":"19,063.00"
    },
    {
        "Symbol":"ILI",
        "Date":"2024-03-27",
        "Open":527.3,
        "High":535.0,
        "Low":527.3,
        "Close":533.0,
        "Percent Change":"0.32 %",
        "Volume":"22,284.00"
    },
    {
        "Symbol":"ILI",
        "Date":"2024-03-26",
        "Open":526.8,
        "High":536.0,
        "Low":526.8,
        "Close":531.3,
        "Percent Change":"-0.21 %",
        "Volume":"19,504.00"
    },
    {
        "Symbol":"ILI",
        "Date":"2024-03-25",
        "Open":538.0,
        "High":539.0,
        "Low":532.1,
        "Close":532.4,
        "Percent Change":"-1.15 %",
        "Volume":"22,327.00"
    },
    {
        "Symbol":"ILI",
        "Date":"2024-03-21",
        "Open":542.0,
        "High":544.0,
        "Low":538.4,
        "Close":538.6,
        "Percent Change":"-0.54 %",
        "Volume":"18,917.00"
    },
    {
        "Symbol":"ILI",
        "Date":"2024-03-20",
        "Open":543.0,
        "High":546.0,
        "Low":540.0,
        "Close":541.5,
        "Percent Change":"-0.13 %",
        "Volume":"23,240.00"
    },
    {
        "Symbol":"ILI",
        "Date":"2024-03-19",
        "Open":545.0,
        "High":552.0,
        "Low":542.0,
        "Close":542.2,
        "Percent Change":"-0.51 %",
        "Volume":"23,356.00"
    },
    {
        "Symbol":"ILI",
        "Date":"2024-03-18",
        "Open":547.0,
        "High":553.0,
        "Low":543.1,
        "Close":545.0,
        "Percent Change":"-0.37 %",
        "Volume":"25,228.00"
    },
    {
        "Symbol":"ILI",
        "Date":"2024-03-17",
        "Open":541.0,
        "High":555.0,
        "Low":541.0,
        "Close":547.0,
        "Percent Change":"0.37 %",
        "Volume":"53,186.00"
    },
    {
        "Symbol":"ILI",
        "Date":"2024-03-14",
        "Open":554.0,
        "High":560.0,
        "Low":544.0,
        "Close":545.0,
        "Percent Change":"-1.94 %",
        "Volume":"48,617.00"
    },
    {
        "Symbol":"ILI",
        "Date":"2024-03-13",
        "Open":569.1,
        "High":569.1,
        "Low":551.1,
        "Close":555.8,
        "Percent Change":"-0.39 %",
        "Volume":"50,077.00"
    },
    {
        "Symbol":"ILI",
        "Date":"2024-03-12",
        "Open":530.0,
        "High":569.0,
        "Low":530.0,
        "Close":558.0,
        "Percent Change":"4.49 %",
        "Volume":"97,113.00"
    },
    {
        "Symbol":"ILI",
        "Date":"2024-03-10",
        "Open":530.0,
        "High":535.5,
        "Low":524.1,
        "Close":534.0,
        "Percent Change":"2.10 %",
        "Volume":"29,787.00"
    },
    {
        "Symbol":"ILI",
        "Date":"2024-03-07",
        "Open":520.0,
        "High":530.0,
        "Low":520.0,
        "Close":523.0,
        "Percent Change":"0.58 %",
        "Volume":"20,446.00"
    },
    {
        "Symbol":"ILI",
        "Date":"2024-03-06",
        "Open":511.3,
        "High":526.8,
        "Low":511.3,
        "Close":520.0,
        "Percent Change":"0.00 %",
        "Volume":"29,200.00"
    },
    {
        "Symbol":"ILI",
        "Date":"2024-03-05",
        "Open":545.0,
        "High":545.0,
        "Low":519.0,
        "Close":520.0,
        "Percent Change":"-3.53 %",
        "Volume":"49,088.00"
    },
    {
        "Symbol":"ILI",
        "Date":"2024-03-04",
        "Open":515.0,
        "High":545.0,
        "Low":515.0,
        "Close":539.0,
        "Percent Change":"6.63 %",
        "Volume":"2,760.00"
    },
    {
        "Symbol":"ILI",
        "Date":"2024-03-03",
        "Open":512.0,
        "High":513.1,
        "Low":505.0,
        "Close":505.5,
        "Percent Change":"-1.37 %",
        "Volume":"30,789.00"
    },
    {
        "Symbol":"ILI",
        "Date":"2024-02-29",
        "Open":524.0,
        "High":528.0,
        "Low":510.3,
        "Close":512.5,
        "Percent Change":"-2.19 %",
        "Volume":"38,502.00"
    },
    {
        "Symbol":"ILI",
        "Date":"2024-02-28",
        "Open":520.2,
        "High":527.8,
        "Low":520.2,
        "Close":524.0,
        "Percent Change":"-0.38 %",
        "Volume":"19,395.00"
    },
    {
        "Symbol":"ILI",
        "Date":"2024-02-27",
        "Open":522.2,
        "High":530.0,
        "Low":522.1,
        "Close":526.0,
        "Percent Change":"0.00 %",
        "Volume":"14,805.00"
    },
    {
        "Symbol":"ILI",
        "Date":"2024-02-26",
        "Open":520.1,
        "High":530.0,
        "Low":520.1,
        "Close":526.0,
        "Percent Change":"1.15 %",
        "Volume":"29,546.00"
    },
    {
        "Symbol":"ILI",
        "Date":"2024-02-25",
        "Open":514.9,
        "High":546.0,
        "Low":514.9,
        "Close":520.0,
        "Percent Change":"0.99 %",
        "Volume":"51,268.00"
    },
    {
        "Symbol":"ILI",
        "Date":"2024-02-22",
        "Open":514.0,
        "High":525.0,
        "Low":513.0,
        "Close":514.9,
        "Percent Change":"-1.15 %",
        "Volume":"42,540.00"
    },
    {
        "Symbol":"ILI",
        "Date":"2024-02-21",
        "Open":525.0,
        "High":534.0,
        "Low":520.0,
        "Close":520.9,
        "Percent Change":"-0.80 %",
        "Volume":"26,334.00"
    },
    {
        "Symbol":"ILI",
        "Date":"2024-02-20",
        "Open":528.0,
        "High":535.2,
        "Low":525.0,
        "Close":525.1,
        "Percent Change":"-1.07 %",
        "Volume":"31,172.00"
    },
    {
        "Symbol":"ILI",
        "Date":"2024-02-18",
        "Open":535.0,
        "High":539.0,
        "Low":530.1,
        "Close":530.8,
        "Percent Change":"-2.07 %",
        "Volume":"38,787.00"
    },
    {
        "Symbol":"ILI",
        "Date":"2024-02-15",
        "Open":555.0,
        "High":555.0,
        "Low":538.1,
        "Close":542.0,
        "Percent Change":"-0.73 %",
        "Volume":"29,276.00"
    },
    {
        "Symbol":"ILI",
        "Date":"2024-02-14",
        "Open":537.0,
        "High":550.0,
        "Low":537.0,
        "Close":546.0,
        "Percent Change":"0.92 %",
        "Volume":"25,921.00"
    },
    {
        "Symbol":"ILI",
        "Date":"2024-02-13",
        "Open":550.0,
        "High":555.0,
        "Low":540.0,
        "Close":541.0,
        "Percent Change":"-1.99 %",
        "Volume":"42,613.00"
    },
    {
        "Symbol":"ILI",
        "Date":"2024-02-12",
        "Open":543.9,
        "High":561.0,
        "Low":543.9,
        "Close":552.0,
        "Percent Change":"-0.52 %",
        "Volume":"29,169.00"
    },
    {
        "Symbol":"ILI",
        "Date":"2024-02-11",
        "Open":562.0,
        "High":565.0,
        "Low":550.0,
        "Close":554.9,
        "Percent Change":"-1.26 %",
        "Volume":"40,187.00"
    },
    {
        "Symbol":"ILI",
        "Date":"2024-02-08",
        "Open":563.0,
        "High":568.9,
        "Low":556.2,
        "Close":562.0,
        "Percent Change":"-0.18 %",
        "Volume":"52,528.00"
    },
    {
        "Symbol":"ILI",
        "Date":"2024-02-07",
        "Open":542.0,
        "High":565.0,
        "Low":542.0,
        "Close":563.0,
        "Percent Change":"3.87 %",
        "Volume":"94,666.00"
    },
    {
        "Symbol":"ILI",
        "Date":"2024-02-06",
        "Open":535.0,
        "High":543.5,
        "Low":533.1,
        "Close":542.0,
        "Percent Change":"0.74 %",
        "Volume":"30,112.00"
    },
    {
        "Symbol":"ILI",
        "Date":"2024-02-05",
        "Open":535.0,
        "High":540.0,
        "Low":533.0,
        "Close":538.0,
        "Percent Change":"0.47 %",
        "Volume":"22,066.00"
    },
    {
        "Symbol":"ILI",
        "Date":"2024-02-04",
        "Open":535.0,
        "High":545.0,
        "Low":532.0,
        "Close":535.5,
        "Percent Change":"0.04 %",
        "Volume":"28,869.00"
    },
    {
        "Symbol":"ILI",
        "Date":"2024-02-01",
        "Open":542.1,
        "High":545.3,
        "Low":535.3,
        "Close":535.3,
        "Percent Change":"-2.14 %",
        "Volume":"48,152.00"
    },
    {
        "Symbol":"ILI",
        "Date":"2024-01-31",
        "Open":554.0,
        "High":559.9,
        "Low":543.0,
        "Close":547.0,
        "Percent Change":"-1.26 %",
        "Volume":"52,423.00"
    },
    {
        "Symbol":"ILI",
        "Date":"2024-01-30",
        "Open":555.0,
        "High":559.9,
        "Low":549.0,
        "Close":554.0,
        "Percent Change":"0.36 %",
        "Volume":"52,697.00"
    },
    {
        "Symbol":"ILI",
        "Date":"2024-01-29",
        "Open":550.9,
        "High":561.0,
        "Low":547.2,
        "Close":552.0,
        "Percent Change":"2.20 %",
        "Volume":"54,072.00"
    },
    {
        "Symbol":"ILI",
        "Date":"2024-01-28",
        "Open":545.7,
        "High":555.0,
        "Low":535.4,
        "Close":540.1,
        "Percent Change":"0.95 %",
        "Volume":"70,522.00"
    },
    {
        "Symbol":"ILI",
        "Date":"2024-01-25",
        "Open":540.1,
        "High":547.0,
        "Low":535.0,
        "Close":535.0,
        "Percent Change":"-1.29 %",
        "Volume":"45,778.00"
    },
    {
        "Symbol":"ILI",
        "Date":"2024-01-24",
        "Open":546.0,
        "High":555.0,
        "Low":541.3,
        "Close":542.0,
        "Percent Change":"-0.55 %",
        "Volume":"31,488.00"
    },
    {
        "Symbol":"ILI",
        "Date":"2024-01-23",
        "Open":554.0,
        "High":559.0,
        "Low":544.0,
        "Close":545.0,
        "Percent Change":"-1.45 %",
        "Volume":"44,133.00"
    },
    {
        "Symbol":"ILI",
        "Date":"2024-01-22",
        "Open":543.1,
        "High":568.0,
        "Low":541.0,
        "Close":553.0,
        "Percent Change":"1.82 %",
        "Volume":"84,199.00"
    },
    {
        "Symbol":"ILI",
        "Date":"2024-01-21",
        "Open":550.0,
        "High":561.0,
        "Low":542.6,
        "Close":543.1,
        "Percent Change":"-1.27 %",
        "Volume":"68,293.00"
    },
    {
        "Symbol":"ILI",
        "Date":"2024-01-18",
        "Open":554.1,
        "High":566.0,
        "Low":548.0,
        "Close":550.1,
        "Percent Change":"-1.61 %",
        "Volume":"90,651.00"
    },
    {
        "Symbol":"ILI",
        "Date":"2024-01-17",
        "Open":563.0,
        "High":575.0,
        "Low":559.0,
        "Close":559.1,
        "Percent Change":"-1.04 %",
        "Volume":"120,777.00"
    },
    {
        "Symbol":"ILI",
        "Date":"2024-01-16",
        "Open":566.0,
        "High":569.0,
        "Low":555.1,
        "Close":565.0,
        "Percent Change":"1.80 %",
        "Volume":"96,751.00"
    },
    {
        "Symbol":"ILI",
        "Date":"2024-01-14",
        "Open":565.0,
        "High":568.0,
        "Low":554.0,
        "Close":555.0,
        "Percent Change":"-0.36 %",
        "Volume":"58,040.00"
    },
    {
        "Symbol":"ILI",
        "Date":"2024-01-11",
        "Open":570.0,
        "High":570.0,
        "Low":555.0,
        "Close":557.0,
        "Percent Change":"-0.54 %",
        "Volume":"69,570.00"
    },
    {
        "Symbol":"ILI",
        "Date":"2024-01-10",
        "Open":574.2,
        "High":586.0,
        "Low":557.2,
        "Close":560.0,
        "Percent Change":"-0.53 %",
        "Volume":"86,517.00"
    },
    {
        "Symbol":"ILI",
        "Date":"2024-01-09",
        "Open":565.0,
        "High":573.2,
        "Low":557.5,
        "Close":563.0,
        "Percent Change":"1.06 %",
        "Volume":"100,388.00"
    },
    {
        "Symbol":"ILI",
        "Date":"2024-01-08",
        "Open":540.0,
        "High":558.3,
        "Low":537.1,
        "Close":557.1,
        "Percent Change":"4.72 %",
        "Volume":"89,074.00"
    },
    {
        "Symbol":"ILI",
        "Date":"2024-01-07",
        "Open":547.0,
        "High":547.1,
        "Low":532.0,
        "Close":532.0,
        "Percent Change":"-3.97 %",
        "Volume":"130,445.00"
    },
    {
        "Symbol":"ILI",
        "Date":"2024-01-04",
        "Open":579.0,
        "High":579.0,
        "Low":552.3,
        "Close":554.0,
        "Percent Change":"-2.46 %",
        "Volume":"164,307.00"
    },
    {
        "Symbol":"ILI",
        "Date":"2024-01-03",
        "Open":560.0,
        "High":570.0,
        "Low":542.0,
        "Close":568.0,
        "Percent Change":"0.35 %",
        "Volume":"282,817.00"
    },
    {
        "Symbol":"ILI",
        "Date":"2024-01-02",
        "Open":581.0,
        "High":587.0,
        "Low":565.0,
        "Close":566.0,
        "Percent Change":"-3.77 %",
        "Volume":"153,668.00"
    },
    {
        "Symbol":"ILI",
        "Date":"2024-01-01",
        "Open":607.0,
        "High":613.9,
        "Low":585.0,
        "Close":588.2,
        "Percent Change":"-3.10 %",
        "Volume":"150,265.00"
    },
    {
        "Symbol":"ILI",
        "Date":"2023-12-28",
        "Open":604.0,
        "High":620.0,
        "Low":604.0,
        "Close":607.0,
        "Percent Change":"0.50 %",
        "Volume":"153,229.00"
    },
    {
        "Symbol":"ILI",
        "Date":"2023-12-27",
        "Open":590.0,
        "High":615.0,
        "Low":590.0,
        "Close":604.0,
        "Percent Change":"2.37 %",
        "Volume":"196,527.00"
    },
    {
        "Symbol":"ILI",
        "Date":"2023-12-24",
        "Open":566.0,
        "High":620.0,
        "Low":564.0,
        "Close":590.0,
        "Percent Change":"4.13 %",
        "Volume":"319,125.00"
    },
    {
        "Symbol":"ILI",
        "Date":"2023-12-21",
        "Open":585.0,
        "High":587.0,
        "Low":566.1,
        "Close":566.6,
        "Percent Change":"-3.41 %",
        "Volume":"107,474.00"
    },
    {
        "Symbol":"ILI",
        "Date":"2023-12-20",
        "Open":589.0,
        "High":599.1,
        "Low":579.7,
        "Close":586.6,
        "Percent Change":"-0.24 %",
        "Volume":"121,663.00"
    },
    {
        "Symbol":"ILI",
        "Date":"2023-12-19",
        "Open":570.0,
        "High":596.0,
        "Low":560.5,
        "Close":588.0,
        "Percent Change":"4.07 %",
        "Volume":"143,050.00"
    },
    {
        "Symbol":"ILI",
        "Date":"2023-12-18",
        "Open":565.1,
        "High":577.0,
        "Low":558.0,
        "Close":565.0,
        "Percent Change":"-0.02 %",
        "Volume":"98,920.00"
    },
    {
        "Symbol":"ILI",
        "Date":"2023-12-17",
        "Open":544.9,
        "High":567.0,
        "Low":535.0,
        "Close":565.1,
        "Percent Change":"1.64 %",
        "Volume":"155,096.00"
    },
    {
        "Symbol":"ILI",
        "Date":"2023-12-14",
        "Open":550.9,
        "High":563.0,
        "Low":541.0,
        "Close":556.0,
        "Percent Change":"2.94 %",
        "Volume":"140,009.00"
    },
    {
        "Symbol":"ILI",
        "Date":"2023-12-13",
        "Open":550.0,
        "High":561.9,
        "Low":534.4,
        "Close":540.1,
        "Percent Change":"-1.80 %",
        "Volume":"118,829.00"
    },
    {
        "Symbol":"ILI",
        "Date":"2023-12-12",
        "Open":531.0,
        "High":562.0,
        "Low":531.0,
        "Close":550.0,
        "Percent Change":"2.61 %",
        "Volume":"148,771.00"
    },
    {
        "Symbol":"ILI",
        "Date":"2023-12-11",
        "Open":556.0,
        "High":556.0,
        "Low":525.0,
        "Close":536.0,
        "Percent Change":"-1.83 %",
        "Volume":"183,632.00"
    },
    {
        "Symbol":"ILI",
        "Date":"2023-12-10",
        "Open":527.5,
        "High":549.0,
        "Low":527.5,
        "Close":546.0,
        "Percent Change":"5.57 %",
        "Volume":"19,162.00"
    },
    {
        "Symbol":"ILI",
        "Date":"2023-12-07",
        "Open":507.7,
        "High":525.0,
        "Low":506.7,
        "Close":517.2,
        "Percent Change":"-0.15 %",
        "Volume":"76,850.00"
    },
    {
        "Symbol":"ILI",
        "Date":"2023-12-06",
        "Open":509.0,
        "High":523.0,
        "Low":503.0,
        "Close":518.0,
        "Percent Change":"1.59 %",
        "Volume":"103,901.00"
    },
    {
        "Symbol":"ILI",
        "Date":"2023-12-05",
        "Open":517.1,
        "High":520.0,
        "Low":503.0,
        "Close":509.9,
        "Percent Change":"0.57 %",
        "Volume":"61,770.00"
    },
    {
        "Symbol":"ILI",
        "Date":"2023-12-04",
        "Open":500.0,
        "High":515.0,
        "Low":500.0,
        "Close":507.0,
        "Percent Change":"1.60 %",
        "Volume":"45,529.00"
    },
    {
        "Symbol":"ILI",
        "Date":"2023-12-03",
        "Open":497.0,
        "High":500.0,
        "Low":491.0,
        "Close":499.0,
        "Percent Change":"0.38 %",
        "Volume":"25,353.00"
    },
    {
        "Symbol":"ILI",
        "Date":"2023-11-30",
        "Open":493.7,
        "High":509.0,
        "Low":493.7,
        "Close":497.1,
        "Percent Change":"-1.31 %",
        "Volume":"53,957.00"
    },
    {
        "Symbol":"ILI",
        "Date":"2023-11-29",
        "Open":518.0,
        "High":520.0,
        "Low":500.0,
        "Close":503.7,
        "Percent Change":"-2.76 %",
        "Volume":"51,413.00"
    },
    {
        "Symbol":"ILI",
        "Date":"2023-11-28",
        "Open":510.0,
        "High":524.1,
        "Low":509.0,
        "Close":518.0,
        "Percent Change":"0.00 %",
        "Volume":"58,658.00"
    },
    {
        "Symbol":"ILI",
        "Date":"2023-11-27",
        "Open":515.0,
        "High":532.0,
        "Low":508.2,
        "Close":518.0,
        "Percent Change":"-0.77 %",
        "Volume":"66,185.00"
    },
    {
        "Symbol":"ILI",
        "Date":"2023-11-26",
        "Open":490.0,
        "High":525.0,
        "Low":482.1,
        "Close":522.0,
        "Percent Change":"7.19 %",
        "Volume":"117,199.00"
    },
    {
        "Symbol":"ILI",
        "Date":"2023-11-23",
        "Open":464.0,
        "High":492.0,
        "Low":460.2,
        "Close":487.0,
        "Percent Change":"4.13 %",
        "Volume":"55,355.00"
    },
    {
        "Symbol":"ILI",
        "Date":"2023-11-22",
        "Open":455.0,
        "High":468.0,
        "Low":450.3,
        "Close":467.7,
        "Percent Change":"1.96 %",
        "Volume":"20,892.00"
    },
    {
        "Symbol":"ILI",
        "Date":"2023-11-21",
        "Open":470.0,
        "High":473.0,
        "Low":456.7,
        "Close":458.7,
        "Percent Change":"-1.14 %",
        "Volume":"27,383.00"
    },
    {
        "Symbol":"ILI",
        "Date":"2023-11-20",
        "Open":465.0,
        "High":479.0,
        "Low":460.1,
        "Close":464.0,
        "Percent Change":"-0.24 %",
        "Volume":"24,427.00"
    },
    {
        "Symbol":"ILI",
        "Date":"2023-11-09",
        "Open":463.0,
        "High":478.8,
        "Low":463.0,
        "Close":465.1,
        "Percent Change":"-0.94 %",
        "Volume":"24,362.00"
    },
    {
        "Symbol":"ILI",
        "Date":"2023-11-08",
        "Open":465.0,
        "High":474.0,
        "Low":458.0,
        "Close":469.5,
        "Percent Change":"0.95 %",
        "Volume":"33,311.00"
    },
    {
        "Symbol":"ILI",
        "Date":"2023-11-07",
        "Open":451.0,
        "High":468.2,
        "Low":451.0,
        "Close":465.1,
        "Percent Change":"1.82 %",
        "Volume":"30,656.00"
    },
    {
        "Symbol":"ILI",
        "Date":"2023-11-06",
        "Open":446.1,
        "High":461.0,
        "Low":446.1,
        "Close":456.8,
        "Percent Change":"1.06 %",
        "Volume":"24,440.00"
    },
    {
        "Symbol":"ILI",
        "Date":"2023-11-05",
        "Open":446.0,
        "High":453.0,
        "Low":444.0,
        "Close":452.0,
        "Percent Change":"0.00 %",
        "Volume":"31,593.00"
    },
    {
        "Symbol":"ILI",
        "Date":"2023-11-02",
        "Open":452.2,
        "High":474.3,
        "Low":450.0,
        "Close":452.0,
        "Percent Change":"-1.74 %",
        "Volume":"27,479.00"
    },
    {
        "Symbol":"ILI",
        "Date":"2023-11-01",
        "Open":460.6,
        "High":466.0,
        "Low":459.1,
        "Close":460.0,
        "Percent Change":"-0.45 %",
        "Volume":"17,431.00"
    },
    {
        "Symbol":"ILI",
        "Date":"2023-10-31",
        "Open":465.0,
        "High":469.0,
        "Low":461.1,
        "Close":462.1,
        "Percent Change":"-1.26 %",
        "Volume":"18,484.00"
    },
    {
        "Symbol":"ILI",
        "Date":"2023-10-30",
        "Open":470.0,
        "High":471.0,
        "Low":461.5,
        "Close":468.0,
        "Percent Change":"-0.47 %",
        "Volume":"15,882.00"
    },
    {
        "Symbol":"ILI",
        "Date":"2023-10-29",
        "Open":485.0,
        "High":485.0,
        "Low":469.0,
        "Close":470.2,
        "Percent Change":"-3.09 %",
        "Volume":"24,923.00"
    },
    {
        "Symbol":"ILI",
        "Date":"2023-10-19",
        "Open":489.1,
        "High":497.6,
        "Low":481.3,
        "Close":485.2,
        "Percent Change":"-0.88 %",
        "Volume":"47,462.00"
    },
    {
        "Symbol":"ILI",
        "Date":"2023-10-18",
        "Open":475.1,
        "High":494.0,
        "Low":475.1,
        "Close":489.5,
        "Percent Change":"1.03 %",
        "Volume":"49,828.00"
    },
    {
        "Symbol":"ILI",
        "Date":"2023-10-17",
        "Open":467.1,
        "High":484.5,
        "Low":463.3,
        "Close":484.5,
        "Percent Change":"3.73 %",
        "Volume":"42,542.00"
    },
    {
        "Symbol":"ILI",
        "Date":"2023-10-16",
        "Open":473.2,
        "High":480.0,
        "Low":460.6,
        "Close":467.1,
        "Percent Change":"-2.87 %",
        "Volume":"61,593.00"
    },
    {
        "Symbol":"ILI",
        "Date":"2023-10-12",
        "Open":475.5,
        "High":483.0,
        "Low":473.1,
        "Close":480.9,
        "Percent Change":"0.15 %",
        "Volume":"50,497.00"
    },
    {
        "Symbol":"ILI",
        "Date":"2023-10-11",
        "Open":475.0,
        "High":483.0,
        "Low":472.5,
        "Close":480.2,
        "Percent Change":"0.67 %",
        "Volume":"36,280.00"
    },
    {
        "Symbol":"ILI",
        "Date":"2023-10-10",
        "Open":481.0,
        "High":490.0,
        "Low":476.0,
        "Close":477.0,
        "Percent Change":"-0.83 %",
        "Volume":"31,208.00"
    },
    {
        "Symbol":"ILI",
        "Date":"2023-10-09",
        "Open":480.0,
        "High":494.0,
        "Low":477.3,
        "Close":481.0,
        "Percent Change":"-1.03 %",
        "Volume":"42,793.00"
    },
    {
        "Symbol":"ILI",
        "Date":"2023-10-08",
        "Open":500.0,
        "High":504.5,
        "Low":484.1,
        "Close":486.0,
        "Percent Change":"-3.44 %",
        "Volume":"85,829.00"
    },
    {
        "Symbol":"ILI",
        "Date":"2023-10-05",
        "Open":507.0,
        "High":510.5,
        "Low":502.0,
        "Close":503.3,
        "Percent Change":"-1.31 %",
        "Volume":"36,244.00"
    },
    {
        "Symbol":"ILI",
        "Date":"2023-10-04",
        "Open":508.0,
        "High":518.0,
        "Low":507.0,
        "Close":510.0,
        "Percent Change":"0.79 %",
        "Volume":"44,037.00"
    },
    {
        "Symbol":"ILI",
        "Date":"2023-10-03",
        "Open":513.0,
        "High":514.0,
        "Low":505.0,
        "Close":506.0,
        "Percent Change":"-1.56 %",
        "Volume":"35,796.00"
    },
    {
        "Symbol":"ILI",
        "Date":"2023-10-02",
        "Open":515.0,
        "High":522.0,
        "Low":511.0,
        "Close":514.0,
        "Percent Change":"-1.17 %",
        "Volume":"50,083.00"
    },
    {
        "Symbol":"ILI",
        "Date":"2023-10-01",
        "Open":530.0,
        "High":531.0,
        "Low":516.3,
        "Close":520.1,
        "Percent Change":"-2.33 %",
        "Volume":"68,794.00"
    },
    {
        "Symbol":"ILI",
        "Date":"2023-09-27",
        "Open":534.0,
        "High":545.0,
        "Low":530.6,
        "Close":532.5,
        "Percent Change":"-1.02 %",
        "Volume":"46,183.00"
    },
    {
        "Symbol":"ILI",
        "Date":"2023-09-26",
        "Open":535.0,
        "High":540.8,
        "Low":533.1,
        "Close":538.0,
        "Percent Change":"1.45 %",
        "Volume":"51,509.00"
    },
    {
        "Symbol":"ILI",
        "Date":"2023-09-25",
        "Open":531.0,
        "High":539.9,
        "Low":530.1,
        "Close":530.3,
        "Percent Change":"-0.23 %",
        "Volume":"45,640.00"
    },
    {
        "Symbol":"ILI",
        "Date":"2023-09-24",
        "Open":545.0,
        "High":545.0,
        "Low":531.1,
        "Close":531.5,
        "Percent Change":"-2.15 %",
        "Volume":"54,688.00"
    },
    {
        "Symbol":"ILI",
        "Date":"2023-09-21",
        "Open":540.0,
        "High":554.0,
        "Low":538.1,
        "Close":543.2,
        "Percent Change":"1.15 %",
        "Volume":"107,149.00"
    },
    {
        "Symbol":"ILI",
        "Date":"2023-09-19",
        "Open":531.0,
        "High":540.0,
        "Low":531.0,
        "Close":537.0,
        "Percent Change":"-0.56 %",
        "Volume":"42,969.00"
    },
    {
        "Symbol":"ILI",
        "Date":"2023-09-18",
        "Open":535.0,
        "High":540.0,
        "Low":530.0,
        "Close":540.0,
        "Percent Change":"0.75 %",
        "Volume":"45,272.00"
    },
    {
        "Symbol":"ILI",
        "Date":"2023-09-17",
        "Open":553.0,
        "High":555.0,
        "Low":535.3,
        "Close":536.0,
        "Percent Change":"-3.25 %",
        "Volume":"86,027.00"
    },
    {
        "Symbol":"ILI",
        "Date":"2023-09-13",
        "Open":540.0,
        "High":555.3,
        "Low":540.0,
        "Close":554.0,
        "Percent Change":"2.37 %",
        "Volume":"70,531.00"
    },
    {
        "Symbol":"ILI",
        "Date":"2023-09-12",
        "Open":539.6,
        "High":566.0,
        "Low":539.6,
        "Close":541.2,
        "Percent Change":"-1.60 %",
        "Volume":"60,371.00"
    },
    {
        "Symbol":"ILI",
        "Date":"2023-09-11",
        "Open":528.2,
        "High":552.0,
        "Low":528.2,
        "Close":550.0,
        "Percent Change":"2.08 %",
        "Volume":"63,895.00"
    },
    {
        "Symbol":"ILI",
        "Date":"2023-09-10",
        "Open":540.1,
        "High":549.9,
        "Low":535.6,
        "Close":538.8,
        "Percent Change":"-1.23 %",
        "Volume":"72,788.00"
    },
    {
        "Symbol":"ILI",
        "Date":"2023-09-07",
        "Open":551.1,
        "High":551.1,
        "Low":544.3,
        "Close":545.5,
        "Percent Change":"-1.96 %",
        "Volume":"57,647.00"
    },
    {
        "Symbol":"ILI",
        "Date":"2023-09-05",
        "Open":559.0,
        "High":560.0,
        "Low":552.0,
        "Close":556.4,
        "Percent Change":"-0.47 %",
        "Volume":"50,793.00"
    },
    {
        "Symbol":"ILI",
        "Date":"2023-09-04",
        "Open":540.0,
        "High":559.0,
        "Low":540.0,
        "Close":559.0,
        "Percent Change":"3.27 %",
        "Volume":"96,212.00"
    },
    {
        "Symbol":"ILI",
        "Date":"2023-09-03",
        "Open":550.0,
        "High":553.0,
        "Low":541.0,
        "Close":541.3,
        "Percent Change":"-1.44 %",
        "Volume":"69,096.00"
    },
    {
        "Symbol":"ILI",
        "Date":"2023-08-30",
        "Open":548.0,
        "High":554.0,
        "Low":548.0,
        "Close":549.2,
        "Percent Change":"-0.31 %",
        "Volume":"60,855.00"
    },
    {
        "Symbol":"ILI",
        "Date":"2023-08-29",
        "Open":554.0,
        "High":558.0,
        "Low":550.0,
        "Close":550.9,
        "Percent Change":"-0.65 %",
        "Volume":"58,882.00"
    },
    {
        "Symbol":"ILI",
        "Date":"2023-08-28",
        "Open":551.1,
        "High":564.0,
        "Low":551.1,
        "Close":554.5,
        "Percent Change":"-0.63 %",
        "Volume":"69,132.00"
    },
    {
        "Symbol":"ILI",
        "Date":"2023-08-27",
        "Open":570.0,
        "High":570.0,
        "Low":555.0,
        "Close":558.0,
        "Percent Change":"-2.14 %",
        "Volume":"97,116.00"
    },
    {
        "Symbol":"ILI",
        "Date":"2023-08-24",
        "Open":580.0,
        "High":590.0,
        "Low":570.0,
        "Close":570.2,
        "Percent Change":"-1.54 %",
        "Volume":"85,739.00"
    },
    {
        "Symbol":"ILI",
        "Date":"2023-08-23",
        "Open":575.0,
        "High":585.0,
        "Low":574.0,
        "Close":579.1,
        "Percent Change":"0.54 %",
        "Volume":"94,254.00"
    },
    {
        "Symbol":"ILI",
        "Date":"2023-08-22",
        "Open":567.0,
        "High":579.0,
        "Low":567.0,
        "Close":576.0,
        "Percent Change":"-0.17 %",
        "Volume":"61,149.00"
    },
    {
        "Symbol":"ILI",
        "Date":"2023-08-21",
        "Open":580.0,
        "High":582.9,
        "Low":572.1,
        "Close":577.0,
        "Percent Change":"-0.52 %",
        "Volume":"101,241.00"
    },
    {
        "Symbol":"ILI",
        "Date":"2023-08-20",
        "Open":583.0,
        "High":585.0,
        "Low":578.0,
        "Close":580.0,
        "Percent Change":"-0.53 %",
        "Volume":"114,230.00"
    },
    {
        "Symbol":"ILI",
        "Date":"2023-08-17",
        "Open":575.0,
        "High":590.0,
        "Low":571.0,
        "Close":583.1,
        "Percent Change":"1.07 %",
        "Volume":"133,203.00"
    },
    {
        "Symbol":"ILI",
        "Date":"2023-08-16",
        "Open":580.0,
        "High":585.0,
        "Low":575.2,
        "Close":576.9,
        "Percent Change":"-0.71 %",
        "Volume":"103,174.00"
    },
    {
        "Symbol":"ILI",
        "Date":"2023-08-15",
        "Open":600.0,
        "High":600.0,
        "Low":580.3,
        "Close":581.0,
        "Percent Change":"-1.51 %",
        "Volume":"98,939.00"
    },
    {
        "Symbol":"ILI",
        "Date":"2023-08-14",
        "Open":569.2,
        "High":596.8,
        "Low":569.2,
        "Close":589.9,
        "Percent Change":"1.57 %",
        "Volume":"191,385.00"
    },
    {
        "Symbol":"ILI",
        "Date":"2023-08-13",
        "Open":590.0,
        "High":595.0,
        "Low":580.0,
        "Close":580.8,
        "Percent Change":"-1.56 %",
        "Volume":"182,198.00"
    },
    {
        "Symbol":"ILI",
        "Date":"2023-08-10",
        "Open":604.0,
        "High":609.0,
        "Low":583.0,
        "Close":590.0,
        "Percent Change":"-1.22 %",
        "Volume":"141,998.00"
    },
    {
        "Symbol":"ILI",
        "Date":"2023-08-09",
        "Open":598.0,
        "High":600.7,
        "Low":571.2,
        "Close":597.3,
        "Percent Change":"1.41 %",
        "Volume":"266,818.00"
    },
    {
        "Symbol":"ILI",
        "Date":"2023-08-08",
        "Open":616.0,
        "High":619.0,
        "Low":585.0,
        "Close":589.0,
        "Percent Change":"-4.38 %",
        "Volume":"299,597.00"
    },
    {
        "Symbol":"ILI",
        "Date":"2023-08-07",
        "Open":594.0,
        "High":640.6,
        "Low":594.0,
        "Close":616.0,
        "Percent Change":"5.77 %",
        "Volume":"701,803.00"
    },
    {
        "Symbol":"ILI",
        "Date":"2023-08-06",
        "Open":529.5,
        "High":582.4,
        "Low":529.5,
        "Close":582.4,
        "Percent Change":"0.00 %",
        "Volume":"54,780.00"
    }
]