[
    {
        "Symbol":"SAGF",
        "Date":"2024-08-11",
        "Open":9.79,
        "High":10.36,
        "Low":9.79,
        "Close":10.06,
        "Percent Change":"0.80 %",
        "Volume":"25,027.00"
    },
    {
        "Symbol":"SAGF",
        "Date":"2024-08-08",
        "Open":9.76,
        "High":10.14,
        "Low":9.76,
        "Close":9.98,
        "Percent Change":"0.30 %",
        "Volume":"9,320.00"
    },
    {
        "Symbol":"SAGF",
        "Date":"2024-08-07",
        "Open":9.82,
        "High":10.1,
        "Low":9.82,
        "Close":9.95,
        "Percent Change":"-0.50 %",
        "Volume":"3,100.00"
    },
    {
        "Symbol":"SAGF",
        "Date":"2024-08-06",
        "Open":10.19,
        "High":10.39,
        "Low":9.99,
        "Close":10.0,
        "Percent Change":"0.00 %",
        "Volume":"31,600.00"
    },
    {
        "Symbol":"SAGF",
        "Date":"2024-08-05",
        "Open":10.07,
        "High":10.25,
        "Low":9.92,
        "Close":10.0,
        "Percent Change":"-2.34 %",
        "Volume":"515,300.00"
    },
    {
        "Symbol":"SAGF",
        "Date":"2024-08-01",
        "Open":9.85,
        "High":10.24,
        "Low":9.85,
        "Close":10.24,
        "Percent Change":"2.71 %",
        "Volume":"16,740.00"
    },
    {
        "Symbol":"SAGF",
        "Date":"2024-07-31",
        "Open":10.0,
        "High":10.1,
        "Low":9.86,
        "Close":9.97,
        "Percent Change":"-0.30 %",
        "Volume":"6,200.00"
    },
    {
        "Symbol":"SAGF",
        "Date":"2024-07-30",
        "Open":10.05,
        "High":10.31,
        "Low":9.33,
        "Close":10.0,
        "Percent Change":"-2.25 %",
        "Volume":"302,799.00"
    },
    {
        "Symbol":"SAGF",
        "Date":"2024-07-29",
        "Open":10.0,
        "High":10.23,
        "Low":10.0,
        "Close":10.23,
        "Percent Change":"2.30 %",
        "Volume":"53,500.00"
    },
    {
        "Symbol":"SAGF",
        "Date":"2024-07-28",
        "Open":10.0,
        "High":10.1,
        "Low":9.91,
        "Close":10.0,
        "Percent Change":"-0.99 %",
        "Volume":"2,400.00"
    },
    {
        "Symbol":"SAGF",
        "Date":"2024-07-25",
        "Open":9.87,
        "High":10.1,
        "Low":9.87,
        "Close":10.1,
        "Percent Change":"0.30 %",
        "Volume":"4,060.00"
    },
    {
        "Symbol":"SAGF",
        "Date":"2024-07-24",
        "Open":9.86,
        "High":10.07,
        "Low":9.67,
        "Close":10.07,
        "Percent Change":"0.20 %",
        "Volume":"35,250.00"
    },
    {
        "Symbol":"SAGF",
        "Date":"2024-07-23",
        "Open":10.0,
        "High":10.05,
        "Low":9.83,
        "Close":10.05,
        "Percent Change":"0.30 %",
        "Volume":"13,100.00"
    },
    {
        "Symbol":"SAGF",
        "Date":"2024-07-22",
        "Open":9.87,
        "High":10.02,
        "Low":9.87,
        "Close":10.02,
        "Percent Change":"1.52 %",
        "Volume":"7,710.00"
    },
    {
        "Symbol":"SAGF",
        "Date":"2024-07-21",
        "Open":9.51,
        "High":9.87,
        "Low":9.5,
        "Close":9.87,
        "Percent Change":"1.75 %",
        "Volume":"511,410.00"
    },
    {
        "Symbol":"SAGF",
        "Date":"2024-07-18",
        "Open":9.79,
        "High":9.9,
        "Low":9.7,
        "Close":9.7,
        "Percent Change":"0.00 %",
        "Volume":"2,300.00"
    },
    {
        "Symbol":"SAGF",
        "Date":"2024-07-17",
        "Open":9.41,
        "High":9.7,
        "Low":9.23,
        "Close":9.7,
        "Percent Change":"1.04 %",
        "Volume":"98,650.00"
    },
    {
        "Symbol":"SAGF",
        "Date":"2024-07-16",
        "Open":9.94,
        "High":9.94,
        "Low":9.6,
        "Close":9.6,
        "Percent Change":"-5.33 %",
        "Volume":"1,000.00"
    },
    {
        "Symbol":"SAGF",
        "Date":"2024-07-15",
        "Open":9.58,
        "High":10.34,
        "Low":9.58,
        "Close":10.14,
        "Percent Change":"7.87 %",
        "Volume":"2,480.00"
    },
    {
        "Symbol":"SAGF",
        "Date":"2024-07-14",
        "Open":9.26,
        "High":9.44,
        "Low":9.19,
        "Close":9.4,
        "Percent Change":"-0.42 %",
        "Volume":"22,600.00"
    },
    {
        "Symbol":"SAGF",
        "Date":"2024-07-11",
        "Open":9.18,
        "High":9.44,
        "Low":9.18,
        "Close":9.44,
        "Percent Change":"1.94 %",
        "Volume":"502,300.00"
    },
    {
        "Symbol":"SAGF",
        "Date":"2024-07-10",
        "Open":9.26,
        "High":9.3,
        "Low":9.26,
        "Close":9.26,
        "Percent Change":"-0.64 %",
        "Volume":"4,500.00"
    },
    {
        "Symbol":"SAGF",
        "Date":"2024-07-09",
        "Open":9.5,
        "High":9.5,
        "Low":9.32,
        "Close":9.32,
        "Percent Change":"-2.00 %",
        "Volume":"200.00"
    },
    {
        "Symbol":"SAGF",
        "Date":"2024-07-08",
        "Open":9.6,
        "High":9.65,
        "Low":9.51,
        "Close":9.51,
        "Percent Change":"-0.94 %",
        "Volume":"6,170.00"
    },
    {
        "Symbol":"SAGF",
        "Date":"2024-07-07",
        "Open":9.26,
        "High":9.6,
        "Low":9.26,
        "Close":9.6,
        "Percent Change":"2.02 %",
        "Volume":"500.00"
    },
    {
        "Symbol":"SAGF",
        "Date":"2024-07-04",
        "Open":9.28,
        "High":9.58,
        "Low":9.28,
        "Close":9.41,
        "Percent Change":"-0.53 %",
        "Volume":"3,400.00"
    },
    {
        "Symbol":"SAGF",
        "Date":"2024-07-03",
        "Open":9.4,
        "High":9.58,
        "Low":9.4,
        "Close":9.46,
        "Percent Change":"-1.25 %",
        "Volume":"3,701.00"
    },
    {
        "Symbol":"SAGF",
        "Date":"2024-07-02",
        "Open":9.3,
        "High":9.58,
        "Low":9.3,
        "Close":9.58,
        "Percent Change":"3.01 %",
        "Volume":"7,500.00"
    },
    {
        "Symbol":"SAGF",
        "Date":"2024-07-01",
        "Open":8.81,
        "High":9.3,
        "Low":8.81,
        "Close":9.3,
        "Percent Change":"3.91 %",
        "Volume":"1,290.00"
    },
    {
        "Symbol":"SAGF",
        "Date":"2024-06-30",
        "Open":8.9,
        "High":9.0,
        "Low":8.87,
        "Close":8.95,
        "Percent Change":"1.47 %",
        "Volume":"700.00"
    },
    {
        "Symbol":"SAGF",
        "Date":"2024-06-27",
        "Open":8.82,
        "High":8.82,
        "Low":8.82,
        "Close":8.82,
        "Percent Change":"-1.34 %",
        "Volume":"100.00"
    },
    {
        "Symbol":"SAGF",
        "Date":"2024-06-26",
        "Open":8.87,
        "High":9.07,
        "Low":8.87,
        "Close":8.94,
        "Percent Change":"1.48 %",
        "Volume":"1,200.00"
    },
    {
        "Symbol":"SAGF",
        "Date":"2024-06-25",
        "Open":8.86,
        "High":8.89,
        "Low":8.72,
        "Close":8.81,
        "Percent Change":"1.38 %",
        "Volume":"1,100.00"
    },
    {
        "Symbol":"SAGF",
        "Date":"2024-06-24",
        "Open":8.6,
        "High":8.85,
        "Low":8.6,
        "Close":8.69,
        "Percent Change":"-0.69 %",
        "Volume":"3,200.00"
    },
    {
        "Symbol":"SAGF",
        "Date":"2024-06-23",
        "Open":8.79,
        "High":8.79,
        "Low":8.64,
        "Close":8.75,
        "Percent Change":"-2.34 %",
        "Volume":"300.00"
    },
    {
        "Symbol":"SAGF",
        "Date":"2024-06-20",
        "Open":9.12,
        "High":9.12,
        "Low":8.94,
        "Close":8.96,
        "Percent Change":"-3.66 %",
        "Volume":"400.00"
    },
    {
        "Symbol":"SAGF",
        "Date":"2024-06-19",
        "Open":9.1,
        "High":9.3,
        "Low":9.1,
        "Close":9.3,
        "Percent Change":"1.53 %",
        "Volume":"500.00"
    },
    {
        "Symbol":"SAGF",
        "Date":"2024-06-18",
        "Open":9.03,
        "High":9.21,
        "Low":9.03,
        "Close":9.16,
        "Percent Change":"-0.43 %",
        "Volume":"700.00"
    },
    {
        "Symbol":"SAGF",
        "Date":"2024-06-16",
        "Open":9.2,
        "High":9.2,
        "Low":9.02,
        "Close":9.2,
        "Percent Change":"-1.92 %",
        "Volume":"1,100.00"
    },
    {
        "Symbol":"SAGF",
        "Date":"2024-06-13",
        "Open":9.2,
        "High":9.38,
        "Low":9.04,
        "Close":9.38,
        "Percent Change":"0.86 %",
        "Volume":"2,100.00"
    },
    {
        "Symbol":"SAGF",
        "Date":"2024-06-12",
        "Open":9.08,
        "High":9.3,
        "Low":9.08,
        "Close":9.3,
        "Percent Change":"0.43 %",
        "Volume":"500.00"
    },
    {
        "Symbol":"SAGF",
        "Date":"2024-06-11",
        "Open":9.25,
        "High":9.42,
        "Low":9.25,
        "Close":9.26,
        "Percent Change":"0.00 %",
        "Volume":"6,471.00"
    },
    {
        "Symbol":"SAGF",
        "Date":"2024-06-10",
        "Open":9.21,
        "High":9.26,
        "Low":9.21,
        "Close":9.26,
        "Percent Change":"0.33 %",
        "Volume":"1,000.00"
    },
    {
        "Symbol":"SAGF",
        "Date":"2024-06-09",
        "Open":9.0,
        "High":9.28,
        "Low":9.0,
        "Close":9.23,
        "Percent Change":"2.56 %",
        "Volume":"7,230.00"
    },
    {
        "Symbol":"SAGF",
        "Date":"2024-06-06",
        "Open":8.85,
        "High":9.04,
        "Low":8.85,
        "Close":9.0,
        "Percent Change":"0.00 %",
        "Volume":"4,100.00"
    },
    {
        "Symbol":"SAGF",
        "Date":"2024-06-05",
        "Open":8.86,
        "High":9.0,
        "Low":8.86,
        "Close":9.0,
        "Percent Change":"0.56 %",
        "Volume":"500.00"
    },
    {
        "Symbol":"SAGF",
        "Date":"2024-06-04",
        "Open":8.88,
        "High":9.12,
        "Low":8.88,
        "Close":8.95,
        "Percent Change":"-0.44 %",
        "Volume":"1,604.00"
    },
    {
        "Symbol":"SAGF",
        "Date":"2024-06-03",
        "Open":8.98,
        "High":8.99,
        "Low":8.98,
        "Close":8.99,
        "Percent Change":"0.22 %",
        "Volume":"600.00"
    },
    {
        "Symbol":"SAGF",
        "Date":"2024-06-02",
        "Open":8.78,
        "High":8.97,
        "Low":8.78,
        "Close":8.97,
        "Percent Change":"0.79 %",
        "Volume":"850.00"
    },
    {
        "Symbol":"SAGF",
        "Date":"2024-05-30",
        "Open":8.91,
        "High":9.0,
        "Low":8.75,
        "Close":8.9,
        "Percent Change":"-0.11 %",
        "Volume":"10,500.00"
    },
    {
        "Symbol":"SAGF",
        "Date":"2024-05-29",
        "Open":9.0,
        "High":9.0,
        "Low":8.82,
        "Close":8.91,
        "Percent Change":"0.22 %",
        "Volume":"2,400.00"
    },
    {
        "Symbol":"SAGF",
        "Date":"2024-05-27",
        "Open":8.75,
        "High":8.89,
        "Low":8.72,
        "Close":8.89,
        "Percent Change":"1.60 %",
        "Volume":"1,400.00"
    },
    {
        "Symbol":"SAGF",
        "Date":"2024-05-26",
        "Open":9.0,
        "High":9.1,
        "Low":8.73,
        "Close":8.75,
        "Percent Change":"-2.78 %",
        "Volume":"4,925.00"
    },
    {
        "Symbol":"SAGF",
        "Date":"2024-05-22",
        "Open":8.88,
        "High":9.0,
        "Low":8.88,
        "Close":9.0,
        "Percent Change":"1.12 %",
        "Volume":"400.00"
    },
    {
        "Symbol":"SAGF",
        "Date":"2024-05-21",
        "Open":8.66,
        "High":8.95,
        "Low":8.66,
        "Close":8.9,
        "Percent Change":"1.02 %",
        "Volume":"2,600.00"
    },
    {
        "Symbol":"SAGF",
        "Date":"2024-05-20",
        "Open":8.75,
        "High":8.97,
        "Low":8.66,
        "Close":8.81,
        "Percent Change":"0.00 %",
        "Volume":"1,400.00"
    },
    {
        "Symbol":"SAGF",
        "Date":"2024-05-19",
        "Open":8.44,
        "High":8.81,
        "Low":8.44,
        "Close":8.81,
        "Percent Change":"2.68 %",
        "Volume":"3,720.00"
    },
    {
        "Symbol":"SAGF",
        "Date":"2024-05-16",
        "Open":8.84,
        "High":8.84,
        "Low":8.51,
        "Close":8.58,
        "Percent Change":"-1.04 %",
        "Volume":"3,200.00"
    },
    {
        "Symbol":"SAGF",
        "Date":"2024-05-15",
        "Open":8.67,
        "High":8.84,
        "Low":8.67,
        "Close":8.67,
        "Percent Change":"0.12 %",
        "Volume":"1,100.00"
    },
    {
        "Symbol":"SAGF",
        "Date":"2024-05-14",
        "Open":8.73,
        "High":8.73,
        "Low":8.56,
        "Close":8.66,
        "Percent Change":"1.05 %",
        "Volume":"600.00"
    },
    {
        "Symbol":"SAGF",
        "Date":"2024-05-13",
        "Open":8.5,
        "High":8.58,
        "Low":8.5,
        "Close":8.57,
        "Percent Change":"0.12 %",
        "Volume":"5,750.00"
    },
    {
        "Symbol":"SAGF",
        "Date":"2024-05-12",
        "Open":8.6,
        "High":8.6,
        "Low":8.56,
        "Close":8.56,
        "Percent Change":"-1.27 %",
        "Volume":"500.00"
    },
    {
        "Symbol":"SAGF",
        "Date":"2024-05-09",
        "Open":8.65,
        "High":8.82,
        "Low":8.65,
        "Close":8.67,
        "Percent Change":"0.12 %",
        "Volume":"1,900.00"
    },
    {
        "Symbol":"SAGF",
        "Date":"2024-05-08",
        "Open":8.67,
        "High":8.7,
        "Low":8.66,
        "Close":8.66,
        "Percent Change":"0.00 %",
        "Volume":"650.00"
    },
    {
        "Symbol":"SAGF",
        "Date":"2024-05-07",
        "Open":8.65,
        "High":8.83,
        "Low":8.65,
        "Close":8.66,
        "Percent Change":"-1.59 %",
        "Volume":"650.00"
    },
    {
        "Symbol":"SAGF",
        "Date":"2024-05-06",
        "Open":8.62,
        "High":8.8,
        "Low":8.62,
        "Close":8.8,
        "Percent Change":"1.97 %",
        "Volume":"1,600.00"
    },
    {
        "Symbol":"SAGF",
        "Date":"2024-05-05",
        "Open":8.6,
        "High":8.65,
        "Low":8.6,
        "Close":8.63,
        "Percent Change":"-0.23 %",
        "Volume":"949.00"
    },
    {
        "Symbol":"SAGF",
        "Date":"2024-05-02",
        "Open":8.55,
        "High":8.65,
        "Low":8.55,
        "Close":8.65,
        "Percent Change":"-0.69 %",
        "Volume":"320.00"
    },
    {
        "Symbol":"SAGF",
        "Date":"2024-04-30",
        "Open":8.71,
        "High":8.71,
        "Low":8.71,
        "Close":8.71,
        "Percent Change":"0.00 %",
        "Volume":"200.00"
    },
    {
        "Symbol":"SAGF",
        "Date":"2024-04-29",
        "Open":8.71,
        "High":8.71,
        "Low":8.71,
        "Close":8.71,
        "Percent Change":"0.11 %",
        "Volume":"900.00"
    },
    {
        "Symbol":"SAGF",
        "Date":"2024-04-28",
        "Open":8.7,
        "High":8.7,
        "Low":8.7,
        "Close":8.7,
        "Percent Change":"0.00 %",
        "Volume":"600.00"
    },
    {
        "Symbol":"SAGF",
        "Date":"2024-04-25",
        "Open":8.7,
        "High":8.7,
        "Low":8.7,
        "Close":8.7,
        "Percent Change":"1.16 %",
        "Volume":"300.00"
    },
    {
        "Symbol":"SAGF",
        "Date":"2024-04-24",
        "Open":8.6,
        "High":8.6,
        "Low":8.6,
        "Close":8.6,
        "Percent Change":"-0.58 %",
        "Volume":"300.00"
    },
    {
        "Symbol":"SAGF",
        "Date":"2024-04-22",
        "Open":8.76,
        "High":8.77,
        "Low":8.6,
        "Close":8.65,
        "Percent Change":"-1.26 %",
        "Volume":"3,320.00"
    },
    {
        "Symbol":"SAGF",
        "Date":"2024-04-21",
        "Open":8.75,
        "High":8.76,
        "Low":8.75,
        "Close":8.76,
        "Percent Change":"0.11 %",
        "Volume":"1,300.00"
    },
    {
        "Symbol":"SAGF",
        "Date":"2024-04-18",
        "Open":8.75,
        "High":8.75,
        "Low":8.75,
        "Close":8.75,
        "Percent Change":"0.00 %",
        "Volume":"1,000.00"
    },
    {
        "Symbol":"SAGF",
        "Date":"2024-04-16",
        "Open":8.76,
        "High":8.76,
        "Low":8.75,
        "Close":8.75,
        "Percent Change":"0.00 %",
        "Volume":"1,400.00"
    },
    {
        "Symbol":"SAGF",
        "Date":"2024-04-15",
        "Open":8.75,
        "High":8.8,
        "Low":8.75,
        "Close":8.75,
        "Percent Change":"0.00 %",
        "Volume":"1,950.00"
    },
    {
        "Symbol":"SAGF",
        "Date":"2024-04-14",
        "Open":8.81,
        "High":8.82,
        "Low":8.75,
        "Close":8.75,
        "Percent Change":"-0.79 %",
        "Volume":"1,050.00"
    },
    {
        "Symbol":"SAGF",
        "Date":"2024-04-10",
        "Open":8.81,
        "High":8.99,
        "Low":8.81,
        "Close":8.82,
        "Percent Change":"0.11 %",
        "Volume":"2,600.00"
    },
    {
        "Symbol":"SAGF",
        "Date":"2024-04-09",
        "Open":8.81,
        "High":8.81,
        "Low":8.81,
        "Close":8.81,
        "Percent Change":"-0.11 %",
        "Volume":"1,400.00"
    },
    {
        "Symbol":"SAGF",
        "Date":"2024-04-07",
        "Open":8.81,
        "High":8.98,
        "Low":8.81,
        "Close":8.82,
        "Percent Change":"-0.90 %",
        "Volume":"1,000.00"
    },
    {
        "Symbol":"SAGF",
        "Date":"2024-04-04",
        "Open":8.98,
        "High":8.98,
        "Low":8.81,
        "Close":8.9,
        "Percent Change":"1.02 %",
        "Volume":"2,200.00"
    },
    {
        "Symbol":"SAGF",
        "Date":"2024-04-03",
        "Open":8.81,
        "High":8.83,
        "Low":8.81,
        "Close":8.81,
        "Percent Change":"-0.23 %",
        "Volume":"1,900.00"
    },
    {
        "Symbol":"SAGF",
        "Date":"2024-04-02",
        "Open":8.82,
        "High":8.9,
        "Low":8.82,
        "Close":8.83,
        "Percent Change":"0.11 %",
        "Volume":"700.00"
    },
    {
        "Symbol":"SAGF",
        "Date":"2024-04-01",
        "Open":8.81,
        "High":8.82,
        "Low":8.81,
        "Close":8.82,
        "Percent Change":"-0.34 %",
        "Volume":"400.00"
    },
    {
        "Symbol":"SAGF",
        "Date":"2024-03-31",
        "Open":8.85,
        "High":9.19,
        "Low":8.84,
        "Close":8.85,
        "Percent Change":"0.34 %",
        "Volume":"2,400.00"
    },
    {
        "Symbol":"SAGF",
        "Date":"2024-03-28",
        "Open":8.66,
        "High":8.82,
        "Low":8.66,
        "Close":8.82,
        "Percent Change":"0.23 %",
        "Volume":"1,100.00"
    },
    {
        "Symbol":"SAGF",
        "Date":"2024-03-27",
        "Open":8.63,
        "High":8.8,
        "Low":8.63,
        "Close":8.8,
        "Percent Change":"0.00 %",
        "Volume":"1,600.00"
    },
    {
        "Symbol":"SAGF",
        "Date":"2024-03-26",
        "Open":8.71,
        "High":8.8,
        "Low":8.56,
        "Close":8.8,
        "Percent Change":"1.03 %",
        "Volume":"800.00"
    },
    {
        "Symbol":"SAGF",
        "Date":"2024-03-25",
        "Open":8.38,
        "High":8.71,
        "Low":8.38,
        "Close":8.71,
        "Percent Change":"1.87 %",
        "Volume":"2,500.00"
    },
    {
        "Symbol":"SAGF",
        "Date":"2024-03-21",
        "Open":8.7,
        "High":8.7,
        "Low":8.53,
        "Close":8.55,
        "Percent Change":"-1.27 %",
        "Volume":"2,050.00"
    },
    {
        "Symbol":"SAGF",
        "Date":"2024-03-20",
        "Open":8.64,
        "High":8.81,
        "Low":8.53,
        "Close":8.66,
        "Percent Change":"0.23 %",
        "Volume":"2,200.00"
    },
    {
        "Symbol":"SAGF",
        "Date":"2024-03-19",
        "Open":9.02,
        "High":9.03,
        "Low":8.55,
        "Close":8.64,
        "Percent Change":"-2.59 %",
        "Volume":"6,200.00"
    },
    {
        "Symbol":"SAGF",
        "Date":"2024-03-18",
        "Open":8.67,
        "High":8.87,
        "Low":8.67,
        "Close":8.87,
        "Percent Change":"4.35 %",
        "Volume":"5,400.00"
    },
    {
        "Symbol":"SAGF",
        "Date":"2024-03-17",
        "Open":8.5,
        "High":8.6,
        "Low":8.46,
        "Close":8.5,
        "Percent Change":"-0.23 %",
        "Volume":"1,800.00"
    },
    {
        "Symbol":"SAGF",
        "Date":"2024-03-14",
        "Open":8.41,
        "High":8.57,
        "Low":8.41,
        "Close":8.52,
        "Percent Change":"1.19 %",
        "Volume":"1,400.00"
    },
    {
        "Symbol":"SAGF",
        "Date":"2024-03-13",
        "Open":8.4,
        "High":8.45,
        "Low":8.38,
        "Close":8.42,
        "Percent Change":"-0.36 %",
        "Volume":"1,200.00"
    },
    {
        "Symbol":"SAGF",
        "Date":"2024-03-12",
        "Open":8.37,
        "High":8.59,
        "Low":8.37,
        "Close":8.45,
        "Percent Change":"-0.59 %",
        "Volume":"1,700.00"
    },
    {
        "Symbol":"SAGF",
        "Date":"2024-03-10",
        "Open":8.31,
        "High":8.5,
        "Low":8.31,
        "Close":8.5,
        "Percent Change":"1.55 %",
        "Volume":"1,700.00"
    },
    {
        "Symbol":"SAGF",
        "Date":"2024-03-07",
        "Open":8.32,
        "High":8.37,
        "Low":8.32,
        "Close":8.37,
        "Percent Change":"0.72 %",
        "Volume":"1,950.00"
    },
    {
        "Symbol":"SAGF",
        "Date":"2024-03-06",
        "Open":8.31,
        "High":8.4,
        "Low":8.31,
        "Close":8.31,
        "Percent Change":"0.00 %",
        "Volume":"1,300.00"
    },
    {
        "Symbol":"SAGF",
        "Date":"2024-03-05",
        "Open":8.29,
        "High":8.32,
        "Low":8.29,
        "Close":8.31,
        "Percent Change":"0.36 %",
        "Volume":"1,100.00"
    },
    {
        "Symbol":"SAGF",
        "Date":"2024-03-03",
        "Open":8.45,
        "High":8.45,
        "Low":8.15,
        "Close":8.28,
        "Percent Change":"-3.94 %",
        "Volume":"910.00"
    },
    {
        "Symbol":"SAGF",
        "Date":"2024-02-29",
        "Open":8.6,
        "High":8.62,
        "Low":8.6,
        "Close":8.62,
        "Percent Change":"-0.35 %",
        "Volume":"650.00"
    },
    {
        "Symbol":"SAGF",
        "Date":"2024-02-28",
        "Open":8.61,
        "High":8.65,
        "Low":8.61,
        "Close":8.65,
        "Percent Change":"0.46 %",
        "Volume":"700.00"
    },
    {
        "Symbol":"SAGF",
        "Date":"2024-02-27",
        "Open":8.5,
        "High":8.61,
        "Low":8.5,
        "Close":8.61,
        "Percent Change":"0.00 %",
        "Volume":"3,500.00"
    },
    {
        "Symbol":"SAGF",
        "Date":"2024-02-26",
        "Open":8.6,
        "High":8.64,
        "Low":8.6,
        "Close":8.61,
        "Percent Change":"0.12 %",
        "Volume":"1,500.00"
    },
    {
        "Symbol":"SAGF",
        "Date":"2024-02-25",
        "Open":8.6,
        "High":8.77,
        "Low":8.6,
        "Close":8.6,
        "Percent Change":"-0.35 %",
        "Volume":"1,400.00"
    },
    {
        "Symbol":"SAGF",
        "Date":"2024-02-22",
        "Open":8.6,
        "High":8.7,
        "Low":8.6,
        "Close":8.63,
        "Percent Change":"0.12 %",
        "Volume":"1,000.00"
    },
    {
        "Symbol":"SAGF",
        "Date":"2024-02-21",
        "Open":8.6,
        "High":8.62,
        "Low":8.6,
        "Close":8.62,
        "Percent Change":"0.12 %",
        "Volume":"700.00"
    },
    {
        "Symbol":"SAGF",
        "Date":"2024-02-20",
        "Open":8.62,
        "High":8.64,
        "Low":8.61,
        "Close":8.61,
        "Percent Change":"-1.03 %",
        "Volume":"800.00"
    },
    {
        "Symbol":"SAGF",
        "Date":"2024-02-18",
        "Open":8.61,
        "High":8.7,
        "Low":8.61,
        "Close":8.7,
        "Percent Change":"0.81 %",
        "Volume":"2,250.00"
    },
    {
        "Symbol":"SAGF",
        "Date":"2024-02-15",
        "Open":8.53,
        "High":8.75,
        "Low":8.53,
        "Close":8.63,
        "Percent Change":"1.17 %",
        "Volume":"4,850.00"
    },
    {
        "Symbol":"SAGF",
        "Date":"2024-02-14",
        "Open":8.45,
        "High":8.53,
        "Low":8.45,
        "Close":8.53,
        "Percent Change":"0.71 %",
        "Volume":"800.00"
    },
    {
        "Symbol":"SAGF",
        "Date":"2024-02-13",
        "Open":8.44,
        "High":8.48,
        "Low":8.44,
        "Close":8.47,
        "Percent Change":"-0.35 %",
        "Volume":"1,800.00"
    },
    {
        "Symbol":"SAGF",
        "Date":"2024-02-12",
        "Open":8.45,
        "High":8.64,
        "Low":8.4,
        "Close":8.5,
        "Percent Change":"0.59 %",
        "Volume":"1,500.00"
    },
    {
        "Symbol":"SAGF",
        "Date":"2024-02-11",
        "Open":8.33,
        "High":8.59,
        "Low":8.33,
        "Close":8.45,
        "Percent Change":"-0.59 %",
        "Volume":"2,400.00"
    },
    {
        "Symbol":"SAGF",
        "Date":"2024-02-08",
        "Open":8.33,
        "High":8.5,
        "Low":8.33,
        "Close":8.5,
        "Percent Change":"0.00 %",
        "Volume":"1,200.00"
    },
    {
        "Symbol":"SAGF",
        "Date":"2024-02-07",
        "Open":8.43,
        "High":8.53,
        "Low":8.35,
        "Close":8.5,
        "Percent Change":"-1.16 %",
        "Volume":"3,200.00"
    },
    {
        "Symbol":"SAGF",
        "Date":"2024-02-06",
        "Open":8.72,
        "High":8.72,
        "Low":8.59,
        "Close":8.6,
        "Percent Change":"-3.26 %",
        "Volume":"1,600.00"
    },
    {
        "Symbol":"SAGF",
        "Date":"2024-02-05",
        "Open":8.9,
        "High":9.01,
        "Low":8.89,
        "Close":8.89,
        "Percent Change":"0.00 %",
        "Volume":"3,100.00"
    },
    {
        "Symbol":"SAGF",
        "Date":"2024-02-04",
        "Open":8.9,
        "High":8.9,
        "Low":8.89,
        "Close":8.89,
        "Percent Change":"-1.33 %",
        "Volume":"2,200.00"
    },
    {
        "Symbol":"SAGF",
        "Date":"2024-02-01",
        "Open":8.9,
        "High":9.03,
        "Low":8.9,
        "Close":9.01,
        "Percent Change":"1.12 %",
        "Volume":"2,700.00"
    },
    {
        "Symbol":"SAGF",
        "Date":"2024-01-31",
        "Open":8.91,
        "High":9.05,
        "Low":8.9,
        "Close":8.91,
        "Percent Change":"0.22 %",
        "Volume":"5,450.00"
    },
    {
        "Symbol":"SAGF",
        "Date":"2024-01-30",
        "Open":8.89,
        "High":8.9,
        "Low":8.89,
        "Close":8.89,
        "Percent Change":"-0.11 %",
        "Volume":"2,500.00"
    },
    {
        "Symbol":"SAGF",
        "Date":"2024-01-29",
        "Open":8.89,
        "High":9.06,
        "Low":8.89,
        "Close":8.9,
        "Percent Change":"-1.87 %",
        "Volume":"1,200.00"
    },
    {
        "Symbol":"SAGF",
        "Date":"2024-01-28",
        "Open":8.9,
        "High":9.07,
        "Low":8.9,
        "Close":9.07,
        "Percent Change":"1.34 %",
        "Volume":"4,300.00"
    },
    {
        "Symbol":"SAGF",
        "Date":"2024-01-25",
        "Open":8.89,
        "High":9.0,
        "Low":8.89,
        "Close":8.95,
        "Percent Change":"0.67 %",
        "Volume":"3,550.00"
    },
    {
        "Symbol":"SAGF",
        "Date":"2024-01-24",
        "Open":8.89,
        "High":8.9,
        "Low":8.89,
        "Close":8.89,
        "Percent Change":"0.00 %",
        "Volume":"1,150.00"
    },
    {
        "Symbol":"SAGF",
        "Date":"2024-01-23",
        "Open":8.89,
        "High":8.89,
        "Low":8.89,
        "Close":8.89,
        "Percent Change":"-0.11 %",
        "Volume":"3,110.00"
    },
    {
        "Symbol":"SAGF",
        "Date":"2024-01-22",
        "Open":8.89,
        "High":8.92,
        "Low":8.89,
        "Close":8.9,
        "Percent Change":"0.00 %",
        "Volume":"1,800.00"
    },
    {
        "Symbol":"SAGF",
        "Date":"2024-01-21",
        "Open":8.9,
        "High":8.9,
        "Low":8.9,
        "Close":8.9,
        "Percent Change":"0.00 %",
        "Volume":"2,200.00"
    },
    {
        "Symbol":"SAGF",
        "Date":"2024-01-18",
        "Open":8.74,
        "High":8.91,
        "Low":8.74,
        "Close":8.9,
        "Percent Change":"0.00 %",
        "Volume":"1,500.00"
    },
    {
        "Symbol":"SAGF",
        "Date":"2024-01-17",
        "Open":9.0,
        "High":9.0,
        "Low":8.85,
        "Close":8.9,
        "Percent Change":"-3.05 %",
        "Volume":"2,600.00"
    },
    {
        "Symbol":"SAGF",
        "Date":"2024-01-16",
        "Open":9.0,
        "High":9.18,
        "Low":9.0,
        "Close":9.18,
        "Percent Change":"0.00 %",
        "Volume":"1,000.00"
    },
    {
        "Symbol":"SAGF",
        "Date":"2024-01-14",
        "Open":8.82,
        "High":9.18,
        "Low":8.82,
        "Close":9.18,
        "Percent Change":"2.00 %",
        "Volume":"4,300.00"
    },
    {
        "Symbol":"SAGF",
        "Date":"2024-01-11",
        "Open":8.92,
        "High":9.1,
        "Low":8.92,
        "Close":9.0,
        "Percent Change":"-1.10 %",
        "Volume":"4,350.00"
    },
    {
        "Symbol":"SAGF",
        "Date":"2024-01-10",
        "Open":9.0,
        "High":9.1,
        "Low":9.0,
        "Close":9.1,
        "Percent Change":"1.11 %",
        "Volume":"3,600.00"
    },
    {
        "Symbol":"SAGF",
        "Date":"2024-01-09",
        "Open":9.0,
        "High":9.0,
        "Low":9.0,
        "Close":9.0,
        "Percent Change":"0.00 %",
        "Volume":"11,195.00"
    },
    {
        "Symbol":"SAGF",
        "Date":"2024-01-08",
        "Open":8.78,
        "High":9.0,
        "Low":8.78,
        "Close":9.0,
        "Percent Change":"0.56 %",
        "Volume":"3,100.00"
    },
    {
        "Symbol":"SAGF",
        "Date":"2024-01-07",
        "Open":8.95,
        "High":8.95,
        "Low":8.95,
        "Close":8.95,
        "Percent Change":"-1.65 %",
        "Volume":"900.00"
    },
    {
        "Symbol":"SAGF",
        "Date":"2024-01-04",
        "Open":9.0,
        "High":9.1,
        "Low":9.0,
        "Close":9.1,
        "Percent Change":"0.00 %",
        "Volume":"23,980.00"
    },
    {
        "Symbol":"SAGF",
        "Date":"2024-01-02",
        "Open":9.2,
        "High":9.2,
        "Low":9.1,
        "Close":9.1,
        "Percent Change":"-1.09 %",
        "Volume":"23,275.00"
    },
    {
        "Symbol":"SAGF",
        "Date":"2024-01-01",
        "Open":8.59,
        "High":9.2,
        "Low":8.5,
        "Close":9.2,
        "Percent Change":"7.10 %",
        "Volume":"22,920.00"
    },
    {
        "Symbol":"SAGF",
        "Date":"2023-12-28",
        "Open":8.32,
        "High":8.59,
        "Low":8.32,
        "Close":8.59,
        "Percent Change":"1.90 %",
        "Volume":"1,600.00"
    },
    {
        "Symbol":"SAGF",
        "Date":"2023-12-27",
        "Open":8.21,
        "High":8.43,
        "Low":8.21,
        "Close":8.43,
        "Percent Change":"2.80 %",
        "Volume":"4,250.00"
    },
    {
        "Symbol":"SAGF",
        "Date":"2023-12-24",
        "Open":8.27,
        "High":8.27,
        "Low":8.17,
        "Close":8.2,
        "Percent Change":"-2.73 %",
        "Volume":"3,700.00"
    },
    {
        "Symbol":"SAGF",
        "Date":"2023-12-21",
        "Open":8.51,
        "High":8.51,
        "Low":8.4,
        "Close":8.43,
        "Percent Change":"0.96 %",
        "Volume":"47,900.00"
    },
    {
        "Symbol":"SAGF",
        "Date":"2023-12-20",
        "Open":8.24,
        "High":8.44,
        "Low":8.24,
        "Close":8.35,
        "Percent Change":"1.71 %",
        "Volume":"6,900.00"
    },
    {
        "Symbol":"SAGF",
        "Date":"2023-12-19",
        "Open":8.0,
        "High":8.37,
        "Low":8.0,
        "Close":8.21,
        "Percent Change":"1.86 %",
        "Volume":"4,750.00"
    },
    {
        "Symbol":"SAGF",
        "Date":"2023-12-18",
        "Open":8.01,
        "High":8.17,
        "Low":8.01,
        "Close":8.06,
        "Percent Change":"0.12 %",
        "Volume":"2,200.00"
    },
    {
        "Symbol":"SAGF",
        "Date":"2023-12-17",
        "Open":7.92,
        "High":8.09,
        "Low":7.92,
        "Close":8.05,
        "Percent Change":"0.63 %",
        "Volume":"1,200.00"
    },
    {
        "Symbol":"SAGF",
        "Date":"2023-12-14",
        "Open":7.99,
        "High":8.0,
        "Low":7.99,
        "Close":8.0,
        "Percent Change":"-1.23 %",
        "Volume":"1,800.00"
    },
    {
        "Symbol":"SAGF",
        "Date":"2023-12-13",
        "Open":7.88,
        "High":8.1,
        "Low":7.88,
        "Close":8.1,
        "Percent Change":"2.79 %",
        "Volume":"1,100.00"
    },
    {
        "Symbol":"SAGF",
        "Date":"2023-12-12",
        "Open":7.86,
        "High":8.0,
        "Low":7.86,
        "Close":7.88,
        "Percent Change":"0.25 %",
        "Volume":"15,200.00"
    },
    {
        "Symbol":"SAGF",
        "Date":"2023-12-11",
        "Open":7.8,
        "High":7.86,
        "Low":7.8,
        "Close":7.86,
        "Percent Change":"-1.13 %",
        "Volume":"1,400.00"
    },
    {
        "Symbol":"SAGF",
        "Date":"2023-12-07",
        "Open":7.8,
        "High":7.95,
        "Low":7.8,
        "Close":7.95,
        "Percent Change":"1.92 %",
        "Volume":"1,500.00"
    },
    {
        "Symbol":"SAGF",
        "Date":"2023-12-06",
        "Open":7.7,
        "High":7.8,
        "Low":7.7,
        "Close":7.8,
        "Percent Change":"-0.64 %",
        "Volume":"1,400.00"
    },
    {
        "Symbol":"SAGF",
        "Date":"2023-12-05",
        "Open":7.8,
        "High":7.85,
        "Low":7.8,
        "Close":7.85,
        "Percent Change":"0.00 %",
        "Volume":"300.00"
    },
    {
        "Symbol":"SAGF",
        "Date":"2023-12-04",
        "Open":7.75,
        "High":7.85,
        "Low":7.75,
        "Close":7.85,
        "Percent Change":"0.00 %",
        "Volume":"1,200.00"
    },
    {
        "Symbol":"SAGF",
        "Date":"2023-12-03",
        "Open":7.7,
        "High":7.85,
        "Low":7.7,
        "Close":7.85,
        "Percent Change":"0.00 %",
        "Volume":"1,900.00"
    },
    {
        "Symbol":"SAGF",
        "Date":"2023-11-30",
        "Open":7.66,
        "High":7.85,
        "Low":7.66,
        "Close":7.85,
        "Percent Change":"0.64 %",
        "Volume":"2,100.00"
    },
    {
        "Symbol":"SAGF",
        "Date":"2023-11-29",
        "Open":7.79,
        "High":7.8,
        "Low":7.79,
        "Close":7.8,
        "Percent Change":"0.39 %",
        "Volume":"300.00"
    },
    {
        "Symbol":"SAGF",
        "Date":"2023-11-28",
        "Open":7.75,
        "High":7.77,
        "Low":7.75,
        "Close":7.77,
        "Percent Change":"0.00 %",
        "Volume":"1,100.00"
    },
    {
        "Symbol":"SAGF",
        "Date":"2023-11-27",
        "Open":7.71,
        "High":7.77,
        "Low":7.71,
        "Close":7.77,
        "Percent Change":"0.26 %",
        "Volume":"101,400.00"
    },
    {
        "Symbol":"SAGF",
        "Date":"2023-11-26",
        "Open":7.61,
        "High":7.75,
        "Low":7.61,
        "Close":7.75,
        "Percent Change":"0.00 %",
        "Volume":"1,100.00"
    },
    {
        "Symbol":"SAGF",
        "Date":"2023-11-23",
        "Open":7.75,
        "High":7.8,
        "Low":7.75,
        "Close":7.75,
        "Percent Change":"-1.90 %",
        "Volume":"2,900.00"
    },
    {
        "Symbol":"SAGF",
        "Date":"2023-11-22",
        "Open":7.84,
        "High":8.0,
        "Low":7.84,
        "Close":7.9,
        "Percent Change":"-1.25 %",
        "Volume":"2,000.00"
    },
    {
        "Symbol":"SAGF",
        "Date":"2023-11-21",
        "Open":7.78,
        "High":8.0,
        "Low":7.78,
        "Close":8.0,
        "Percent Change":"0.88 %",
        "Volume":"25,600.00"
    },
    {
        "Symbol":"SAGF",
        "Date":"2023-11-20",
        "Open":7.9,
        "High":7.93,
        "Low":7.9,
        "Close":7.93,
        "Percent Change":"1.67 %",
        "Volume":"680.00"
    },
    {
        "Symbol":"SAGF",
        "Date":"2023-11-09",
        "Open":7.8,
        "High":7.8,
        "Low":7.8,
        "Close":7.8,
        "Percent Change":"0.00 %",
        "Volume":"300.00"
    },
    {
        "Symbol":"SAGF",
        "Date":"2023-11-08",
        "Open":7.8,
        "High":7.8,
        "Low":7.8,
        "Close":7.8,
        "Percent Change":"-1.27 %",
        "Volume":"11,900.00"
    },
    {
        "Symbol":"SAGF",
        "Date":"2023-11-07",
        "Open":7.85,
        "High":7.9,
        "Low":7.85,
        "Close":7.9,
        "Percent Change":"0.64 %",
        "Volume":"900.00"
    },
    {
        "Symbol":"SAGF",
        "Date":"2023-11-06",
        "Open":7.81,
        "High":7.85,
        "Low":7.81,
        "Close":7.85,
        "Percent Change":"-0.13 %",
        "Volume":"1,400.00"
    },
    {
        "Symbol":"SAGF",
        "Date":"2023-11-05",
        "Open":7.8,
        "High":7.86,
        "Low":7.8,
        "Close":7.86,
        "Percent Change":"0.77 %",
        "Volume":"700.00"
    },
    {
        "Symbol":"SAGF",
        "Date":"2023-11-02",
        "Open":7.72,
        "High":7.8,
        "Low":7.72,
        "Close":7.8,
        "Percent Change":"-0.89 %",
        "Volume":"300.00"
    },
    {
        "Symbol":"SAGF",
        "Date":"2023-11-01",
        "Open":7.84,
        "High":7.9,
        "Low":7.84,
        "Close":7.87,
        "Percent Change":"-1.63 %",
        "Volume":"1,000.00"
    },
    {
        "Symbol":"SAGF",
        "Date":"2023-10-31",
        "Open":7.87,
        "High":8.0,
        "Low":7.87,
        "Close":8.0,
        "Percent Change":"1.65 %",
        "Volume":"700.00"
    },
    {
        "Symbol":"SAGF",
        "Date":"2023-10-30",
        "Open":7.81,
        "High":7.87,
        "Low":7.81,
        "Close":7.87,
        "Percent Change":"-0.38 %",
        "Volume":"1,050.00"
    },
    {
        "Symbol":"SAGF",
        "Date":"2023-10-29",
        "Open":7.87,
        "High":8.0,
        "Low":7.87,
        "Close":7.9,
        "Percent Change":"-0.63 %",
        "Volume":"1,700.00"
    },
    {
        "Symbol":"SAGF",
        "Date":"2023-10-19",
        "Open":7.8,
        "High":7.95,
        "Low":7.8,
        "Close":7.95,
        "Percent Change":"0.51 %",
        "Volume":"300.00"
    },
    {
        "Symbol":"SAGF",
        "Date":"2023-10-18",
        "Open":7.7,
        "High":7.91,
        "Low":7.7,
        "Close":7.91,
        "Percent Change":"0.76 %",
        "Volume":"900.00"
    },
    {
        "Symbol":"SAGF",
        "Date":"2023-10-17",
        "Open":8.15,
        "High":8.15,
        "Low":7.85,
        "Close":7.85,
        "Percent Change":"-5.42 %",
        "Volume":"11,420.00"
    },
    {
        "Symbol":"SAGF",
        "Date":"2023-10-16",
        "Open":8.46,
        "High":8.46,
        "Low":8.3,
        "Close":8.3,
        "Percent Change":"-3.82 %",
        "Volume":"400.00"
    },
    {
        "Symbol":"SAGF",
        "Date":"2023-10-12",
        "Open":7.76,
        "High":8.63,
        "Low":7.76,
        "Close":8.63,
        "Percent Change":"9.94 %",
        "Volume":"1,700.00"
    },
    {
        "Symbol":"SAGF",
        "Date":"2023-10-11",
        "Open":7.81,
        "High":7.95,
        "Low":7.81,
        "Close":7.85,
        "Percent Change":"-0.51 %",
        "Volume":"2,500.00"
    },
    {
        "Symbol":"SAGF",
        "Date":"2023-10-10",
        "Open":8.1,
        "High":8.1,
        "Low":7.81,
        "Close":7.89,
        "Percent Change":"-4.48 %",
        "Volume":"1,000.00"
    },
    {
        "Symbol":"SAGF",
        "Date":"2023-10-09",
        "Open":8.1,
        "High":8.26,
        "Low":8.1,
        "Close":8.26,
        "Percent Change":"0.00 %",
        "Volume":"2,675.00"
    },
    {
        "Symbol":"SAGF",
        "Date":"2023-10-08",
        "Open":7.95,
        "High":8.42,
        "Low":7.95,
        "Close":8.26,
        "Percent Change":"1.98 %",
        "Volume":"5,580.00"
    },
    {
        "Symbol":"SAGF",
        "Date":"2023-10-05",
        "Open":8.16,
        "High":8.16,
        "Low":8.02,
        "Close":8.1,
        "Percent Change":"-2.64 %",
        "Volume":"2,160.00"
    },
    {
        "Symbol":"SAGF",
        "Date":"2023-10-04",
        "Open":8.0,
        "High":8.32,
        "Low":8.0,
        "Close":8.32,
        "Percent Change":"4.00 %",
        "Volume":"2,400.00"
    },
    {
        "Symbol":"SAGF",
        "Date":"2023-10-03",
        "Open":8.0,
        "High":8.16,
        "Low":7.9,
        "Close":8.0,
        "Percent Change":"-1.96 %",
        "Volume":"3,800.00"
    },
    {
        "Symbol":"SAGF",
        "Date":"2023-10-02",
        "Open":7.9,
        "High":8.16,
        "Low":7.9,
        "Close":8.16,
        "Percent Change":"3.29 %",
        "Volume":"1,720.00"
    },
    {
        "Symbol":"SAGF",
        "Date":"2023-10-01",
        "Open":8.14,
        "High":8.14,
        "Low":7.86,
        "Close":7.9,
        "Percent Change":"-4.82 %",
        "Volume":"1,800.00"
    },
    {
        "Symbol":"SAGF",
        "Date":"2023-09-27",
        "Open":8.0,
        "High":8.3,
        "Low":7.84,
        "Close":8.3,
        "Percent Change":"5.73 %",
        "Volume":"23,830.00"
    },
    {
        "Symbol":"SAGF",
        "Date":"2023-09-26",
        "Open":7.8,
        "High":7.9,
        "Low":7.8,
        "Close":7.85,
        "Percent Change":"0.64 %",
        "Volume":"900.00"
    },
    {
        "Symbol":"SAGF",
        "Date":"2023-09-25",
        "Open":7.7,
        "High":7.8,
        "Low":7.7,
        "Close":7.8,
        "Percent Change":"0.00 %",
        "Volume":"1,300.00"
    },
    {
        "Symbol":"SAGF",
        "Date":"2023-09-24",
        "Open":7.72,
        "High":7.9,
        "Low":7.72,
        "Close":7.8,
        "Percent Change":"1.30 %",
        "Volume":"1,500.00"
    },
    {
        "Symbol":"SAGF",
        "Date":"2023-09-21",
        "Open":7.5,
        "High":7.77,
        "Low":7.5,
        "Close":7.7,
        "Percent Change":"1.18 %",
        "Volume":"1,100.00"
    },
    {
        "Symbol":"SAGF",
        "Date":"2023-09-19",
        "Open":7.57,
        "High":7.61,
        "Low":7.57,
        "Close":7.61,
        "Percent Change":"-1.30 %",
        "Volume":"300.00"
    },
    {
        "Symbol":"SAGF",
        "Date":"2023-09-18",
        "Open":7.65,
        "High":7.71,
        "Low":7.65,
        "Close":7.71,
        "Percent Change":"-0.64 %",
        "Volume":"26,400.00"
    },
    {
        "Symbol":"SAGF",
        "Date":"2023-09-17",
        "Open":7.75,
        "High":7.85,
        "Low":7.75,
        "Close":7.76,
        "Percent Change":"-1.15 %",
        "Volume":"1,200.00"
    },
    {
        "Symbol":"SAGF",
        "Date":"2023-09-13",
        "Open":7.8,
        "High":7.95,
        "Low":7.8,
        "Close":7.85,
        "Percent Change":"0.64 %",
        "Volume":"800.00"
    },
    {
        "Symbol":"SAGF",
        "Date":"2023-09-12",
        "Open":7.67,
        "High":7.82,
        "Low":7.67,
        "Close":7.8,
        "Percent Change":"-0.13 %",
        "Volume":"1,200.00"
    },
    {
        "Symbol":"SAGF",
        "Date":"2023-09-11",
        "Open":7.75,
        "High":7.82,
        "Low":7.75,
        "Close":7.81,
        "Percent Change":"2.76 %",
        "Volume":"600.00"
    },
    {
        "Symbol":"SAGF",
        "Date":"2023-09-10",
        "Open":7.31,
        "High":7.6,
        "Low":7.31,
        "Close":7.6,
        "Percent Change":"2.70 %",
        "Volume":"1,300.00"
    },
    {
        "Symbol":"SAGF",
        "Date":"2023-09-07",
        "Open":7.84,
        "High":7.84,
        "Low":7.35,
        "Close":7.4,
        "Percent Change":"-7.50 %",
        "Volume":"750.00"
    },
    {
        "Symbol":"SAGF",
        "Date":"2023-09-04",
        "Open":8.0,
        "High":8.1,
        "Low":8.0,
        "Close":8.0,
        "Percent Change":"-1.23 %",
        "Volume":"2,500.00"
    },
    {
        "Symbol":"SAGF",
        "Date":"2023-09-03",
        "Open":8.0,
        "High":8.1,
        "Low":8.0,
        "Close":8.1,
        "Percent Change":"0.00 %",
        "Volume":"1,250.00"
    },
    {
        "Symbol":"SAGF",
        "Date":"2023-08-30",
        "Open":8.0,
        "High":8.1,
        "Low":8.0,
        "Close":8.1,
        "Percent Change":"1.25 %",
        "Volume":"500.00"
    },
    {
        "Symbol":"SAGF",
        "Date":"2023-08-29",
        "Open":8.0,
        "High":8.0,
        "Low":8.0,
        "Close":8.0,
        "Percent Change":"0.00 %",
        "Volume":"300.00"
    },
    {
        "Symbol":"SAGF",
        "Date":"2023-08-28",
        "Open":8.0,
        "High":8.16,
        "Low":8.0,
        "Close":8.0,
        "Percent Change":"0.00 %",
        "Volume":"1,225.00"
    },
    {
        "Symbol":"SAGF",
        "Date":"2023-08-27",
        "Open":7.9,
        "High":8.05,
        "Low":7.9,
        "Close":8.0,
        "Percent Change":"1.27 %",
        "Volume":"1,100.00"
    },
    {
        "Symbol":"SAGF",
        "Date":"2023-08-24",
        "Open":7.91,
        "High":7.91,
        "Low":7.9,
        "Close":7.9,
        "Percent Change":"-1.25 %",
        "Volume":"1,800.00"
    },
    {
        "Symbol":"SAGF",
        "Date":"2023-08-23",
        "Open":8.0,
        "High":8.1,
        "Low":8.0,
        "Close":8.0,
        "Percent Change":"0.00 %",
        "Volume":"1,800.00"
    },
    {
        "Symbol":"SAGF",
        "Date":"2023-08-22",
        "Open":8.0,
        "High":8.02,
        "Low":8.0,
        "Close":8.0,
        "Percent Change":"-1.23 %",
        "Volume":"610.00"
    },
    {
        "Symbol":"SAGF",
        "Date":"2023-08-21",
        "Open":7.91,
        "High":8.1,
        "Low":7.91,
        "Close":8.1,
        "Percent Change":"1.25 %",
        "Volume":"2,400.00"
    },
    {
        "Symbol":"SAGF",
        "Date":"2023-08-20",
        "Open":7.77,
        "High":8.0,
        "Low":7.63,
        "Close":8.0,
        "Percent Change":"1.01 %",
        "Volume":"2,350.00"
    },
    {
        "Symbol":"SAGF",
        "Date":"2023-08-17",
        "Open":7.95,
        "High":8.09,
        "Low":7.92,
        "Close":7.92,
        "Percent Change":"-0.25 %",
        "Volume":"1,800.00"
    },
    {
        "Symbol":"SAGF",
        "Date":"2023-08-16",
        "Open":7.91,
        "High":8.06,
        "Low":7.91,
        "Close":7.94,
        "Percent Change":"-1.12 %",
        "Volume":"700.00"
    },
    {
        "Symbol":"SAGF",
        "Date":"2023-08-15",
        "Open":8.0,
        "High":8.1,
        "Low":8.0,
        "Close":8.03,
        "Percent Change":"-0.86 %",
        "Volume":"1,100.00"
    },
    {
        "Symbol":"SAGF",
        "Date":"2023-08-14",
        "Open":8.3,
        "High":8.3,
        "Low":8.1,
        "Close":8.1,
        "Percent Change":"-3.69 %",
        "Volume":"2,300.00"
    },
    {
        "Symbol":"SAGF",
        "Date":"2023-08-13",
        "Open":8.2,
        "High":8.41,
        "Low":8.1,
        "Close":8.41,
        "Percent Change":"4.08 %",
        "Volume":"8,300.00"
    },
    {
        "Symbol":"SAGF",
        "Date":"2023-08-10",
        "Open":8.02,
        "High":8.18,
        "Low":7.99,
        "Close":8.08,
        "Percent Change":"0.37 %",
        "Volume":"1,100.00"
    },
    {
        "Symbol":"SAGF",
        "Date":"2023-08-09",
        "Open":8.06,
        "High":8.06,
        "Low":8.05,
        "Close":8.05,
        "Percent Change":"-1.95 %",
        "Volume":"300.00"
    },
    {
        "Symbol":"SAGF",
        "Date":"2023-08-08",
        "Open":8.0,
        "High":8.21,
        "Low":7.96,
        "Close":8.21,
        "Percent Change":"1.36 %",
        "Volume":"2,500.00"
    },
    {
        "Symbol":"SAGF",
        "Date":"2023-08-07",
        "Open":8.3,
        "High":8.31,
        "Low":8.0,
        "Close":8.1,
        "Percent Change":"-4.26 %",
        "Volume":"2,900.00"
    },
    {
        "Symbol":"SAGF",
        "Date":"2023-08-06",
        "Open":8.5,
        "High":8.5,
        "Low":8.46,
        "Close":8.46,
        "Percent Change":"0.12 %",
        "Volume":"700.00"
    },
    {
        "Symbol":"SAGF",
        "Date":"2023-08-03",
        "Open":8.13,
        "High":8.45,
        "Low":8.13,
        "Close":8.45,
        "Percent Change":"1.93 %",
        "Volume":"1,200.00"
    },
    {
        "Symbol":"SAGF",
        "Date":"2023-08-02",
        "Open":8.26,
        "High":8.29,
        "Low":8.2,
        "Close":8.29,
        "Percent Change":"2.35 %",
        "Volume":"8,050.00"
    },
    {
        "Symbol":"SAGF",
        "Date":"2023-08-01",
        "Open":8.1,
        "High":8.1,
        "Low":8.01,
        "Close":8.1,
        "Percent Change":"1.12 %",
        "Volume":"700.00"
    },
    {
        "Symbol":"SAGF",
        "Date":"2023-07-31",
        "Open":8.19,
        "High":8.19,
        "Low":7.93,
        "Close":8.01,
        "Percent Change":"-2.55 %",
        "Volume":"950.00"
    },
    {
        "Symbol":"SAGF",
        "Date":"2023-07-30",
        "Open":8.07,
        "High":8.24,
        "Low":8.07,
        "Close":8.22,
        "Percent Change":"0.24 %",
        "Volume":"4,300.00"
    },
    {
        "Symbol":"SAGF",
        "Date":"2023-07-27",
        "Open":8.15,
        "High":8.2,
        "Low":8.15,
        "Close":8.2,
        "Percent Change":"-0.61 %",
        "Volume":"400.00"
    },
    {
        "Symbol":"SAGF",
        "Date":"2023-07-26",
        "Open":8.22,
        "High":8.27,
        "Low":8.06,
        "Close":8.25,
        "Percent Change":"-1.55 %",
        "Volume":"8,850.00"
    },
    {
        "Symbol":"SAGF",
        "Date":"2023-07-25",
        "Open":8.38,
        "High":8.38,
        "Low":8.38,
        "Close":8.38,
        "Percent Change":"-1.99 %",
        "Volume":"800.00"
    },
    {
        "Symbol":"SAGF",
        "Date":"2023-07-24",
        "Open":8.33,
        "High":8.55,
        "Low":8.33,
        "Close":8.55,
        "Percent Change":"0.94 %",
        "Volume":"1,325.00"
    },
    {
        "Symbol":"SAGF",
        "Date":"2023-07-23",
        "Open":8.4,
        "High":8.5,
        "Low":8.36,
        "Close":8.47,
        "Percent Change":"-0.35 %",
        "Volume":"1,600.00"
    },
    {
        "Symbol":"SAGF",
        "Date":"2023-07-20",
        "Open":8.75,
        "High":8.75,
        "Low":8.5,
        "Close":8.5,
        "Percent Change":"-2.86 %",
        "Volume":"1,620.00"
    },
    {
        "Symbol":"SAGF",
        "Date":"2023-07-19",
        "Open":8.71,
        "High":8.75,
        "Low":8.71,
        "Close":8.75,
        "Percent Change":"-1.46 %",
        "Volume":"500.00"
    },
    {
        "Symbol":"SAGF",
        "Date":"2023-07-18",
        "Open":9.06,
        "High":9.06,
        "Low":8.88,
        "Close":8.88,
        "Percent Change":"-3.90 %",
        "Volume":"300.00"
    },
    {
        "Symbol":"SAGF",
        "Date":"2023-07-17",
        "Open":9.8,
        "High":9.8,
        "Low":9.24,
        "Close":9.24,
        "Percent Change":"-7.51 %",
        "Volume":"1,755.00"
    },
    {
        "Symbol":"SAGF",
        "Date":"2023-07-16",
        "Open":8.91,
        "High":9.99,
        "Low":8.46,
        "Close":9.99,
        "Percent Change":"9.90 %",
        "Volume":"14,370.00"
    },
    {
        "Symbol":"SAGF",
        "Date":"2023-07-13",
        "Open":8.59,
        "High":9.09,
        "Low":8.59,
        "Close":9.09,
        "Percent Change":"7.83 %",
        "Volume":"2,700.00"
    },
    {
        "Symbol":"SAGF",
        "Date":"2023-07-12",
        "Open":8.28,
        "High":8.6,
        "Low":8.28,
        "Close":8.43,
        "Percent Change":"3.82 %",
        "Volume":"700.00"
    },
    {
        "Symbol":"SAGF",
        "Date":"2023-07-11",
        "Open":8.04,
        "High":8.12,
        "Low":8.04,
        "Close":8.12,
        "Percent Change":"-0.37 %",
        "Volume":"2,220.00"
    },
    {
        "Symbol":"SAGF",
        "Date":"2023-07-10",
        "Open":8.1,
        "High":8.15,
        "Low":8.1,
        "Close":8.15,
        "Percent Change":"0.00 %",
        "Volume":"1,000.00"
    },
    {
        "Symbol":"SAGF",
        "Date":"2023-07-09",
        "Open":8.1,
        "High":8.15,
        "Low":8.1,
        "Close":8.15,
        "Percent Change":"-0.61 %",
        "Volume":"900.00"
    },
    {
        "Symbol":"SAGF",
        "Date":"2023-07-06",
        "Open":8.2,
        "High":8.2,
        "Low":8.1,
        "Close":8.2,
        "Percent Change":"0.00 %",
        "Volume":"500.00"
    },
    {
        "Symbol":"SAGF",
        "Date":"2023-07-05",
        "Open":8.2,
        "High":8.32,
        "Low":8.2,
        "Close":8.2,
        "Percent Change":"-1.44 %",
        "Volume":"2,700.00"
    },
    {
        "Symbol":"SAGF",
        "Date":"2023-07-04",
        "Open":8.29,
        "High":8.32,
        "Low":8.29,
        "Close":8.32,
        "Percent Change":"-1.19 %",
        "Volume":"2,200.00"
    },
    {
        "Symbol":"SAGF",
        "Date":"2023-07-03",
        "Open":8.5,
        "High":8.58,
        "Low":8.41,
        "Close":8.42,
        "Percent Change":"0.00 %",
        "Volume":"15,175.00"
    },
    {
        "Symbol":"SAGF",
        "Date":"2023-07-02",
        "Open":8.0,
        "High":8.42,
        "Low":8.0,
        "Close":8.42,
        "Percent Change":"3.31 %",
        "Volume":"2,300.00"
    },
    {
        "Symbol":"SAGF",
        "Date":"2023-06-28",
        "Open":8.04,
        "High":8.2,
        "Low":8.04,
        "Close":8.15,
        "Percent Change":"-0.61 %",
        "Volume":"1,800.00"
    },
    {
        "Symbol":"SAGF",
        "Date":"2023-06-27",
        "Open":7.8,
        "High":8.2,
        "Low":7.8,
        "Close":8.2,
        "Percent Change":"3.14 %",
        "Volume":"4,550.00"
    },
    {
        "Symbol":"SAGF",
        "Date":"2023-06-26",
        "Open":7.97,
        "High":7.97,
        "Low":7.82,
        "Close":7.95,
        "Percent Change":"-0.25 %",
        "Volume":"3,625.00"
    },
    {
        "Symbol":"SAGF",
        "Date":"2023-06-25",
        "Open":8.0,
        "High":8.1,
        "Low":7.95,
        "Close":7.97,
        "Percent Change":"0.25 %",
        "Volume":"2,750.00"
    },
    {
        "Symbol":"SAGF",
        "Date":"2023-06-22",
        "Open":7.95,
        "High":7.95,
        "Low":7.95,
        "Close":7.95,
        "Percent Change":"-1.97 %",
        "Volume":"500.00"
    },
    {
        "Symbol":"SAGF",
        "Date":"2023-06-21",
        "Open":7.94,
        "High":8.11,
        "Low":7.94,
        "Close":8.11,
        "Percent Change":"0.12 %",
        "Volume":"1,150.00"
    },
    {
        "Symbol":"SAGF",
        "Date":"2023-06-20",
        "Open":7.87,
        "High":8.1,
        "Low":7.87,
        "Close":8.1,
        "Percent Change":"1.25 %",
        "Volume":"1,625.00"
    },
    {
        "Symbol":"SAGF",
        "Date":"2023-06-19",
        "Open":8.06,
        "High":8.07,
        "Low":7.92,
        "Close":8.0,
        "Percent Change":"-2.68 %",
        "Volume":"2,700.00"
    },
    {
        "Symbol":"SAGF",
        "Date":"2023-06-18",
        "Open":7.82,
        "High":8.22,
        "Low":7.7,
        "Close":8.22,
        "Percent Change":"3.14 %",
        "Volume":"3,445.00"
    },
    {
        "Symbol":"SAGF",
        "Date":"2023-06-15",
        "Open":7.97,
        "High":7.97,
        "Low":7.97,
        "Close":7.97,
        "Percent Change":"-1.85 %",
        "Volume":"200.00"
    },
    {
        "Symbol":"SAGF",
        "Date":"2023-06-14",
        "Open":8.15,
        "High":8.15,
        "Low":8.01,
        "Close":8.12,
        "Percent Change":"-2.29 %",
        "Volume":"1,000.00"
    },
    {
        "Symbol":"SAGF",
        "Date":"2023-06-13",
        "Open":8.0,
        "High":8.31,
        "Low":8.0,
        "Close":8.31,
        "Percent Change":"1.96 %",
        "Volume":"6,000.00"
    },
    {
        "Symbol":"SAGF",
        "Date":"2023-06-12",
        "Open":8.1,
        "High":8.15,
        "Low":7.95,
        "Close":8.15,
        "Percent Change":"0.00 %",
        "Volume":"1,500.00"
    },
    {
        "Symbol":"SAGF",
        "Date":"2023-06-11",
        "Open":8.0,
        "High":8.15,
        "Low":7.85,
        "Close":8.15,
        "Percent Change":"0.00 %",
        "Volume":"3,075.00"
    },
    {
        "Symbol":"SAGF",
        "Date":"2023-06-08",
        "Open":8.0,
        "High":8.15,
        "Low":8.0,
        "Close":8.15,
        "Percent Change":"0.00 %",
        "Volume":"800.00"
    },
    {
        "Symbol":"SAGF",
        "Date":"2023-06-07",
        "Open":8.0,
        "High":8.15,
        "Low":8.0,
        "Close":8.15,
        "Percent Change":"1.24 %",
        "Volume":"600.00"
    },
    {
        "Symbol":"SAGF",
        "Date":"2023-06-06",
        "Open":7.8,
        "High":8.05,
        "Low":7.8,
        "Close":8.05,
        "Percent Change":"2.29 %",
        "Volume":"2,375.00"
    },
    {
        "Symbol":"SAGF",
        "Date":"2023-06-05",
        "Open":7.81,
        "High":7.87,
        "Low":7.81,
        "Close":7.87,
        "Percent Change":"-0.88 %",
        "Volume":"5,000.00"
    },
    {
        "Symbol":"SAGF",
        "Date":"2023-06-04",
        "Open":8.0,
        "High":8.0,
        "Low":7.91,
        "Close":7.94,
        "Percent Change":"-0.75 %",
        "Volume":"1,050.00"
    },
    {
        "Symbol":"SAGF",
        "Date":"2023-06-01",
        "Open":7.82,
        "High":8.0,
        "Low":7.82,
        "Close":8.0,
        "Percent Change":"1.27 %",
        "Volume":"700.00"
    },
    {
        "Symbol":"SAGF",
        "Date":"2023-05-31",
        "Open":7.95,
        "High":7.95,
        "Low":7.85,
        "Close":7.9,
        "Percent Change":"-2.47 %",
        "Volume":"2,400.00"
    },
    {
        "Symbol":"SAGF",
        "Date":"2023-05-30",
        "Open":7.95,
        "High":8.1,
        "Low":7.81,
        "Close":8.1,
        "Percent Change":"0.25 %",
        "Volume":"2,325.00"
    },
    {
        "Symbol":"SAGF",
        "Date":"2023-05-28",
        "Open":8.04,
        "High":8.15,
        "Low":7.89,
        "Close":8.08,
        "Percent Change":"-1.46 %",
        "Volume":"3,800.00"
    },
    {
        "Symbol":"SAGF",
        "Date":"2023-05-24",
        "Open":8.2,
        "High":8.2,
        "Low":8.2,
        "Close":8.2,
        "Percent Change":"-1.20 %",
        "Volume":"800.00"
    },
    {
        "Symbol":"SAGF",
        "Date":"2023-05-23",
        "Open":8.05,
        "High":8.36,
        "Low":8.05,
        "Close":8.3,
        "Percent Change":"2.98 %",
        "Volume":"2,400.00"
    },
    {
        "Symbol":"SAGF",
        "Date":"2023-05-22",
        "Open":8.02,
        "High":8.18,
        "Low":8.02,
        "Close":8.06,
        "Percent Change":"0.12 %",
        "Volume":"600.00"
    },
    {
        "Symbol":"SAGF",
        "Date":"2023-05-21",
        "Open":8.0,
        "High":8.15,
        "Low":8.0,
        "Close":8.05,
        "Percent Change":"0.75 %",
        "Volume":"2,050.00"
    },
    {
        "Symbol":"SAGF",
        "Date":"2023-05-18",
        "Open":8.16,
        "High":8.16,
        "Low":7.99,
        "Close":7.99,
        "Percent Change":"-0.13 %",
        "Volume":"1,100.00"
    },
    {
        "Symbol":"SAGF",
        "Date":"2023-05-17",
        "Open":7.74,
        "High":8.0,
        "Low":7.74,
        "Close":8.0,
        "Percent Change":"3.36 %",
        "Volume":"1,800.00"
    },
    {
        "Symbol":"SAGF",
        "Date":"2023-05-16",
        "Open":7.57,
        "High":7.74,
        "Low":7.49,
        "Close":7.74,
        "Percent Change":"0.26 %",
        "Volume":"700.00"
    },
    {
        "Symbol":"SAGF",
        "Date":"2023-05-15",
        "Open":7.8,
        "High":7.8,
        "Low":7.72,
        "Close":7.72,
        "Percent Change":"-0.01 %",
        "Volume":"620.00"
    },
    {
        "Symbol":"SAGF",
        "Date":"2023-05-14",
        "Open":7.8,
        "High":7.9,
        "Low":7.8,
        "Close":7.8,
        "Percent Change":"-0.51 %",
        "Volume":"2,600.00"
    },
    {
        "Symbol":"SAGF",
        "Date":"2023-05-11",
        "Open":7.84,
        "High":7.84,
        "Low":7.84,
        "Close":7.84,
        "Percent Change":"-0.51 %",
        "Volume":"1,200.00"
    },
    {
        "Symbol":"SAGF",
        "Date":"2023-05-10",
        "Open":7.84,
        "High":7.88,
        "Low":7.84,
        "Close":7.88,
        "Percent Change":"0.00 %",
        "Volume":"1,800.00"
    },
    {
        "Symbol":"SAGF",
        "Date":"2023-05-09",
        "Open":7.84,
        "High":7.9,
        "Low":7.84,
        "Close":7.88,
        "Percent Change":"-1.13 %",
        "Volume":"700.00"
    },
    {
        "Symbol":"SAGF",
        "Date":"2023-05-08",
        "Open":7.93,
        "High":8.0,
        "Low":7.93,
        "Close":7.97,
        "Percent Change":"0.63 %",
        "Volume":"600.00"
    },
    {
        "Symbol":"SAGF",
        "Date":"2023-05-07",
        "Open":7.69,
        "High":7.99,
        "Low":7.69,
        "Close":7.92,
        "Percent Change":"1.02 %",
        "Volume":"900.00"
    },
    {
        "Symbol":"SAGF",
        "Date":"2023-05-04",
        "Open":7.61,
        "High":7.84,
        "Low":7.48,
        "Close":7.84,
        "Percent Change":"1.03 %",
        "Volume":"1,900.00"
    },
    {
        "Symbol":"SAGF",
        "Date":"2023-05-03",
        "Open":7.85,
        "High":7.85,
        "Low":7.73,
        "Close":7.76,
        "Percent Change":"-3.00 %",
        "Volume":"500.00"
    },
    {
        "Symbol":"SAGF",
        "Date":"2023-05-02",
        "Open":7.84,
        "High":8.16,
        "Low":7.84,
        "Close":8.0,
        "Percent Change":"0.00 %",
        "Volume":"1,850.00"
    },
    {
        "Symbol":"SAGF",
        "Date":"2023-04-30",
        "Open":8.0,
        "High":8.07,
        "Low":7.98,
        "Close":8.0,
        "Percent Change":"-1.36 %",
        "Volume":"900.00"
    },
    {
        "Symbol":"SAGF",
        "Date":"2023-04-27",
        "Open":7.97,
        "High":8.27,
        "Low":7.96,
        "Close":8.11,
        "Percent Change":"0.00 %",
        "Volume":"900.00"
    },
    {
        "Symbol":"SAGF",
        "Date":"2023-04-26",
        "Open":8.15,
        "High":8.15,
        "Low":8.1,
        "Close":8.11,
        "Percent Change":"-0.49 %",
        "Volume":"1,250.00"
    },
    {
        "Symbol":"SAGF",
        "Date":"2023-04-25",
        "Open":8.07,
        "High":8.35,
        "Low":8.07,
        "Close":8.15,
        "Percent Change":"-0.97 %",
        "Volume":"1,230.00"
    },
    {
        "Symbol":"SAGF",
        "Date":"2023-04-24",
        "Open":8.38,
        "High":8.38,
        "Low":8.23,
        "Close":8.23,
        "Percent Change":"-3.74 %",
        "Volume":"300.00"
    },
    {
        "Symbol":"SAGF",
        "Date":"2023-04-23",
        "Open":8.54,
        "High":8.56,
        "Low":8.4,
        "Close":8.55,
        "Percent Change":"-1.72 %",
        "Volume":"900.00"
    },
    {
        "Symbol":"SAGF",
        "Date":"2023-04-20",
        "Open":8.55,
        "High":8.77,
        "Low":8.55,
        "Close":8.7,
        "Percent Change":"0.00 %",
        "Volume":"2,300.00"
    },
    {
        "Symbol":"SAGF",
        "Date":"2023-04-19",
        "Open":8.66,
        "High":8.7,
        "Low":8.66,
        "Close":8.7,
        "Percent Change":"0.46 %",
        "Volume":"1,800.00"
    },
    {
        "Symbol":"SAGF",
        "Date":"2023-04-18",
        "Open":8.5,
        "High":8.66,
        "Low":8.5,
        "Close":8.66,
        "Percent Change":"-0.12 %",
        "Volume":"1,200.00"
    },
    {
        "Symbol":"SAGF",
        "Date":"2023-04-17",
        "Open":8.84,
        "High":8.84,
        "Low":8.5,
        "Close":8.67,
        "Percent Change":"-3.88 %",
        "Volume":"1,300.00"
    },
    {
        "Symbol":"SAGF",
        "Date":"2023-04-16",
        "Open":9.2,
        "High":9.2,
        "Low":9.02,
        "Close":9.02,
        "Percent Change":"-1.96 %",
        "Volume":"1,525.00"
    },
    {
        "Symbol":"SAGF",
        "Date":"2023-04-13",
        "Open":9.2,
        "High":9.2,
        "Low":9.02,
        "Close":9.2,
        "Percent Change":"0.00 %",
        "Volume":"1,900.00"
    },
    {
        "Symbol":"SAGF",
        "Date":"2023-04-12",
        "Open":8.92,
        "High":9.27,
        "Low":8.92,
        "Close":9.2,
        "Percent Change":"1.10 %",
        "Volume":"7,125.00"
    },
    {
        "Symbol":"SAGF",
        "Date":"2023-04-11",
        "Open":8.5,
        "High":9.2,
        "Low":8.45,
        "Close":9.1,
        "Percent Change":"6.31 %",
        "Volume":"1,210.00"
    },
    {
        "Symbol":"SAGF",
        "Date":"2023-04-10",
        "Open":8.56,
        "High":8.56,
        "Low":8.56,
        "Close":8.56,
        "Percent Change":"-1.95 %",
        "Volume":"100.00"
    },
    {
        "Symbol":"SAGF",
        "Date":"2023-04-09",
        "Open":8.36,
        "High":8.8,
        "Low":8.36,
        "Close":8.73,
        "Percent Change":"6.46 %",
        "Volume":"725.00"
    },
    {
        "Symbol":"SAGF",
        "Date":"2023-04-06",
        "Open":8.87,
        "High":8.87,
        "Low":8.2,
        "Close":8.2,
        "Percent Change":"-5.75 %",
        "Volume":"7,175.00"
    },
    {
        "Symbol":"SAGF",
        "Date":"2023-04-05",
        "Open":7.89,
        "High":8.73,
        "Low":7.89,
        "Close":8.7,
        "Percent Change":"8.07 %",
        "Volume":"13,090.00"
    },
    {
        "Symbol":"SAGF",
        "Date":"2023-04-04",
        "Open":7.53,
        "High":8.05,
        "Low":7.53,
        "Close":8.05,
        "Percent Change":"8.93 %",
        "Volume":"2,375.00"
    },
    {
        "Symbol":"SAGF",
        "Date":"2023-04-03",
        "Open":7.4,
        "High":7.4,
        "Low":7.31,
        "Close":7.39,
        "Percent Change":"-0.40 %",
        "Volume":"550.00"
    },
    {
        "Symbol":"SAGF",
        "Date":"2023-04-02",
        "Open":7.39,
        "High":7.54,
        "Low":7.3,
        "Close":7.42,
        "Percent Change":"0.41 %",
        "Volume":"2,780.00"
    },
    {
        "Symbol":"SAGF",
        "Date":"2023-03-30",
        "Open":7.42,
        "High":7.5,
        "Low":7.2,
        "Close":7.39,
        "Percent Change":"-2.38 %",
        "Volume":"2,550.00"
    },
    {
        "Symbol":"SAGF",
        "Date":"2023-03-29",
        "Open":7.5,
        "High":7.63,
        "Low":7.5,
        "Close":7.57,
        "Percent Change":"-0.79 %",
        "Volume":"700.00"
    },
    {
        "Symbol":"SAGF",
        "Date":"2023-03-28",
        "Open":7.41,
        "High":7.7,
        "Low":7.41,
        "Close":7.63,
        "Percent Change":"1.73 %",
        "Volume":"1,100.00"
    },
    {
        "Symbol":"SAGF",
        "Date":"2023-03-27",
        "Open":7.3,
        "High":7.65,
        "Low":7.3,
        "Close":7.5,
        "Percent Change":"0.81 %",
        "Volume":"4,185.00"
    },
    {
        "Symbol":"SAGF",
        "Date":"2023-03-26",
        "Open":7.62,
        "High":7.65,
        "Low":7.32,
        "Close":7.44,
        "Percent Change":"-4.25 %",
        "Volume":"6,900.00"
    },
    {
        "Symbol":"SAGF",
        "Date":"2023-03-23",
        "Open":7.75,
        "High":7.9,
        "Low":7.6,
        "Close":7.77,
        "Percent Change":"-1.40 %",
        "Volume":"3,200.00"
    },
    {
        "Symbol":"SAGF",
        "Date":"2023-03-22",
        "Open":8.21,
        "High":8.21,
        "Low":7.86,
        "Close":7.88,
        "Percent Change":"-5.85 %",
        "Volume":"5,175.00"
    },
    {
        "Symbol":"SAGF",
        "Date":"2023-03-20",
        "Open":8.75,
        "High":8.75,
        "Low":8.33,
        "Close":8.37,
        "Percent Change":"-4.45 %",
        "Volume":"8,275.00"
    },
    {
        "Symbol":"SAGF",
        "Date":"2023-03-19",
        "Open":9.39,
        "High":9.39,
        "Low":8.76,
        "Close":8.76,
        "Percent Change":"-8.56 %",
        "Volume":"5,100.00"
    },
    {
        "Symbol":"SAGF",
        "Date":"2023-03-16",
        "Open":9.81,
        "High":9.81,
        "Low":9.58,
        "Close":9.58,
        "Percent Change":"-4.20 %",
        "Volume":"3,840.00"
    },
    {
        "Symbol":"SAGF",
        "Date":"2023-03-15",
        "Open":10.0,
        "High":10.0,
        "Low":10.0,
        "Close":10.0,
        "Percent Change":"0.00 %",
        "Volume":"200.00"
    }
]