[
    {
        "Symbol":"MANDU",
        "Date":"2024-08-11",
        "Open":1180.0,
        "High":1227.0,
        "Low":1180.0,
        "Close":1206.1,
        "Percent Change":"1.78 %",
        "Volume":"36,158.00"
    },
    {
        "Symbol":"MANDU",
        "Date":"2024-08-08",
        "Open":1199.0,
        "High":1219.5,
        "Low":1176.6,
        "Close":1185.0,
        "Percent Change":"-1.17 %",
        "Volume":"27,686.00"
    },
    {
        "Symbol":"MANDU",
        "Date":"2024-08-07",
        "Open":1182.9,
        "High":1202.0,
        "Low":1167.0,
        "Close":1199.0,
        "Percent Change":"3.27 %",
        "Volume":"22,593.00"
    },
    {
        "Symbol":"MANDU",
        "Date":"2024-08-06",
        "Open":1250.0,
        "High":1279.0,
        "Low":1160.0,
        "Close":1161.0,
        "Percent Change":"-7.42 %",
        "Volume":"53,231.00"
    },
    {
        "Symbol":"MANDU",
        "Date":"2024-08-05",
        "Open":1146.9,
        "High":1278.0,
        "Low":1146.9,
        "Close":1254.0,
        "Percent Change":"7.18 %",
        "Volume":"69,941.00"
    },
    {
        "Symbol":"MANDU",
        "Date":"2024-08-01",
        "Open":1190.0,
        "High":1220.0,
        "Low":1167.1,
        "Close":1170.0,
        "Percent Change":"-3.54 %",
        "Volume":"43,879.00"
    },
    {
        "Symbol":"MANDU",
        "Date":"2024-07-31",
        "Open":1200.0,
        "High":1230.0,
        "Low":1178.0,
        "Close":1213.0,
        "Percent Change":"-0.41 %",
        "Volume":"89,604.00"
    },
    {
        "Symbol":"MANDU",
        "Date":"2024-07-30",
        "Open":1220.0,
        "High":1220.0,
        "Low":1175.0,
        "Close":1218.0,
        "Percent Change":"0.50 %",
        "Volume":"46,776.00"
    },
    {
        "Symbol":"MANDU",
        "Date":"2024-07-29",
        "Open":1170.0,
        "High":1259.0,
        "Low":1165.0,
        "Close":1212.0,
        "Percent Change":"2.02 %",
        "Volume":"44,251.00"
    },
    {
        "Symbol":"MANDU",
        "Date":"2024-07-28",
        "Open":1245.0,
        "High":1245.0,
        "Low":1179.0,
        "Close":1188.0,
        "Percent Change":"-3.02 %",
        "Volume":"25,477.00"
    },
    {
        "Symbol":"MANDU",
        "Date":"2024-07-25",
        "Open":1260.0,
        "High":1260.0,
        "Low":1200.0,
        "Close":1225.0,
        "Percent Change":"-4.68 %",
        "Volume":"34,610.00"
    },
    {
        "Symbol":"MANDU",
        "Date":"2024-07-24",
        "Open":1353.0,
        "High":1353.0,
        "Low":1224.5,
        "Close":1285.2,
        "Percent Change":"-5.01 %",
        "Volume":"46,633.00"
    },
    {
        "Symbol":"MANDU",
        "Date":"2024-07-23",
        "Open":1230.0,
        "High":1353.0,
        "Low":1200.0,
        "Close":1353.0,
        "Percent Change":"10.00 %",
        "Volume":"40,789.00"
    },
    {
        "Symbol":"MANDU",
        "Date":"2024-07-22",
        "Open":1250.0,
        "High":1300.0,
        "Low":1200.0,
        "Close":1230.0,
        "Percent Change":"-1.60 %",
        "Volume":"56,127.00"
    },
    {
        "Symbol":"MANDU",
        "Date":"2024-07-21",
        "Open":1280.0,
        "High":1304.7,
        "Low":1230.0,
        "Close":1250.0,
        "Percent Change":"-3.77 %",
        "Volume":"46,777.00"
    },
    {
        "Symbol":"MANDU",
        "Date":"2024-07-18",
        "Open":1350.0,
        "High":1460.0,
        "Low":1272.0,
        "Close":1299.0,
        "Percent Change":"-3.78 %",
        "Volume":"68,534.00"
    },
    {
        "Symbol":"MANDU",
        "Date":"2024-07-17",
        "Open":1372.2,
        "High":1385.0,
        "Low":1340.0,
        "Close":1350.0,
        "Percent Change":"-3.57 %",
        "Volume":"28,047.00"
    },
    {
        "Symbol":"MANDU",
        "Date":"2024-07-16",
        "Open":1463.3,
        "High":1463.3,
        "Low":1345.2,
        "Close":1400.0,
        "Percent Change":"-6.24 %",
        "Volume":"30,687.00"
    },
    {
        "Symbol":"MANDU",
        "Date":"2024-07-15",
        "Open":1355.0,
        "High":1493.1,
        "Low":1308.0,
        "Close":1493.1,
        "Percent Change":"10.00 %",
        "Volume":"48,109.00"
    },
    {
        "Symbol":"MANDU",
        "Date":"2024-07-14",
        "Open":1258.6,
        "High":1357.4,
        "Low":1243.0,
        "Close":1357.4,
        "Percent Change":"10.00 %",
        "Volume":"40,222.00"
    },
    {
        "Symbol":"MANDU",
        "Date":"2024-07-11",
        "Open":1177.0,
        "High":1240.0,
        "Low":1147.0,
        "Close":1234.0,
        "Percent Change":"5.48 %",
        "Volume":"61,691.00"
    },
    {
        "Symbol":"MANDU",
        "Date":"2024-07-10",
        "Open":1130.0,
        "High":1216.0,
        "Low":1121.0,
        "Close":1169.9,
        "Percent Change":"3.99 %",
        "Volume":"22,095.00"
    },
    {
        "Symbol":"MANDU",
        "Date":"2024-07-09",
        "Open":1072.1,
        "High":1137.0,
        "Low":1060.2,
        "Close":1125.0,
        "Percent Change":"2.93 %",
        "Volume":"52,439.00"
    },
    {
        "Symbol":"MANDU",
        "Date":"2024-07-08",
        "Open":1071.2,
        "High":1105.0,
        "Low":1063.1,
        "Close":1093.0,
        "Percent Change":"0.28 %",
        "Volume":"17,365.00"
    },
    {
        "Symbol":"MANDU",
        "Date":"2024-07-07",
        "Open":1042.0,
        "High":1102.0,
        "Low":1042.0,
        "Close":1090.0,
        "Percent Change":"4.01 %",
        "Volume":"21,990.00"
    },
    {
        "Symbol":"MANDU",
        "Date":"2024-07-04",
        "Open":1068.0,
        "High":1080.0,
        "Low":1030.0,
        "Close":1048.0,
        "Percent Change":"-2.33 %",
        "Volume":"35,612.00"
    },
    {
        "Symbol":"MANDU",
        "Date":"2024-07-03",
        "Open":1101.0,
        "High":1101.0,
        "Low":1071.0,
        "Close":1073.0,
        "Percent Change":"-4.11 %",
        "Volume":"32,085.00"
    },
    {
        "Symbol":"MANDU",
        "Date":"2024-07-02",
        "Open":1099.5,
        "High":1128.1,
        "Low":1061.0,
        "Close":1119.0,
        "Percent Change":"3.80 %",
        "Volume":"22,075.00"
    },
    {
        "Symbol":"MANDU",
        "Date":"2024-07-01",
        "Open":1063.0,
        "High":1085.0,
        "Low":1063.0,
        "Close":1078.0,
        "Percent Change":"-0.19 %",
        "Volume":"19,584.00"
    },
    {
        "Symbol":"MANDU",
        "Date":"2024-06-30",
        "Open":1080.0,
        "High":1090.0,
        "Low":1069.0,
        "Close":1080.0,
        "Percent Change":"-0.92 %",
        "Volume":"17,999.00"
    },
    {
        "Symbol":"MANDU",
        "Date":"2024-06-27",
        "Open":1029.0,
        "High":1091.0,
        "Low":1029.0,
        "Close":1090.0,
        "Percent Change":"3.81 %",
        "Volume":"63,906.00"
    },
    {
        "Symbol":"MANDU",
        "Date":"2024-06-26",
        "Open":1041.7,
        "High":1052.0,
        "Low":1027.2,
        "Close":1050.0,
        "Percent Change":"0.80 %",
        "Volume":"25,807.00"
    },
    {
        "Symbol":"MANDU",
        "Date":"2024-06-25",
        "Open":1027.5,
        "High":1072.0,
        "Low":1027.5,
        "Close":1041.7,
        "Percent Change":"0.55 %",
        "Volume":"24,040.00"
    },
    {
        "Symbol":"MANDU",
        "Date":"2024-06-24",
        "Open":1040.0,
        "High":1052.8,
        "Low":1021.3,
        "Close":1036.0,
        "Percent Change":"-2.26 %",
        "Volume":"26,495.00"
    },
    {
        "Symbol":"MANDU",
        "Date":"2024-06-23",
        "Open":1004.0,
        "High":1060.0,
        "Low":993.2,
        "Close":1060.0,
        "Percent Change":"5.58 %",
        "Volume":"96,776.00"
    },
    {
        "Symbol":"MANDU",
        "Date":"2024-06-20",
        "Open":1007.0,
        "High":1020.0,
        "Low":984.0,
        "Close":1004.0,
        "Percent Change":"-2.05 %",
        "Volume":"54,510.00"
    },
    {
        "Symbol":"MANDU",
        "Date":"2024-06-19",
        "Open":984.9,
        "High":1040.4,
        "Low":984.9,
        "Close":1025.0,
        "Percent Change":"1.99 %",
        "Volume":"24,646.00"
    },
    {
        "Symbol":"MANDU",
        "Date":"2024-06-18",
        "Open":913.4,
        "High":1012.0,
        "Low":913.4,
        "Close":1005.0,
        "Percent Change":"7.83 %",
        "Volume":"94,497.00"
    },
    {
        "Symbol":"MANDU",
        "Date":"2024-06-16",
        "Open":900.0,
        "High":952.0,
        "Low":891.0,
        "Close":932.0,
        "Percent Change":"3.90 %",
        "Volume":"58,595.00"
    },
    {
        "Symbol":"MANDU",
        "Date":"2024-06-13",
        "Open":915.0,
        "High":915.0,
        "Low":886.0,
        "Close":897.0,
        "Percent Change":"-0.33 %",
        "Volume":"25,149.00"
    },
    {
        "Symbol":"MANDU",
        "Date":"2024-06-12",
        "Open":899.9,
        "High":911.0,
        "Low":882.0,
        "Close":900.0,
        "Percent Change":"0.02 %",
        "Volume":"29,722.00"
    },
    {
        "Symbol":"MANDU",
        "Date":"2024-06-11",
        "Open":900.0,
        "High":900.0,
        "Low":885.0,
        "Close":899.8,
        "Percent Change":"1.65 %",
        "Volume":"50,813.00"
    },
    {
        "Symbol":"MANDU",
        "Date":"2024-06-10",
        "Open":880.1,
        "High":908.9,
        "Low":863.0,
        "Close":885.2,
        "Percent Change":"-1.43 %",
        "Volume":"30,326.00"
    },
    {
        "Symbol":"MANDU",
        "Date":"2024-06-09",
        "Open":910.0,
        "High":910.0,
        "Low":865.0,
        "Close":898.0,
        "Percent Change":"-0.22 %",
        "Volume":"53,690.00"
    },
    {
        "Symbol":"MANDU",
        "Date":"2024-06-06",
        "Open":834.1,
        "High":903.0,
        "Low":834.1,
        "Close":900.0,
        "Percent Change":"8.43 %",
        "Volume":"84,121.00"
    },
    {
        "Symbol":"MANDU",
        "Date":"2024-06-05",
        "Open":837.0,
        "High":855.0,
        "Low":830.0,
        "Close":830.0,
        "Percent Change":"-2.12 %",
        "Volume":"23,742.00"
    },
    {
        "Symbol":"MANDU",
        "Date":"2024-06-04",
        "Open":845.0,
        "High":860.0,
        "Low":840.0,
        "Close":848.0,
        "Percent Change":"-0.82 %",
        "Volume":"17,382.00"
    },
    {
        "Symbol":"MANDU",
        "Date":"2024-06-03",
        "Open":850.1,
        "High":865.0,
        "Low":848.1,
        "Close":855.0,
        "Percent Change":"0.58 %",
        "Volume":"13,502.00"
    },
    {
        "Symbol":"MANDU",
        "Date":"2024-06-02",
        "Open":862.0,
        "High":876.0,
        "Low":850.0,
        "Close":850.1,
        "Percent Change":"-2.06 %",
        "Volume":"18,266.00"
    },
    {
        "Symbol":"MANDU",
        "Date":"2024-05-30",
        "Open":880.9,
        "High":880.9,
        "Low":857.5,
        "Close":868.0,
        "Percent Change":"0.10 %",
        "Volume":"14,756.00"
    },
    {
        "Symbol":"MANDU",
        "Date":"2024-05-29",
        "Open":863.0,
        "High":880.0,
        "Low":860.0,
        "Close":867.1,
        "Percent Change":"2.25 %",
        "Volume":"12,280.00"
    },
    {
        "Symbol":"MANDU",
        "Date":"2024-05-27",
        "Open":872.1,
        "High":872.1,
        "Low":846.0,
        "Close":848.0,
        "Percent Change":"-0.82 %",
        "Volume":"12,751.00"
    },
    {
        "Symbol":"MANDU",
        "Date":"2024-05-26",
        "Open":896.9,
        "High":915.0,
        "Low":855.0,
        "Close":855.0,
        "Percent Change":"-4.79 %",
        "Volume":"17,810.00"
    },
    {
        "Symbol":"MANDU",
        "Date":"2024-05-22",
        "Open":855.0,
        "High":903.0,
        "Low":852.1,
        "Close":898.0,
        "Percent Change":"5.50 %",
        "Volume":"20,966.00"
    },
    {
        "Symbol":"MANDU",
        "Date":"2024-05-21",
        "Open":862.2,
        "High":951.0,
        "Low":851.2,
        "Close":851.2,
        "Percent Change":"-2.61 %",
        "Volume":"23,167.00"
    },
    {
        "Symbol":"MANDU",
        "Date":"2024-05-20",
        "Open":855.0,
        "High":885.0,
        "Low":855.0,
        "Close":874.0,
        "Percent Change":"0.52 %",
        "Volume":"25,737.00"
    },
    {
        "Symbol":"MANDU",
        "Date":"2024-05-19",
        "Open":946.7,
        "High":946.7,
        "Low":869.4,
        "Close":869.5,
        "Percent Change":"-9.99 %",
        "Volume":"36,858.00"
    },
    {
        "Symbol":"MANDU",
        "Date":"2024-05-16",
        "Open":1004.5,
        "High":1070.0,
        "Low":922.6,
        "Close":966.0,
        "Percent Change":"-5.76 %",
        "Volume":"65,407.00"
    },
    {
        "Symbol":"MANDU",
        "Date":"2024-05-15",
        "Open":948.0,
        "High":1045.0,
        "Low":900.0,
        "Close":1025.0,
        "Percent Change":"6.03 %",
        "Volume":"41,435.00"
    },
    {
        "Symbol":"MANDU",
        "Date":"2024-05-14",
        "Open":861.5,
        "High":966.7,
        "Low":829.1,
        "Close":966.7,
        "Percent Change":"9.99 %",
        "Volume":"49,970.00"
    },
    {
        "Symbol":"MANDU",
        "Date":"2024-05-13",
        "Open":784.0,
        "High":878.9,
        "Low":780.1,
        "Close":878.9,
        "Percent Change":"10.00 %",
        "Volume":"48,567.00"
    },
    {
        "Symbol":"MANDU",
        "Date":"2024-05-12",
        "Open":793.8,
        "High":801.0,
        "Low":778.2,
        "Close":799.0,
        "Percent Change":"-1.36 %",
        "Volume":"8,210.00"
    },
    {
        "Symbol":"MANDU",
        "Date":"2024-05-09",
        "Open":790.0,
        "High":810.0,
        "Low":765.1,
        "Close":810.0,
        "Percent Change":"3.85 %",
        "Volume":"14,410.00"
    },
    {
        "Symbol":"MANDU",
        "Date":"2024-05-08",
        "Open":782.0,
        "High":794.9,
        "Low":770.1,
        "Close":780.0,
        "Percent Change":"-1.89 %",
        "Volume":"3,164.00"
    },
    {
        "Symbol":"MANDU",
        "Date":"2024-05-07",
        "Open":808.8,
        "High":808.8,
        "Low":776.6,
        "Close":795.0,
        "Percent Change":"0.25 %",
        "Volume":"17,205.00"
    },
    {
        "Symbol":"MANDU",
        "Date":"2024-05-06",
        "Open":791.0,
        "High":796.0,
        "Low":778.0,
        "Close":793.0,
        "Percent Change":"-1.37 %",
        "Volume":"6,766.00"
    },
    {
        "Symbol":"MANDU",
        "Date":"2024-05-05",
        "Open":810.6,
        "High":812.0,
        "Low":783.0,
        "Close":804.0,
        "Percent Change":"-2.78 %",
        "Volume":"14,758.00"
    },
    {
        "Symbol":"MANDU",
        "Date":"2024-05-02",
        "Open":820.1,
        "High":843.0,
        "Low":802.0,
        "Close":827.0,
        "Percent Change":"-1.08 %",
        "Volume":"51,149.00"
    },
    {
        "Symbol":"MANDU",
        "Date":"2024-04-30",
        "Open":826.2,
        "High":840.0,
        "Low":800.0,
        "Close":836.0,
        "Percent Change":"-0.83 %",
        "Volume":"37,609.00"
    },
    {
        "Symbol":"MANDU",
        "Date":"2024-04-29",
        "Open":790.0,
        "High":868.0,
        "Low":790.0,
        "Close":843.0,
        "Percent Change":"6.17 %",
        "Volume":"61,170.00"
    },
    {
        "Symbol":"MANDU",
        "Date":"2024-04-28",
        "Open":750.0,
        "High":805.0,
        "Low":745.1,
        "Close":794.0,
        "Percent Change":"4.34 %",
        "Volume":"42,128.00"
    },
    {
        "Symbol":"MANDU",
        "Date":"2024-04-25",
        "Open":773.0,
        "High":773.0,
        "Low":742.0,
        "Close":761.0,
        "Percent Change":"0.40 %",
        "Volume":"15,843.00"
    },
    {
        "Symbol":"MANDU",
        "Date":"2024-04-24",
        "Open":738.0,
        "High":759.8,
        "Low":737.5,
        "Close":758.0,
        "Percent Change":"1.07 %",
        "Volume":"7,790.00"
    },
    {
        "Symbol":"MANDU",
        "Date":"2024-04-22",
        "Open":761.9,
        "High":761.9,
        "Low":725.2,
        "Close":750.0,
        "Percent Change":"0.40 %",
        "Volume":"12,075.00"
    },
    {
        "Symbol":"MANDU",
        "Date":"2024-04-21",
        "Open":758.8,
        "High":758.8,
        "Low":730.1,
        "Close":747.0,
        "Percent Change":"0.40 %",
        "Volume":"6,965.00"
    },
    {
        "Symbol":"MANDU",
        "Date":"2024-04-18",
        "Open":747.0,
        "High":747.0,
        "Low":721.2,
        "Close":744.0,
        "Percent Change":"-2.09 %",
        "Volume":"12,360.00"
    },
    {
        "Symbol":"MANDU",
        "Date":"2024-04-16",
        "Open":780.0,
        "High":780.0,
        "Low":742.0,
        "Close":759.9,
        "Percent Change":"-0.80 %",
        "Volume":"15,186.00"
    },
    {
        "Symbol":"MANDU",
        "Date":"2024-04-15",
        "Open":816.0,
        "High":816.0,
        "Low":763.1,
        "Close":766.0,
        "Percent Change":"-6.01 %",
        "Volume":"37,875.00"
    },
    {
        "Symbol":"MANDU",
        "Date":"2024-04-14",
        "Open":760.0,
        "High":815.0,
        "Low":757.4,
        "Close":815.0,
        "Percent Change":"5.84 %",
        "Volume":"58,518.00"
    },
    {
        "Symbol":"MANDU",
        "Date":"2024-04-10",
        "Open":709.0,
        "High":770.0,
        "Low":709.0,
        "Close":770.0,
        "Percent Change":"9.69 %",
        "Volume":"93,071.00"
    },
    {
        "Symbol":"MANDU",
        "Date":"2024-04-09",
        "Open":700.0,
        "High":706.5,
        "Low":691.0,
        "Close":702.0,
        "Percent Change":"1.74 %",
        "Volume":"19,090.00"
    },
    {
        "Symbol":"MANDU",
        "Date":"2024-04-07",
        "Open":679.4,
        "High":690.5,
        "Low":677.0,
        "Close":690.0,
        "Percent Change":"1.92 %",
        "Volume":"6,530.00"
    },
    {
        "Symbol":"MANDU",
        "Date":"2024-04-04",
        "Open":693.0,
        "High":693.0,
        "Low":672.0,
        "Close":677.0,
        "Percent Change":"-2.31 %",
        "Volume":"5,020.00"
    },
    {
        "Symbol":"MANDU",
        "Date":"2024-04-03",
        "Open":666.1,
        "High":742.0,
        "Low":666.1,
        "Close":693.0,
        "Percent Change":"2.67 %",
        "Volume":"15,310.00"
    },
    {
        "Symbol":"MANDU",
        "Date":"2024-04-02",
        "Open":673.0,
        "High":680.0,
        "Low":670.0,
        "Close":675.0,
        "Percent Change":"-0.74 %",
        "Volume":"10,565.00"
    },
    {
        "Symbol":"MANDU",
        "Date":"2024-04-01",
        "Open":675.0,
        "High":687.0,
        "Low":672.0,
        "Close":680.0,
        "Percent Change":"-0.44 %",
        "Volume":"2,658.00"
    },
    {
        "Symbol":"MANDU",
        "Date":"2024-03-31",
        "Open":678.1,
        "High":692.0,
        "Low":675.1,
        "Close":683.0,
        "Percent Change":"-0.29 %",
        "Volume":"2,977.00"
    },
    {
        "Symbol":"MANDU",
        "Date":"2024-03-28",
        "Open":675.0,
        "High":692.8,
        "Low":675.0,
        "Close":685.0,
        "Percent Change":"-0.29 %",
        "Volume":"2,880.00"
    },
    {
        "Symbol":"MANDU",
        "Date":"2024-03-27",
        "Open":675.0,
        "High":688.5,
        "Low":673.0,
        "Close":687.0,
        "Percent Change":"0.07 %",
        "Volume":"2,426.00"
    },
    {
        "Symbol":"MANDU",
        "Date":"2024-03-26",
        "Open":670.0,
        "High":687.5,
        "Low":670.0,
        "Close":686.5,
        "Percent Change":"0.96 %",
        "Volume":"3,552.00"
    },
    {
        "Symbol":"MANDU",
        "Date":"2024-03-25",
        "Open":677.0,
        "High":699.8,
        "Low":675.2,
        "Close":680.0,
        "Percent Change":"-1.45 %",
        "Volume":"3,435.00"
    },
    {
        "Symbol":"MANDU",
        "Date":"2024-03-21",
        "Open":720.1,
        "High":720.1,
        "Low":683.4,
        "Close":690.0,
        "Percent Change":"-2.27 %",
        "Volume":"3,545.00"
    },
    {
        "Symbol":"MANDU",
        "Date":"2024-03-20",
        "Open":706.0,
        "High":715.0,
        "Low":694.1,
        "Close":706.0,
        "Percent Change":"-1.84 %",
        "Volume":"4,156.00"
    },
    {
        "Symbol":"MANDU",
        "Date":"2024-03-19",
        "Open":681.0,
        "High":751.9,
        "Low":680.1,
        "Close":719.2,
        "Percent Change":"5.21 %",
        "Volume":"24,790.00"
    },
    {
        "Symbol":"MANDU",
        "Date":"2024-03-18",
        "Open":687.0,
        "High":700.0,
        "Low":680.0,
        "Close":683.6,
        "Percent Change":"-2.34 %",
        "Volume":"4,205.00"
    },
    {
        "Symbol":"MANDU",
        "Date":"2024-03-17",
        "Open":700.0,
        "High":708.0,
        "Low":688.0,
        "Close":700.0,
        "Percent Change":"-1.92 %",
        "Volume":"10,828.00"
    },
    {
        "Symbol":"MANDU",
        "Date":"2024-03-14",
        "Open":700.0,
        "High":713.7,
        "Low":690.0,
        "Close":713.7,
        "Percent Change":"1.52 %",
        "Volume":"12,900.00"
    },
    {
        "Symbol":"MANDU",
        "Date":"2024-03-13",
        "Open":690.3,
        "High":704.0,
        "Low":690.0,
        "Close":703.0,
        "Percent Change":"0.01 %",
        "Volume":"9,778.00"
    },
    {
        "Symbol":"MANDU",
        "Date":"2024-03-12",
        "Open":672.1,
        "High":702.9,
        "Low":672.0,
        "Close":702.9,
        "Percent Change":"3.67 %",
        "Volume":"15,680.00"
    },
    {
        "Symbol":"MANDU",
        "Date":"2024-03-10",
        "Open":663.6,
        "High":679.0,
        "Low":663.6,
        "Close":678.0,
        "Percent Change":"0.44 %",
        "Volume":"4,150.00"
    },
    {
        "Symbol":"MANDU",
        "Date":"2024-03-07",
        "Open":680.0,
        "High":680.0,
        "Low":658.0,
        "Close":675.0,
        "Percent Change":"0.45 %",
        "Volume":"7,320.00"
    },
    {
        "Symbol":"MANDU",
        "Date":"2024-03-06",
        "Open":655.0,
        "High":677.0,
        "Low":654.3,
        "Close":672.0,
        "Percent Change":"0.75 %",
        "Volume":"8,096.00"
    },
    {
        "Symbol":"MANDU",
        "Date":"2024-03-05",
        "Open":706.8,
        "High":706.8,
        "Low":663.0,
        "Close":667.0,
        "Percent Change":"-3.75 %",
        "Volume":"5,519.00"
    },
    {
        "Symbol":"MANDU",
        "Date":"2024-03-04",
        "Open":667.0,
        "High":693.6,
        "Low":667.0,
        "Close":693.0,
        "Percent Change":"5.96 %",
        "Volume":"5,300.00"
    },
    {
        "Symbol":"MANDU",
        "Date":"2024-03-03",
        "Open":657.1,
        "High":661.0,
        "Low":648.6,
        "Close":654.0,
        "Percent Change":"-2.39 %",
        "Volume":"3,505.00"
    },
    {
        "Symbol":"MANDU",
        "Date":"2024-02-29",
        "Open":673.4,
        "High":683.3,
        "Low":658.0,
        "Close":670.0,
        "Percent Change":"-2.47 %",
        "Volume":"8,562.00"
    },
    {
        "Symbol":"MANDU",
        "Date":"2024-02-28",
        "Open":676.0,
        "High":689.0,
        "Low":667.5,
        "Close":687.0,
        "Percent Change":"-0.39 %",
        "Volume":"10,772.00"
    },
    {
        "Symbol":"MANDU",
        "Date":"2024-02-27",
        "Open":676.2,
        "High":690.0,
        "Low":668.0,
        "Close":689.7,
        "Percent Change":"-0.04 %",
        "Volume":"2,090.00"
    },
    {
        "Symbol":"MANDU",
        "Date":"2024-02-26",
        "Open":690.0,
        "High":700.0,
        "Low":663.6,
        "Close":690.0,
        "Percent Change":"0.44 %",
        "Volume":"11,450.00"
    },
    {
        "Symbol":"MANDU",
        "Date":"2024-02-25",
        "Open":700.0,
        "High":700.0,
        "Low":670.0,
        "Close":687.0,
        "Percent Change":"-1.86 %",
        "Volume":"7,718.00"
    },
    {
        "Symbol":"MANDU",
        "Date":"2024-02-22",
        "Open":699.0,
        "High":700.0,
        "Low":681.0,
        "Close":700.0,
        "Percent Change":"-0.85 %",
        "Volume":"7,472.00"
    },
    {
        "Symbol":"MANDU",
        "Date":"2024-02-21",
        "Open":720.0,
        "High":720.0,
        "Low":690.7,
        "Close":706.0,
        "Percent Change":"-0.28 %",
        "Volume":"16,385.00"
    },
    {
        "Symbol":"MANDU",
        "Date":"2024-02-20",
        "Open":696.0,
        "High":713.0,
        "Low":692.0,
        "Close":708.0,
        "Percent Change":"1.72 %",
        "Volume":"17,501.00"
    },
    {
        "Symbol":"MANDU",
        "Date":"2024-02-18",
        "Open":700.7,
        "High":715.0,
        "Low":692.0,
        "Close":696.0,
        "Percent Change":"-2.66 %",
        "Volume":"13,125.00"
    },
    {
        "Symbol":"MANDU",
        "Date":"2024-02-15",
        "Open":730.0,
        "High":739.0,
        "Low":705.0,
        "Close":715.0,
        "Percent Change":"-2.05 %",
        "Volume":"12,122.00"
    },
    {
        "Symbol":"MANDU",
        "Date":"2024-02-14",
        "Open":734.0,
        "High":736.2,
        "Low":712.1,
        "Close":730.0,
        "Percent Change":"1.14 %",
        "Volume":"28,088.00"
    },
    {
        "Symbol":"MANDU",
        "Date":"2024-02-13",
        "Open":693.2,
        "High":730.3,
        "Low":693.2,
        "Close":721.8,
        "Percent Change":"2.09 %",
        "Volume":"39,381.00"
    },
    {
        "Symbol":"MANDU",
        "Date":"2024-02-12",
        "Open":692.0,
        "High":709.0,
        "Low":692.0,
        "Close":707.0,
        "Percent Change":"0.57 %",
        "Volume":"8,475.00"
    },
    {
        "Symbol":"MANDU",
        "Date":"2024-02-11",
        "Open":710.0,
        "High":726.0,
        "Low":693.1,
        "Close":703.0,
        "Percent Change":"0.43 %",
        "Volume":"8,934.00"
    },
    {
        "Symbol":"MANDU",
        "Date":"2024-02-08",
        "Open":690.0,
        "High":705.0,
        "Low":686.1,
        "Close":700.0,
        "Percent Change":"1.16 %",
        "Volume":"11,615.00"
    },
    {
        "Symbol":"MANDU",
        "Date":"2024-02-07",
        "Open":702.7,
        "High":702.7,
        "Low":682.0,
        "Close":692.0,
        "Percent Change":"0.44 %",
        "Volume":"14,062.00"
    },
    {
        "Symbol":"MANDU",
        "Date":"2024-02-06",
        "Open":685.0,
        "High":700.0,
        "Low":670.0,
        "Close":689.0,
        "Percent Change":"0.88 %",
        "Volume":"6,864.00"
    },
    {
        "Symbol":"MANDU",
        "Date":"2024-02-05",
        "Open":670.0,
        "High":689.0,
        "Low":670.0,
        "Close":683.0,
        "Percent Change":"1.49 %",
        "Volume":"5,566.00"
    },
    {
        "Symbol":"MANDU",
        "Date":"2024-02-04",
        "Open":690.0,
        "High":691.5,
        "Low":671.1,
        "Close":673.0,
        "Percent Change":"-1.61 %",
        "Volume":"8,927.00"
    },
    {
        "Symbol":"MANDU",
        "Date":"2024-02-01",
        "Open":688.0,
        "High":696.0,
        "Low":682.1,
        "Close":684.0,
        "Percent Change":"-1.72 %",
        "Volume":"10,476.00"
    },
    {
        "Symbol":"MANDU",
        "Date":"2024-01-31",
        "Open":700.0,
        "High":721.0,
        "Low":696.0,
        "Close":696.0,
        "Percent Change":"-1.56 %",
        "Volume":"15,063.00"
    },
    {
        "Symbol":"MANDU",
        "Date":"2024-01-30",
        "Open":692.0,
        "High":734.0,
        "Low":692.0,
        "Close":707.0,
        "Percent Change":"0.30 %",
        "Volume":"12,962.00"
    },
    {
        "Symbol":"MANDU",
        "Date":"2024-01-29",
        "Open":689.0,
        "High":715.0,
        "Low":689.0,
        "Close":704.9,
        "Percent Change":"0.56 %",
        "Volume":"9,685.00"
    },
    {
        "Symbol":"MANDU",
        "Date":"2024-01-28",
        "Open":700.0,
        "High":710.0,
        "Low":683.0,
        "Close":701.0,
        "Percent Change":"0.29 %",
        "Volume":"8,004.00"
    },
    {
        "Symbol":"MANDU",
        "Date":"2024-01-25",
        "Open":686.0,
        "High":699.0,
        "Low":680.0,
        "Close":699.0,
        "Percent Change":"-0.14 %",
        "Volume":"13,068.00"
    },
    {
        "Symbol":"MANDU",
        "Date":"2024-01-24",
        "Open":687.1,
        "High":714.0,
        "Low":685.0,
        "Close":700.0,
        "Percent Change":"0.00 %",
        "Volume":"20,819.00"
    },
    {
        "Symbol":"MANDU",
        "Date":"2024-01-23",
        "Open":696.0,
        "High":722.0,
        "Low":689.0,
        "Close":700.0,
        "Percent Change":"-1.41 %",
        "Volume":"13,159.00"
    },
    {
        "Symbol":"MANDU",
        "Date":"2024-01-22",
        "Open":700.1,
        "High":720.0,
        "Low":690.1,
        "Close":710.0,
        "Percent Change":"0.08 %",
        "Volume":"14,210.00"
    },
    {
        "Symbol":"MANDU",
        "Date":"2024-01-21",
        "Open":722.0,
        "High":749.9,
        "Low":709.0,
        "Close":709.4,
        "Percent Change":"-0.78 %",
        "Volume":"13,505.00"
    },
    {
        "Symbol":"MANDU",
        "Date":"2024-01-18",
        "Open":722.0,
        "High":729.0,
        "Low":708.0,
        "Close":715.0,
        "Percent Change":"-2.85 %",
        "Volume":"20,185.00"
    },
    {
        "Symbol":"MANDU",
        "Date":"2024-01-17",
        "Open":765.0,
        "High":765.0,
        "Low":719.1,
        "Close":736.0,
        "Percent Change":"-1.87 %",
        "Volume":"27,012.00"
    },
    {
        "Symbol":"MANDU",
        "Date":"2024-01-16",
        "Open":746.0,
        "High":759.9,
        "Low":721.7,
        "Close":750.0,
        "Percent Change":"1.90 %",
        "Volume":"31,796.00"
    },
    {
        "Symbol":"MANDU",
        "Date":"2024-01-14",
        "Open":715.0,
        "High":746.0,
        "Low":715.0,
        "Close":736.0,
        "Percent Change":"2.08 %",
        "Volume":"25,615.00"
    },
    {
        "Symbol":"MANDU",
        "Date":"2024-01-11",
        "Open":728.4,
        "High":742.9,
        "Low":707.0,
        "Close":721.0,
        "Percent Change":"-1.02 %",
        "Volume":"29,185.00"
    },
    {
        "Symbol":"MANDU",
        "Date":"2024-01-10",
        "Open":722.0,
        "High":752.0,
        "Low":715.0,
        "Close":728.4,
        "Percent Change":"-1.03 %",
        "Volume":"26,029.00"
    },
    {
        "Symbol":"MANDU",
        "Date":"2024-01-09",
        "Open":782.0,
        "High":782.0,
        "Low":736.0,
        "Close":736.0,
        "Percent Change":"-5.28 %",
        "Volume":"77,066.00"
    },
    {
        "Symbol":"MANDU",
        "Date":"2024-01-08",
        "Open":779.7,
        "High":786.4,
        "Low":762.3,
        "Close":777.0,
        "Percent Change":"-2.34 %",
        "Volume":"39,975.00"
    },
    {
        "Symbol":"MANDU",
        "Date":"2024-01-07",
        "Open":782.0,
        "High":805.8,
        "Low":745.0,
        "Close":795.6,
        "Percent Change":"2.66 %",
        "Volume":"46,744.00"
    },
    {
        "Symbol":"MANDU",
        "Date":"2024-01-04",
        "Open":720.0,
        "High":775.0,
        "Low":706.0,
        "Close":775.0,
        "Percent Change":"7.62 %",
        "Volume":"76,502.00"
    },
    {
        "Symbol":"MANDU",
        "Date":"2024-01-03",
        "Open":695.0,
        "High":720.1,
        "Low":673.0,
        "Close":720.1,
        "Percent Change":"1.74 %",
        "Volume":"35,844.00"
    },
    {
        "Symbol":"MANDU",
        "Date":"2024-01-02",
        "Open":687.0,
        "High":707.8,
        "Low":670.1,
        "Close":707.8,
        "Percent Change":"0.97 %",
        "Volume":"71,934.00"
    },
    {
        "Symbol":"MANDU",
        "Date":"2024-01-01",
        "Open":704.9,
        "High":747.6,
        "Low":686.0,
        "Close":701.0,
        "Percent Change":"-0.55 %",
        "Volume":"40,322.00"
    },
    {
        "Symbol":"MANDU",
        "Date":"2023-12-28",
        "Open":685.0,
        "High":707.0,
        "Low":666.2,
        "Close":704.9,
        "Percent Change":"2.91 %",
        "Volume":"54,518.00"
    },
    {
        "Symbol":"MANDU",
        "Date":"2023-12-27",
        "Open":700.7,
        "High":701.0,
        "Low":661.2,
        "Close":685.0,
        "Percent Change":"-0.29 %",
        "Volume":"53,036.00"
    },
    {
        "Symbol":"MANDU",
        "Date":"2023-12-24",
        "Open":655.0,
        "High":716.1,
        "Low":642.1,
        "Close":687.0,
        "Percent Change":"5.53 %",
        "Volume":"69,213.00"
    },
    {
        "Symbol":"MANDU",
        "Date":"2023-12-21",
        "Open":581.0,
        "High":651.2,
        "Low":581.0,
        "Close":651.0,
        "Percent Change":"9.97 %",
        "Volume":"71,420.00"
    },
    {
        "Symbol":"MANDU",
        "Date":"2023-12-20",
        "Open":580.2,
        "High":605.0,
        "Low":563.0,
        "Close":592.0,
        "Percent Change":"4.06 %",
        "Volume":"53,369.00"
    },
    {
        "Symbol":"MANDU",
        "Date":"2023-12-19",
        "Open":550.1,
        "High":572.0,
        "Low":545.0,
        "Close":568.9,
        "Percent Change":"2.88 %",
        "Volume":"37,834.00"
    },
    {
        "Symbol":"MANDU",
        "Date":"2023-12-18",
        "Open":570.0,
        "High":579.0,
        "Low":550.0,
        "Close":553.0,
        "Percent Change":"-3.83 %",
        "Volume":"46,249.00"
    },
    {
        "Symbol":"MANDU",
        "Date":"2023-12-17",
        "Open":544.0,
        "High":575.0,
        "Low":534.0,
        "Close":575.0,
        "Percent Change":"3.60 %",
        "Volume":"25,631.00"
    },
    {
        "Symbol":"MANDU",
        "Date":"2023-12-14",
        "Open":544.0,
        "High":575.2,
        "Low":544.0,
        "Close":555.0,
        "Percent Change":"0.16 %",
        "Volume":"19,222.00"
    },
    {
        "Symbol":"MANDU",
        "Date":"2023-12-13",
        "Open":539.0,
        "High":573.0,
        "Low":522.0,
        "Close":554.1,
        "Percent Change":"4.65 %",
        "Volume":"48,659.00"
    },
    {
        "Symbol":"MANDU",
        "Date":"2023-12-12",
        "Open":510.0,
        "High":535.3,
        "Low":506.0,
        "Close":529.5,
        "Percent Change":"3.12 %",
        "Volume":"57,697.00"
    },
    {
        "Symbol":"MANDU",
        "Date":"2023-12-11",
        "Open":526.0,
        "High":536.5,
        "Low":506.0,
        "Close":513.5,
        "Percent Change":"-0.48 %",
        "Volume":"39,771.00"
    },
    {
        "Symbol":"MANDU",
        "Date":"2023-12-10",
        "Open":510.0,
        "High":530.0,
        "Low":510.0,
        "Close":516.0,
        "Percent Change":"1.78 %",
        "Volume":"4,610.00"
    },
    {
        "Symbol":"MANDU",
        "Date":"2023-12-07",
        "Open":475.3,
        "High":512.0,
        "Low":475.3,
        "Close":507.0,
        "Percent Change":"4.54 %",
        "Volume":"31,801.00"
    },
    {
        "Symbol":"MANDU",
        "Date":"2023-12-06",
        "Open":495.0,
        "High":504.0,
        "Low":481.0,
        "Close":485.0,
        "Percent Change":"-0.21 %",
        "Volume":"15,690.00"
    },
    {
        "Symbol":"MANDU",
        "Date":"2023-12-05",
        "Open":500.0,
        "High":510.0,
        "Low":485.2,
        "Close":486.0,
        "Percent Change":"-3.95 %",
        "Volume":"29,374.00"
    },
    {
        "Symbol":"MANDU",
        "Date":"2023-12-04",
        "Open":495.0,
        "High":515.0,
        "Low":493.0,
        "Close":506.0,
        "Percent Change":"1.20 %",
        "Volume":"17,551.00"
    },
    {
        "Symbol":"MANDU",
        "Date":"2023-12-03",
        "Open":500.0,
        "High":508.0,
        "Low":492.0,
        "Close":500.0,
        "Percent Change":"-0.24 %",
        "Volume":"12,907.00"
    },
    {
        "Symbol":"MANDU",
        "Date":"2023-11-30",
        "Open":533.4,
        "High":533.4,
        "Low":499.8,
        "Close":501.2,
        "Percent Change":"-4.17 %",
        "Volume":"22,157.00"
    },
    {
        "Symbol":"MANDU",
        "Date":"2023-11-29",
        "Open":514.0,
        "High":545.0,
        "Low":503.9,
        "Close":523.0,
        "Percent Change":"1.75 %",
        "Volume":"16,010.00"
    },
    {
        "Symbol":"MANDU",
        "Date":"2023-11-28",
        "Open":505.0,
        "High":525.0,
        "Low":504.9,
        "Close":514.0,
        "Percent Change":"-0.23 %",
        "Volume":"18,057.00"
    },
    {
        "Symbol":"MANDU",
        "Date":"2023-11-27",
        "Open":520.4,
        "High":530.0,
        "Low":497.1,
        "Close":515.2,
        "Percent Change":"-2.98 %",
        "Volume":"54,021.00"
    },
    {
        "Symbol":"MANDU",
        "Date":"2023-11-26",
        "Open":510.0,
        "High":534.0,
        "Low":501.0,
        "Close":531.0,
        "Percent Change":"3.11 %",
        "Volume":"28,973.00"
    },
    {
        "Symbol":"MANDU",
        "Date":"2023-11-23",
        "Open":475.0,
        "High":520.0,
        "Low":471.0,
        "Close":515.0,
        "Percent Change":"6.30 %",
        "Volume":"24,561.00"
    },
    {
        "Symbol":"MANDU",
        "Date":"2023-11-22",
        "Open":452.9,
        "High":492.0,
        "Low":452.9,
        "Close":484.5,
        "Percent Change":"4.87 %",
        "Volume":"21,333.00"
    },
    {
        "Symbol":"MANDU",
        "Date":"2023-11-21",
        "Open":459.0,
        "High":464.8,
        "Low":446.0,
        "Close":462.0,
        "Percent Change":"0.00 %",
        "Volume":"15,340.00"
    },
    {
        "Symbol":"MANDU",
        "Date":"2023-11-20",
        "Open":445.0,
        "High":474.0,
        "Low":443.0,
        "Close":462.0,
        "Percent Change":"2.21 %",
        "Volume":"26,462.00"
    },
    {
        "Symbol":"MANDU",
        "Date":"2023-11-09",
        "Open":463.0,
        "High":465.0,
        "Low":446.7,
        "Close":452.0,
        "Percent Change":"-1.74 %",
        "Volume":"17,631.00"
    },
    {
        "Symbol":"MANDU",
        "Date":"2023-11-08",
        "Open":439.5,
        "High":468.0,
        "Low":439.0,
        "Close":460.0,
        "Percent Change":"6.70 %",
        "Volume":"36,200.00"
    },
    {
        "Symbol":"MANDU",
        "Date":"2023-11-07",
        "Open":420.1,
        "High":445.0,
        "Low":420.1,
        "Close":431.1,
        "Percent Change":"0.96 %",
        "Volume":"14,060.00"
    },
    {
        "Symbol":"MANDU",
        "Date":"2023-11-06",
        "Open":420.0,
        "High":439.0,
        "Low":417.6,
        "Close":427.0,
        "Percent Change":"0.52 %",
        "Volume":"12,244.00"
    },
    {
        "Symbol":"MANDU",
        "Date":"2023-11-05",
        "Open":435.0,
        "High":435.0,
        "Low":415.0,
        "Close":424.8,
        "Percent Change":"-2.12 %",
        "Volume":"16,710.00"
    },
    {
        "Symbol":"MANDU",
        "Date":"2023-11-02",
        "Open":431.0,
        "High":436.0,
        "Low":431.0,
        "Close":434.0,
        "Percent Change":"-0.91 %",
        "Volume":"9,660.00"
    },
    {
        "Symbol":"MANDU",
        "Date":"2023-11-01",
        "Open":435.0,
        "High":448.8,
        "Low":435.0,
        "Close":438.0,
        "Percent Change":"-0.90 %",
        "Volume":"12,368.00"
    },
    {
        "Symbol":"MANDU",
        "Date":"2023-10-31",
        "Open":440.0,
        "High":445.2,
        "Low":433.1,
        "Close":442.0,
        "Percent Change":"0.11 %",
        "Volume":"10,300.00"
    },
    {
        "Symbol":"MANDU",
        "Date":"2023-10-30",
        "Open":423.1,
        "High":454.0,
        "Low":423.1,
        "Close":441.5,
        "Percent Change":"2.32 %",
        "Volume":"20,413.00"
    },
    {
        "Symbol":"MANDU",
        "Date":"2023-10-29",
        "Open":437.9,
        "High":437.9,
        "Low":421.1,
        "Close":431.5,
        "Percent Change":"-3.42 %",
        "Volume":"22,589.00"
    },
    {
        "Symbol":"MANDU",
        "Date":"2023-10-19",
        "Open":450.1,
        "High":457.0,
        "Low":441.1,
        "Close":446.8,
        "Percent Change":"-0.73 %",
        "Volume":"32,579.00"
    },
    {
        "Symbol":"MANDU",
        "Date":"2023-10-18",
        "Open":425.0,
        "High":460.0,
        "Low":416.5,
        "Close":450.1,
        "Percent Change":"4.77 %",
        "Volume":"24,712.00"
    },
    {
        "Symbol":"MANDU",
        "Date":"2023-10-17",
        "Open":407.5,
        "High":432.0,
        "Low":407.5,
        "Close":429.6,
        "Percent Change":"5.42 %",
        "Volume":"40,342.00"
    },
    {
        "Symbol":"MANDU",
        "Date":"2023-10-16",
        "Open":431.3,
        "High":431.3,
        "Low":396.1,
        "Close":407.5,
        "Percent Change":"-7.41 %",
        "Volume":"71,195.00"
    },
    {
        "Symbol":"MANDU",
        "Date":"2023-10-12",
        "Open":418.7,
        "High":451.5,
        "Low":402.0,
        "Close":440.1,
        "Percent Change":"7.21 %",
        "Volume":"53,234.00"
    },
    {
        "Symbol":"MANDU",
        "Date":"2023-10-11",
        "Open":373.2,
        "High":410.5,
        "Low":373.2,
        "Close":410.5,
        "Percent Change":"0.00 %",
        "Volume":"120,801.00"
    }
]