[
    {
        "Symbol":"LSL",
        "Date":"2024-08-11",
        "Open":230.0,
        "High":239.7,
        "Low":227.3,
        "Close":236.0,
        "Percent Change":"4.42 %",
        "Volume":"432,006.00"
    },
    {
        "Symbol":"LSL",
        "Date":"2024-08-08",
        "Open":232.2,
        "High":234.5,
        "Low":225.3,
        "Close":226.0,
        "Percent Change":"-1.74 %",
        "Volume":"195,818.00"
    },
    {
        "Symbol":"LSL",
        "Date":"2024-08-07",
        "Open":221.0,
        "High":235.5,
        "Low":216.7,
        "Close":230.0,
        "Percent Change":"2.22 %",
        "Volume":"292,001.00"
    },
    {
        "Symbol":"LSL",
        "Date":"2024-08-06",
        "Open":238.0,
        "High":238.0,
        "Low":220.5,
        "Close":225.0,
        "Percent Change":"-4.66 %",
        "Volume":"534,970.00"
    },
    {
        "Symbol":"LSL",
        "Date":"2024-08-05",
        "Open":241.2,
        "High":250.8,
        "Low":236.0,
        "Close":236.0,
        "Percent Change":"-0.21 %",
        "Volume":"402,573.00"
    },
    {
        "Symbol":"LSL",
        "Date":"2024-08-01",
        "Open":237.1,
        "High":243.0,
        "Low":235.1,
        "Close":236.5,
        "Percent Change":"-2.23 %",
        "Volume":"326,907.00"
    },
    {
        "Symbol":"LSL",
        "Date":"2024-07-31",
        "Open":235.2,
        "High":247.0,
        "Low":232.1,
        "Close":241.9,
        "Percent Change":"2.94 %",
        "Volume":"539,047.00"
    },
    {
        "Symbol":"LSL",
        "Date":"2024-07-30",
        "Open":241.7,
        "High":241.7,
        "Low":220.0,
        "Close":235.0,
        "Percent Change":"-0.84 %",
        "Volume":"500,269.00"
    },
    {
        "Symbol":"LSL",
        "Date":"2024-07-29",
        "Open":247.0,
        "High":256.0,
        "Low":236.0,
        "Close":237.0,
        "Percent Change":"-2.15 %",
        "Volume":"897,894.00"
    },
    {
        "Symbol":"LSL",
        "Date":"2024-07-28",
        "Open":224.6,
        "High":242.2,
        "Low":224.6,
        "Close":242.2,
        "Percent Change":"9.99 %",
        "Volume":"896,490.00"
    },
    {
        "Symbol":"LSL",
        "Date":"2024-07-25",
        "Open":215.0,
        "High":221.0,
        "Low":212.2,
        "Close":220.2,
        "Percent Change":"2.42 %",
        "Volume":"708,291.00"
    },
    {
        "Symbol":"LSL",
        "Date":"2024-07-24",
        "Open":216.0,
        "High":225.7,
        "Low":211.7,
        "Close":215.0,
        "Percent Change":"-0.28 %",
        "Volume":"889,743.00"
    },
    {
        "Symbol":"LSL",
        "Date":"2024-07-23",
        "Open":206.0,
        "High":216.2,
        "Low":203.0,
        "Close":215.6,
        "Percent Change":"4.15 %",
        "Volume":"962,650.00"
    },
    {
        "Symbol":"LSL",
        "Date":"2024-07-22",
        "Open":210.0,
        "High":212.0,
        "Low":203.5,
        "Close":207.0,
        "Percent Change":"-0.96 %",
        "Volume":"1,032,557.00"
    },
    {
        "Symbol":"LSL",
        "Date":"2024-07-21",
        "Open":202.0,
        "High":211.0,
        "Low":196.0,
        "Close":209.0,
        "Percent Change":"3.72 %",
        "Volume":"681,038.00"
    },
    {
        "Symbol":"LSL",
        "Date":"2024-07-18",
        "Open":187.5,
        "High":204.6,
        "Low":186.4,
        "Close":201.5,
        "Percent Change":"8.33 %",
        "Volume":"783,753.00"
    },
    {
        "Symbol":"LSL",
        "Date":"2024-07-17",
        "Open":183.5,
        "High":186.0,
        "Low":180.5,
        "Close":186.0,
        "Percent Change":"2.76 %",
        "Volume":"464,668.00"
    },
    {
        "Symbol":"LSL",
        "Date":"2024-07-16",
        "Open":177.0,
        "High":182.5,
        "Low":172.2,
        "Close":181.0,
        "Percent Change":"3.43 %",
        "Volume":"208,799.00"
    },
    {
        "Symbol":"LSL",
        "Date":"2024-07-15",
        "Open":180.0,
        "High":180.0,
        "Low":173.5,
        "Close":175.0,
        "Percent Change":"-1.13 %",
        "Volume":"360,456.00"
    },
    {
        "Symbol":"LSL",
        "Date":"2024-07-14",
        "Open":171.2,
        "High":178.0,
        "Low":168.0,
        "Close":177.0,
        "Percent Change":"5.42 %",
        "Volume":"287,328.00"
    },
    {
        "Symbol":"LSL",
        "Date":"2024-07-11",
        "Open":165.0,
        "High":170.0,
        "Low":165.0,
        "Close":167.9,
        "Percent Change":"1.76 %",
        "Volume":"121,786.00"
    },
    {
        "Symbol":"LSL",
        "Date":"2024-07-10",
        "Open":165.2,
        "High":165.2,
        "Low":161.0,
        "Close":165.0,
        "Percent Change":"1.85 %",
        "Volume":"72,499.00"
    },
    {
        "Symbol":"LSL",
        "Date":"2024-07-09",
        "Open":160.0,
        "High":162.2,
        "Low":158.2,
        "Close":162.0,
        "Percent Change":"0.93 %",
        "Volume":"94,437.00"
    },
    {
        "Symbol":"LSL",
        "Date":"2024-07-08",
        "Open":163.5,
        "High":163.5,
        "Low":160.0,
        "Close":160.5,
        "Percent Change":"-0.68 %",
        "Volume":"81,272.00"
    },
    {
        "Symbol":"LSL",
        "Date":"2024-07-07",
        "Open":163.8,
        "High":163.9,
        "Low":158.6,
        "Close":161.6,
        "Percent Change":"0.12 %",
        "Volume":"69,151.00"
    },
    {
        "Symbol":"LSL",
        "Date":"2024-07-04",
        "Open":159.0,
        "High":162.0,
        "Low":156.8,
        "Close":161.4,
        "Percent Change":"0.94 %",
        "Volume":"96,110.00"
    },
    {
        "Symbol":"LSL",
        "Date":"2024-07-03",
        "Open":158.0,
        "High":160.0,
        "Low":153.6,
        "Close":159.9,
        "Percent Change":"2.11 %",
        "Volume":"131,440.00"
    },
    {
        "Symbol":"LSL",
        "Date":"2024-07-02",
        "Open":156.0,
        "High":167.0,
        "Low":155.0,
        "Close":156.6,
        "Percent Change":"2.35 %",
        "Volume":"161,736.00"
    },
    {
        "Symbol":"LSL",
        "Date":"2024-07-01",
        "Open":150.0,
        "High":155.4,
        "Low":147.7,
        "Close":153.0,
        "Percent Change":"2.07 %",
        "Volume":"106,683.00"
    },
    {
        "Symbol":"LSL",
        "Date":"2024-06-30",
        "Open":150.0,
        "High":152.0,
        "Low":148.4,
        "Close":149.9,
        "Percent Change":"-0.73 %",
        "Volume":"62,032.00"
    },
    {
        "Symbol":"LSL",
        "Date":"2024-06-27",
        "Open":151.8,
        "High":151.8,
        "Low":148.9,
        "Close":151.0,
        "Percent Change":"1.27 %",
        "Volume":"35,453.00"
    },
    {
        "Symbol":"LSL",
        "Date":"2024-06-26",
        "Open":153.0,
        "High":153.0,
        "Low":149.0,
        "Close":149.1,
        "Percent Change":"-2.55 %",
        "Volume":"172,190.00"
    },
    {
        "Symbol":"LSL",
        "Date":"2024-06-25",
        "Open":152.9,
        "High":156.0,
        "Low":150.0,
        "Close":153.0,
        "Percent Change":"-1.92 %",
        "Volume":"183,647.00"
    },
    {
        "Symbol":"LSL",
        "Date":"2024-06-24",
        "Open":154.0,
        "High":156.0,
        "Low":152.0,
        "Close":156.0,
        "Percent Change":"0.97 %",
        "Volume":"51,883.00"
    },
    {
        "Symbol":"LSL",
        "Date":"2024-06-23",
        "Open":153.0,
        "High":155.0,
        "Low":153.0,
        "Close":154.5,
        "Percent Change":"-0.19 %",
        "Volume":"44,889.00"
    },
    {
        "Symbol":"LSL",
        "Date":"2024-06-20",
        "Open":157.5,
        "High":157.5,
        "Low":152.9,
        "Close":154.8,
        "Percent Change":"0.19 %",
        "Volume":"52,629.00"
    },
    {
        "Symbol":"LSL",
        "Date":"2024-06-19",
        "Open":155.0,
        "High":155.9,
        "Low":152.7,
        "Close":154.5,
        "Percent Change":"-0.19 %",
        "Volume":"72,361.00"
    },
    {
        "Symbol":"LSL",
        "Date":"2024-06-18",
        "Open":157.0,
        "High":159.9,
        "Low":152.0,
        "Close":154.8,
        "Percent Change":"-2.03 %",
        "Volume":"321,379.00"
    },
    {
        "Symbol":"LSL",
        "Date":"2024-06-16",
        "Open":161.0,
        "High":161.0,
        "Low":157.0,
        "Close":158.0,
        "Percent Change":"-1.25 %",
        "Volume":"40,901.00"
    },
    {
        "Symbol":"LSL",
        "Date":"2024-06-13",
        "Open":157.0,
        "High":161.0,
        "Low":157.0,
        "Close":160.0,
        "Percent Change":"0.00 %",
        "Volume":"60,320.00"
    },
    {
        "Symbol":"LSL",
        "Date":"2024-06-12",
        "Open":160.2,
        "High":161.9,
        "Low":159.0,
        "Close":160.0,
        "Percent Change":"0.31 %",
        "Volume":"180,048.00"
    },
    {
        "Symbol":"LSL",
        "Date":"2024-06-11",
        "Open":160.1,
        "High":160.1,
        "Low":152.3,
        "Close":159.5,
        "Percent Change":"1.59 %",
        "Volume":"202,222.00"
    },
    {
        "Symbol":"LSL",
        "Date":"2024-06-10",
        "Open":159.6,
        "High":159.6,
        "Low":155.0,
        "Close":157.0,
        "Percent Change":"0.32 %",
        "Volume":"38,341.00"
    },
    {
        "Symbol":"LSL",
        "Date":"2024-06-09",
        "Open":163.6,
        "High":163.6,
        "Low":156.4,
        "Close":156.5,
        "Percent Change":"-2.43 %",
        "Volume":"48,563.00"
    },
    {
        "Symbol":"LSL",
        "Date":"2024-06-06",
        "Open":164.2,
        "High":164.2,
        "Low":157.0,
        "Close":160.4,
        "Percent Change":"-1.35 %",
        "Volume":"135,211.00"
    },
    {
        "Symbol":"LSL",
        "Date":"2024-06-05",
        "Open":163.0,
        "High":164.0,
        "Low":160.0,
        "Close":162.6,
        "Percent Change":"-0.31 %",
        "Volume":"218,223.00"
    },
    {
        "Symbol":"LSL",
        "Date":"2024-06-04",
        "Open":165.0,
        "High":165.0,
        "Low":162.0,
        "Close":163.1,
        "Percent Change":"-1.15 %",
        "Volume":"90,305.00"
    },
    {
        "Symbol":"LSL",
        "Date":"2024-06-03",
        "Open":164.5,
        "High":165.0,
        "Low":159.6,
        "Close":165.0,
        "Percent Change":"1.23 %",
        "Volume":"145,466.00"
    },
    {
        "Symbol":"LSL",
        "Date":"2024-06-02",
        "Open":161.0,
        "High":165.7,
        "Low":159.3,
        "Close":163.0,
        "Percent Change":"3.16 %",
        "Volume":"73,570.00"
    },
    {
        "Symbol":"LSL",
        "Date":"2024-05-30",
        "Open":164.0,
        "High":166.7,
        "Low":156.9,
        "Close":158.0,
        "Percent Change":"-3.36 %",
        "Volume":"142,419.00"
    },
    {
        "Symbol":"LSL",
        "Date":"2024-05-29",
        "Open":171.0,
        "High":171.8,
        "Low":163.1,
        "Close":163.5,
        "Percent Change":"-2.97 %",
        "Volume":"113,464.00"
    },
    {
        "Symbol":"LSL",
        "Date":"2024-05-27",
        "Open":171.0,
        "High":171.9,
        "Low":164.0,
        "Close":168.5,
        "Percent Change":"-0.88 %",
        "Volume":"126,339.00"
    },
    {
        "Symbol":"LSL",
        "Date":"2024-05-26",
        "Open":172.0,
        "High":174.9,
        "Low":168.6,
        "Close":170.0,
        "Percent Change":"-1.16 %",
        "Volume":"146,968.00"
    },
    {
        "Symbol":"LSL",
        "Date":"2024-05-22",
        "Open":168.5,
        "High":177.0,
        "Low":166.2,
        "Close":172.0,
        "Percent Change":"2.08 %",
        "Volume":"229,648.00"
    },
    {
        "Symbol":"LSL",
        "Date":"2024-05-21",
        "Open":165.0,
        "High":170.2,
        "Low":165.0,
        "Close":168.5,
        "Percent Change":"1.08 %",
        "Volume":"86,232.00"
    },
    {
        "Symbol":"LSL",
        "Date":"2024-05-20",
        "Open":164.3,
        "High":173.4,
        "Low":162.0,
        "Close":166.7,
        "Percent Change":"2.90 %",
        "Volume":"212,691.00"
    },
    {
        "Symbol":"LSL",
        "Date":"2024-05-19",
        "Open":160.1,
        "High":164.9,
        "Low":157.0,
        "Close":162.0,
        "Percent Change":"3.18 %",
        "Volume":"190,155.00"
    },
    {
        "Symbol":"LSL",
        "Date":"2024-05-16",
        "Open":157.0,
        "High":163.7,
        "Low":153.0,
        "Close":157.0,
        "Percent Change":"1.95 %",
        "Volume":"98,545.00"
    },
    {
        "Symbol":"LSL",
        "Date":"2024-05-15",
        "Open":157.9,
        "High":157.9,
        "Low":152.2,
        "Close":154.0,
        "Percent Change":"-1.85 %",
        "Volume":"63,913.00"
    },
    {
        "Symbol":"LSL",
        "Date":"2024-05-14",
        "Open":152.0,
        "High":156.9,
        "Low":150.0,
        "Close":156.9,
        "Percent Change":"1.95 %",
        "Volume":"110,289.00"
    },
    {
        "Symbol":"LSL",
        "Date":"2024-05-13",
        "Open":145.0,
        "High":161.1,
        "Low":144.3,
        "Close":153.9,
        "Percent Change":"5.05 %",
        "Volume":"108,247.00"
    },
    {
        "Symbol":"LSL",
        "Date":"2024-05-12",
        "Open":149.1,
        "High":149.1,
        "Low":143.8,
        "Close":146.5,
        "Percent Change":"0.21 %",
        "Volume":"60,782.00"
    },
    {
        "Symbol":"LSL",
        "Date":"2024-05-09",
        "Open":145.0,
        "High":146.2,
        "Low":143.6,
        "Close":146.2,
        "Percent Change":"0.90 %",
        "Volume":"39,228.00"
    },
    {
        "Symbol":"LSL",
        "Date":"2024-05-08",
        "Open":145.0,
        "High":146.0,
        "Low":144.4,
        "Close":144.9,
        "Percent Change":"-0.21 %",
        "Volume":"35,908.00"
    },
    {
        "Symbol":"LSL",
        "Date":"2024-05-07",
        "Open":146.0,
        "High":147.8,
        "Low":145.0,
        "Close":145.2,
        "Percent Change":"-0.89 %",
        "Volume":"28,786.00"
    },
    {
        "Symbol":"LSL",
        "Date":"2024-05-06",
        "Open":148.0,
        "High":148.0,
        "Low":144.9,
        "Close":146.5,
        "Percent Change":"-0.14 %",
        "Volume":"42,484.00"
    },
    {
        "Symbol":"LSL",
        "Date":"2024-05-05",
        "Open":147.0,
        "High":149.0,
        "Low":146.1,
        "Close":146.7,
        "Percent Change":"-0.34 %",
        "Volume":"33,271.00"
    },
    {
        "Symbol":"LSL",
        "Date":"2024-05-02",
        "Open":152.2,
        "High":152.2,
        "Low":147.0,
        "Close":147.2,
        "Percent Change":"-1.41 %",
        "Volume":"37,629.00"
    },
    {
        "Symbol":"LSL",
        "Date":"2024-04-30",
        "Open":151.7,
        "High":151.7,
        "Low":145.9,
        "Close":149.3,
        "Percent Change":"0.34 %",
        "Volume":"40,473.00"
    },
    {
        "Symbol":"LSL",
        "Date":"2024-04-29",
        "Open":151.9,
        "High":151.9,
        "Low":145.0,
        "Close":148.8,
        "Percent Change":"-0.13 %",
        "Volume":"91,888.00"
    },
    {
        "Symbol":"LSL",
        "Date":"2024-04-28",
        "Open":148.0,
        "High":150.9,
        "Low":145.1,
        "Close":149.0,
        "Percent Change":"0.68 %",
        "Volume":"189,465.00"
    },
    {
        "Symbol":"LSL",
        "Date":"2024-04-25",
        "Open":149.0,
        "High":150.9,
        "Low":147.0,
        "Close":148.0,
        "Percent Change":"-0.67 %",
        "Volume":"123,175.00"
    },
    {
        "Symbol":"LSL",
        "Date":"2024-04-24",
        "Open":147.0,
        "High":149.2,
        "Low":146.0,
        "Close":149.0,
        "Percent Change":"0.20 %",
        "Volume":"171,328.00"
    },
    {
        "Symbol":"LSL",
        "Date":"2024-04-22",
        "Open":152.0,
        "High":152.0,
        "Low":148.0,
        "Close":148.7,
        "Percent Change":"-0.87 %",
        "Volume":"88,133.00"
    },
    {
        "Symbol":"LSL",
        "Date":"2024-04-21",
        "Open":152.0,
        "High":152.0,
        "Low":147.9,
        "Close":150.0,
        "Percent Change":"-0.60 %",
        "Volume":"115,866.00"
    },
    {
        "Symbol":"LSL",
        "Date":"2024-04-18",
        "Open":152.8,
        "High":152.8,
        "Low":149.1,
        "Close":150.9,
        "Percent Change":"0.60 %",
        "Volume":"193,160.00"
    },
    {
        "Symbol":"LSL",
        "Date":"2024-04-16",
        "Open":153.4,
        "High":153.4,
        "Low":149.0,
        "Close":150.0,
        "Percent Change":"-0.60 %",
        "Volume":"35,532.00"
    },
    {
        "Symbol":"LSL",
        "Date":"2024-04-15",
        "Open":155.0,
        "High":155.0,
        "Low":150.0,
        "Close":150.9,
        "Percent Change":"-1.24 %",
        "Volume":"41,865.00"
    },
    {
        "Symbol":"LSL",
        "Date":"2024-04-14",
        "Open":154.4,
        "High":154.4,
        "Low":151.0,
        "Close":152.8,
        "Percent Change":"0.39 %",
        "Volume":"64,956.00"
    },
    {
        "Symbol":"LSL",
        "Date":"2024-04-10",
        "Open":153.0,
        "High":155.4,
        "Low":152.2,
        "Close":152.2,
        "Percent Change":"-0.65 %",
        "Volume":"64,615.00"
    },
    {
        "Symbol":"LSL",
        "Date":"2024-04-09",
        "Open":154.5,
        "High":155.2,
        "Low":151.7,
        "Close":153.2,
        "Percent Change":"0.13 %",
        "Volume":"35,484.00"
    },
    {
        "Symbol":"LSL",
        "Date":"2024-04-07",
        "Open":153.0,
        "High":154.0,
        "Low":150.0,
        "Close":153.0,
        "Percent Change":"-0.39 %",
        "Volume":"80,734.00"
    },
    {
        "Symbol":"LSL",
        "Date":"2024-04-04",
        "Open":155.1,
        "High":156.0,
        "Low":153.6,
        "Close":153.6,
        "Percent Change":"-1.22 %",
        "Volume":"41,147.00"
    },
    {
        "Symbol":"LSL",
        "Date":"2024-04-03",
        "Open":155.1,
        "High":158.0,
        "Low":154.5,
        "Close":155.5,
        "Percent Change":"-0.83 %",
        "Volume":"76,632.00"
    },
    {
        "Symbol":"LSL",
        "Date":"2024-04-02",
        "Open":160.1,
        "High":160.1,
        "Low":156.0,
        "Close":156.8,
        "Percent Change":"-0.13 %",
        "Volume":"20,541.00"
    },
    {
        "Symbol":"LSL",
        "Date":"2024-04-01",
        "Open":157.2,
        "High":158.0,
        "Low":156.9,
        "Close":157.0,
        "Percent Change":"-1.88 %",
        "Volume":"44,858.00"
    },
    {
        "Symbol":"LSL",
        "Date":"2024-03-31",
        "Open":161.0,
        "High":161.0,
        "Low":157.8,
        "Close":160.0,
        "Percent Change":"0.00 %",
        "Volume":"37,329.00"
    },
    {
        "Symbol":"LSL",
        "Date":"2024-03-28",
        "Open":158.0,
        "High":168.6,
        "Low":157.0,
        "Close":160.0,
        "Percent Change":"1.27 %",
        "Volume":"34,077.00"
    },
    {
        "Symbol":"LSL",
        "Date":"2024-03-27",
        "Open":160.0,
        "High":162.0,
        "Low":158.0,
        "Close":158.0,
        "Percent Change":"-1.25 %",
        "Volume":"27,390.00"
    },
    {
        "Symbol":"LSL",
        "Date":"2024-03-26",
        "Open":159.0,
        "High":160.0,
        "Low":157.5,
        "Close":160.0,
        "Percent Change":"0.76 %",
        "Volume":"25,939.00"
    },
    {
        "Symbol":"LSL",
        "Date":"2024-03-25",
        "Open":160.0,
        "High":161.0,
        "Low":158.8,
        "Close":158.8,
        "Percent Change":"-1.67 %",
        "Volume":"25,144.00"
    },
    {
        "Symbol":"LSL",
        "Date":"2024-03-21",
        "Open":160.1,
        "High":162.0,
        "Low":160.1,
        "Close":161.5,
        "Percent Change":"-0.31 %",
        "Volume":"34,621.00"
    },
    {
        "Symbol":"LSL",
        "Date":"2024-03-20",
        "Open":163.0,
        "High":165.0,
        "Low":161.1,
        "Close":162.0,
        "Percent Change":"-0.49 %",
        "Volume":"28,382.00"
    },
    {
        "Symbol":"LSL",
        "Date":"2024-03-19",
        "Open":167.0,
        "High":167.0,
        "Low":162.8,
        "Close":162.8,
        "Percent Change":"-1.87 %",
        "Volume":"18,437.00"
    },
    {
        "Symbol":"LSL",
        "Date":"2024-03-18",
        "Open":164.0,
        "High":167.0,
        "Low":162.1,
        "Close":165.9,
        "Percent Change":"0.55 %",
        "Volume":"31,417.00"
    },
    {
        "Symbol":"LSL",
        "Date":"2024-03-17",
        "Open":163.3,
        "High":168.0,
        "Low":163.3,
        "Close":165.0,
        "Percent Change":"-0.96 %",
        "Volume":"64,208.00"
    },
    {
        "Symbol":"LSL",
        "Date":"2024-03-14",
        "Open":169.5,
        "High":169.5,
        "Low":163.0,
        "Close":166.6,
        "Percent Change":"0.24 %",
        "Volume":"92,378.00"
    },
    {
        "Symbol":"LSL",
        "Date":"2024-03-13",
        "Open":168.8,
        "High":169.3,
        "Low":165.0,
        "Close":166.2,
        "Percent Change":"0.36 %",
        "Volume":"45,742.00"
    },
    {
        "Symbol":"LSL",
        "Date":"2024-03-12",
        "Open":162.1,
        "High":165.6,
        "Low":162.1,
        "Close":165.6,
        "Percent Change":"2.16 %",
        "Volume":"45,451.00"
    },
    {
        "Symbol":"LSL",
        "Date":"2024-03-10",
        "Open":165.0,
        "High":165.0,
        "Low":162.1,
        "Close":162.1,
        "Percent Change":"-0.55 %",
        "Volume":"38,069.00"
    },
    {
        "Symbol":"LSL",
        "Date":"2024-03-07",
        "Open":160.0,
        "High":165.0,
        "Low":160.0,
        "Close":163.0,
        "Percent Change":"0.68 %",
        "Volume":"110,503.00"
    },
    {
        "Symbol":"LSL",
        "Date":"2024-03-06",
        "Open":166.1,
        "High":166.1,
        "Low":160.0,
        "Close":161.9,
        "Percent Change":"-0.61 %",
        "Volume":"54,162.00"
    },
    {
        "Symbol":"LSL",
        "Date":"2024-03-05",
        "Open":166.1,
        "High":168.0,
        "Low":160.1,
        "Close":162.9,
        "Percent Change":"-3.61 %",
        "Volume":"51,273.00"
    },
    {
        "Symbol":"LSL",
        "Date":"2024-03-04",
        "Open":161.3,
        "High":169.0,
        "Low":161.3,
        "Close":169.0,
        "Percent Change":"6.29 %",
        "Volume":"7,662.00"
    },
    {
        "Symbol":"LSL",
        "Date":"2024-03-03",
        "Open":157.0,
        "High":160.0,
        "Low":157.0,
        "Close":159.0,
        "Percent Change":"0.57 %",
        "Volume":"47,890.00"
    },
    {
        "Symbol":"LSL",
        "Date":"2024-02-29",
        "Open":160.9,
        "High":161.0,
        "Low":158.0,
        "Close":158.1,
        "Percent Change":"-0.57 %",
        "Volume":"57,766.00"
    },
    {
        "Symbol":"LSL",
        "Date":"2024-02-28",
        "Open":157.2,
        "High":160.3,
        "Low":157.2,
        "Close":159.0,
        "Percent Change":"-0.63 %",
        "Volume":"7,700.00"
    },
    {
        "Symbol":"LSL",
        "Date":"2024-02-27",
        "Open":159.0,
        "High":160.9,
        "Low":157.6,
        "Close":160.0,
        "Percent Change":"0.63 %",
        "Volume":"63,348.00"
    },
    {
        "Symbol":"LSL",
        "Date":"2024-02-26",
        "Open":158.9,
        "High":160.0,
        "Low":157.1,
        "Close":159.0,
        "Percent Change":"0.63 %",
        "Volume":"17,843.00"
    },
    {
        "Symbol":"LSL",
        "Date":"2024-02-25",
        "Open":160.0,
        "High":160.9,
        "Low":157.5,
        "Close":158.0,
        "Percent Change":"-0.63 %",
        "Volume":"16,123.00"
    },
    {
        "Symbol":"LSL",
        "Date":"2024-02-22",
        "Open":158.0,
        "High":163.0,
        "Low":158.0,
        "Close":159.0,
        "Percent Change":"-1.06 %",
        "Volume":"48,780.00"
    },
    {
        "Symbol":"LSL",
        "Date":"2024-02-21",
        "Open":160.0,
        "High":162.9,
        "Low":159.9,
        "Close":160.7,
        "Percent Change":"0.56 %",
        "Volume":"19,150.00"
    },
    {
        "Symbol":"LSL",
        "Date":"2024-02-20",
        "Open":163.4,
        "High":163.4,
        "Low":158.5,
        "Close":159.8,
        "Percent Change":"-0.75 %",
        "Volume":"30,815.00"
    },
    {
        "Symbol":"LSL",
        "Date":"2024-02-18",
        "Open":163.0,
        "High":164.0,
        "Low":160.0,
        "Close":161.0,
        "Percent Change":"-1.71 %",
        "Volume":"79,692.00"
    },
    {
        "Symbol":"LSL",
        "Date":"2024-02-15",
        "Open":164.0,
        "High":164.9,
        "Low":161.8,
        "Close":163.8,
        "Percent Change":"-0.12 %",
        "Volume":"34,027.00"
    },
    {
        "Symbol":"LSL",
        "Date":"2024-02-14",
        "Open":164.9,
        "High":167.0,
        "Low":164.0,
        "Close":164.0,
        "Percent Change":"-0.55 %",
        "Volume":"29,859.00"
    },
    {
        "Symbol":"LSL",
        "Date":"2024-02-13",
        "Open":166.5,
        "High":167.0,
        "Low":164.7,
        "Close":164.9,
        "Percent Change":"-0.96 %",
        "Volume":"26,983.00"
    },
    {
        "Symbol":"LSL",
        "Date":"2024-02-12",
        "Open":163.7,
        "High":170.2,
        "Low":163.7,
        "Close":166.5,
        "Percent Change":"-0.30 %",
        "Volume":"19,583.00"
    },
    {
        "Symbol":"LSL",
        "Date":"2024-02-11",
        "Open":169.0,
        "High":170.0,
        "Low":167.0,
        "Close":167.0,
        "Percent Change":"-0.30 %",
        "Volume":"46,023.00"
    },
    {
        "Symbol":"LSL",
        "Date":"2024-02-08",
        "Open":165.5,
        "High":167.9,
        "Low":165.0,
        "Close":167.5,
        "Percent Change":"1.03 %",
        "Volume":"83,554.00"
    },
    {
        "Symbol":"LSL",
        "Date":"2024-02-07",
        "Open":169.4,
        "High":169.4,
        "Low":165.6,
        "Close":165.8,
        "Percent Change":"-0.18 %",
        "Volume":"43,163.00"
    },
    {
        "Symbol":"LSL",
        "Date":"2024-02-06",
        "Open":168.0,
        "High":168.0,
        "Low":166.0,
        "Close":166.1,
        "Percent Change":"-0.54 %",
        "Volume":"25,585.00"
    },
    {
        "Symbol":"LSL",
        "Date":"2024-02-05",
        "Open":168.0,
        "High":168.0,
        "Low":165.5,
        "Close":167.0,
        "Percent Change":"0.06 %",
        "Volume":"46,188.00"
    },
    {
        "Symbol":"LSL",
        "Date":"2024-02-04",
        "Open":166.0,
        "High":169.0,
        "Low":166.0,
        "Close":166.9,
        "Percent Change":"-0.36 %",
        "Volume":"44,650.00"
    },
    {
        "Symbol":"LSL",
        "Date":"2024-02-01",
        "Open":167.0,
        "High":169.9,
        "Low":167.0,
        "Close":167.5,
        "Percent Change":"-0.30 %",
        "Volume":"45,369.00"
    },
    {
        "Symbol":"LSL",
        "Date":"2024-01-31",
        "Open":172.3,
        "High":173.4,
        "Low":167.2,
        "Close":168.0,
        "Percent Change":"-0.59 %",
        "Volume":"49,143.00"
    },
    {
        "Symbol":"LSL",
        "Date":"2024-01-30",
        "Open":170.0,
        "High":170.0,
        "Low":168.5,
        "Close":169.0,
        "Percent Change":"-0.53 %",
        "Volume":"76,418.00"
    },
    {
        "Symbol":"LSL",
        "Date":"2024-01-29",
        "Open":168.0,
        "High":171.0,
        "Low":168.0,
        "Close":169.9,
        "Percent Change":"0.65 %",
        "Volume":"20,162.00"
    },
    {
        "Symbol":"LSL",
        "Date":"2024-01-28",
        "Open":171.0,
        "High":174.4,
        "Low":168.8,
        "Close":168.8,
        "Percent Change":"0.06 %",
        "Volume":"25,082.00"
    },
    {
        "Symbol":"LSL",
        "Date":"2024-01-25",
        "Open":171.5,
        "High":174.9,
        "Low":168.7,
        "Close":168.7,
        "Percent Change":"-0.65 %",
        "Volume":"63,299.00"
    },
    {
        "Symbol":"LSL",
        "Date":"2024-01-24",
        "Open":172.0,
        "High":172.0,
        "Low":169.2,
        "Close":169.8,
        "Percent Change":"-0.35 %",
        "Volume":"27,241.00"
    },
    {
        "Symbol":"LSL",
        "Date":"2024-01-23",
        "Open":170.0,
        "High":171.9,
        "Low":170.0,
        "Close":170.4,
        "Percent Change":"0.24 %",
        "Volume":"38,558.00"
    },
    {
        "Symbol":"LSL",
        "Date":"2024-01-22",
        "Open":170.0,
        "High":172.0,
        "Low":169.3,
        "Close":170.0,
        "Percent Change":"-0.29 %",
        "Volume":"28,571.00"
    },
    {
        "Symbol":"LSL",
        "Date":"2024-01-21",
        "Open":170.2,
        "High":172.4,
        "Low":169.2,
        "Close":170.5,
        "Percent Change":"-1.73 %",
        "Volume":"68,558.00"
    },
    {
        "Symbol":"LSL",
        "Date":"2024-01-18",
        "Open":174.6,
        "High":176.5,
        "Low":171.1,
        "Close":173.5,
        "Percent Change":"-1.42 %",
        "Volume":"77,290.00"
    },
    {
        "Symbol":"LSL",
        "Date":"2024-01-17",
        "Open":178.0,
        "High":181.1,
        "Low":175.6,
        "Close":176.0,
        "Percent Change":"-0.62 %",
        "Volume":"102,563.00"
    },
    {
        "Symbol":"LSL",
        "Date":"2024-01-16",
        "Open":175.0,
        "High":180.4,
        "Low":174.0,
        "Close":177.1,
        "Percent Change":"1.72 %",
        "Volume":"63,063.00"
    },
    {
        "Symbol":"LSL",
        "Date":"2024-01-14",
        "Open":175.0,
        "High":175.7,
        "Low":172.6,
        "Close":174.1,
        "Percent Change":"0.35 %",
        "Volume":"24,133.00"
    },
    {
        "Symbol":"LSL",
        "Date":"2024-01-11",
        "Open":173.7,
        "High":177.4,
        "Low":172.6,
        "Close":173.5,
        "Percent Change":"-0.29 %",
        "Volume":"22,177.00"
    },
    {
        "Symbol":"LSL",
        "Date":"2024-01-10",
        "Open":170.2,
        "High":179.5,
        "Low":170.2,
        "Close":174.0,
        "Percent Change":"0.23 %",
        "Volume":"31,998.00"
    },
    {
        "Symbol":"LSL",
        "Date":"2024-01-09",
        "Open":172.0,
        "High":173.6,
        "Low":170.0,
        "Close":173.6,
        "Percent Change":"2.12 %",
        "Volume":"61,217.00"
    },
    {
        "Symbol":"LSL",
        "Date":"2024-01-08",
        "Open":172.0,
        "High":173.4,
        "Low":168.9,
        "Close":170.0,
        "Percent Change":"0.00 %",
        "Volume":"64,503.00"
    },
    {
        "Symbol":"LSL",
        "Date":"2024-01-07",
        "Open":176.0,
        "High":177.0,
        "Low":170.0,
        "Close":170.0,
        "Percent Change":"-3.95 %",
        "Volume":"84,360.00"
    },
    {
        "Symbol":"LSL",
        "Date":"2024-01-04",
        "Open":178.0,
        "High":181.0,
        "Low":176.2,
        "Close":177.0,
        "Percent Change":"-2.53 %",
        "Volume":"70,541.00"
    },
    {
        "Symbol":"LSL",
        "Date":"2024-01-03",
        "Open":190.5,
        "High":194.5,
        "Low":190.5,
        "Close":194.3,
        "Percent Change":"1.99 %",
        "Volume":"93,441.00"
    },
    {
        "Symbol":"LSL",
        "Date":"2024-01-02",
        "Open":190.5,
        "High":193.0,
        "Low":189.6,
        "Close":190.5,
        "Percent Change":"-1.19 %",
        "Volume":"93,584.00"
    },
    {
        "Symbol":"LSL",
        "Date":"2024-01-01",
        "Open":192.0,
        "High":195.1,
        "Low":192.0,
        "Close":192.8,
        "Percent Change":"-0.21 %",
        "Volume":"120,570.00"
    },
    {
        "Symbol":"LSL",
        "Date":"2023-12-28",
        "Open":195.0,
        "High":195.9,
        "Low":191.8,
        "Close":193.2,
        "Percent Change":"-0.77 %",
        "Volume":"78,764.00"
    },
    {
        "Symbol":"LSL",
        "Date":"2023-12-27",
        "Open":195.0,
        "High":198.8,
        "Low":194.0,
        "Close":194.7,
        "Percent Change":"-0.97 %",
        "Volume":"68,271.00"
    },
    {
        "Symbol":"LSL",
        "Date":"2023-12-24",
        "Open":199.0,
        "High":200.1,
        "Low":196.5,
        "Close":196.6,
        "Percent Change":"-1.70 %",
        "Volume":"76,205.00"
    },
    {
        "Symbol":"LSL",
        "Date":"2023-12-21",
        "Open":208.0,
        "High":208.0,
        "Low":199.1,
        "Close":200.0,
        "Percent Change":"-2.44 %",
        "Volume":"170,428.00"
    },
    {
        "Symbol":"LSL",
        "Date":"2023-12-20",
        "Open":205.2,
        "High":207.2,
        "Low":204.0,
        "Close":205.0,
        "Percent Change":"0.49 %",
        "Volume":"129,858.00"
    },
    {
        "Symbol":"LSL",
        "Date":"2023-12-19",
        "Open":203.0,
        "High":206.0,
        "Low":197.2,
        "Close":204.0,
        "Percent Change":"2.10 %",
        "Volume":"250,778.00"
    },
    {
        "Symbol":"LSL",
        "Date":"2023-12-18",
        "Open":195.6,
        "High":200.0,
        "Low":193.1,
        "Close":199.8,
        "Percent Change":"4.17 %",
        "Volume":"476,836.00"
    },
    {
        "Symbol":"LSL",
        "Date":"2023-12-17",
        "Open":189.2,
        "High":193.0,
        "Low":186.0,
        "Close":191.8,
        "Percent Change":"-0.62 %",
        "Volume":"96,886.00"
    },
    {
        "Symbol":"LSL",
        "Date":"2023-12-14",
        "Open":195.0,
        "High":197.0,
        "Low":191.0,
        "Close":193.0,
        "Percent Change":"-0.87 %",
        "Volume":"83,971.00"
    },
    {
        "Symbol":"LSL",
        "Date":"2023-12-13",
        "Open":193.9,
        "High":198.0,
        "Low":191.0,
        "Close":194.7,
        "Percent Change":"1.67 %",
        "Volume":"415,154.00"
    },
    {
        "Symbol":"LSL",
        "Date":"2023-12-12",
        "Open":183.2,
        "High":191.6,
        "Low":183.1,
        "Close":191.5,
        "Percent Change":"4.08 %",
        "Volume":"148,120.00"
    },
    {
        "Symbol":"LSL",
        "Date":"2023-12-11",
        "Open":185.5,
        "High":186.0,
        "Low":178.0,
        "Close":184.0,
        "Percent Change":"-0.54 %",
        "Volume":"117,629.00"
    },
    {
        "Symbol":"LSL",
        "Date":"2023-12-10",
        "Open":177.0,
        "High":185.0,
        "Low":177.0,
        "Close":185.0,
        "Percent Change":"4.46 %",
        "Volume":"565.00"
    },
    {
        "Symbol":"LSL",
        "Date":"2023-12-07",
        "Open":176.6,
        "High":181.0,
        "Low":175.4,
        "Close":177.1,
        "Percent Change":"0.34 %",
        "Volume":"17,178.00"
    },
    {
        "Symbol":"LSL",
        "Date":"2023-12-06",
        "Open":176.0,
        "High":178.5,
        "Low":176.0,
        "Close":176.5,
        "Percent Change":"-0.84 %",
        "Volume":"5,697.00"
    },
    {
        "Symbol":"LSL",
        "Date":"2023-12-05",
        "Open":175.0,
        "High":178.0,
        "Low":175.0,
        "Close":178.0,
        "Percent Change":"0.56 %",
        "Volume":"9,493.00"
    },
    {
        "Symbol":"LSL",
        "Date":"2023-12-04",
        "Open":178.0,
        "High":179.0,
        "Low":176.3,
        "Close":177.0,
        "Percent Change":"-1.12 %",
        "Volume":"15,845.00"
    },
    {
        "Symbol":"LSL",
        "Date":"2023-12-03",
        "Open":175.4,
        "High":179.0,
        "Low":175.3,
        "Close":179.0,
        "Percent Change":"0.79 %",
        "Volume":"27,169.00"
    },
    {
        "Symbol":"LSL",
        "Date":"2023-11-30",
        "Open":181.0,
        "High":182.5,
        "Low":177.6,
        "Close":177.6,
        "Percent Change":"-2.36 %",
        "Volume":"24,594.00"
    },
    {
        "Symbol":"LSL",
        "Date":"2023-11-29",
        "Open":183.9,
        "High":184.0,
        "Low":180.0,
        "Close":181.9,
        "Percent Change":"-1.09 %",
        "Volume":"15,928.00"
    },
    {
        "Symbol":"LSL",
        "Date":"2023-11-28",
        "Open":178.6,
        "High":185.0,
        "Low":175.1,
        "Close":183.9,
        "Percent Change":"0.93 %",
        "Volume":"30,258.00"
    },
    {
        "Symbol":"LSL",
        "Date":"2023-11-27",
        "Open":183.0,
        "High":185.0,
        "Low":178.5,
        "Close":182.2,
        "Percent Change":"-1.51 %",
        "Volume":"18,386.00"
    },
    {
        "Symbol":"LSL",
        "Date":"2023-11-26",
        "Open":172.5,
        "High":186.0,
        "Low":172.5,
        "Close":185.0,
        "Percent Change":"5.41 %",
        "Volume":"56,254.00"
    },
    {
        "Symbol":"LSL",
        "Date":"2023-11-23",
        "Open":173.2,
        "High":177.5,
        "Low":173.2,
        "Close":175.5,
        "Percent Change":"0.00 %",
        "Volume":"13,447.00"
    },
    {
        "Symbol":"LSL",
        "Date":"2023-11-22",
        "Open":172.1,
        "High":176.4,
        "Low":172.1,
        "Close":175.5,
        "Percent Change":"0.29 %",
        "Volume":"25,255.00"
    },
    {
        "Symbol":"LSL",
        "Date":"2023-11-21",
        "Open":175.5,
        "High":178.0,
        "Low":172.7,
        "Close":175.0,
        "Percent Change":"-0.28 %",
        "Volume":"26,409.00"
    },
    {
        "Symbol":"LSL",
        "Date":"2023-11-20",
        "Open":177.9,
        "High":180.1,
        "Low":175.1,
        "Close":175.5,
        "Percent Change":"-0.23 %",
        "Volume":"19,678.00"
    },
    {
        "Symbol":"LSL",
        "Date":"2023-11-09",
        "Open":172.1,
        "High":178.5,
        "Low":172.1,
        "Close":175.9,
        "Percent Change":"1.68 %",
        "Volume":"16,602.00"
    },
    {
        "Symbol":"LSL",
        "Date":"2023-11-08",
        "Open":173.1,
        "High":174.0,
        "Low":173.0,
        "Close":173.0,
        "Percent Change":"-0.57 %",
        "Volume":"18,290.00"
    },
    {
        "Symbol":"LSL",
        "Date":"2023-11-07",
        "Open":175.1,
        "High":176.5,
        "Low":174.0,
        "Close":174.0,
        "Percent Change":"-1.14 %",
        "Volume":"17,380.00"
    },
    {
        "Symbol":"LSL",
        "Date":"2023-11-06",
        "Open":176.5,
        "High":178.0,
        "Low":175.0,
        "Close":176.0,
        "Percent Change":"-0.28 %",
        "Volume":"53,508.00"
    },
    {
        "Symbol":"LSL",
        "Date":"2023-11-05",
        "Open":178.0,
        "High":179.0,
        "Low":176.2,
        "Close":176.5,
        "Percent Change":"-1.84 %",
        "Volume":"89,123.00"
    },
    {
        "Symbol":"LSL",
        "Date":"2023-11-02",
        "Open":181.0,
        "High":181.0,
        "Low":179.7,
        "Close":179.8,
        "Percent Change":"-0.66 %",
        "Volume":"24,610.00"
    },
    {
        "Symbol":"LSL",
        "Date":"2023-11-01",
        "Open":181.0,
        "High":181.9,
        "Low":180.0,
        "Close":181.0,
        "Percent Change":"0.33 %",
        "Volume":"31,606.00"
    },
    {
        "Symbol":"LSL",
        "Date":"2023-10-31",
        "Open":179.2,
        "High":184.0,
        "Low":179.2,
        "Close":180.4,
        "Percent Change":"-0.55 %",
        "Volume":"10,749.00"
    },
    {
        "Symbol":"LSL",
        "Date":"2023-10-30",
        "Open":179.0,
        "High":182.9,
        "Low":179.0,
        "Close":181.4,
        "Percent Change":"-0.33 %",
        "Volume":"16,440.00"
    },
    {
        "Symbol":"LSL",
        "Date":"2023-10-29",
        "Open":182.0,
        "High":182.0,
        "Low":179.2,
        "Close":182.0,
        "Percent Change":"-0.55 %",
        "Volume":"24,680.00"
    },
    {
        "Symbol":"LSL",
        "Date":"2023-10-19",
        "Open":186.0,
        "High":187.0,
        "Low":180.9,
        "Close":183.0,
        "Percent Change":"-0.81 %",
        "Volume":"13,356.00"
    },
    {
        "Symbol":"LSL",
        "Date":"2023-10-18",
        "Open":182.0,
        "High":188.0,
        "Low":180.6,
        "Close":184.5,
        "Percent Change":"1.93 %",
        "Volume":"15,818.00"
    },
    {
        "Symbol":"LSL",
        "Date":"2023-10-17",
        "Open":180.0,
        "High":182.0,
        "Low":179.0,
        "Close":181.0,
        "Percent Change":"0.67 %",
        "Volume":"21,047.00"
    },
    {
        "Symbol":"LSL",
        "Date":"2023-10-16",
        "Open":180.1,
        "High":181.0,
        "Low":179.0,
        "Close":179.8,
        "Percent Change":"-1.05 %",
        "Volume":"34,974.00"
    },
    {
        "Symbol":"LSL",
        "Date":"2023-10-12",
        "Open":181.0,
        "High":183.5,
        "Low":180.5,
        "Close":181.7,
        "Percent Change":"-0.16 %",
        "Volume":"73,275.00"
    },
    {
        "Symbol":"LSL",
        "Date":"2023-10-11",
        "Open":181.0,
        "High":182.8,
        "Low":180.4,
        "Close":182.0,
        "Percent Change":"1.11 %",
        "Volume":"42,517.00"
    },
    {
        "Symbol":"LSL",
        "Date":"2023-10-10",
        "Open":180.1,
        "High":182.0,
        "Low":180.0,
        "Close":180.0,
        "Percent Change":"-1.10 %",
        "Volume":"46,954.00"
    },
    {
        "Symbol":"LSL",
        "Date":"2023-10-09",
        "Open":180.2,
        "High":188.3,
        "Low":180.2,
        "Close":182.0,
        "Percent Change":"0.50 %",
        "Volume":"43,796.00"
    },
    {
        "Symbol":"LSL",
        "Date":"2023-10-08",
        "Open":184.0,
        "High":186.0,
        "Low":181.1,
        "Close":181.1,
        "Percent Change":"-2.11 %",
        "Volume":"76,174.00"
    },
    {
        "Symbol":"LSL",
        "Date":"2023-10-05",
        "Open":186.1,
        "High":187.4,
        "Low":184.8,
        "Close":185.0,
        "Percent Change":"-1.02 %",
        "Volume":"76,657.00"
    },
    {
        "Symbol":"LSL",
        "Date":"2023-10-04",
        "Open":185.0,
        "High":187.9,
        "Low":185.0,
        "Close":186.9,
        "Percent Change":"0.43 %",
        "Volume":"41,074.00"
    },
    {
        "Symbol":"LSL",
        "Date":"2023-10-03",
        "Open":184.0,
        "High":187.0,
        "Low":184.0,
        "Close":186.1,
        "Percent Change":"-0.53 %",
        "Volume":"30,862.00"
    },
    {
        "Symbol":"LSL",
        "Date":"2023-10-02",
        "Open":185.0,
        "High":189.0,
        "Low":183.6,
        "Close":187.1,
        "Percent Change":"0.70 %",
        "Volume":"63,673.00"
    },
    {
        "Symbol":"LSL",
        "Date":"2023-10-01",
        "Open":190.0,
        "High":190.0,
        "Low":183.5,
        "Close":185.8,
        "Percent Change":"-2.16 %",
        "Volume":"62,912.00"
    },
    {
        "Symbol":"LSL",
        "Date":"2023-09-27",
        "Open":191.0,
        "High":192.0,
        "Low":186.0,
        "Close":189.9,
        "Percent Change":"0.74 %",
        "Volume":"81,053.00"
    },
    {
        "Symbol":"LSL",
        "Date":"2023-09-26",
        "Open":190.0,
        "High":191.7,
        "Low":186.5,
        "Close":188.5,
        "Percent Change":"-0.37 %",
        "Volume":"89,724.00"
    },
    {
        "Symbol":"LSL",
        "Date":"2023-09-25",
        "Open":195.2,
        "High":195.2,
        "Low":188.0,
        "Close":189.2,
        "Percent Change":"-1.97 %",
        "Volume":"65,925.00"
    },
    {
        "Symbol":"LSL",
        "Date":"2023-09-24",
        "Open":193.7,
        "High":194.8,
        "Low":188.2,
        "Close":193.0,
        "Percent Change":"1.58 %",
        "Volume":"114,561.00"
    },
    {
        "Symbol":"LSL",
        "Date":"2023-09-21",
        "Open":189.0,
        "High":193.0,
        "Low":188.0,
        "Close":190.0,
        "Percent Change":"1.17 %",
        "Volume":"188,333.00"
    },
    {
        "Symbol":"LSL",
        "Date":"2023-09-19",
        "Open":186.0,
        "High":190.0,
        "Low":184.1,
        "Close":187.8,
        "Percent Change":"1.08 %",
        "Volume":"48,520.00"
    },
    {
        "Symbol":"LSL",
        "Date":"2023-09-18",
        "Open":184.4,
        "High":187.0,
        "Low":183.0,
        "Close":185.8,
        "Percent Change":"-1.17 %",
        "Volume":"15,843.00"
    },
    {
        "Symbol":"LSL",
        "Date":"2023-09-17",
        "Open":196.8,
        "High":196.8,
        "Low":185.0,
        "Close":188.0,
        "Percent Change":"-2.59 %",
        "Volume":"119,719.00"
    },
    {
        "Symbol":"LSL",
        "Date":"2023-09-13",
        "Open":191.0,
        "High":194.4,
        "Low":190.2,
        "Close":193.0,
        "Percent Change":"-0.92 %",
        "Volume":"185,280.00"
    },
    {
        "Symbol":"LSL",
        "Date":"2023-09-12",
        "Open":188.0,
        "High":194.8,
        "Low":185.7,
        "Close":194.8,
        "Percent Change":"3.45 %",
        "Volume":"86,438.00"
    },
    {
        "Symbol":"LSL",
        "Date":"2023-09-11",
        "Open":186.5,
        "High":190.0,
        "Low":183.4,
        "Close":188.3,
        "Percent Change":"1.45 %",
        "Volume":"120,957.00"
    },
    {
        "Symbol":"LSL",
        "Date":"2023-09-10",
        "Open":182.2,
        "High":186.9,
        "Low":182.2,
        "Close":185.6,
        "Percent Change":"0.87 %",
        "Volume":"77,644.00"
    },
    {
        "Symbol":"LSL",
        "Date":"2023-09-07",
        "Open":184.0,
        "High":187.0,
        "Low":182.3,
        "Close":184.0,
        "Percent Change":"-1.76 %",
        "Volume":"50,946.00"
    },
    {
        "Symbol":"LSL",
        "Date":"2023-09-05",
        "Open":183.0,
        "High":187.3,
        "Low":181.0,
        "Close":187.3,
        "Percent Change":"1.63 %",
        "Volume":"109,337.00"
    },
    {
        "Symbol":"LSL",
        "Date":"2023-09-04",
        "Open":184.9,
        "High":185.1,
        "Low":182.1,
        "Close":184.3,
        "Percent Change":"-0.38 %",
        "Volume":"106,927.00"
    },
    {
        "Symbol":"LSL",
        "Date":"2023-09-03",
        "Open":188.5,
        "High":188.5,
        "Low":182.2,
        "Close":185.0,
        "Percent Change":"0.00 %",
        "Volume":"109,626.00"
    },
    {
        "Symbol":"LSL",
        "Date":"2023-08-30",
        "Open":179.6,
        "High":186.6,
        "Low":179.6,
        "Close":185.0,
        "Percent Change":"2.89 %",
        "Volume":"164,989.00"
    },
    {
        "Symbol":"LSL",
        "Date":"2023-08-29",
        "Open":183.2,
        "High":183.2,
        "Low":179.1,
        "Close":179.8,
        "Percent Change":"-0.77 %",
        "Volume":"67,426.00"
    },
    {
        "Symbol":"LSL",
        "Date":"2023-08-28",
        "Open":176.4,
        "High":185.9,
        "Low":176.0,
        "Close":181.2,
        "Percent Change":"4.71 %",
        "Volume":"402,504.00"
    }
]