[
    {
        "Symbol":"HATHY",
        "Date":"2024-08-11",
        "Open":1601.4,
        "High":1626.0,
        "Low":1570.0,
        "Close":1578.0,
        "Percent Change":"0.51 %",
        "Volume":"90,835.00"
    },
    {
        "Symbol":"HATHY",
        "Date":"2024-08-08",
        "Open":1670.0,
        "High":1710.0,
        "Low":1563.1,
        "Close":1570.0,
        "Percent Change":"-4.56 %",
        "Volume":"127,178.00"
    },
    {
        "Symbol":"HATHY",
        "Date":"2024-08-07",
        "Open":1600.0,
        "High":1698.0,
        "Low":1575.0,
        "Close":1645.0,
        "Percent Change":"2.63 %",
        "Volume":"116,558.00"
    },
    {
        "Symbol":"HATHY",
        "Date":"2024-08-06",
        "Open":1816.0,
        "High":1816.0,
        "Low":1602.9,
        "Close":1602.9,
        "Percent Change":"-10.00 %",
        "Volume":"200,293.00"
    },
    {
        "Symbol":"HATHY",
        "Date":"2024-08-05",
        "Open":1652.4,
        "High":1781.0,
        "Low":1631.0,
        "Close":1781.0,
        "Percent Change":"9.94 %",
        "Volume":"163,637.00"
    },
    {
        "Symbol":"HATHY",
        "Date":"2024-08-01",
        "Open":1672.8,
        "High":1729.0,
        "Low":1565.0,
        "Close":1620.0,
        "Percent Change":"-1.22 %",
        "Volume":"197,986.00"
    },
    {
        "Symbol":"HATHY",
        "Date":"2024-07-31",
        "Open":1580.0,
        "High":1737.5,
        "Low":1580.0,
        "Close":1640.0,
        "Percent Change":"3.82 %",
        "Volume":"144,625.00"
    },
    {
        "Symbol":"HATHY",
        "Date":"2024-07-30",
        "Open":1436.9,
        "High":1580.5,
        "Low":1430.0,
        "Close":1579.6,
        "Percent Change":"9.93 %",
        "Volume":"107,565.00"
    },
    {
        "Symbol":"HATHY",
        "Date":"2024-07-29",
        "Open":1381.1,
        "High":1480.0,
        "Low":1350.0,
        "Close":1436.9,
        "Percent Change":"6.11 %",
        "Volume":"145,616.00"
    },
    {
        "Symbol":"HATHY",
        "Date":"2024-07-28",
        "Open":1255.6,
        "High":1354.1,
        "Low":1230.5,
        "Close":1354.1,
        "Percent Change":"10.00 %",
        "Volume":"212,001.00"
    },
    {
        "Symbol":"HATHY",
        "Date":"2024-07-25",
        "Open":1285.2,
        "High":1297.0,
        "Low":1216.1,
        "Close":1231.0,
        "Percent Change":"-2.30 %",
        "Volume":"102,097.00"
    },
    {
        "Symbol":"HATHY",
        "Date":"2024-07-24",
        "Open":1210.0,
        "High":1305.5,
        "Low":1210.0,
        "Close":1260.0,
        "Percent Change":"6.16 %",
        "Volume":"175,829.00"
    },
    {
        "Symbol":"HATHY",
        "Date":"2024-07-23",
        "Open":1070.0,
        "High":1186.9,
        "Low":1070.0,
        "Close":1186.9,
        "Percent Change":"10.00 %",
        "Volume":"100,641.00"
    },
    {
        "Symbol":"HATHY",
        "Date":"2024-07-22",
        "Open":1076.0,
        "High":1091.0,
        "Low":1058.0,
        "Close":1079.0,
        "Percent Change":"0.28 %",
        "Volume":"84,035.00"
    },
    {
        "Symbol":"HATHY",
        "Date":"2024-07-21",
        "Open":1090.0,
        "High":1100.0,
        "Low":1059.0,
        "Close":1076.0,
        "Percent Change":"-0.37 %",
        "Volume":"79,354.00"
    },
    {
        "Symbol":"HATHY",
        "Date":"2024-07-18",
        "Open":1079.0,
        "High":1119.0,
        "Low":1056.0,
        "Close":1080.0,
        "Percent Change":"1.22 %",
        "Volume":"116,913.00"
    },
    {
        "Symbol":"HATHY",
        "Date":"2024-07-17",
        "Open":1004.2,
        "High":1078.0,
        "Low":1004.2,
        "Close":1067.0,
        "Percent Change":"4.14 %",
        "Volume":"99,977.00"
    },
    {
        "Symbol":"HATHY",
        "Date":"2024-07-16",
        "Open":1013.0,
        "High":1045.0,
        "Low":1011.0,
        "Close":1024.6,
        "Percent Change":"1.15 %",
        "Volume":"57,867.00"
    },
    {
        "Symbol":"HATHY",
        "Date":"2024-07-15",
        "Open":1050.0,
        "High":1050.0,
        "Low":1012.0,
        "Close":1013.0,
        "Percent Change":"-1.65 %",
        "Volume":"87,437.00"
    },
    {
        "Symbol":"HATHY",
        "Date":"2024-07-14",
        "Open":1040.4,
        "High":1080.0,
        "Low":1023.0,
        "Close":1030.0,
        "Percent Change":"0.98 %",
        "Volume":"70,746.00"
    },
    {
        "Symbol":"HATHY",
        "Date":"2024-07-11",
        "Open":1038.9,
        "High":1045.0,
        "Low":1014.0,
        "Close":1020.0,
        "Percent Change":"-0.34 %",
        "Volume":"76,776.00"
    },
    {
        "Symbol":"HATHY",
        "Date":"2024-07-10",
        "Open":989.0,
        "High":1033.8,
        "Low":989.0,
        "Close":1023.5,
        "Percent Change":"3.91 %",
        "Volume":"148,103.00"
    },
    {
        "Symbol":"HATHY",
        "Date":"2024-07-09",
        "Open":945.0,
        "High":985.0,
        "Low":940.0,
        "Close":985.0,
        "Percent Change":"3.79 %",
        "Volume":"92,026.00"
    },
    {
        "Symbol":"HATHY",
        "Date":"2024-07-08",
        "Open":970.0,
        "High":970.0,
        "Low":945.0,
        "Close":949.0,
        "Percent Change":"-1.15 %",
        "Volume":"41,376.00"
    },
    {
        "Symbol":"HATHY",
        "Date":"2024-07-07",
        "Open":930.0,
        "High":969.0,
        "Low":930.0,
        "Close":960.0,
        "Percent Change":"3.56 %",
        "Volume":"91,842.00"
    },
    {
        "Symbol":"HATHY",
        "Date":"2024-07-04",
        "Open":930.1,
        "High":949.0,
        "Low":926.0,
        "Close":927.0,
        "Percent Change":"0.22 %",
        "Volume":"38,906.00"
    },
    {
        "Symbol":"HATHY",
        "Date":"2024-07-03",
        "Open":933.0,
        "High":933.8,
        "Low":916.0,
        "Close":925.0,
        "Percent Change":"-0.86 %",
        "Volume":"17,142.00"
    },
    {
        "Symbol":"HATHY",
        "Date":"2024-07-02",
        "Open":924.0,
        "High":970.0,
        "Low":924.0,
        "Close":933.0,
        "Percent Change":"0.97 %",
        "Volume":"46,607.00"
    },
    {
        "Symbol":"HATHY",
        "Date":"2024-07-01",
        "Open":917.1,
        "High":932.0,
        "Low":913.2,
        "Close":924.0,
        "Percent Change":"0.64 %",
        "Volume":"20,116.00"
    },
    {
        "Symbol":"HATHY",
        "Date":"2024-06-30",
        "Open":906.2,
        "High":937.3,
        "Low":906.2,
        "Close":918.1,
        "Percent Change":"-0.10 %",
        "Volume":"43,495.00"
    },
    {
        "Symbol":"HATHY",
        "Date":"2024-06-27",
        "Open":920.0,
        "High":937.0,
        "Low":915.0,
        "Close":919.0,
        "Percent Change":"-0.86 %",
        "Volume":"33,542.00"
    },
    {
        "Symbol":"HATHY",
        "Date":"2024-06-26",
        "Open":944.0,
        "High":962.0,
        "Low":923.1,
        "Close":927.0,
        "Percent Change":"-2.11 %",
        "Volume":"83,888.00"
    },
    {
        "Symbol":"HATHY",
        "Date":"2024-06-25",
        "Open":885.1,
        "High":955.0,
        "Low":885.1,
        "Close":947.0,
        "Percent Change":"6.64 %",
        "Volume":"91,062.00"
    },
    {
        "Symbol":"HATHY",
        "Date":"2024-06-24",
        "Open":904.9,
        "High":904.9,
        "Low":886.0,
        "Close":888.0,
        "Percent Change":"-0.22 %",
        "Volume":"31,122.00"
    },
    {
        "Symbol":"HATHY",
        "Date":"2024-06-23",
        "Open":903.0,
        "High":905.0,
        "Low":885.0,
        "Close":890.0,
        "Percent Change":"-1.44 %",
        "Volume":"17,819.00"
    },
    {
        "Symbol":"HATHY",
        "Date":"2024-06-20",
        "Open":901.0,
        "High":915.9,
        "Low":895.7,
        "Close":903.0,
        "Percent Change":"0.44 %",
        "Volume":"22,738.00"
    },
    {
        "Symbol":"HATHY",
        "Date":"2024-06-19",
        "Open":900.0,
        "High":915.9,
        "Low":895.0,
        "Close":899.0,
        "Percent Change":"-0.11 %",
        "Volume":"37,283.00"
    },
    {
        "Symbol":"HATHY",
        "Date":"2024-06-18",
        "Open":905.1,
        "High":919.9,
        "Low":892.2,
        "Close":900.0,
        "Percent Change":"-1.22 %",
        "Volume":"47,159.00"
    },
    {
        "Symbol":"HATHY",
        "Date":"2024-06-16",
        "Open":935.0,
        "High":950.0,
        "Low":910.0,
        "Close":911.1,
        "Percent Change":"-2.56 %",
        "Volume":"32,460.00"
    },
    {
        "Symbol":"HATHY",
        "Date":"2024-06-13",
        "Open":949.0,
        "High":965.0,
        "Low":931.0,
        "Close":935.0,
        "Percent Change":"0.00 %",
        "Volume":"68,295.00"
    },
    {
        "Symbol":"HATHY",
        "Date":"2024-06-12",
        "Open":949.0,
        "High":949.0,
        "Low":930.0,
        "Close":935.0,
        "Percent Change":"0.48 %",
        "Volume":"48,167.00"
    },
    {
        "Symbol":"HATHY",
        "Date":"2024-06-11",
        "Open":930.0,
        "High":949.6,
        "Low":929.2,
        "Close":930.5,
        "Percent Change":"-0.80 %",
        "Volume":"46,055.00"
    },
    {
        "Symbol":"HATHY",
        "Date":"2024-06-10",
        "Open":928.1,
        "High":960.0,
        "Low":922.2,
        "Close":938.0,
        "Percent Change":"-0.95 %",
        "Volume":"73,159.00"
    },
    {
        "Symbol":"HATHY",
        "Date":"2024-06-09",
        "Open":953.4,
        "High":970.0,
        "Low":935.1,
        "Close":947.0,
        "Percent Change":"1.29 %",
        "Volume":"123,095.00"
    },
    {
        "Symbol":"HATHY",
        "Date":"2024-06-06",
        "Open":933.3,
        "High":944.0,
        "Low":908.3,
        "Close":934.9,
        "Percent Change":"2.17 %",
        "Volume":"83,752.00"
    },
    {
        "Symbol":"HATHY",
        "Date":"2024-06-05",
        "Open":930.0,
        "High":935.0,
        "Low":911.0,
        "Close":915.0,
        "Percent Change":"0.11 %",
        "Volume":"60,821.00"
    },
    {
        "Symbol":"HATHY",
        "Date":"2024-06-04",
        "Open":885.1,
        "High":935.0,
        "Low":881.0,
        "Close":914.0,
        "Percent Change":"2.58 %",
        "Volume":"68,762.00"
    },
    {
        "Symbol":"HATHY",
        "Date":"2024-06-03",
        "Open":903.0,
        "High":911.0,
        "Low":885.1,
        "Close":891.0,
        "Percent Change":"-0.45 %",
        "Volume":"44,590.00"
    },
    {
        "Symbol":"HATHY",
        "Date":"2024-06-02",
        "Open":890.0,
        "High":909.0,
        "Low":880.0,
        "Close":895.0,
        "Percent Change":"0.56 %",
        "Volume":"38,123.00"
    },
    {
        "Symbol":"HATHY",
        "Date":"2024-05-30",
        "Open":910.0,
        "High":920.0,
        "Low":885.2,
        "Close":890.0,
        "Percent Change":"-2.52 %",
        "Volume":"42,333.00"
    },
    {
        "Symbol":"HATHY",
        "Date":"2024-05-29",
        "Open":915.0,
        "High":935.3,
        "Low":901.6,
        "Close":913.0,
        "Percent Change":"0.55 %",
        "Volume":"109,285.00"
    },
    {
        "Symbol":"HATHY",
        "Date":"2024-05-27",
        "Open":862.0,
        "High":926.9,
        "Low":862.0,
        "Close":908.0,
        "Percent Change":"5.34 %",
        "Volume":"115,123.00"
    },
    {
        "Symbol":"HATHY",
        "Date":"2024-05-26",
        "Open":871.0,
        "High":893.5,
        "Low":862.0,
        "Close":862.0,
        "Percent Change":"-1.60 %",
        "Volume":"36,730.00"
    },
    {
        "Symbol":"HATHY",
        "Date":"2024-05-22",
        "Open":905.0,
        "High":905.0,
        "Low":871.3,
        "Close":876.0,
        "Percent Change":"-1.57 %",
        "Volume":"38,262.00"
    },
    {
        "Symbol":"HATHY",
        "Date":"2024-05-21",
        "Open":870.0,
        "High":905.0,
        "Low":850.0,
        "Close":890.0,
        "Percent Change":"3.61 %",
        "Volume":"70,226.00"
    },
    {
        "Symbol":"HATHY",
        "Date":"2024-05-20",
        "Open":835.0,
        "High":868.0,
        "Low":835.0,
        "Close":859.0,
        "Percent Change":"2.62 %",
        "Volume":"52,955.00"
    },
    {
        "Symbol":"HATHY",
        "Date":"2024-05-19",
        "Open":848.6,
        "High":854.7,
        "Low":830.0,
        "Close":837.1,
        "Percent Change":"0.61 %",
        "Volume":"25,864.00"
    },
    {
        "Symbol":"HATHY",
        "Date":"2024-05-16",
        "Open":827.0,
        "High":854.7,
        "Low":821.0,
        "Close":832.0,
        "Percent Change":"-0.36 %",
        "Volume":"26,454.00"
    },
    {
        "Symbol":"HATHY",
        "Date":"2024-05-15",
        "Open":840.0,
        "High":865.0,
        "Low":832.1,
        "Close":835.0,
        "Percent Change":"-2.12 %",
        "Volume":"13,536.00"
    },
    {
        "Symbol":"HATHY",
        "Date":"2024-05-14",
        "Open":825.0,
        "High":865.0,
        "Low":825.0,
        "Close":853.1,
        "Percent Change":"3.16 %",
        "Volume":"25,837.00"
    },
    {
        "Symbol":"HATHY",
        "Date":"2024-05-13",
        "Open":812.0,
        "High":836.0,
        "Low":812.0,
        "Close":827.0,
        "Percent Change":"1.34 %",
        "Volume":"30,467.00"
    },
    {
        "Symbol":"HATHY",
        "Date":"2024-05-12",
        "Open":821.0,
        "High":835.0,
        "Low":816.1,
        "Close":816.1,
        "Percent Change":"-0.18 %",
        "Volume":"12,243.00"
    },
    {
        "Symbol":"HATHY",
        "Date":"2024-05-09",
        "Open":830.0,
        "High":846.0,
        "Low":815.4,
        "Close":817.6,
        "Percent Change":"0.43 %",
        "Volume":"21,544.00"
    },
    {
        "Symbol":"HATHY",
        "Date":"2024-05-08",
        "Open":825.1,
        "High":839.6,
        "Low":812.0,
        "Close":814.1,
        "Percent Change":"-1.33 %",
        "Volume":"22,991.00"
    },
    {
        "Symbol":"HATHY",
        "Date":"2024-05-07",
        "Open":851.0,
        "High":851.0,
        "Low":825.0,
        "Close":825.1,
        "Percent Change":"-1.20 %",
        "Volume":"16,620.00"
    },
    {
        "Symbol":"HATHY",
        "Date":"2024-05-06",
        "Open":850.0,
        "High":850.0,
        "Low":834.1,
        "Close":835.1,
        "Percent Change":"-0.35 %",
        "Volume":"16,844.00"
    },
    {
        "Symbol":"HATHY",
        "Date":"2024-05-05",
        "Open":858.0,
        "High":862.0,
        "Low":834.0,
        "Close":838.0,
        "Percent Change":"-2.33 %",
        "Volume":"17,597.00"
    },
    {
        "Symbol":"HATHY",
        "Date":"2024-05-02",
        "Open":853.9,
        "High":871.0,
        "Low":842.0,
        "Close":858.0,
        "Percent Change":"2.14 %",
        "Volume":"31,316.00"
    },
    {
        "Symbol":"HATHY",
        "Date":"2024-04-30",
        "Open":808.5,
        "High":856.0,
        "Low":808.5,
        "Close":840.0,
        "Percent Change":"1.82 %",
        "Volume":"32,018.00"
    },
    {
        "Symbol":"HATHY",
        "Date":"2024-04-29",
        "Open":844.0,
        "High":844.6,
        "Low":825.0,
        "Close":825.0,
        "Percent Change":"-0.37 %",
        "Volume":"10,508.00"
    },
    {
        "Symbol":"HATHY",
        "Date":"2024-04-28",
        "Open":845.0,
        "High":845.0,
        "Low":825.0,
        "Close":828.1,
        "Percent Change":"-0.23 %",
        "Volume":"16,355.00"
    },
    {
        "Symbol":"HATHY",
        "Date":"2024-04-25",
        "Open":852.0,
        "High":856.8,
        "Low":826.0,
        "Close":830.0,
        "Percent Change":"-0.73 %",
        "Volume":"22,718.00"
    },
    {
        "Symbol":"HATHY",
        "Date":"2024-04-24",
        "Open":836.0,
        "High":857.5,
        "Low":835.0,
        "Close":836.1,
        "Percent Change":"-0.70 %",
        "Volume":"11,368.00"
    },
    {
        "Symbol":"HATHY",
        "Date":"2024-04-22",
        "Open":843.0,
        "High":875.0,
        "Low":838.1,
        "Close":842.0,
        "Percent Change":"-2.09 %",
        "Volume":"11,034.00"
    },
    {
        "Symbol":"HATHY",
        "Date":"2024-04-21",
        "Open":836.0,
        "High":865.0,
        "Low":833.3,
        "Close":860.0,
        "Percent Change":"2.86 %",
        "Volume":"13,887.00"
    },
    {
        "Symbol":"HATHY",
        "Date":"2024-04-18",
        "Open":850.0,
        "High":851.0,
        "Low":836.1,
        "Close":836.1,
        "Percent Change":"-1.75 %",
        "Volume":"16,059.00"
    },
    {
        "Symbol":"HATHY",
        "Date":"2024-04-16",
        "Open":855.0,
        "High":864.0,
        "Low":850.0,
        "Close":851.0,
        "Percent Change":"-0.47 %",
        "Volume":"11,915.00"
    },
    {
        "Symbol":"HATHY",
        "Date":"2024-04-15",
        "Open":856.5,
        "High":867.0,
        "Low":855.0,
        "Close":855.0,
        "Percent Change":"-0.12 %",
        "Volume":"11,333.00"
    },
    {
        "Symbol":"HATHY",
        "Date":"2024-04-14",
        "Open":863.1,
        "High":880.0,
        "Low":855.0,
        "Close":856.0,
        "Percent Change":"-0.81 %",
        "Volume":"23,033.00"
    },
    {
        "Symbol":"HATHY",
        "Date":"2024-04-10",
        "Open":876.0,
        "High":890.0,
        "Low":860.1,
        "Close":863.0,
        "Percent Change":"-1.48 %",
        "Volume":"29,775.00"
    },
    {
        "Symbol":"HATHY",
        "Date":"2024-04-09",
        "Open":885.1,
        "High":915.0,
        "Low":876.0,
        "Close":876.0,
        "Percent Change":"-1.03 %",
        "Volume":"30,775.00"
    },
    {
        "Symbol":"HATHY",
        "Date":"2024-04-07",
        "Open":897.6,
        "High":897.6,
        "Low":880.0,
        "Close":885.1,
        "Percent Change":"0.58 %",
        "Volume":"32,877.00"
    },
    {
        "Symbol":"HATHY",
        "Date":"2024-04-04",
        "Open":875.1,
        "High":898.9,
        "Low":875.1,
        "Close":880.0,
        "Percent Change":"-1.12 %",
        "Volume":"25,382.00"
    },
    {
        "Symbol":"HATHY",
        "Date":"2024-04-03",
        "Open":891.0,
        "High":911.9,
        "Low":885.0,
        "Close":890.0,
        "Percent Change":"-1.00 %",
        "Volume":"26,291.00"
    },
    {
        "Symbol":"HATHY",
        "Date":"2024-04-02",
        "Open":897.0,
        "High":922.0,
        "Low":893.3,
        "Close":899.0,
        "Percent Change":"1.01 %",
        "Volume":"27,913.00"
    },
    {
        "Symbol":"HATHY",
        "Date":"2024-04-01",
        "Open":909.0,
        "High":917.9,
        "Low":889.0,
        "Close":890.0,
        "Percent Change":"-2.09 %",
        "Volume":"37,962.00"
    },
    {
        "Symbol":"HATHY",
        "Date":"2024-03-31",
        "Open":866.4,
        "High":929.0,
        "Low":866.4,
        "Close":909.0,
        "Percent Change":"2.83 %",
        "Volume":"105,220.00"
    },
    {
        "Symbol":"HATHY",
        "Date":"2024-03-28",
        "Open":871.0,
        "High":894.9,
        "Low":866.1,
        "Close":884.0,
        "Percent Change":"0.48 %",
        "Volume":"48,669.00"
    },
    {
        "Symbol":"HATHY",
        "Date":"2024-03-27",
        "Open":884.0,
        "High":900.0,
        "Low":874.1,
        "Close":879.8,
        "Percent Change":"-0.58 %",
        "Volume":"18,805.00"
    },
    {
        "Symbol":"HATHY",
        "Date":"2024-03-26",
        "Open":888.0,
        "High":897.5,
        "Low":872.0,
        "Close":884.9,
        "Percent Change":"0.56 %",
        "Volume":"37,405.00"
    },
    {
        "Symbol":"HATHY",
        "Date":"2024-03-25",
        "Open":852.0,
        "High":892.5,
        "Low":847.0,
        "Close":880.0,
        "Percent Change":"2.33 %",
        "Volume":"29,946.00"
    },
    {
        "Symbol":"HATHY",
        "Date":"2024-03-21",
        "Open":887.4,
        "High":887.4,
        "Low":855.0,
        "Close":860.0,
        "Percent Change":"-1.15 %",
        "Volume":"26,133.00"
    },
    {
        "Symbol":"HATHY",
        "Date":"2024-03-20",
        "Open":892.5,
        "High":892.5,
        "Low":866.0,
        "Close":870.0,
        "Percent Change":"-0.57 %",
        "Volume":"25,744.00"
    },
    {
        "Symbol":"HATHY",
        "Date":"2024-03-19",
        "Open":906.7,
        "High":906.7,
        "Low":873.0,
        "Close":875.0,
        "Percent Change":"-1.57 %",
        "Volume":"23,579.00"
    },
    {
        "Symbol":"HATHY",
        "Date":"2024-03-18",
        "Open":914.9,
        "High":914.9,
        "Low":884.0,
        "Close":889.0,
        "Percent Change":"-0.89 %",
        "Volume":"29,456.00"
    },
    {
        "Symbol":"HATHY",
        "Date":"2024-03-17",
        "Open":915.4,
        "High":915.4,
        "Low":894.0,
        "Close":897.0,
        "Percent Change":"-0.06 %",
        "Volume":"36,738.00"
    },
    {
        "Symbol":"HATHY",
        "Date":"2024-03-14",
        "Open":926.1,
        "High":926.1,
        "Low":895.0,
        "Close":897.5,
        "Percent Change":"-1.16 %",
        "Volume":"48,771.00"
    },
    {
        "Symbol":"HATHY",
        "Date":"2024-03-13",
        "Open":933.3,
        "High":944.0,
        "Low":906.0,
        "Close":908.0,
        "Percent Change":"-0.77 %",
        "Volume":"69,203.00"
    },
    {
        "Symbol":"HATHY",
        "Date":"2024-03-12",
        "Open":955.0,
        "High":955.0,
        "Low":915.0,
        "Close":915.0,
        "Percent Change":"-2.35 %",
        "Volume":"64,932.00"
    },
    {
        "Symbol":"HATHY",
        "Date":"2024-03-10",
        "Open":920.0,
        "High":958.0,
        "Low":920.0,
        "Close":937.0,
        "Percent Change":"2.07 %",
        "Volume":"77,134.00"
    },
    {
        "Symbol":"HATHY",
        "Date":"2024-03-07",
        "Open":869.0,
        "High":928.2,
        "Low":866.0,
        "Close":918.0,
        "Percent Change":"5.64 %",
        "Volume":"107,536.00"
    },
    {
        "Symbol":"HATHY",
        "Date":"2024-03-06",
        "Open":848.0,
        "High":886.0,
        "Low":842.0,
        "Close":869.0,
        "Percent Change":"0.59 %",
        "Volume":"52,300.00"
    },
    {
        "Symbol":"HATHY",
        "Date":"2024-03-05",
        "Open":900.0,
        "High":900.0,
        "Low":855.0,
        "Close":863.9,
        "Percent Change":"-3.15 %",
        "Volume":"73,112.00"
    },
    {
        "Symbol":"HATHY",
        "Date":"2024-03-04",
        "Open":859.0,
        "High":900.0,
        "Low":859.0,
        "Close":892.0,
        "Percent Change":"5.81 %",
        "Volume":"6,679.00"
    },
    {
        "Symbol":"HATHY",
        "Date":"2024-03-03",
        "Open":830.5,
        "High":861.0,
        "Low":830.3,
        "Close":843.0,
        "Percent Change":"-0.06 %",
        "Volume":"37,478.00"
    },
    {
        "Symbol":"HATHY",
        "Date":"2024-02-29",
        "Open":860.0,
        "High":890.0,
        "Low":840.0,
        "Close":843.5,
        "Percent Change":"-1.58 %",
        "Volume":"76,875.00"
    },
    {
        "Symbol":"HATHY",
        "Date":"2024-02-28",
        "Open":824.0,
        "High":877.0,
        "Low":823.9,
        "Close":857.0,
        "Percent Change":"3.25 %",
        "Volume":"52,830.00"
    },
    {
        "Symbol":"HATHY",
        "Date":"2024-02-27",
        "Open":845.0,
        "High":849.9,
        "Low":824.0,
        "Close":830.0,
        "Percent Change":"-0.48 %",
        "Volume":"20,639.00"
    },
    {
        "Symbol":"HATHY",
        "Date":"2024-02-26",
        "Open":830.2,
        "High":836.0,
        "Low":805.9,
        "Close":834.0,
        "Percent Change":"2.46 %",
        "Volume":"25,317.00"
    },
    {
        "Symbol":"HATHY",
        "Date":"2024-02-25",
        "Open":864.0,
        "High":866.0,
        "Low":813.7,
        "Close":814.0,
        "Percent Change":"-4.24 %",
        "Volume":"33,237.00"
    },
    {
        "Symbol":"HATHY",
        "Date":"2024-02-22",
        "Open":875.0,
        "High":892.0,
        "Low":848.0,
        "Close":850.0,
        "Percent Change":"-2.86 %",
        "Volume":"43,594.00"
    },
    {
        "Symbol":"HATHY",
        "Date":"2024-02-21",
        "Open":905.0,
        "High":905.0,
        "Low":873.0,
        "Close":875.0,
        "Percent Change":"-1.46 %",
        "Volume":"26,783.00"
    },
    {
        "Symbol":"HATHY",
        "Date":"2024-02-20",
        "Open":904.0,
        "High":909.3,
        "Low":881.0,
        "Close":888.0,
        "Percent Change":"-1.77 %",
        "Volume":"34,172.00"
    },
    {
        "Symbol":"HATHY",
        "Date":"2024-02-18",
        "Open":920.0,
        "High":920.0,
        "Low":897.0,
        "Close":904.0,
        "Percent Change":"-2.06 %",
        "Volume":"51,297.00"
    },
    {
        "Symbol":"HATHY",
        "Date":"2024-02-15",
        "Open":923.2,
        "High":953.0,
        "Low":916.6,
        "Close":923.0,
        "Percent Change":"-2.02 %",
        "Volume":"49,753.00"
    },
    {
        "Symbol":"HATHY",
        "Date":"2024-02-14",
        "Open":930.0,
        "High":966.9,
        "Low":925.0,
        "Close":942.0,
        "Percent Change":"0.53 %",
        "Volume":"61,262.00"
    },
    {
        "Symbol":"HATHY",
        "Date":"2024-02-13",
        "Open":974.9,
        "High":974.9,
        "Low":936.0,
        "Close":937.0,
        "Percent Change":"-3.89 %",
        "Volume":"47,150.00"
    },
    {
        "Symbol":"HATHY",
        "Date":"2024-02-12",
        "Open":933.1,
        "High":980.0,
        "Low":933.1,
        "Close":974.9,
        "Percent Change":"2.39 %",
        "Volume":"36,467.00"
    },
    {
        "Symbol":"HATHY",
        "Date":"2024-02-11",
        "Open":960.5,
        "High":975.0,
        "Low":943.0,
        "Close":952.1,
        "Percent Change":"-2.85 %",
        "Volume":"86,945.00"
    },
    {
        "Symbol":"HATHY",
        "Date":"2024-02-08",
        "Open":982.0,
        "High":990.0,
        "Low":970.0,
        "Close":980.0,
        "Percent Change":"-0.88 %",
        "Volume":"55,125.00"
    },
    {
        "Symbol":"HATHY",
        "Date":"2024-02-07",
        "Open":1008.7,
        "High":1008.7,
        "Low":970.0,
        "Close":988.7,
        "Percent Change":"-0.03 %",
        "Volume":"62,161.00"
    },
    {
        "Symbol":"HATHY",
        "Date":"2024-02-06",
        "Open":973.0,
        "High":999.0,
        "Low":962.0,
        "Close":989.0,
        "Percent Change":"1.64 %",
        "Volume":"73,987.00"
    },
    {
        "Symbol":"HATHY",
        "Date":"2024-02-05",
        "Open":910.5,
        "High":974.3,
        "Low":910.5,
        "Close":973.0,
        "Percent Change":"4.74 %",
        "Volume":"86,000.00"
    },
    {
        "Symbol":"HATHY",
        "Date":"2024-02-04",
        "Open":899.7,
        "High":940.0,
        "Low":899.7,
        "Close":929.0,
        "Percent Change":"1.20 %",
        "Volume":"58,667.00"
    },
    {
        "Symbol":"HATHY",
        "Date":"2024-02-01",
        "Open":938.0,
        "High":961.9,
        "Low":918.0,
        "Close":918.0,
        "Percent Change":"-3.41 %",
        "Volume":"72,810.00"
    },
    {
        "Symbol":"HATHY",
        "Date":"2024-01-31",
        "Open":990.0,
        "High":990.0,
        "Low":945.0,
        "Close":950.4,
        "Percent Change":"-2.52 %",
        "Volume":"121,815.00"
    },
    {
        "Symbol":"HATHY",
        "Date":"2024-01-30",
        "Open":990.0,
        "High":1014.9,
        "Low":965.3,
        "Close":975.0,
        "Percent Change":"-1.81 %",
        "Volume":"103,772.00"
    },
    {
        "Symbol":"HATHY",
        "Date":"2024-01-29",
        "Open":960.0,
        "High":1000.0,
        "Low":942.1,
        "Close":993.0,
        "Percent Change":"3.55 %",
        "Volume":"132,343.00"
    },
    {
        "Symbol":"HATHY",
        "Date":"2024-01-28",
        "Open":899.0,
        "High":965.0,
        "Low":883.0,
        "Close":959.0,
        "Percent Change":"8.73 %",
        "Volume":"142,702.00"
    },
    {
        "Symbol":"HATHY",
        "Date":"2024-01-25",
        "Open":931.0,
        "High":931.0,
        "Low":878.0,
        "Close":882.0,
        "Percent Change":"-3.40 %",
        "Volume":"76,487.00"
    },
    {
        "Symbol":"HATHY",
        "Date":"2024-01-24",
        "Open":960.0,
        "High":975.0,
        "Low":903.0,
        "Close":913.0,
        "Percent Change":"-3.69 %",
        "Volume":"72,026.00"
    },
    {
        "Symbol":"HATHY",
        "Date":"2024-01-23",
        "Open":930.0,
        "High":950.0,
        "Low":916.0,
        "Close":948.0,
        "Percent Change":"3.27 %",
        "Volume":"65,320.00"
    },
    {
        "Symbol":"HATHY",
        "Date":"2024-01-22",
        "Open":960.0,
        "High":969.0,
        "Low":911.0,
        "Close":918.0,
        "Percent Change":"-3.37 %",
        "Volume":"107,952.00"
    },
    {
        "Symbol":"HATHY",
        "Date":"2024-01-21",
        "Open":1000.0,
        "High":1013.0,
        "Low":935.0,
        "Close":950.0,
        "Percent Change":"-4.52 %",
        "Volume":"147,839.00"
    },
    {
        "Symbol":"HATHY",
        "Date":"2024-01-18",
        "Open":1006.5,
        "High":1035.0,
        "Low":986.0,
        "Close":995.0,
        "Percent Change":"-3.12 %",
        "Volume":"130,754.00"
    },
    {
        "Symbol":"HATHY",
        "Date":"2024-01-17",
        "Open":1087.0,
        "High":1108.0,
        "Low":1014.3,
        "Close":1027.0,
        "Percent Change":"-5.52 %",
        "Volume":"144,350.00"
    },
    {
        "Symbol":"HATHY",
        "Date":"2024-01-16",
        "Open":1060.0,
        "High":1123.0,
        "Low":1060.0,
        "Close":1087.0,
        "Percent Change":"2.84 %",
        "Volume":"145,097.00"
    },
    {
        "Symbol":"HATHY",
        "Date":"2024-01-14",
        "Open":1020.0,
        "High":1081.0,
        "Low":1005.0,
        "Close":1057.0,
        "Percent Change":"5.70 %",
        "Volume":"113,981.00"
    },
    {
        "Symbol":"HATHY",
        "Date":"2024-01-11",
        "Open":1000.0,
        "High":1040.0,
        "Low":997.0,
        "Close":1000.0,
        "Percent Change":"0.00 %",
        "Volume":"127,676.00"
    },
    {
        "Symbol":"HATHY",
        "Date":"2024-01-10",
        "Open":1030.0,
        "High":1085.9,
        "Low":989.0,
        "Close":1000.0,
        "Percent Change":"-3.85 %",
        "Volume":"136,866.00"
    },
    {
        "Symbol":"HATHY",
        "Date":"2024-01-09",
        "Open":1055.0,
        "High":1118.0,
        "Low":1034.0,
        "Close":1040.0,
        "Percent Change":"0.49 %",
        "Volume":"86,634.00"
    },
    {
        "Symbol":"HATHY",
        "Date":"2024-01-08",
        "Open":953.0,
        "High":1044.9,
        "Low":940.0,
        "Close":1034.9,
        "Percent Change":"8.37 %",
        "Volume":"163,864.00"
    },
    {
        "Symbol":"HATHY",
        "Date":"2024-01-07",
        "Open":970.2,
        "High":985.0,
        "Low":932.0,
        "Close":955.0,
        "Percent Change":"-3.54 %",
        "Volume":"207,302.00"
    },
    {
        "Symbol":"HATHY",
        "Date":"2024-01-04",
        "Open":975.0,
        "High":1044.0,
        "Low":975.0,
        "Close":990.0,
        "Percent Change":"1.54 %",
        "Volume":"113,755.00"
    },
    {
        "Symbol":"HATHY",
        "Date":"2024-01-03",
        "Open":925.0,
        "High":982.0,
        "Low":887.0,
        "Close":975.0,
        "Percent Change":"5.41 %",
        "Volume":"149,646.00"
    },
    {
        "Symbol":"HATHY",
        "Date":"2024-01-02",
        "Open":893.5,
        "High":958.0,
        "Low":893.5,
        "Close":925.0,
        "Percent Change":"5.59 %",
        "Volume":"165,023.00"
    },
    {
        "Symbol":"HATHY",
        "Date":"2024-01-01",
        "Open":812.3,
        "High":876.0,
        "Low":800.0,
        "Close":876.0,
        "Percent Change":"9.99 %",
        "Volume":"199,351.00"
    },
    {
        "Symbol":"HATHY",
        "Date":"2023-12-28",
        "Open":725.0,
        "High":796.4,
        "Low":721.0,
        "Close":796.4,
        "Percent Change":"9.99 %",
        "Volume":"120,987.00"
    },
    {
        "Symbol":"HATHY",
        "Date":"2023-12-27",
        "Open":816.0,
        "High":855.1,
        "Low":780.0,
        "Close":796.5,
        "Percent Change":"-4.28 %",
        "Volume":"201,420.00"
    },
    {
        "Symbol":"HATHY",
        "Date":"2023-12-24",
        "Open":904.6,
        "High":925.0,
        "Low":830.7,
        "Close":832.1,
        "Percent Change":"-9.85 %",
        "Volume":"344,954.00"
    },
    {
        "Symbol":"HATHY",
        "Date":"2023-12-21",
        "Open":925.9,
        "High":980.0,
        "Low":880.0,
        "Close":923.0,
        "Percent Change":"1.67 %",
        "Volume":"162,920.00"
    },
    {
        "Symbol":"HATHY",
        "Date":"2023-12-20",
        "Open":841.8,
        "High":907.8,
        "Low":841.0,
        "Close":907.8,
        "Percent Change":"10.00 %",
        "Volume":"81,220.00"
    },
    {
        "Symbol":"HATHY",
        "Date":"2023-12-19",
        "Open":765.0,
        "High":825.3,
        "Low":760.0,
        "Close":825.3,
        "Percent Change":"10.00 %",
        "Volume":"178,125.00"
    },
    {
        "Symbol":"HATHY",
        "Date":"2023-12-18",
        "Open":695.7,
        "High":750.3,
        "Low":685.0,
        "Close":750.3,
        "Percent Change":"10.00 %",
        "Volume":"99,907.00"
    },
    {
        "Symbol":"HATHY",
        "Date":"2023-12-17",
        "Open":632.0,
        "High":682.1,
        "Low":608.0,
        "Close":682.1,
        "Percent Change":"10.00 %",
        "Volume":"140,464.00"
    },
    {
        "Symbol":"HATHY",
        "Date":"2023-12-14",
        "Open":620.0,
        "High":642.6,
        "Low":608.0,
        "Close":620.1,
        "Percent Change":"-0.94 %",
        "Volume":"146,364.00"
    },
    {
        "Symbol":"HATHY",
        "Date":"2023-12-13",
        "Open":606.9,
        "High":654.0,
        "Low":595.0,
        "Close":632.0,
        "Percent Change":"5.21 %",
        "Volume":"133,136.00"
    },
    {
        "Symbol":"HATHY",
        "Date":"2023-12-12",
        "Open":545.0,
        "High":598.4,
        "Low":545.0,
        "Close":595.0,
        "Percent Change":"9.38 %",
        "Volume":"99,755.00"
    },
    {
        "Symbol":"HATHY",
        "Date":"2023-12-11",
        "Open":504.0,
        "High":544.5,
        "Low":478.5,
        "Close":544.0,
        "Percent Change":"9.90 %",
        "Volume":"166,879.00"
    },
    {
        "Symbol":"HATHY",
        "Date":"2023-12-10",
        "Open":470.2,
        "High":497.0,
        "Low":470.2,
        "Close":495.0,
        "Percent Change":"7.38 %",
        "Volume":"16,392.00"
    },
    {
        "Symbol":"HATHY",
        "Date":"2023-12-07",
        "Open":439.0,
        "High":472.0,
        "Low":436.0,
        "Close":461.0,
        "Percent Change":"5.01 %",
        "Volume":"117,241.00"
    },
    {
        "Symbol":"HATHY",
        "Date":"2023-12-06",
        "Open":419.5,
        "High":440.7,
        "Low":419.5,
        "Close":439.0,
        "Percent Change":"2.57 %",
        "Volume":"51,902.00"
    },
    {
        "Symbol":"HATHY",
        "Date":"2023-12-05",
        "Open":433.0,
        "High":444.0,
        "Low":427.0,
        "Close":428.0,
        "Percent Change":"-2.73 %",
        "Volume":"52,670.00"
    },
    {
        "Symbol":"HATHY",
        "Date":"2023-12-04",
        "Open":446.0,
        "High":449.0,
        "Low":435.0,
        "Close":440.0,
        "Percent Change":"-0.45 %",
        "Volume":"53,383.00"
    },
    {
        "Symbol":"HATHY",
        "Date":"2023-12-03",
        "Open":419.0,
        "High":444.0,
        "Low":416.5,
        "Close":442.0,
        "Percent Change":"4.74 %",
        "Volume":"73,125.00"
    },
    {
        "Symbol":"HATHY",
        "Date":"2023-11-30",
        "Open":422.1,
        "High":429.9,
        "Low":420.0,
        "Close":422.0,
        "Percent Change":"-1.19 %",
        "Volume":"57,966.00"
    },
    {
        "Symbol":"HATHY",
        "Date":"2023-11-29",
        "Open":437.0,
        "High":444.0,
        "Low":427.0,
        "Close":427.1,
        "Percent Change":"-2.27 %",
        "Volume":"48,173.00"
    },
    {
        "Symbol":"HATHY",
        "Date":"2023-11-28",
        "Open":425.0,
        "High":448.0,
        "Low":414.1,
        "Close":437.0,
        "Percent Change":"3.60 %",
        "Volume":"54,000.00"
    },
    {
        "Symbol":"HATHY",
        "Date":"2023-11-27",
        "Open":406.1,
        "High":426.0,
        "Low":402.0,
        "Close":421.8,
        "Percent Change":"2.63 %",
        "Volume":"64,142.00"
    },
    {
        "Symbol":"HATHY",
        "Date":"2023-11-26",
        "Open":418.0,
        "High":433.0,
        "Low":410.0,
        "Close":411.0,
        "Percent Change":"-1.67 %",
        "Volume":"114,835.00"
    },
    {
        "Symbol":"HATHY",
        "Date":"2023-11-23",
        "Open":410.0,
        "High":438.6,
        "Low":410.0,
        "Close":418.0,
        "Percent Change":"0.10 %",
        "Volume":"95,479.00"
    },
    {
        "Symbol":"HATHY",
        "Date":"2023-11-22",
        "Open":390.0,
        "High":430.0,
        "Low":388.0,
        "Close":417.6,
        "Percent Change":"5.99 %",
        "Volume":"96,963.00"
    },
    {
        "Symbol":"HATHY",
        "Date":"2023-11-21",
        "Open":380.0,
        "High":396.7,
        "Low":375.0,
        "Close":394.0,
        "Percent Change":"2.87 %",
        "Volume":"69,975.00"
    },
    {
        "Symbol":"HATHY",
        "Date":"2023-11-20",
        "Open":359.0,
        "High":391.7,
        "Low":355.0,
        "Close":383.0,
        "Percent Change":"7.28 %",
        "Volume":"88,977.00"
    },
    {
        "Symbol":"HATHY",
        "Date":"2023-11-09",
        "Open":360.2,
        "High":369.9,
        "Low":356.0,
        "Close":357.0,
        "Percent Change":"-2.86 %",
        "Volume":"100,779.00"
    },
    {
        "Symbol":"HATHY",
        "Date":"2023-11-08",
        "Open":375.0,
        "High":382.5,
        "Low":367.5,
        "Close":367.5,
        "Percent Change":"-2.52 %",
        "Volume":"46,820.00"
    },
    {
        "Symbol":"HATHY",
        "Date":"2023-11-07",
        "Open":362.0,
        "High":395.0,
        "Low":359.0,
        "Close":377.0,
        "Percent Change":"3.06 %",
        "Volume":"82,826.00"
    },
    {
        "Symbol":"HATHY",
        "Date":"2023-11-06",
        "Open":330.0,
        "High":365.8,
        "Low":330.0,
        "Close":365.8,
        "Percent Change":"9.98 %",
        "Volume":"106,551.00"
    },
    {
        "Symbol":"HATHY",
        "Date":"2023-11-05",
        "Open":328.3,
        "High":338.5,
        "Low":328.3,
        "Close":332.6,
        "Percent Change":"-0.72 %",
        "Volume":"45,205.00"
    },
    {
        "Symbol":"HATHY",
        "Date":"2023-11-02",
        "Open":319.0,
        "High":346.0,
        "Low":319.0,
        "Close":335.0,
        "Percent Change":"4.04 %",
        "Volume":"78,748.00"
    },
    {
        "Symbol":"HATHY",
        "Date":"2023-11-01",
        "Open":314.1,
        "High":324.0,
        "Low":314.0,
        "Close":322.0,
        "Percent Change":"1.26 %",
        "Volume":"61,663.00"
    },
    {
        "Symbol":"HATHY",
        "Date":"2023-10-31",
        "Open":306.0,
        "High":319.9,
        "Low":303.3,
        "Close":318.0,
        "Percent Change":"3.45 %",
        "Volume":"34,119.00"
    },
    {
        "Symbol":"HATHY",
        "Date":"2023-10-30",
        "Open":300.0,
        "High":309.9,
        "Low":300.0,
        "Close":307.4,
        "Percent Change":"1.05 %",
        "Volume":"35,172.00"
    },
    {
        "Symbol":"HATHY",
        "Date":"2023-10-29",
        "Open":314.0,
        "High":314.0,
        "Low":299.1,
        "Close":304.2,
        "Percent Change":"-3.12 %",
        "Volume":"81,227.00"
    },
    {
        "Symbol":"HATHY",
        "Date":"2023-10-19",
        "Open":307.6,
        "High":324.0,
        "Low":300.0,
        "Close":314.0,
        "Percent Change":"2.08 %",
        "Volume":"63,518.00"
    },
    {
        "Symbol":"HATHY",
        "Date":"2023-10-18",
        "Open":280.0,
        "High":312.0,
        "Low":279.5,
        "Close":307.6,
        "Percent Change":"8.31 %",
        "Volume":"64,039.00"
    },
    {
        "Symbol":"HATHY",
        "Date":"2023-10-17",
        "Open":304.3,
        "High":304.3,
        "Low":281.0,
        "Close":284.0,
        "Percent Change":"-8.53 %",
        "Volume":"159,547.00"
    },
    {
        "Symbol":"HATHY",
        "Date":"2023-10-16",
        "Open":351.9,
        "High":358.9,
        "Low":310.5,
        "Close":310.5,
        "Percent Change":"-10.00 %",
        "Volume":"166,825.00"
    },
    {
        "Symbol":"HATHY",
        "Date":"2023-10-12",
        "Open":319.9,
        "High":345.0,
        "Low":319.9,
        "Close":345.0,
        "Percent Change":"9.98 %",
        "Volume":"73,838.00"
    },
    {
        "Symbol":"HATHY",
        "Date":"2023-10-11",
        "Open":285.2,
        "High":313.7,
        "Low":285.2,
        "Close":313.7,
        "Percent Change":"0.00 %",
        "Volume":"102,451.00"
    }
]