[
    {
        "Symbol":"MKCL",
        "Date":"2024-08-11",
        "Open":1680.0,
        "High":1755.0,
        "Low":1640.0,
        "Close":1710.0,
        "Percent Change":"2.09 %",
        "Volume":"20,039.00"
    },
    {
        "Symbol":"MKCL",
        "Date":"2024-08-08",
        "Open":1759.0,
        "High":1760.0,
        "Low":1650.0,
        "Close":1675.0,
        "Percent Change":"-3.40 %",
        "Volume":"34,824.00"
    },
    {
        "Symbol":"MKCL",
        "Date":"2024-08-07",
        "Open":1645.0,
        "High":1738.9,
        "Low":1625.0,
        "Close":1734.0,
        "Percent Change":"6.77 %",
        "Volume":"20,671.00"
    },
    {
        "Symbol":"MKCL",
        "Date":"2024-08-06",
        "Open":1800.0,
        "High":1926.0,
        "Low":1603.8,
        "Close":1624.0,
        "Percent Change":"-8.87 %",
        "Volume":"53,062.00"
    },
    {
        "Symbol":"MKCL",
        "Date":"2024-08-05",
        "Open":1645.0,
        "High":1782.0,
        "Low":1620.0,
        "Close":1782.0,
        "Percent Change":"10.00 %",
        "Volume":"46,403.00"
    },
    {
        "Symbol":"MKCL",
        "Date":"2024-08-01",
        "Open":1732.6,
        "High":1802.0,
        "Low":1568.0,
        "Close":1620.0,
        "Percent Change":"-4.63 %",
        "Volume":"31,663.00"
    },
    {
        "Symbol":"MKCL",
        "Date":"2024-07-31",
        "Open":1656.3,
        "High":1759.0,
        "Low":1640.0,
        "Close":1698.7,
        "Percent Change":"4.61 %",
        "Volume":"25,546.00"
    },
    {
        "Symbol":"MKCL",
        "Date":"2024-07-30",
        "Open":1479.0,
        "High":1626.9,
        "Low":1479.0,
        "Close":1623.9,
        "Percent Change":"9.80 %",
        "Volume":"61,159.00"
    },
    {
        "Symbol":"MKCL",
        "Date":"2024-07-29",
        "Open":1497.0,
        "High":1559.0,
        "Low":1450.1,
        "Close":1479.0,
        "Percent Change":"0.61 %",
        "Volume":"29,609.00"
    },
    {
        "Symbol":"MKCL",
        "Date":"2024-07-28",
        "Open":1430.0,
        "High":1500.0,
        "Low":1425.0,
        "Close":1470.0,
        "Percent Change":"2.80 %",
        "Volume":"25,345.00"
    },
    {
        "Symbol":"MKCL",
        "Date":"2024-07-25",
        "Open":1430.0,
        "High":1457.0,
        "Low":1421.0,
        "Close":1430.0,
        "Percent Change":"0.63 %",
        "Volume":"26,361.00"
    },
    {
        "Symbol":"MKCL",
        "Date":"2024-07-24",
        "Open":1534.0,
        "High":1537.0,
        "Low":1421.0,
        "Close":1421.0,
        "Percent Change":"-5.72 %",
        "Volume":"41,175.00"
    },
    {
        "Symbol":"MKCL",
        "Date":"2024-07-23",
        "Open":1500.0,
        "High":1556.0,
        "Low":1466.0,
        "Close":1507.2,
        "Percent Change":"0.82 %",
        "Volume":"22,664.00"
    },
    {
        "Symbol":"MKCL",
        "Date":"2024-07-22",
        "Open":1385.0,
        "High":1494.9,
        "Low":1361.0,
        "Close":1494.9,
        "Percent Change":"10.00 %",
        "Volume":"45,732.00"
    },
    {
        "Symbol":"MKCL",
        "Date":"2024-07-21",
        "Open":1375.0,
        "High":1397.0,
        "Low":1351.0,
        "Close":1359.0,
        "Percent Change":"-0.88 %",
        "Volume":"49,292.00"
    },
    {
        "Symbol":"MKCL",
        "Date":"2024-07-18",
        "Open":1410.0,
        "High":1415.0,
        "Low":1363.0,
        "Close":1371.0,
        "Percent Change":"-0.89 %",
        "Volume":"43,157.00"
    },
    {
        "Symbol":"MKCL",
        "Date":"2024-07-17",
        "Open":1390.0,
        "High":1418.0,
        "Low":1373.0,
        "Close":1383.3,
        "Percent Change":"-1.05 %",
        "Volume":"47,155.00"
    },
    {
        "Symbol":"MKCL",
        "Date":"2024-07-16",
        "Open":1400.0,
        "High":1429.9,
        "Low":1388.0,
        "Close":1398.0,
        "Percent Change":"0.58 %",
        "Volume":"24,684.00"
    },
    {
        "Symbol":"MKCL",
        "Date":"2024-07-15",
        "Open":1448.0,
        "High":1500.0,
        "Low":1377.0,
        "Close":1390.0,
        "Percent Change":"-2.18 %",
        "Volume":"24,362.00"
    },
    {
        "Symbol":"MKCL",
        "Date":"2024-07-14",
        "Open":1397.4,
        "High":1482.0,
        "Low":1371.0,
        "Close":1421.0,
        "Percent Change":"3.72 %",
        "Volume":"39,137.00"
    },
    {
        "Symbol":"MKCL",
        "Date":"2024-07-11",
        "Open":1390.0,
        "High":1440.0,
        "Low":1368.1,
        "Close":1370.0,
        "Percent Change":"0.51 %",
        "Volume":"35,789.00"
    },
    {
        "Symbol":"MKCL",
        "Date":"2024-07-10",
        "Open":1338.2,
        "High":1366.8,
        "Low":1316.0,
        "Close":1363.0,
        "Percent Change":"3.89 %",
        "Volume":"26,517.00"
    },
    {
        "Symbol":"MKCL",
        "Date":"2024-07-09",
        "Open":1302.0,
        "High":1330.0,
        "Low":1300.0,
        "Close":1312.0,
        "Percent Change":"0.77 %",
        "Volume":"28,883.00"
    },
    {
        "Symbol":"MKCL",
        "Date":"2024-07-08",
        "Open":1311.1,
        "High":1348.4,
        "Low":1300.0,
        "Close":1302.0,
        "Percent Change":"-1.51 %",
        "Volume":"20,685.00"
    },
    {
        "Symbol":"MKCL",
        "Date":"2024-07-07",
        "Open":1362.0,
        "High":1362.0,
        "Low":1305.0,
        "Close":1322.0,
        "Percent Change":"-1.12 %",
        "Volume":"43,348.00"
    },
    {
        "Symbol":"MKCL",
        "Date":"2024-07-04",
        "Open":1370.0,
        "High":1382.0,
        "Low":1330.0,
        "Close":1337.0,
        "Percent Change":"-1.33 %",
        "Volume":"29,026.00"
    },
    {
        "Symbol":"MKCL",
        "Date":"2024-07-03",
        "Open":1327.0,
        "High":1377.0,
        "Low":1295.0,
        "Close":1355.0,
        "Percent Change":"2.11 %",
        "Volume":"48,668.00"
    },
    {
        "Symbol":"MKCL",
        "Date":"2024-07-02",
        "Open":1299.4,
        "High":1400.0,
        "Low":1260.0,
        "Close":1327.0,
        "Percent Change":"4.16 %",
        "Volume":"43,227.00"
    },
    {
        "Symbol":"MKCL",
        "Date":"2024-07-01",
        "Open":1264.0,
        "High":1295.0,
        "Low":1255.0,
        "Close":1274.0,
        "Percent Change":"0.00 %",
        "Volume":"19,817.00"
    },
    {
        "Symbol":"MKCL",
        "Date":"2024-06-30",
        "Open":1206.0,
        "High":1299.9,
        "Low":1187.0,
        "Close":1274.0,
        "Percent Change":"7.06 %",
        "Volume":"74,219.00"
    },
    {
        "Symbol":"MKCL",
        "Date":"2024-06-27",
        "Open":1172.1,
        "High":1217.0,
        "Low":1172.1,
        "Close":1190.0,
        "Percent Change":"-0.50 %",
        "Volume":"29,150.00"
    },
    {
        "Symbol":"MKCL",
        "Date":"2024-06-26",
        "Open":1145.0,
        "High":1224.0,
        "Low":1136.0,
        "Close":1196.0,
        "Percent Change":"6.50 %",
        "Volume":"54,403.00"
    },
    {
        "Symbol":"MKCL",
        "Date":"2024-06-25",
        "Open":1136.0,
        "High":1155.0,
        "Low":1121.1,
        "Close":1123.0,
        "Percent Change":"0.81 %",
        "Volume":"16,251.00"
    },
    {
        "Symbol":"MKCL",
        "Date":"2024-06-24",
        "Open":1130.0,
        "High":1151.0,
        "Low":1105.0,
        "Close":1114.0,
        "Percent Change":"0.54 %",
        "Volume":"27,993.00"
    },
    {
        "Symbol":"MKCL",
        "Date":"2024-06-23",
        "Open":1140.0,
        "High":1158.0,
        "Low":1101.1,
        "Close":1108.0,
        "Percent Change":"-2.40 %",
        "Volume":"36,135.00"
    },
    {
        "Symbol":"MKCL",
        "Date":"2024-06-20",
        "Open":1196.0,
        "High":1196.0,
        "Low":1135.0,
        "Close":1135.3,
        "Percent Change":"-3.21 %",
        "Volume":"12,456.00"
    },
    {
        "Symbol":"MKCL",
        "Date":"2024-06-19",
        "Open":1133.0,
        "High":1195.0,
        "Low":1133.0,
        "Close":1172.9,
        "Percent Change":"1.55 %",
        "Volume":"27,079.00"
    },
    {
        "Symbol":"MKCL",
        "Date":"2024-06-18",
        "Open":1139.0,
        "High":1173.0,
        "Low":1122.1,
        "Close":1155.0,
        "Percent Change":"1.40 %",
        "Volume":"31,307.00"
    },
    {
        "Symbol":"MKCL",
        "Date":"2024-06-16",
        "Open":1220.0,
        "High":1224.0,
        "Low":1130.1,
        "Close":1139.0,
        "Percent Change":"-5.16 %",
        "Volume":"43,635.00"
    },
    {
        "Symbol":"MKCL",
        "Date":"2024-06-13",
        "Open":1200.0,
        "High":1254.6,
        "Low":1180.0,
        "Close":1201.0,
        "Percent Change":"0.95 %",
        "Volume":"47,202.00"
    },
    {
        "Symbol":"MKCL",
        "Date":"2024-06-12",
        "Open":1151.1,
        "High":1215.8,
        "Low":1151.1,
        "Close":1189.7,
        "Percent Change":"2.91 %",
        "Volume":"46,242.00"
    },
    {
        "Symbol":"MKCL",
        "Date":"2024-06-11",
        "Open":1125.0,
        "High":1162.8,
        "Low":1121.4,
        "Close":1156.1,
        "Percent Change":"4.15 %",
        "Volume":"39,511.00"
    },
    {
        "Symbol":"MKCL",
        "Date":"2024-06-10",
        "Open":1082.0,
        "High":1117.0,
        "Low":1072.1,
        "Close":1110.0,
        "Percent Change":"2.01 %",
        "Volume":"44,014.00"
    },
    {
        "Symbol":"MKCL",
        "Date":"2024-06-09",
        "Open":1075.0,
        "High":1158.0,
        "Low":1071.0,
        "Close":1088.1,
        "Percent Change":"1.21 %",
        "Volume":"37,099.00"
    },
    {
        "Symbol":"MKCL",
        "Date":"2024-06-06",
        "Open":1011.0,
        "High":1089.9,
        "Low":1011.0,
        "Close":1075.1,
        "Percent Change":"4.89 %",
        "Volume":"42,436.00"
    },
    {
        "Symbol":"MKCL",
        "Date":"2024-06-05",
        "Open":1020.0,
        "High":1046.1,
        "Low":1010.0,
        "Close":1025.0,
        "Percent Change":"0.99 %",
        "Volume":"24,609.00"
    },
    {
        "Symbol":"MKCL",
        "Date":"2024-06-04",
        "Open":1040.0,
        "High":1050.6,
        "Low":1015.0,
        "Close":1015.0,
        "Percent Change":"-1.46 %",
        "Volume":"13,742.00"
    },
    {
        "Symbol":"MKCL",
        "Date":"2024-06-03",
        "Open":994.0,
        "High":1079.3,
        "Low":980.0,
        "Close":1030.0,
        "Percent Change":"4.97 %",
        "Volume":"62,447.00"
    },
    {
        "Symbol":"MKCL",
        "Date":"2024-06-02",
        "Open":950.0,
        "High":995.0,
        "Low":931.0,
        "Close":981.2,
        "Percent Change":"1.95 %",
        "Volume":"41,424.00"
    },
    {
        "Symbol":"MKCL",
        "Date":"2024-05-30",
        "Open":991.0,
        "High":1021.0,
        "Low":960.0,
        "Close":962.4,
        "Percent Change":"-4.81 %",
        "Volume":"24,202.00"
    },
    {
        "Symbol":"MKCL",
        "Date":"2024-05-29",
        "Open":974.2,
        "High":1050.6,
        "Low":974.2,
        "Close":1011.0,
        "Percent Change":"5.85 %",
        "Volume":"71,924.00"
    },
    {
        "Symbol":"MKCL",
        "Date":"2024-05-27",
        "Open":870.0,
        "High":955.1,
        "Low":867.0,
        "Close":955.1,
        "Percent Change":"10.00 %",
        "Volume":"18,461.00"
    },
    {
        "Symbol":"MKCL",
        "Date":"2024-05-26",
        "Open":876.2,
        "High":881.2,
        "Low":866.0,
        "Close":868.3,
        "Percent Change":"-1.46 %",
        "Volume":"9,041.00"
    },
    {
        "Symbol":"MKCL",
        "Date":"2024-05-22",
        "Open":878.0,
        "High":900.0,
        "Low":875.5,
        "Close":881.2,
        "Percent Change":"0.14 %",
        "Volume":"7,761.00"
    },
    {
        "Symbol":"MKCL",
        "Date":"2024-05-21",
        "Open":897.0,
        "High":897.0,
        "Low":871.0,
        "Close":880.0,
        "Percent Change":"-0.03 %",
        "Volume":"7,260.00"
    },
    {
        "Symbol":"MKCL",
        "Date":"2024-05-20",
        "Open":896.1,
        "High":910.0,
        "Low":880.0,
        "Close":880.3,
        "Percent Change":"0.19 %",
        "Volume":"9,186.00"
    },
    {
        "Symbol":"MKCL",
        "Date":"2024-05-19",
        "Open":890.0,
        "High":903.8,
        "Low":875.0,
        "Close":878.6,
        "Percent Change":"-1.72 %",
        "Volume":"11,508.00"
    },
    {
        "Symbol":"MKCL",
        "Date":"2024-05-16",
        "Open":852.1,
        "High":910.0,
        "Low":852.1,
        "Close":894.0,
        "Percent Change":"3.36 %",
        "Volume":"12,422.00"
    },
    {
        "Symbol":"MKCL",
        "Date":"2024-05-15",
        "Open":870.0,
        "High":872.0,
        "Low":854.1,
        "Close":864.9,
        "Percent Change":"1.17 %",
        "Volume":"7,183.00"
    },
    {
        "Symbol":"MKCL",
        "Date":"2024-05-14",
        "Open":851.0,
        "High":859.0,
        "Low":840.0,
        "Close":854.9,
        "Percent Change":"0.58 %",
        "Volume":"8,943.00"
    },
    {
        "Symbol":"MKCL",
        "Date":"2024-05-13",
        "Open":840.0,
        "High":866.8,
        "Low":824.1,
        "Close":850.0,
        "Percent Change":"1.19 %",
        "Volume":"11,517.00"
    },
    {
        "Symbol":"MKCL",
        "Date":"2024-05-12",
        "Open":821.0,
        "High":850.0,
        "Low":820.1,
        "Close":840.0,
        "Percent Change":"3.96 %",
        "Volume":"8,232.00"
    },
    {
        "Symbol":"MKCL",
        "Date":"2024-05-09",
        "Open":791.0,
        "High":818.0,
        "Low":786.1,
        "Close":808.0,
        "Percent Change":"1.01 %",
        "Volume":"4,714.00"
    },
    {
        "Symbol":"MKCL",
        "Date":"2024-05-08",
        "Open":791.0,
        "High":806.0,
        "Low":785.0,
        "Close":799.9,
        "Percent Change":"0.00 %",
        "Volume":"7,096.00"
    },
    {
        "Symbol":"MKCL",
        "Date":"2024-05-07",
        "Open":815.0,
        "High":825.0,
        "Low":791.0,
        "Close":799.9,
        "Percent Change":"-2.48 %",
        "Volume":"11,429.00"
    },
    {
        "Symbol":"MKCL",
        "Date":"2024-05-06",
        "Open":826.4,
        "High":838.0,
        "Low":820.0,
        "Close":820.2,
        "Percent Change":"-2.36 %",
        "Volume":"5,323.00"
    },
    {
        "Symbol":"MKCL",
        "Date":"2024-05-05",
        "Open":850.0,
        "High":862.9,
        "Low":835.0,
        "Close":840.0,
        "Percent Change":"-2.78 %",
        "Volume":"6,799.00"
    },
    {
        "Symbol":"MKCL",
        "Date":"2024-05-02",
        "Open":855.3,
        "High":881.0,
        "Low":855.0,
        "Close":864.0,
        "Percent Change":"-0.92 %",
        "Volume":"5,301.00"
    },
    {
        "Symbol":"MKCL",
        "Date":"2024-04-30",
        "Open":833.5,
        "High":905.0,
        "Low":833.5,
        "Close":872.0,
        "Percent Change":"3.17 %",
        "Volume":"10,478.00"
    },
    {
        "Symbol":"MKCL",
        "Date":"2024-04-29",
        "Open":850.0,
        "High":864.8,
        "Low":840.5,
        "Close":845.2,
        "Percent Change":"-0.56 %",
        "Volume":"4,137.00"
    },
    {
        "Symbol":"MKCL",
        "Date":"2024-04-28",
        "Open":860.0,
        "High":877.0,
        "Low":847.2,
        "Close":850.0,
        "Percent Change":"-1.19 %",
        "Volume":"3,478.00"
    },
    {
        "Symbol":"MKCL",
        "Date":"2024-04-25",
        "Open":855.0,
        "High":872.0,
        "Low":855.0,
        "Close":860.2,
        "Percent Change":"0.24 %",
        "Volume":"2,535.00"
    },
    {
        "Symbol":"MKCL",
        "Date":"2024-04-24",
        "Open":850.0,
        "High":875.0,
        "Low":850.0,
        "Close":858.1,
        "Percent Change":"0.83 %",
        "Volume":"6,534.00"
    },
    {
        "Symbol":"MKCL",
        "Date":"2024-04-22",
        "Open":882.0,
        "High":883.0,
        "Low":850.0,
        "Close":851.0,
        "Percent Change":"-3.51 %",
        "Volume":"6,368.00"
    },
    {
        "Symbol":"MKCL",
        "Date":"2024-04-21",
        "Open":871.0,
        "High":882.0,
        "Low":846.0,
        "Close":882.0,
        "Percent Change":"0.57 %",
        "Volume":"10,378.00"
    },
    {
        "Symbol":"MKCL",
        "Date":"2024-04-18",
        "Open":906.0,
        "High":915.0,
        "Low":869.0,
        "Close":877.0,
        "Percent Change":"-4.15 %",
        "Volume":"16,506.00"
    },
    {
        "Symbol":"MKCL",
        "Date":"2024-04-16",
        "Open":903.8,
        "High":924.0,
        "Low":901.6,
        "Close":915.0,
        "Percent Change":"-0.54 %",
        "Volume":"8,811.00"
    },
    {
        "Symbol":"MKCL",
        "Date":"2024-04-15",
        "Open":921.0,
        "High":930.0,
        "Low":919.0,
        "Close":920.0,
        "Percent Change":"-0.11 %",
        "Volume":"5,134.00"
    },
    {
        "Symbol":"MKCL",
        "Date":"2024-04-14",
        "Open":940.0,
        "High":940.0,
        "Low":921.0,
        "Close":921.0,
        "Percent Change":"-0.75 %",
        "Volume":"5,893.00"
    },
    {
        "Symbol":"MKCL",
        "Date":"2024-04-10",
        "Open":956.7,
        "High":956.7,
        "Low":920.0,
        "Close":928.0,
        "Percent Change":"-1.07 %",
        "Volume":"9,346.00"
    },
    {
        "Symbol":"MKCL",
        "Date":"2024-04-09",
        "Open":961.8,
        "High":961.8,
        "Low":903.8,
        "Close":938.0,
        "Percent Change":"-0.53 %",
        "Volume":"8,254.00"
    },
    {
        "Symbol":"MKCL",
        "Date":"2024-04-07",
        "Open":965.0,
        "High":965.0,
        "Low":940.0,
        "Close":943.0,
        "Percent Change":"-1.05 %",
        "Volume":"11,624.00"
    },
    {
        "Symbol":"MKCL",
        "Date":"2024-04-04",
        "Open":980.2,
        "High":980.2,
        "Low":946.4,
        "Close":953.0,
        "Percent Change":"-0.83 %",
        "Volume":"6,936.00"
    },
    {
        "Symbol":"MKCL",
        "Date":"2024-04-03",
        "Open":957.8,
        "High":992.4,
        "Low":945.0,
        "Close":961.0,
        "Percent Change":"0.00 %",
        "Volume":"6,946.00"
    },
    {
        "Symbol":"MKCL",
        "Date":"2024-04-02",
        "Open":960.1,
        "High":973.0,
        "Low":945.2,
        "Close":961.0,
        "Percent Change":"-0.41 %",
        "Volume":"8,870.00"
    },
    {
        "Symbol":"MKCL",
        "Date":"2024-04-01",
        "Open":937.4,
        "High":999.0,
        "Low":937.4,
        "Close":965.0,
        "Percent Change":"2.12 %",
        "Volume":"12,833.00"
    },
    {
        "Symbol":"MKCL",
        "Date":"2024-03-31",
        "Open":930.2,
        "High":948.0,
        "Low":930.1,
        "Close":945.0,
        "Percent Change":"0.11 %",
        "Volume":"7,685.00"
    },
    {
        "Symbol":"MKCL",
        "Date":"2024-03-28",
        "Open":921.8,
        "High":947.0,
        "Low":921.8,
        "Close":944.0,
        "Percent Change":"0.54 %",
        "Volume":"11,888.00"
    },
    {
        "Symbol":"MKCL",
        "Date":"2024-03-27",
        "Open":921.2,
        "High":948.0,
        "Low":921.2,
        "Close":938.9,
        "Percent Change":"-0.12 %",
        "Volume":"6,154.00"
    },
    {
        "Symbol":"MKCL",
        "Date":"2024-03-26",
        "Open":930.0,
        "High":947.9,
        "Low":930.0,
        "Close":940.0,
        "Percent Change":"0.14 %",
        "Volume":"5,860.00"
    },
    {
        "Symbol":"MKCL",
        "Date":"2024-03-25",
        "Open":941.0,
        "High":947.0,
        "Low":925.0,
        "Close":938.7,
        "Percent Change":"-0.15 %",
        "Volume":"9,002.00"
    },
    {
        "Symbol":"MKCL",
        "Date":"2024-03-21",
        "Open":930.0,
        "High":951.0,
        "Low":922.0,
        "Close":940.1,
        "Percent Change":"0.33 %",
        "Volume":"6,766.00"
    },
    {
        "Symbol":"MKCL",
        "Date":"2024-03-20",
        "Open":963.9,
        "High":965.0,
        "Low":930.2,
        "Close":937.0,
        "Percent Change":"-0.85 %",
        "Volume":"10,860.00"
    },
    {
        "Symbol":"MKCL",
        "Date":"2024-03-19",
        "Open":960.0,
        "High":975.0,
        "Low":942.2,
        "Close":945.0,
        "Percent Change":"-1.04 %",
        "Volume":"11,199.00"
    },
    {
        "Symbol":"MKCL",
        "Date":"2024-03-18",
        "Open":943.2,
        "High":968.8,
        "Low":943.2,
        "Close":954.9,
        "Percent Change":"0.00 %",
        "Volume":"4,898.00"
    },
    {
        "Symbol":"MKCL",
        "Date":"2024-03-17",
        "Open":951.0,
        "High":970.0,
        "Low":942.0,
        "Close":954.9,
        "Percent Change":"0.09 %",
        "Volume":"12,679.00"
    },
    {
        "Symbol":"MKCL",
        "Date":"2024-03-14",
        "Open":967.2,
        "High":984.0,
        "Low":953.0,
        "Close":954.0,
        "Percent Change":"-2.15 %",
        "Volume":"8,661.00"
    },
    {
        "Symbol":"MKCL",
        "Date":"2024-03-13",
        "Open":960.0,
        "High":996.0,
        "Low":960.0,
        "Close":975.0,
        "Percent Change":"-0.41 %",
        "Volume":"15,873.00"
    },
    {
        "Symbol":"MKCL",
        "Date":"2024-03-12",
        "Open":954.0,
        "High":980.0,
        "Low":952.1,
        "Close":979.0,
        "Percent Change":"2.62 %",
        "Volume":"15,222.00"
    },
    {
        "Symbol":"MKCL",
        "Date":"2024-03-10",
        "Open":945.0,
        "High":968.0,
        "Low":945.0,
        "Close":954.0,
        "Percent Change":"0.95 %",
        "Volume":"11,925.00"
    },
    {
        "Symbol":"MKCL",
        "Date":"2024-03-07",
        "Open":964.9,
        "High":964.9,
        "Low":935.0,
        "Close":945.0,
        "Percent Change":"-0.11 %",
        "Volume":"8,733.00"
    },
    {
        "Symbol":"MKCL",
        "Date":"2024-03-06",
        "Open":962.7,
        "High":962.7,
        "Low":925.2,
        "Close":946.0,
        "Percent Change":"0.22 %",
        "Volume":"7,751.00"
    },
    {
        "Symbol":"MKCL",
        "Date":"2024-03-05",
        "Open":999.0,
        "High":999.9,
        "Low":935.0,
        "Close":943.9,
        "Percent Change":"-4.56 %",
        "Volume":"14,687.00"
    },
    {
        "Symbol":"MKCL",
        "Date":"2024-03-04",
        "Open":950.0,
        "High":989.0,
        "Low":950.0,
        "Close":989.0,
        "Percent Change":"5.55 %",
        "Volume":"740.00"
    },
    {
        "Symbol":"MKCL",
        "Date":"2024-03-03",
        "Open":920.0,
        "High":957.0,
        "Low":911.0,
        "Close":937.0,
        "Percent Change":"0.32 %",
        "Volume":"9,661.00"
    },
    {
        "Symbol":"MKCL",
        "Date":"2024-02-29",
        "Open":960.0,
        "High":968.0,
        "Low":932.1,
        "Close":934.0,
        "Percent Change":"-2.61 %",
        "Volume":"9,051.00"
    },
    {
        "Symbol":"MKCL",
        "Date":"2024-02-28",
        "Open":952.0,
        "High":976.0,
        "Low":944.1,
        "Close":959.0,
        "Percent Change":"0.31 %",
        "Volume":"12,004.00"
    },
    {
        "Symbol":"MKCL",
        "Date":"2024-02-27",
        "Open":940.1,
        "High":966.0,
        "Low":940.0,
        "Close":956.0,
        "Percent Change":"0.84 %",
        "Volume":"12,335.00"
    },
    {
        "Symbol":"MKCL",
        "Date":"2024-02-26",
        "Open":924.0,
        "High":948.0,
        "Low":920.0,
        "Close":948.0,
        "Percent Change":"2.60 %",
        "Volume":"11,333.00"
    },
    {
        "Symbol":"MKCL",
        "Date":"2024-02-25",
        "Open":950.0,
        "High":955.0,
        "Low":923.2,
        "Close":924.0,
        "Percent Change":"-1.70 %",
        "Volume":"10,360.00"
    },
    {
        "Symbol":"MKCL",
        "Date":"2024-02-22",
        "Open":930.0,
        "High":970.0,
        "Low":930.0,
        "Close":940.0,
        "Percent Change":"0.46 %",
        "Volume":"17,363.00"
    },
    {
        "Symbol":"MKCL",
        "Date":"2024-02-21",
        "Open":935.0,
        "High":958.8,
        "Low":928.0,
        "Close":935.7,
        "Percent Change":"-0.46 %",
        "Volume":"11,220.00"
    },
    {
        "Symbol":"MKCL",
        "Date":"2024-02-20",
        "Open":922.0,
        "High":960.0,
        "Low":921.3,
        "Close":940.0,
        "Percent Change":"1.08 %",
        "Volume":"16,185.00"
    },
    {
        "Symbol":"MKCL",
        "Date":"2024-02-18",
        "Open":930.0,
        "High":946.0,
        "Low":921.2,
        "Close":930.0,
        "Percent Change":"-1.83 %",
        "Volume":"18,097.00"
    },
    {
        "Symbol":"MKCL",
        "Date":"2024-02-15",
        "Open":943.0,
        "High":975.0,
        "Low":943.0,
        "Close":947.3,
        "Percent Change":"-1.43 %",
        "Volume":"7,444.00"
    },
    {
        "Symbol":"MKCL",
        "Date":"2024-02-14",
        "Open":934.0,
        "High":964.9,
        "Low":928.1,
        "Close":961.0,
        "Percent Change":"1.79 %",
        "Volume":"11,680.00"
    },
    {
        "Symbol":"MKCL",
        "Date":"2024-02-13",
        "Open":970.2,
        "High":980.0,
        "Low":942.0,
        "Close":944.1,
        "Percent Change":"-4.64 %",
        "Volume":"16,471.00"
    },
    {
        "Symbol":"MKCL",
        "Date":"2024-02-12",
        "Open":980.0,
        "High":996.0,
        "Low":971.3,
        "Close":990.0,
        "Percent Change":"0.35 %",
        "Volume":"12,897.00"
    },
    {
        "Symbol":"MKCL",
        "Date":"2024-02-11",
        "Open":985.0,
        "High":1008.0,
        "Low":985.0,
        "Close":986.5,
        "Percent Change":"1.28 %",
        "Volume":"25,964.00"
    },
    {
        "Symbol":"MKCL",
        "Date":"2024-02-08",
        "Open":934.1,
        "High":975.0,
        "Low":934.0,
        "Close":974.0,
        "Percent Change":"3.51 %",
        "Volume":"14,010.00"
    },
    {
        "Symbol":"MKCL",
        "Date":"2024-02-07",
        "Open":942.0,
        "High":960.0,
        "Low":940.0,
        "Close":941.0,
        "Percent Change":"0.11 %",
        "Volume":"5,035.00"
    },
    {
        "Symbol":"MKCL",
        "Date":"2024-02-06",
        "Open":920.5,
        "High":960.0,
        "Low":920.0,
        "Close":940.0,
        "Percent Change":"1.84 %",
        "Volume":"13,720.00"
    },
    {
        "Symbol":"MKCL",
        "Date":"2024-02-05",
        "Open":914.0,
        "High":953.0,
        "Low":914.0,
        "Close":923.0,
        "Percent Change":"-0.75 %",
        "Volume":"11,925.00"
    },
    {
        "Symbol":"MKCL",
        "Date":"2024-02-04",
        "Open":931.0,
        "High":940.0,
        "Low":915.0,
        "Close":930.0,
        "Percent Change":"-0.53 %",
        "Volume":"16,689.00"
    },
    {
        "Symbol":"MKCL",
        "Date":"2024-02-01",
        "Open":940.0,
        "High":964.4,
        "Low":927.0,
        "Close":935.0,
        "Percent Change":"-1.79 %",
        "Volume":"14,994.00"
    },
    {
        "Symbol":"MKCL",
        "Date":"2024-01-31",
        "Open":991.6,
        "High":998.0,
        "Low":945.0,
        "Close":952.0,
        "Percent Change":"-3.33 %",
        "Volume":"31,185.00"
    },
    {
        "Symbol":"MKCL",
        "Date":"2024-01-30",
        "Open":940.0,
        "High":987.3,
        "Low":940.0,
        "Close":984.8,
        "Percent Change":"3.97 %",
        "Volume":"17,107.00"
    },
    {
        "Symbol":"MKCL",
        "Date":"2024-01-29",
        "Open":967.1,
        "High":985.0,
        "Low":946.0,
        "Close":947.2,
        "Percent Change":"-2.25 %",
        "Volume":"23,030.00"
    },
    {
        "Symbol":"MKCL",
        "Date":"2024-01-28",
        "Open":977.0,
        "High":1000.0,
        "Low":955.9,
        "Close":969.0,
        "Percent Change":"-2.12 %",
        "Volume":"26,989.00"
    },
    {
        "Symbol":"MKCL",
        "Date":"2024-01-25",
        "Open":1015.0,
        "High":1025.0,
        "Low":973.3,
        "Close":990.0,
        "Percent Change":"-2.94 %",
        "Volume":"34,647.00"
    },
    {
        "Symbol":"MKCL",
        "Date":"2024-01-24",
        "Open":1023.0,
        "High":1055.7,
        "Low":1015.0,
        "Close":1020.0,
        "Percent Change":"-1.45 %",
        "Volume":"17,945.00"
    },
    {
        "Symbol":"MKCL",
        "Date":"2024-01-23",
        "Open":1026.0,
        "High":1060.8,
        "Low":1026.0,
        "Close":1035.0,
        "Percent Change":"-0.48 %",
        "Volume":"32,425.00"
    },
    {
        "Symbol":"MKCL",
        "Date":"2024-01-22",
        "Open":1046.0,
        "High":1079.0,
        "Low":1020.0,
        "Close":1040.0,
        "Percent Change":"-2.35 %",
        "Volume":"38,398.00"
    },
    {
        "Symbol":"MKCL",
        "Date":"2024-01-21",
        "Open":1064.0,
        "High":1112.0,
        "Low":1021.0,
        "Close":1065.0,
        "Percent Change":"-0.09 %",
        "Volume":"43,187.00"
    },
    {
        "Symbol":"MKCL",
        "Date":"2024-01-18",
        "Open":1100.0,
        "High":1100.1,
        "Low":1010.0,
        "Close":1066.0,
        "Percent Change":"-1.31 %",
        "Volume":"82,176.00"
    },
    {
        "Symbol":"MKCL",
        "Date":"2024-01-17",
        "Open":1199.6,
        "High":1319.5,
        "Low":1080.0,
        "Close":1080.2,
        "Percent Change":"-9.95 %",
        "Volume":"211,930.00"
    },
    {
        "Symbol":"MKCL",
        "Date":"2024-01-16",
        "Open":1112.4,
        "High":1199.6,
        "Low":1112.4,
        "Close":1199.6,
        "Percent Change":"9.99 %",
        "Volume":"4,820.00"
    },
    {
        "Symbol":"MKCL",
        "Date":"2024-01-14",
        "Open":1011.3,
        "High":1090.6,
        "Low":1011.3,
        "Close":1090.6,
        "Percent Change":"9.99 %",
        "Volume":"4,820.00"
    },
    {
        "Symbol":"MKCL",
        "Date":"2024-01-11",
        "Open":910.0,
        "High":991.5,
        "Low":910.0,
        "Close":991.5,
        "Percent Change":"10.00 %",
        "Volume":"5,770.00"
    },
    {
        "Symbol":"MKCL",
        "Date":"2024-01-10",
        "Open":835.0,
        "High":901.4,
        "Low":835.0,
        "Close":901.4,
        "Percent Change":"9.99 %",
        "Volume":"3,432.00"
    },
    {
        "Symbol":"MKCL",
        "Date":"2024-01-09",
        "Open":759.9,
        "High":819.5,
        "Low":759.9,
        "Close":819.5,
        "Percent Change":"10.00 %",
        "Volume":"4,511.00"
    },
    {
        "Symbol":"MKCL",
        "Date":"2024-01-08",
        "Open":690.0,
        "High":745.0,
        "Low":690.0,
        "Close":745.0,
        "Percent Change":"10.00 %",
        "Volume":"3,430.00"
    },
    {
        "Symbol":"MKCL",
        "Date":"2024-01-07",
        "Open":628.1,
        "High":677.3,
        "Low":628.1,
        "Close":677.3,
        "Percent Change":"9.99 %",
        "Volume":"3,461.00"
    },
    {
        "Symbol":"MKCL",
        "Date":"2024-01-04",
        "Open":571.0,
        "High":615.8,
        "Low":571.0,
        "Close":615.8,
        "Percent Change":"9.98 %",
        "Volume":"6,280.00"
    },
    {
        "Symbol":"MKCL",
        "Date":"2024-01-03",
        "Open":519.1,
        "High":559.9,
        "Low":519.1,
        "Close":559.9,
        "Percent Change":"10.00 %",
        "Volume":"4,320.00"
    },
    {
        "Symbol":"MKCL",
        "Date":"2024-01-02",
        "Open":472.0,
        "High":509.0,
        "Low":472.0,
        "Close":509.0,
        "Percent Change":"9.98 %",
        "Volume":"4,220.00"
    },
    {
        "Symbol":"MKCL",
        "Date":"2024-01-01",
        "Open":429.2,
        "High":462.8,
        "Low":429.2,
        "Close":462.8,
        "Percent Change":"9.98 %",
        "Volume":"3,530.00"
    },
    {
        "Symbol":"MKCL",
        "Date":"2023-12-28",
        "Open":390.0,
        "High":420.8,
        "Low":390.0,
        "Close":420.8,
        "Percent Change":"9.98 %",
        "Volume":"3,870.00"
    },
    {
        "Symbol":"MKCL",
        "Date":"2023-12-27",
        "Open":354.8,
        "High":382.6,
        "Low":354.8,
        "Close":382.6,
        "Percent Change":"9.97 %",
        "Volume":"2,530.00"
    },
    {
        "Symbol":"MKCL",
        "Date":"2023-12-24",
        "Open":322.6,
        "High":347.9,
        "Low":322.6,
        "Close":347.9,
        "Percent Change":"9.99 %",
        "Volume":"2,449.00"
    },
    {
        "Symbol":"MKCL",
        "Date":"2023-12-21",
        "Open":288.1,
        "High":316.3,
        "Low":288.1,
        "Close":316.3,
        "Percent Change":"9.98 %",
        "Volume":"1,630.00"
    },
    {
        "Symbol":"MKCL",
        "Date":"2023-12-20",
        "Open":266.7,
        "High":287.6,
        "Low":266.7,
        "Close":287.6,
        "Percent Change":"9.98 %",
        "Volume":"1,040.00"
    },
    {
        "Symbol":"MKCL",
        "Date":"2023-12-19",
        "Open":242.5,
        "High":261.5,
        "Low":242.5,
        "Close":261.5,
        "Percent Change":"9.97 %",
        "Volume":"1,030.00"
    },
    {
        "Symbol":"MKCL",
        "Date":"2023-12-18",
        "Open":220.5,
        "High":237.8,
        "Low":220.5,
        "Close":237.8,
        "Percent Change":"9.99 %",
        "Volume":"1,220.00"
    },
    {
        "Symbol":"MKCL",
        "Date":"2023-12-17",
        "Open":200.0,
        "High":216.2,
        "Low":200.0,
        "Close":216.2,
        "Percent Change":"9.97 %",
        "Volume":"1,474.00"
    },
    {
        "Symbol":"MKCL",
        "Date":"2023-12-14",
        "Open":178.8,
        "High":196.6,
        "Low":178.8,
        "Close":196.6,
        "Percent Change":"0.00 %",
        "Volume":"940.00"
    }
]