[
    {
        "Symbol":"SGI",
        "Date":"2022-07-13",
        "Open":358.1,
        "High":373.0,
        "Low":358.1,
        "Close":365.0,
        "Percent Change":"1.96 %",
        "Volume":"1,911.00"
    },
    {
        "Symbol":"SGI",
        "Date":"2022-07-12",
        "Open":353.0,
        "High":373.0,
        "Low":348.0,
        "Close":358.0,
        "Percent Change":"-0.58 %",
        "Volume":"1,705.00"
    },
    {
        "Symbol":"SGI",
        "Date":"2022-07-11",
        "Open":371.7,
        "High":372.0,
        "Low":360.0,
        "Close":360.1,
        "Percent Change":"-5.04 %",
        "Volume":"1,970.00"
    },
    {
        "Symbol":"SGI",
        "Date":"2022-07-08",
        "Open":380.3,
        "High":387.0,
        "Low":374.0,
        "Close":379.2,
        "Percent Change":"-2.27 %",
        "Volume":"1,311.00"
    },
    {
        "Symbol":"SGI",
        "Date":"2022-07-07",
        "Open":395.0,
        "High":402.9,
        "Low":388.0,
        "Close":388.0,
        "Percent Change":"-2.27 %",
        "Volume":"2,185.00"
    },
    {
        "Symbol":"SGI",
        "Date":"2022-07-06",
        "Open":396.0,
        "High":408.0,
        "Low":385.2,
        "Close":397.0,
        "Percent Change":"-0.75 %",
        "Volume":"1,681.00"
    },
    {
        "Symbol":"SGI",
        "Date":"2022-07-05",
        "Open":403.8,
        "High":409.0,
        "Low":393.0,
        "Close":400.0,
        "Percent Change":"-2.91 %",
        "Volume":"2,325.00"
    },
    {
        "Symbol":"SGI",
        "Date":"2022-07-04",
        "Open":403.0,
        "High":434.0,
        "Low":397.0,
        "Close":412.0,
        "Percent Change":"1.75 %",
        "Volume":"5,081.00"
    },
    {
        "Symbol":"SGI",
        "Date":"2022-07-03",
        "Open":400.0,
        "High":404.9,
        "Low":377.3,
        "Close":404.9,
        "Percent Change":"2.22 %",
        "Volume":"3,026.00"
    },
    {
        "Symbol":"SGI",
        "Date":"2022-07-01",
        "Open":403.0,
        "High":405.0,
        "Low":396.0,
        "Close":396.1,
        "Percent Change":"-2.20 %",
        "Volume":"1,496.00"
    },
    {
        "Symbol":"SGI",
        "Date":"2022-06-30",
        "Open":381.0,
        "High":412.0,
        "Low":381.0,
        "Close":405.0,
        "Percent Change":"4.38 %",
        "Volume":"3,268.00"
    },
    {
        "Symbol":"SGI",
        "Date":"2022-06-29",
        "Open":385.0,
        "High":392.0,
        "Low":385.0,
        "Close":388.0,
        "Percent Change":"0.26 %",
        "Volume":"2,393.00"
    },
    {
        "Symbol":"SGI",
        "Date":"2022-06-28",
        "Open":392.0,
        "High":394.0,
        "Low":377.0,
        "Close":387.0,
        "Percent Change":"-3.25 %",
        "Volume":"1,560.00"
    },
    {
        "Symbol":"SGI",
        "Date":"2022-06-27",
        "Open":400.1,
        "High":421.3,
        "Low":382.5,
        "Close":400.0,
        "Percent Change":"0.18 %",
        "Volume":"4,314.00"
    },
    {
        "Symbol":"SGI",
        "Date":"2022-06-26",
        "Open":363.0,
        "High":399.3,
        "Low":361.0,
        "Close":399.3,
        "Percent Change":"10.00 %",
        "Volume":"5,006.00"
    },
    {
        "Symbol":"SGI",
        "Date":"2022-06-24",
        "Open":337.3,
        "High":364.0,
        "Low":325.5,
        "Close":363.0,
        "Percent Change":"5.83 %",
        "Volume":"1,879.00"
    },
    {
        "Symbol":"SGI",
        "Date":"2022-06-23",
        "Open":357.0,
        "High":357.0,
        "Low":336.1,
        "Close":343.0,
        "Percent Change":"-3.92 %",
        "Volume":"2,573.00"
    },
    {
        "Symbol":"SGI",
        "Date":"2022-06-22",
        "Open":365.0,
        "High":365.0,
        "Low":350.0,
        "Close":357.0,
        "Percent Change":"-2.19 %",
        "Volume":"1,270.00"
    },
    {
        "Symbol":"SGI",
        "Date":"2022-06-21",
        "Open":350.0,
        "High":369.4,
        "Low":348.0,
        "Close":365.0,
        "Percent Change":"2.79 %",
        "Volume":"786.00"
    },
    {
        "Symbol":"SGI",
        "Date":"2022-06-20",
        "Open":352.8,
        "High":357.0,
        "Low":352.8,
        "Close":355.1,
        "Percent Change":"-1.36 %",
        "Volume":"2,684.00"
    },
    {
        "Symbol":"SGI",
        "Date":"2022-06-19",
        "Open":366.6,
        "High":371.0,
        "Low":360.0,
        "Close":360.0,
        "Percent Change":"-3.74 %",
        "Volume":"3,624.00"
    },
    {
        "Symbol":"SGI",
        "Date":"2022-06-17",
        "Open":380.0,
        "High":381.0,
        "Low":374.0,
        "Close":374.0,
        "Percent Change":"-1.84 %",
        "Volume":"1,045.00"
    },
    {
        "Symbol":"SGI",
        "Date":"2022-06-16",
        "Open":380.0,
        "High":394.0,
        "Low":380.0,
        "Close":381.0,
        "Percent Change":"0.26 %",
        "Volume":"714.00"
    },
    {
        "Symbol":"SGI",
        "Date":"2022-06-15",
        "Open":389.0,
        "High":395.0,
        "Low":373.8,
        "Close":380.0,
        "Percent Change":"-2.34 %",
        "Volume":"2,840.00"
    },
    {
        "Symbol":"SGI",
        "Date":"2022-06-14",
        "Open":393.3,
        "High":399.9,
        "Low":389.1,
        "Close":389.1,
        "Percent Change":"-2.73 %",
        "Volume":"2,312.00"
    },
    {
        "Symbol":"SGI",
        "Date":"2022-06-13",
        "Open":400.0,
        "High":401.0,
        "Low":395.0,
        "Close":400.0,
        "Percent Change":"-0.27 %",
        "Volume":"1,144.00"
    },
    {
        "Symbol":"SGI",
        "Date":"2022-06-10",
        "Open":402.0,
        "High":402.0,
        "Low":394.1,
        "Close":401.1,
        "Percent Change":"-1.69 %",
        "Volume":"400.00"
    },
    {
        "Symbol":"SGI",
        "Date":"2022-06-09",
        "Open":412.0,
        "High":431.4,
        "Low":395.8,
        "Close":408.0,
        "Percent Change":"-1.69 %",
        "Volume":"3,985.00"
    },
    {
        "Symbol":"SGI",
        "Date":"2022-06-08",
        "Open":394.0,
        "High":422.0,
        "Low":394.0,
        "Close":415.0,
        "Percent Change":"3.75 %",
        "Volume":"1,250.00"
    },
    {
        "Symbol":"SGI",
        "Date":"2022-06-07",
        "Open":410.0,
        "High":415.0,
        "Low":399.0,
        "Close":400.0,
        "Percent Change":"-3.61 %",
        "Volume":"4,215.00"
    },
    {
        "Symbol":"SGI",
        "Date":"2022-06-06",
        "Open":423.0,
        "High":431.4,
        "Low":405.0,
        "Close":415.0,
        "Percent Change":"-1.89 %",
        "Volume":"1,810.00"
    },
    {
        "Symbol":"SGI",
        "Date":"2022-06-03",
        "Open":415.0,
        "High":423.0,
        "Low":402.0,
        "Close":423.0,
        "Percent Change":"0.24 %",
        "Volume":"4,198.00"
    },
    {
        "Symbol":"SGI",
        "Date":"2022-06-02",
        "Open":435.0,
        "High":435.0,
        "Low":421.0,
        "Close":422.0,
        "Percent Change":"-2.99 %",
        "Volume":"930.00"
    },
    {
        "Symbol":"SGI",
        "Date":"2022-06-01",
        "Open":432.0,
        "High":443.0,
        "Low":432.0,
        "Close":435.0,
        "Percent Change":"-1.14 %",
        "Volume":"915.00"
    },
    {
        "Symbol":"SGI",
        "Date":"2022-05-31",
        "Open":440.0,
        "High":446.0,
        "Low":439.0,
        "Close":440.0,
        "Percent Change":"-1.17 %",
        "Volume":"1,139.00"
    },
    {
        "Symbol":"SGI",
        "Date":"2022-05-30",
        "Open":453.0,
        "High":453.0,
        "Low":442.0,
        "Close":445.2,
        "Percent Change":"-1.13 %",
        "Volume":"1,930.00"
    },
    {
        "Symbol":"SGI",
        "Date":"2022-05-27",
        "Open":450.0,
        "High":468.0,
        "Low":450.0,
        "Close":450.3,
        "Percent Change":"-1.25 %",
        "Volume":"1,270.00"
    },
    {
        "Symbol":"SGI",
        "Date":"2022-05-26",
        "Open":444.2,
        "High":463.0,
        "Low":444.2,
        "Close":456.0,
        "Percent Change":"0.66 %",
        "Volume":"840.00"
    },
    {
        "Symbol":"SGI",
        "Date":"2022-05-25",
        "Open":451.0,
        "High":486.0,
        "Low":451.0,
        "Close":453.0,
        "Percent Change":"0.67 %",
        "Volume":"2,295.00"
    },
    {
        "Symbol":"SGI",
        "Date":"2022-05-24",
        "Open":443.0,
        "High":455.0,
        "Low":443.0,
        "Close":450.0,
        "Percent Change":"-0.22 %",
        "Volume":"1,485.00"
    },
    {
        "Symbol":"SGI",
        "Date":"2022-05-23",
        "Open":460.0,
        "High":460.0,
        "Low":450.8,
        "Close":451.0,
        "Percent Change":"-3.01 %",
        "Volume":"4,300.00"
    },
    {
        "Symbol":"SGI",
        "Date":"2022-05-20",
        "Open":464.0,
        "High":469.0,
        "Low":463.0,
        "Close":465.0,
        "Percent Change":"-1.29 %",
        "Volume":"1,650.00"
    },
    {
        "Symbol":"SGI",
        "Date":"2022-05-19",
        "Open":470.0,
        "High":479.4,
        "Low":465.0,
        "Close":471.1,
        "Percent Change":"-1.65 %",
        "Volume":"4,154.00"
    },
    {
        "Symbol":"SGI",
        "Date":"2022-05-18",
        "Open":476.0,
        "High":488.0,
        "Low":458.0,
        "Close":479.0,
        "Percent Change":"-0.00 %",
        "Volume":"7,089.00"
    },
    {
        "Symbol":"SGI",
        "Date":"2022-05-17",
        "Open":510.0,
        "High":510.0,
        "Low":480.0,
        "Close":480.0,
        "Percent Change":"-6.98 %",
        "Volume":"4,568.00"
    },
    {
        "Symbol":"SGI",
        "Date":"2022-05-12",
        "Open":532.0,
        "High":533.0,
        "Low":514.5,
        "Close":516.0,
        "Percent Change":"-1.15 %",
        "Volume":"6,312.00"
    },
    {
        "Symbol":"SGI",
        "Date":"2022-05-11",
        "Open":520.2,
        "High":530.0,
        "Low":510.0,
        "Close":522.0,
        "Percent Change":"2.35 %",
        "Volume":"2,259.00"
    },
    {
        "Symbol":"SGI",
        "Date":"2022-05-10",
        "Open":489.2,
        "High":515.8,
        "Low":488.1,
        "Close":510.0,
        "Percent Change":"2.80 %",
        "Volume":"2,230.00"
    },
    {
        "Symbol":"SGI",
        "Date":"2022-05-09",
        "Open":495.0,
        "High":515.1,
        "Low":490.0,
        "Close":496.1,
        "Percent Change":"0.22 %",
        "Volume":"1,370.00"
    },
    {
        "Symbol":"SGI",
        "Date":"2022-05-08",
        "Open":503.8,
        "High":503.8,
        "Low":469.0,
        "Close":495.0,
        "Percent Change":"0.20 %",
        "Volume":"3,665.00"
    },
    {
        "Symbol":"SGI",
        "Date":"2022-05-05",
        "Open":497.0,
        "High":503.1,
        "Low":488.1,
        "Close":494.0,
        "Percent Change":"-2.56 %",
        "Volume":"3,109.00"
    },
    {
        "Symbol":"SGI",
        "Date":"2022-05-04",
        "Open":510.1,
        "High":515.0,
        "Low":505.0,
        "Close":507.0,
        "Percent Change":"-2.50 %",
        "Volume":"1,455.00"
    },
    {
        "Symbol":"SGI",
        "Date":"2022-05-02",
        "Open":531.0,
        "High":534.0,
        "Low":511.1,
        "Close":520.0,
        "Percent Change":"-3.70 %",
        "Volume":"4,392.00"
    },
    {
        "Symbol":"SGI",
        "Date":"2022-04-28",
        "Open":525.7,
        "High":545.0,
        "Low":525.7,
        "Close":540.0,
        "Percent Change":"0.75 %",
        "Volume":"1,430.00"
    },
    {
        "Symbol":"SGI",
        "Date":"2022-04-27",
        "Open":532.0,
        "High":545.0,
        "Low":532.0,
        "Close":536.0,
        "Percent Change":"-0.92 %",
        "Volume":"1,501.00"
    },
    {
        "Symbol":"SGI",
        "Date":"2022-04-26",
        "Open":544.0,
        "High":559.0,
        "Low":541.0,
        "Close":541.0,
        "Percent Change":"-2.52 %",
        "Volume":"2,116.00"
    },
    {
        "Symbol":"SGI",
        "Date":"2022-04-25",
        "Open":555.0,
        "High":565.0,
        "Low":550.0,
        "Close":555.0,
        "Percent Change":"0.00 %",
        "Volume":"2,979.00"
    },
    {
        "Symbol":"SGI",
        "Date":"2022-04-24",
        "Open":528.0,
        "High":564.8,
        "Low":526.0,
        "Close":555.0,
        "Percent Change":"4.82 %",
        "Volume":"1,794.00"
    },
    {
        "Symbol":"SGI",
        "Date":"2022-04-21",
        "Open":517.0,
        "High":529.5,
        "Low":510.1,
        "Close":529.5,
        "Percent Change":"0.86 %",
        "Volume":"1,750.00"
    },
    {
        "Symbol":"SGI",
        "Date":"2022-04-20",
        "Open":531.0,
        "High":540.0,
        "Low":525.0,
        "Close":525.0,
        "Percent Change":"-2.78 %",
        "Volume":"2,952.00"
    },
    {
        "Symbol":"SGI",
        "Date":"2022-04-19",
        "Open":550.0,
        "High":550.0,
        "Low":521.0,
        "Close":540.0,
        "Percent Change":"0.00 %",
        "Volume":"1,262.00"
    },
    {
        "Symbol":"SGI",
        "Date":"2022-04-18",
        "Open":555.0,
        "High":555.0,
        "Low":535.1,
        "Close":540.0,
        "Percent Change":"-3.91 %",
        "Volume":"1,486.00"
    },
    {
        "Symbol":"SGI",
        "Date":"2022-04-17",
        "Open":551.0,
        "High":573.2,
        "Low":551.0,
        "Close":562.0,
        "Percent Change":"0.00 %",
        "Volume":"1,680.00"
    },
    {
        "Symbol":"SGI",
        "Date":"2022-04-13",
        "Open":562.0,
        "High":565.0,
        "Low":546.0,
        "Close":562.0,
        "Percent Change":"0.00 %",
        "Volume":"2,307.00"
    },
    {
        "Symbol":"SGI",
        "Date":"2022-04-12",
        "Open":565.0,
        "High":575.0,
        "Low":558.0,
        "Close":562.0,
        "Percent Change":"-2.43 %",
        "Volume":"2,130.00"
    },
    {
        "Symbol":"SGI",
        "Date":"2022-04-11",
        "Open":590.0,
        "High":600.0,
        "Low":576.0,
        "Close":576.0,
        "Percent Change":"-1.61 %",
        "Volume":"5,075.00"
    },
    {
        "Symbol":"SGI",
        "Date":"2022-04-07",
        "Open":580.0,
        "High":598.5,
        "Low":575.0,
        "Close":585.4,
        "Percent Change":"0.91 %",
        "Volume":"5,316.00"
    },
    {
        "Symbol":"SGI",
        "Date":"2022-04-06",
        "Open":585.0,
        "High":594.0,
        "Low":580.1,
        "Close":580.1,
        "Percent Change":"-2.18 %",
        "Volume":"2,875.00"
    },
    {
        "Symbol":"SGI",
        "Date":"2022-04-05",
        "Open":610.0,
        "High":612.0,
        "Low":588.0,
        "Close":593.0,
        "Percent Change":"-4.06 %",
        "Volume":"5,796.00"
    },
    {
        "Symbol":"SGI",
        "Date":"2022-04-04",
        "Open":636.0,
        "High":636.4,
        "Low":613.0,
        "Close":618.1,
        "Percent Change":"-0.95 %",
        "Volume":"3,006.00"
    },
    {
        "Symbol":"SGI",
        "Date":"2022-04-03",
        "Open":630.0,
        "High":633.5,
        "Low":622.4,
        "Close":624.0,
        "Percent Change":"-2.50 %",
        "Volume":"3,045.00"
    },
    {
        "Symbol":"SGI",
        "Date":"2022-03-31",
        "Open":650.0,
        "High":665.0,
        "Low":617.4,
        "Close":640.0,
        "Percent Change":"-0.62 %",
        "Volume":"7,669.00"
    },
    {
        "Symbol":"SGI",
        "Date":"2022-03-30",
        "Open":630.0,
        "High":657.4,
        "Low":623.0,
        "Close":644.0,
        "Percent Change":"1.90 %",
        "Volume":"6,531.00"
    },
    {
        "Symbol":"SGI",
        "Date":"2022-03-29",
        "Open":635.0,
        "High":636.0,
        "Low":625.5,
        "Close":632.0,
        "Percent Change":"-0.49 %",
        "Volume":"5,906.00"
    },
    {
        "Symbol":"SGI",
        "Date":"2022-03-28",
        "Open":658.2,
        "High":658.2,
        "Low":632.0,
        "Close":635.1,
        "Percent Change":"-3.48 %",
        "Volume":"14,600.00"
    },
    {
        "Symbol":"SGI",
        "Date":"2022-03-27",
        "Open":612.0,
        "High":660.0,
        "Low":612.0,
        "Close":658.0,
        "Percent Change":"9.67 %",
        "Volume":"46,419.00"
    },
    {
        "Symbol":"SGI",
        "Date":"2022-03-24",
        "Open":588.1,
        "High":615.0,
        "Low":588.1,
        "Close":600.0,
        "Percent Change":"0.17 %",
        "Volume":"6,035.00"
    },
    {
        "Symbol":"SGI",
        "Date":"2022-03-23",
        "Open":593.2,
        "High":603.0,
        "Low":590.0,
        "Close":599.0,
        "Percent Change":"-1.01 %",
        "Volume":"3,516.00"
    },
    {
        "Symbol":"SGI",
        "Date":"2022-03-22",
        "Open":606.0,
        "High":609.9,
        "Low":595.3,
        "Close":605.1,
        "Percent Change":"0.18 %",
        "Volume":"3,483.00"
    },
    {
        "Symbol":"SGI",
        "Date":"2022-03-21",
        "Open":589.1,
        "High":604.0,
        "Low":589.1,
        "Close":604.0,
        "Percent Change":"0.67 %",
        "Volume":"1,872.00"
    },
    {
        "Symbol":"SGI",
        "Date":"2022-03-20",
        "Open":589.0,
        "High":600.0,
        "Low":589.0,
        "Close":600.0,
        "Percent Change":"0.50 %",
        "Volume":"1,795.00"
    },
    {
        "Symbol":"SGI",
        "Date":"2022-03-16",
        "Open":606.9,
        "High":606.9,
        "Low":590.6,
        "Close":597.0,
        "Percent Change":"0.34 %",
        "Volume":"3,215.00"
    },
    {
        "Symbol":"SGI",
        "Date":"2022-03-15",
        "Open":580.0,
        "High":606.9,
        "Low":573.0,
        "Close":595.0,
        "Percent Change":"1.88 %",
        "Volume":"3,800.00"
    },
    {
        "Symbol":"SGI",
        "Date":"2022-03-14",
        "Open":575.0,
        "High":589.9,
        "Low":571.0,
        "Close":584.0,
        "Percent Change":"-0.17 %",
        "Volume":"3,057.00"
    },
    {
        "Symbol":"SGI",
        "Date":"2022-03-13",
        "Open":536.1,
        "High":586.0,
        "Low":536.1,
        "Close":585.0,
        "Percent Change":"6.97 %",
        "Volume":"5,542.00"
    },
    {
        "Symbol":"SGI",
        "Date":"2022-03-10",
        "Open":536.0,
        "High":546.9,
        "Low":529.5,
        "Close":546.9,
        "Percent Change":"1.81 %",
        "Volume":"1,695.00"
    },
    {
        "Symbol":"SGI",
        "Date":"2022-03-09",
        "Open":560.0,
        "High":560.0,
        "Low":536.1,
        "Close":537.2,
        "Percent Change":"-3.38 %",
        "Volume":"1,875.00"
    },
    {
        "Symbol":"SGI",
        "Date":"2022-03-07",
        "Open":555.0,
        "High":566.0,
        "Low":552.0,
        "Close":556.0,
        "Percent Change":"-1.40 %",
        "Volume":"4,263.00"
    },
    {
        "Symbol":"SGI",
        "Date":"2022-03-06",
        "Open":555.0,
        "High":571.0,
        "Low":553.1,
        "Close":563.9,
        "Percent Change":"0.16 %",
        "Volume":"2,691.00"
    },
    {
        "Symbol":"SGI",
        "Date":"2022-03-02",
        "Open":570.0,
        "High":570.0,
        "Low":551.1,
        "Close":563.0,
        "Percent Change":"-2.93 %",
        "Volume":"2,081.00"
    },
    {
        "Symbol":"SGI",
        "Date":"2022-02-28",
        "Open":570.0,
        "High":583.0,
        "Low":559.0,
        "Close":580.0,
        "Percent Change":"0.87 %",
        "Volume":"5,280.00"
    },
    {
        "Symbol":"SGI",
        "Date":"2022-02-27",
        "Open":580.0,
        "High":594.0,
        "Low":567.0,
        "Close":575.0,
        "Percent Change":"-1.71 %",
        "Volume":"3,860.00"
    },
    {
        "Symbol":"SGI",
        "Date":"2022-02-24",
        "Open":608.0,
        "High":610.0,
        "Low":584.0,
        "Close":585.0,
        "Percent Change":"-3.78 %",
        "Volume":"3,452.00"
    },
    {
        "Symbol":"SGI",
        "Date":"2022-02-23",
        "Open":611.0,
        "High":611.0,
        "Low":602.0,
        "Close":608.0,
        "Percent Change":"-0.49 %",
        "Volume":"1,527.00"
    },
    {
        "Symbol":"SGI",
        "Date":"2022-02-22",
        "Open":614.0,
        "High":616.0,
        "Low":603.2,
        "Close":611.0,
        "Percent Change":"-0.63 %",
        "Volume":"3,286.00"
    },
    {
        "Symbol":"SGI",
        "Date":"2022-02-21",
        "Open":610.0,
        "High":620.0,
        "Low":600.0,
        "Close":614.9,
        "Percent Change":"1.30 %",
        "Volume":"1,545.00"
    },
    {
        "Symbol":"SGI",
        "Date":"2022-02-20",
        "Open":616.0,
        "High":616.0,
        "Low":595.0,
        "Close":607.0,
        "Percent Change":"-2.72 %",
        "Volume":"4,444.00"
    },
    {
        "Symbol":"SGI",
        "Date":"2022-02-17",
        "Open":621.0,
        "High":630.0,
        "Low":620.0,
        "Close":624.0,
        "Percent Change":"-0.16 %",
        "Volume":"4,974.00"
    },
    {
        "Symbol":"SGI",
        "Date":"2022-02-16",
        "Open":605.0,
        "High":639.0,
        "Low":605.0,
        "Close":625.0,
        "Percent Change":"1.63 %",
        "Volume":"2,375.00"
    },
    {
        "Symbol":"SGI",
        "Date":"2022-02-15",
        "Open":598.9,
        "High":622.0,
        "Low":598.9,
        "Close":615.0,
        "Percent Change":"0.64 %",
        "Volume":"2,255.00"
    },
    {
        "Symbol":"SGI",
        "Date":"2022-02-14",
        "Open":605.0,
        "High":634.0,
        "Low":605.0,
        "Close":611.1,
        "Percent Change":"0.02 %",
        "Volume":"3,740.00"
    },
    {
        "Symbol":"SGI",
        "Date":"2022-02-13",
        "Open":632.0,
        "High":632.0,
        "Low":607.1,
        "Close":611.0,
        "Percent Change":"-5.12 %",
        "Volume":"5,913.00"
    },
    {
        "Symbol":"SGI",
        "Date":"2022-02-10",
        "Open":634.1,
        "High":645.0,
        "Low":634.1,
        "Close":644.0,
        "Percent Change":"-0.31 %",
        "Volume":"2,290.00"
    },
    {
        "Symbol":"SGI",
        "Date":"2022-02-09",
        "Open":657.0,
        "High":658.0,
        "Low":640.1,
        "Close":646.0,
        "Percent Change":"-1.67 %",
        "Volume":"3,458.00"
    },
    {
        "Symbol":"SGI",
        "Date":"2022-02-08",
        "Open":676.2,
        "High":698.0,
        "Low":654.0,
        "Close":657.0,
        "Percent Change":"0.00 %",
        "Volume":"11,671.00"
    },
    {
        "Symbol":"SGI",
        "Date":"2022-02-07",
        "Open":630.2,
        "High":663.0,
        "Low":630.2,
        "Close":663.0,
        "Percent Change":"3.11 %",
        "Volume":"6,029.00"
    },
    {
        "Symbol":"SGI",
        "Date":"2022-02-06",
        "Open":650.0,
        "High":653.0,
        "Low":640.0,
        "Close":643.0,
        "Percent Change":"-3.02 %",
        "Volume":"6,270.00"
    },
    {
        "Symbol":"SGI",
        "Date":"2022-02-03",
        "Open":675.0,
        "High":676.0,
        "Low":658.1,
        "Close":663.0,
        "Percent Change":"-1.19 %",
        "Volume":"10,430.00"
    },
    {
        "Symbol":"SGI",
        "Date":"2022-02-01",
        "Open":667.0,
        "High":677.0,
        "Low":665.5,
        "Close":671.0,
        "Percent Change":"-0.89 %",
        "Volume":"9,311.00"
    },
    {
        "Symbol":"SGI",
        "Date":"2022-01-31",
        "Open":682.0,
        "High":690.0,
        "Low":672.0,
        "Close":677.0,
        "Percent Change":"-2.59 %",
        "Volume":"5,502.00"
    },
    {
        "Symbol":"SGI",
        "Date":"2022-01-30",
        "Open":680.0,
        "High":702.0,
        "Low":675.0,
        "Close":695.0,
        "Percent Change":"2.21 %",
        "Volume":"20,020.00"
    },
    {
        "Symbol":"SGI",
        "Date":"2022-01-27",
        "Open":689.7,
        "High":689.7,
        "Low":653.1,
        "Close":680.0,
        "Percent Change":"0.56 %",
        "Volume":"22,106.00"
    },
    {
        "Symbol":"SGI",
        "Date":"2022-01-26",
        "Open":638.0,
        "High":676.2,
        "Low":627.2,
        "Close":676.2,
        "Percent Change":"4.03 %",
        "Volume":"20,495.00"
    },
    {
        "Symbol":"SGI",
        "Date":"2022-01-25",
        "Open":627.0,
        "High":677.4,
        "Low":617.0,
        "Close":650.0,
        "Percent Change":"1.80 %",
        "Volume":"31,093.00"
    },
    {
        "Symbol":"SGI",
        "Date":"2022-01-24",
        "Open":625.0,
        "High":649.7,
        "Low":617.0,
        "Close":638.5,
        "Percent Change":"0.24 %",
        "Volume":"16,237.00"
    },
    {
        "Symbol":"SGI",
        "Date":"2022-01-23",
        "Open":630.1,
        "High":649.0,
        "Low":630.0,
        "Close":637.0,
        "Percent Change":"-0.31 %",
        "Volume":"12,830.00"
    },
    {
        "Symbol":"SGI",
        "Date":"2022-01-20",
        "Open":620.0,
        "High":639.0,
        "Low":615.1,
        "Close":639.0,
        "Percent Change":"2.57 %",
        "Volume":"7,331.00"
    },
    {
        "Symbol":"SGI",
        "Date":"2022-01-19",
        "Open":626.0,
        "High":635.0,
        "Low":622.5,
        "Close":623.0,
        "Percent Change":"-1.89 %",
        "Volume":"5,729.00"
    },
    {
        "Symbol":"SGI",
        "Date":"2022-01-18",
        "Open":650.0,
        "High":650.0,
        "Low":629.4,
        "Close":635.0,
        "Percent Change":"-2.28 %",
        "Volume":"8,413.00"
    },
    {
        "Symbol":"SGI",
        "Date":"2022-01-17",
        "Open":654.0,
        "High":656.0,
        "Low":640.0,
        "Close":649.8,
        "Percent Change":"-0.64 %",
        "Volume":"9,869.00"
    },
    {
        "Symbol":"SGI",
        "Date":"2022-01-16",
        "Open":632.0,
        "High":658.0,
        "Low":634.1,
        "Close":654.0,
        "Percent Change":"3.48 %",
        "Volume":"15,771.00"
    },
    {
        "Symbol":"SGI",
        "Date":"2022-01-13",
        "Open":615.0,
        "High":633.8,
        "Low":611.0,
        "Close":632.0,
        "Percent Change":"2.27 %",
        "Volume":"11,278.00"
    },
    {
        "Symbol":"SGI",
        "Date":"2022-01-12",
        "Open":654.0,
        "High":654.0,
        "Low":618.0,
        "Close":618.0,
        "Percent Change":"-3.74 %",
        "Volume":"7,330.00"
    },
    {
        "Symbol":"SGI",
        "Date":"2022-01-11",
        "Open":603.0,
        "High":647.0,
        "Low":603.0,
        "Close":642.0,
        "Percent Change":"4.92 %",
        "Volume":"16,192.00"
    },
    {
        "Symbol":"SGI",
        "Date":"2022-01-10",
        "Open":605.0,
        "High":617.0,
        "Low":602.3,
        "Close":611.9,
        "Percent Change":"1.01 %",
        "Volume":"14,559.00"
    },
    {
        "Symbol":"SGI",
        "Date":"2022-01-09",
        "Open":588.0,
        "High":615.0,
        "Low":588.0,
        "Close":605.8,
        "Percent Change":"3.03 %",
        "Volume":"8,488.00"
    },
    {
        "Symbol":"SGI",
        "Date":"2022-01-06",
        "Open":594.0,
        "High":600.0,
        "Low":583.0,
        "Close":588.0,
        "Percent Change":"-1.01 %",
        "Volume":"3,515.00"
    },
    {
        "Symbol":"SGI",
        "Date":"2022-01-05",
        "Open":591.0,
        "High":602.8,
        "Low":585.2,
        "Close":594.0,
        "Percent Change":"-1.41 %",
        "Volume":"7,365.00"
    },
    {
        "Symbol":"SGI",
        "Date":"2022-01-04",
        "Open":580.0,
        "High":602.5,
        "Low":579.0,
        "Close":602.5,
        "Percent Change":"2.12 %",
        "Volume":"7,887.00"
    },
    {
        "Symbol":"SGI",
        "Date":"2022-01-03",
        "Open":580.0,
        "High":600.0,
        "Low":580.0,
        "Close":590.0,
        "Percent Change":"1.72 %",
        "Volume":"10,922.00"
    },
    {
        "Symbol":"SGI",
        "Date":"2022-01-02",
        "Open":556.1,
        "High":585.0,
        "Low":556.1,
        "Close":580.0,
        "Percent Change":"2.29 %",
        "Volume":"5,056.00"
    },
    {
        "Symbol":"SGI",
        "Date":"2021-12-29",
        "Open":555.0,
        "High":577.0,
        "Low":555.0,
        "Close":567.0,
        "Percent Change":"2.16 %",
        "Volume":"2,466.00"
    },
    {
        "Symbol":"SGI",
        "Date":"2021-12-28",
        "Open":545.0,
        "High":560.2,
        "Low":535.0,
        "Close":555.0,
        "Percent Change":"-0.02 %",
        "Volume":"4,412.00"
    },
    {
        "Symbol":"SGI",
        "Date":"2021-12-27",
        "Open":609.9,
        "High":646.0,
        "Low":555.0,
        "Close":555.1,
        "Percent Change":"-7.17 %",
        "Volume":"19,138.00"
    },
    {
        "Symbol":"SGI",
        "Date":"2021-12-26",
        "Open":547.0,
        "High":600.0,
        "Low":545.0,
        "Close":598.0,
        "Percent Change":"9.58 %",
        "Volume":"13,750.00"
    },
    {
        "Symbol":"SGI",
        "Date":"2021-12-23",
        "Open":520.0,
        "High":545.7,
        "Low":518.0,
        "Close":545.7,
        "Percent Change":"4.90 %",
        "Volume":"6,316.00"
    },
    {
        "Symbol":"SGI",
        "Date":"2021-12-22",
        "Open":515.0,
        "High":538.0,
        "Low":505.0,
        "Close":520.2,
        "Percent Change":"2.00 %",
        "Volume":"3,671.00"
    },
    {
        "Symbol":"SGI",
        "Date":"2021-12-21",
        "Open":487.0,
        "High":510.0,
        "Low":485.1,
        "Close":510.0,
        "Percent Change":"4.29 %",
        "Volume":"5,760.00"
    },
    {
        "Symbol":"SGI",
        "Date":"2021-12-20",
        "Open":490.1,
        "High":492.0,
        "Low":480.3,
        "Close":489.0,
        "Percent Change":"-2.22 %",
        "Volume":"1,152.00"
    },
    {
        "Symbol":"SGI",
        "Date":"2021-12-16",
        "Open":506.0,
        "High":510.0,
        "Low":500.0,
        "Close":500.1,
        "Percent Change":"-3.08 %",
        "Volume":"3,621.00"
    },
    {
        "Symbol":"SGI",
        "Date":"2021-12-15",
        "Open":520.2,
        "High":541.2,
        "Low":493.0,
        "Close":516.0,
        "Percent Change":"1.18 %",
        "Volume":"7,486.00"
    },
    {
        "Symbol":"SGI",
        "Date":"2021-12-14",
        "Open":484.0,
        "High":513.0,
        "Low":484.0,
        "Close":510.0,
        "Percent Change":"7.37 %",
        "Volume":"1,450.00"
    },
    {
        "Symbol":"SGI",
        "Date":"2021-12-13",
        "Open":497.7,
        "High":500.0,
        "Low":474.0,
        "Close":475.0,
        "Percent Change":"-6.46 %",
        "Volume":"7,613.00"
    },
    {
        "Symbol":"SGI",
        "Date":"2021-12-12",
        "Open":525.1,
        "High":530.0,
        "Low":507.8,
        "Close":507.8,
        "Percent Change":"-4.37 %",
        "Volume":"3,566.00"
    },
    {
        "Symbol":"SGI",
        "Date":"2021-12-09",
        "Open":521.0,
        "High":531.0,
        "Low":521.0,
        "Close":531.0,
        "Percent Change":"0.57 %",
        "Volume":"2,462.00"
    },
    {
        "Symbol":"SGI",
        "Date":"2021-12-08",
        "Open":541.0,
        "High":542.5,
        "Low":528.0,
        "Close":528.0,
        "Percent Change":"-3.30 %",
        "Volume":"1,770.00"
    },
    {
        "Symbol":"SGI",
        "Date":"2021-12-07",
        "Open":550.0,
        "High":569.0,
        "Low":546.0,
        "Close":546.0,
        "Percent Change":"-2.33 %",
        "Volume":"2,615.00"
    },
    {
        "Symbol":"SGI",
        "Date":"2021-12-06",
        "Open":541.1,
        "High":561.0,
        "Low":535.0,
        "Close":559.0,
        "Percent Change":"1.27 %",
        "Volume":"5,156.00"
    },
    {
        "Symbol":"SGI",
        "Date":"2021-12-05",
        "Open":555.0,
        "High":565.0,
        "Low":550.2,
        "Close":552.0,
        "Percent Change":"-2.30 %",
        "Volume":"2,570.00"
    },
    {
        "Symbol":"SGI",
        "Date":"2021-12-02",
        "Open":580.0,
        "High":580.0,
        "Low":563.0,
        "Close":565.0,
        "Percent Change":"-2.92 %",
        "Volume":"5,280.00"
    },
    {
        "Symbol":"SGI",
        "Date":"2021-12-01",
        "Open":575.0,
        "High":604.5,
        "Low":575.0,
        "Close":582.0,
        "Percent Change":"-0.68 %",
        "Volume":"2,152.00"
    },
    {
        "Symbol":"SGI",
        "Date":"2021-11-30",
        "Open":576.0,
        "High":600.0,
        "Low":575.0,
        "Close":586.0,
        "Percent Change":"0.69 %",
        "Volume":"3,434.00"
    },
    {
        "Symbol":"SGI",
        "Date":"2021-11-29",
        "Open":588.0,
        "High":600.0,
        "Low":582.0,
        "Close":582.0,
        "Percent Change":"-3.00 %",
        "Volume":"2,623.00"
    },
    {
        "Symbol":"SGI",
        "Date":"2021-11-28",
        "Open":580.0,
        "High":600.0,
        "Low":573.0,
        "Close":600.0,
        "Percent Change":"1.52 %",
        "Volume":"6,705.00"
    },
    {
        "Symbol":"SGI",
        "Date":"2021-11-25",
        "Open":586.0,
        "High":595.0,
        "Low":586.0,
        "Close":591.0,
        "Percent Change":"-0.67 %",
        "Volume":"3,959.00"
    },
    {
        "Symbol":"SGI",
        "Date":"2021-11-24",
        "Open":587.0,
        "High":602.0,
        "Low":572.5,
        "Close":595.0,
        "Percent Change":"-0.58 %",
        "Volume":"5,938.00"
    },
    {
        "Symbol":"SGI",
        "Date":"2021-11-23",
        "Open":620.0,
        "High":620.0,
        "Low":595.0,
        "Close":598.5,
        "Percent Change":"-3.47 %",
        "Volume":"5,370.00"
    },
    {
        "Symbol":"SGI",
        "Date":"2021-11-22",
        "Open":602.0,
        "High":636.0,
        "Low":601.1,
        "Close":620.0,
        "Percent Change":"1.31 %",
        "Volume":"3,429.00"
    },
    {
        "Symbol":"SGI",
        "Date":"2021-11-21",
        "Open":610.0,
        "High":617.5,
        "Low":601.1,
        "Close":612.0,
        "Percent Change":"-1.29 %",
        "Volume":"4,024.00"
    },
    {
        "Symbol":"SGI",
        "Date":"2021-11-18",
        "Open":631.0,
        "High":637.6,
        "Low":607.0,
        "Close":620.0,
        "Percent Change":"-3.13 %",
        "Volume":"2,613.00"
    },
    {
        "Symbol":"SGI",
        "Date":"2021-11-17",
        "Open":643.9,
        "High":654.9,
        "Low":640.0,
        "Close":640.0,
        "Percent Change":"-2.59 %",
        "Volume":"6,080.00"
    },
    {
        "Symbol":"SGI",
        "Date":"2021-11-16",
        "Open":615.0,
        "High":660.0,
        "Low":608.0,
        "Close":657.0,
        "Percent Change":"8.24 %",
        "Volume":"5,269.00"
    },
    {
        "Symbol":"SGI",
        "Date":"2021-11-15",
        "Open":601.0,
        "High":625.0,
        "Low":601.0,
        "Close":607.0,
        "Percent Change":"2.71 %",
        "Volume":"3,571.00"
    },
    {
        "Symbol":"SGI",
        "Date":"2021-11-14",
        "Open":595.0,
        "High":606.0,
        "Low":587.0,
        "Close":591.0,
        "Percent Change":"-1.99 %",
        "Volume":"4,200.00"
    },
    {
        "Symbol":"SGI",
        "Date":"2021-11-11",
        "Open":618.0,
        "High":625.0,
        "Low":601.0,
        "Close":603.0,
        "Percent Change":"-4.13 %",
        "Volume":"5,944.00"
    },
    {
        "Symbol":"SGI",
        "Date":"2021-11-09",
        "Open":648.0,
        "High":657.0,
        "Low":615.0,
        "Close":629.0,
        "Percent Change":"-4.84 %",
        "Volume":"8,032.00"
    },
    {
        "Symbol":"SGI",
        "Date":"2021-11-08",
        "Open":662.0,
        "High":669.0,
        "Low":656.0,
        "Close":661.0,
        "Percent Change":"-2.00 %",
        "Volume":"3,074.00"
    },
    {
        "Symbol":"SGI",
        "Date":"2021-11-03",
        "Open":650.0,
        "High":678.0,
        "Low":650.0,
        "Close":674.5,
        "Percent Change":"2.51 %",
        "Volume":"4,493.00"
    },
    {
        "Symbol":"SGI",
        "Date":"2021-11-02",
        "Open":630.0,
        "High":658.0,
        "Low":620.0,
        "Close":658.0,
        "Percent Change":"2.81 %",
        "Volume":"6,154.00"
    },
    {
        "Symbol":"SGI",
        "Date":"2021-11-01",
        "Open":644.0,
        "High":644.0,
        "Low":629.0,
        "Close":640.0,
        "Percent Change":"1.27 %",
        "Volume":"6,347.00"
    },
    {
        "Symbol":"SGI",
        "Date":"2021-10-31",
        "Open":613.0,
        "High":649.0,
        "Low":606.0,
        "Close":632.0,
        "Percent Change":"3.23 %",
        "Volume":"6,532.00"
    },
    {
        "Symbol":"SGI",
        "Date":"2021-10-28",
        "Open":615.0,
        "High":620.0,
        "Low":611.1,
        "Close":612.2,
        "Percent Change":"-0.78 %",
        "Volume":"1,955.00"
    },
    {
        "Symbol":"SGI",
        "Date":"2021-10-27",
        "Open":591.0,
        "High":635.0,
        "Low":590.0,
        "Close":617.0,
        "Percent Change":"4.58 %",
        "Volume":"8,523.00"
    },
    {
        "Symbol":"SGI",
        "Date":"2021-10-26",
        "Open":568.0,
        "High":596.0,
        "Low":565.0,
        "Close":590.0,
        "Percent Change":"3.87 %",
        "Volume":"6,156.00"
    },
    {
        "Symbol":"SGI",
        "Date":"2021-10-25",
        "Open":554.5,
        "High":571.0,
        "Low":554.5,
        "Close":568.0,
        "Percent Change":"2.43 %",
        "Volume":"4,836.00"
    },
    {
        "Symbol":"SGI",
        "Date":"2021-10-24",
        "Open":551.0,
        "High":560.0,
        "Low":549.0,
        "Close":554.5,
        "Percent Change":"-0.27 %",
        "Volume":"1,939.00"
    },
    {
        "Symbol":"SGI",
        "Date":"2021-10-21",
        "Open":565.0,
        "High":565.0,
        "Low":552.0,
        "Close":556.0,
        "Percent Change":"-1.07 %",
        "Volume":"1,051.00"
    },
    {
        "Symbol":"SGI",
        "Date":"2021-10-20",
        "Open":562.0,
        "High":564.0,
        "Low":541.0,
        "Close":562.0,
        "Percent Change":"2.00 %",
        "Volume":"1,196.00"
    },
    {
        "Symbol":"SGI",
        "Date":"2021-10-19",
        "Open":556.7,
        "High":558.0,
        "Low":535.0,
        "Close":551.0,
        "Percent Change":"-2.99 %",
        "Volume":"3,605.00"
    },
    {
        "Symbol":"SGI",
        "Date":"2021-10-18",
        "Open":584.0,
        "High":595.5,
        "Low":560.0,
        "Close":568.0,
        "Percent Change":"-4.54 %",
        "Volume":"4,387.00"
    },
    {
        "Symbol":"SGI",
        "Date":"2021-10-17",
        "Open":608.0,
        "High":608.0,
        "Low":586.0,
        "Close":595.0,
        "Percent Change":"-0.34 %",
        "Volume":"770.00"
    },
    {
        "Symbol":"SGI",
        "Date":"2021-10-11",
        "Open":595.0,
        "High":597.0,
        "Low":580.0,
        "Close":597.0,
        "Percent Change":"0.00 %",
        "Volume":"1,496.00"
    },
    {
        "Symbol":"SGI",
        "Date":"2021-10-10",
        "Open":590.0,
        "High":605.0,
        "Low":590.0,
        "Close":597.0,
        "Percent Change":"2.58 %",
        "Volume":"2,590.00"
    },
    {
        "Symbol":"SGI",
        "Date":"2021-10-06",
        "Open":567.0,
        "High":582.0,
        "Low":567.0,
        "Close":582.0,
        "Percent Change":"3.37 %",
        "Volume":"2,730.00"
    },
    {
        "Symbol":"SGI",
        "Date":"2021-10-05",
        "Open":545.0,
        "High":567.9,
        "Low":545.0,
        "Close":563.0,
        "Percent Change":"2.93 %",
        "Volume":"2,218.00"
    },
    {
        "Symbol":"SGI",
        "Date":"2021-10-04",
        "Open":563.0,
        "High":570.0,
        "Low":535.0,
        "Close":547.0,
        "Percent Change":"-2.84 %",
        "Volume":"4,280.00"
    },
    {
        "Symbol":"SGI",
        "Date":"2021-10-03",
        "Open":570.0,
        "High":573.0,
        "Low":560.0,
        "Close":563.0,
        "Percent Change":"-2.43 %",
        "Volume":"3,428.00"
    },
    {
        "Symbol":"SGI",
        "Date":"2021-09-30",
        "Open":573.0,
        "High":600.0,
        "Low":573.0,
        "Close":577.0,
        "Percent Change":"0.70 %",
        "Volume":"3,270.00"
    },
    {
        "Symbol":"SGI",
        "Date":"2021-09-29",
        "Open":561.0,
        "High":580.0,
        "Low":561.0,
        "Close":573.0,
        "Percent Change":"0.17 %",
        "Volume":"3,360.00"
    },
    {
        "Symbol":"SGI",
        "Date":"2021-09-28",
        "Open":590.0,
        "High":610.0,
        "Low":565.0,
        "Close":572.0,
        "Percent Change":"-4.83 %",
        "Volume":"7,979.00"
    },
    {
        "Symbol":"SGI",
        "Date":"2021-09-27",
        "Open":635.0,
        "High":640.0,
        "Low":600.0,
        "Close":601.0,
        "Percent Change":"-5.35 %",
        "Volume":"5,903.00"
    },
    {
        "Symbol":"SGI",
        "Date":"2021-09-26",
        "Open":651.0,
        "High":664.0,
        "Low":635.0,
        "Close":635.0,
        "Percent Change":"-4.37 %",
        "Volume":"4,747.00"
    },
    {
        "Symbol":"SGI",
        "Date":"2021-09-23",
        "Open":652.7,
        "High":682.0,
        "Low":652.7,
        "Close":664.0,
        "Percent Change":"1.22 %",
        "Volume":"7,196.00"
    },
    {
        "Symbol":"SGI",
        "Date":"2021-09-22",
        "Open":642.6,
        "High":670.0,
        "Low":631.1,
        "Close":656.0,
        "Percent Change":"4.13 %",
        "Volume":"5,610.00"
    },
    {
        "Symbol":"SGI",
        "Date":"2021-09-21",
        "Open":624.0,
        "High":659.5,
        "Low":580.0,
        "Close":630.0,
        "Percent Change":"-0.63 %",
        "Volume":"10,028.00"
    },
    {
        "Symbol":"SGI",
        "Date":"2021-09-20",
        "Open":675.0,
        "High":675.0,
        "Low":633.1,
        "Close":634.0,
        "Percent Change":"-6.07 %",
        "Volume":"8,243.00"
    },
    {
        "Symbol":"SGI",
        "Date":"2021-09-16",
        "Open":681.1,
        "High":703.0,
        "Low":674.0,
        "Close":675.0,
        "Percent Change":"-2.88 %",
        "Volume":"9,038.00"
    },
    {
        "Symbol":"SGI",
        "Date":"2021-09-15",
        "Open":721.0,
        "High":734.0,
        "Low":693.0,
        "Close":695.0,
        "Percent Change":"-1.70 %",
        "Volume":"6,427.00"
    },
    {
        "Symbol":"SGI",
        "Date":"2021-09-14",
        "Open":730.0,
        "High":739.9,
        "Low":707.0,
        "Close":707.0,
        "Percent Change":"-2.82 %",
        "Volume":"8,113.00"
    },
    {
        "Symbol":"SGI",
        "Date":"2021-09-13",
        "Open":719.0,
        "High":732.0,
        "Low":715.0,
        "Close":727.5,
        "Percent Change":"2.90 %",
        "Volume":"11,252.00"
    },
    {
        "Symbol":"SGI",
        "Date":"2021-09-12",
        "Open":709.0,
        "High":720.0,
        "Low":682.0,
        "Close":707.0,
        "Percent Change":"1.71 %",
        "Volume":"10,084.00"
    },
    {
        "Symbol":"SGI",
        "Date":"2021-09-09",
        "Open":700.0,
        "High":720.0,
        "Low":695.0,
        "Close":695.1,
        "Percent Change":"-0.42 %",
        "Volume":"5,948.00"
    },
    {
        "Symbol":"SGI",
        "Date":"2021-09-08",
        "Open":720.0,
        "High":720.0,
        "Low":690.0,
        "Close":698.0,
        "Percent Change":"-1.13 %",
        "Volume":"3,834.00"
    },
    {
        "Symbol":"SGI",
        "Date":"2021-09-07",
        "Open":734.4,
        "High":734.4,
        "Low":702.0,
        "Close":706.0,
        "Percent Change":"-1.94 %",
        "Volume":"2,917.00"
    },
    {
        "Symbol":"SGI",
        "Date":"2021-09-06",
        "Open":694.6,
        "High":736.0,
        "Low":671.1,
        "Close":720.0,
        "Percent Change":"5.73 %",
        "Volume":"6,844.00"
    },
    {
        "Symbol":"SGI",
        "Date":"2021-09-05",
        "Open":722.0,
        "High":778.8,
        "Low":664.0,
        "Close":681.0,
        "Percent Change":"-3.81 %",
        "Volume":"17,513.00"
    },
    {
        "Symbol":"SGI",
        "Date":"2021-09-02",
        "Open":740.5,
        "High":740.5,
        "Low":705.0,
        "Close":708.0,
        "Percent Change":"-2.48 %",
        "Volume":"7,422.00"
    },
    {
        "Symbol":"SGI",
        "Date":"2021-09-01",
        "Open":730.0,
        "High":734.0,
        "Low":716.0,
        "Close":726.0,
        "Percent Change":"0.83 %",
        "Volume":"5,312.00"
    },
    {
        "Symbol":"SGI",
        "Date":"2021-08-31",
        "Open":725.0,
        "High":731.0,
        "Low":719.3,
        "Close":720.0,
        "Percent Change":"-2.04 %",
        "Volume":"9,227.00"
    },
    {
        "Symbol":"SGI",
        "Date":"2021-08-29",
        "Open":744.0,
        "High":757.0,
        "Low":730.0,
        "Close":735.0,
        "Percent Change":"-1.21 %",
        "Volume":"11,599.00"
    },
    {
        "Symbol":"SGI",
        "Date":"2021-08-26",
        "Open":740.0,
        "High":750.0,
        "Low":736.0,
        "Close":744.0,
        "Percent Change":"-0.53 %",
        "Volume":"8,833.00"
    },
    {
        "Symbol":"SGI",
        "Date":"2021-08-25",
        "Open":760.0,
        "High":790.0,
        "Low":748.0,
        "Close":748.0,
        "Percent Change":"-3.36 %",
        "Volume":"11,718.00"
    },
    {
        "Symbol":"SGI",
        "Date":"2021-08-24",
        "Open":786.0,
        "High":808.0,
        "Low":774.0,
        "Close":774.0,
        "Percent Change":"0.26 %",
        "Volume":"26,525.00"
    },
    {
        "Symbol":"SGI",
        "Date":"2021-08-19",
        "Open":730.0,
        "High":800.0,
        "Low":730.0,
        "Close":772.0,
        "Percent Change":"4.75 %",
        "Volume":"54,932.00"
    },
    {
        "Symbol":"SGI",
        "Date":"2021-08-18",
        "Open":730.0,
        "High":749.7,
        "Low":720.0,
        "Close":737.0,
        "Percent Change":"0.53 %",
        "Volume":"16,423.00"
    },
    {
        "Symbol":"SGI",
        "Date":"2021-08-17",
        "Open":740.0,
        "High":742.0,
        "Low":730.0,
        "Close":733.1,
        "Percent Change":"-1.33 %",
        "Volume":"9,881.00"
    },
    {
        "Symbol":"SGI",
        "Date":"2021-08-16",
        "Open":760.0,
        "High":760.0,
        "Low":740.0,
        "Close":743.0,
        "Percent Change":"-1.72 %",
        "Volume":"13,684.00"
    },
    {
        "Symbol":"SGI",
        "Date":"2021-08-15",
        "Open":760.0,
        "High":766.0,
        "Low":737.1,
        "Close":756.0,
        "Percent Change":"-0.53 %",
        "Volume":"12,075.00"
    },
    {
        "Symbol":"SGI",
        "Date":"2021-08-12",
        "Open":765.0,
        "High":770.0,
        "Low":755.0,
        "Close":760.0,
        "Percent Change":"-0.65 %",
        "Volume":"15,014.00"
    },
    {
        "Symbol":"SGI",
        "Date":"2021-08-11",
        "Open":770.0,
        "High":770.0,
        "Low":755.0,
        "Close":765.0,
        "Percent Change":"0.00 %",
        "Volume":"6,425.00"
    },
    {
        "Symbol":"SGI",
        "Date":"2021-08-10",
        "Open":750.0,
        "High":790.0,
        "Low":739.0,
        "Close":765.0,
        "Percent Change":"2.00 %",
        "Volume":"12,806.00"
    },
    {
        "Symbol":"SGI",
        "Date":"2021-08-09",
        "Open":750.0,
        "High":758.1,
        "Low":737.0,
        "Close":750.0,
        "Percent Change":"-1.07 %",
        "Volume":"17,924.00"
    },
    {
        "Symbol":"SGI",
        "Date":"2021-08-08",
        "Open":765.0,
        "High":769.0,
        "Low":755.0,
        "Close":758.1,
        "Percent Change":"-1.93 %",
        "Volume":"10,980.00"
    },
    {
        "Symbol":"SGI",
        "Date":"2021-08-05",
        "Open":767.0,
        "High":775.0,
        "Low":766.0,
        "Close":773.0,
        "Percent Change":"-0.39 %",
        "Volume":"8,166.00"
    },
    {
        "Symbol":"SGI",
        "Date":"2021-08-04",
        "Open":785.0,
        "High":785.0,
        "Low":770.0,
        "Close":776.0,
        "Percent Change":"-1.15 %",
        "Volume":"12,634.00"
    },
    {
        "Symbol":"SGI",
        "Date":"2021-08-03",
        "Open":753.0,
        "High":785.5,
        "Low":753.0,
        "Close":785.0,
        "Percent Change":"3.02 %",
        "Volume":"10,278.00"
    },
    {
        "Symbol":"SGI",
        "Date":"2021-08-02",
        "Open":766.0,
        "High":785.0,
        "Low":762.0,
        "Close":762.0,
        "Percent Change":"-1.17 %",
        "Volume":"10,195.00"
    },
    {
        "Symbol":"SGI",
        "Date":"2021-08-01",
        "Open":766.0,
        "High":785.0,
        "Low":765.0,
        "Close":771.0,
        "Percent Change":"-1.18 %",
        "Volume":"10,491.00"
    },
    {
        "Symbol":"SGI",
        "Date":"2021-07-29",
        "Open":800.0,
        "High":811.0,
        "Low":780.0,
        "Close":780.2,
        "Percent Change":"-1.23 %",
        "Volume":"18,013.00"
    },
    {
        "Symbol":"SGI",
        "Date":"2021-07-28",
        "Open":750.0,
        "High":790.0,
        "Low":747.0,
        "Close":789.9,
        "Percent Change":"5.32 %",
        "Volume":"24,937.00"
    },
    {
        "Symbol":"SGI",
        "Date":"2021-07-27",
        "Open":736.0,
        "High":750.0,
        "Low":736.0,
        "Close":750.0,
        "Percent Change":"1.21 %",
        "Volume":"10,660.00"
    },
    {
        "Symbol":"SGI",
        "Date":"2021-07-26",
        "Open":750.0,
        "High":755.0,
        "Low":740.0,
        "Close":741.0,
        "Percent Change":"-1.20 %",
        "Volume":"5,331.00"
    },
    {
        "Symbol":"SGI",
        "Date":"2021-07-25",
        "Open":749.0,
        "High":756.0,
        "Low":739.0,
        "Close":750.0,
        "Percent Change":"0.12 %",
        "Volume":"10,444.00"
    },
    {
        "Symbol":"SGI",
        "Date":"2021-07-22",
        "Open":751.0,
        "High":755.0,
        "Low":741.0,
        "Close":749.1,
        "Percent Change":"0.54 %",
        "Volume":"9,850.00"
    },
    {
        "Symbol":"SGI",
        "Date":"2021-07-20",
        "Open":726.0,
        "High":752.0,
        "Low":726.0,
        "Close":745.1,
        "Percent Change":"0.69 %",
        "Volume":"6,049.00"
    },
    {
        "Symbol":"SGI",
        "Date":"2021-07-19",
        "Open":753.0,
        "High":760.0,
        "Low":735.0,
        "Close":740.0,
        "Percent Change":"-1.00 %",
        "Volume":"11,406.00"
    },
    {
        "Symbol":"SGI",
        "Date":"2021-07-18",
        "Open":731.0,
        "High":747.5,
        "Low":727.0,
        "Close":747.5,
        "Percent Change":"2.26 %",
        "Volume":"13,810.00"
    },
    {
        "Symbol":"SGI",
        "Date":"2021-07-15",
        "Open":713.0,
        "High":739.0,
        "Low":713.0,
        "Close":731.0,
        "Percent Change":"0.97 %",
        "Volume":"4,726.00"
    },
    {
        "Symbol":"SGI",
        "Date":"2021-07-14",
        "Open":710.0,
        "High":725.0,
        "Low":710.0,
        "Close":724.0,
        "Percent Change":"0.42 %",
        "Volume":"1,800.00"
    },
    {
        "Symbol":"SGI",
        "Date":"2021-07-13",
        "Open":722.0,
        "High":727.0,
        "Low":710.0,
        "Close":721.0,
        "Percent Change":"-0.55 %",
        "Volume":"7,411.00"
    },
    {
        "Symbol":"SGI",
        "Date":"2021-07-12",
        "Open":747.0,
        "High":761.0,
        "Low":723.0,
        "Close":725.0,
        "Percent Change":"-1.49 %",
        "Volume":"8,045.00"
    },
    {
        "Symbol":"SGI",
        "Date":"2021-07-11",
        "Open":706.0,
        "High":740.0,
        "Low":706.0,
        "Close":736.0,
        "Percent Change":"3.66 %",
        "Volume":"4,685.00"
    },
    {
        "Symbol":"SGI",
        "Date":"2021-07-08",
        "Open":700.0,
        "High":715.0,
        "Low":700.0,
        "Close":710.0,
        "Percent Change":"0.28 %",
        "Volume":"4,838.00"
    },
    {
        "Symbol":"SGI",
        "Date":"2021-07-07",
        "Open":715.0,
        "High":719.0,
        "Low":705.0,
        "Close":708.0,
        "Percent Change":"-1.12 %",
        "Volume":"3,250.00"
    },
    {
        "Symbol":"SGI",
        "Date":"2021-07-06",
        "Open":710.0,
        "High":723.0,
        "Low":701.0,
        "Close":716.0,
        "Percent Change":"0.56 %",
        "Volume":"4,945.00"
    },
    {
        "Symbol":"SGI",
        "Date":"2021-07-05",
        "Open":730.0,
        "High":730.0,
        "Low":710.0,
        "Close":712.0,
        "Percent Change":"-1.25 %",
        "Volume":"3,410.00"
    },
    {
        "Symbol":"SGI",
        "Date":"2021-07-04",
        "Open":718.0,
        "High":737.0,
        "Low":718.0,
        "Close":721.0,
        "Percent Change":"-1.23 %",
        "Volume":"3,674.00"
    },
    {
        "Symbol":"SGI",
        "Date":"2021-07-01",
        "Open":716.0,
        "High":745.0,
        "Low":716.0,
        "Close":730.0,
        "Percent Change":"2.10 %",
        "Volume":"6,853.00"
    },
    {
        "Symbol":"SGI",
        "Date":"2021-06-30",
        "Open":735.0,
        "High":743.0,
        "Low":706.0,
        "Close":715.0,
        "Percent Change":"-1.79 %",
        "Volume":"10,494.00"
    },
    {
        "Symbol":"SGI",
        "Date":"2021-06-29",
        "Open":730.0,
        "High":743.0,
        "Low":725.0,
        "Close":728.0,
        "Percent Change":"-1.36 %",
        "Volume":"7,982.00"
    },
    {
        "Symbol":"SGI",
        "Date":"2021-06-28",
        "Open":730.0,
        "High":754.0,
        "Low":730.0,
        "Close":738.0,
        "Percent Change":"-0.27 %",
        "Volume":"5,876.00"
    },
    {
        "Symbol":"SGI",
        "Date":"2021-06-27",
        "Open":740.0,
        "High":754.0,
        "Low":732.0,
        "Close":740.0,
        "Percent Change":"-0.13 %",
        "Volume":"9,114.00"
    },
    {
        "Symbol":"SGI",
        "Date":"2021-06-24",
        "Open":748.0,
        "High":750.0,
        "Low":738.0,
        "Close":741.0,
        "Percent Change":"-2.11 %",
        "Volume":"10,995.00"
    },
    {
        "Symbol":"SGI",
        "Date":"2021-06-23",
        "Open":775.0,
        "High":777.0,
        "Low":755.0,
        "Close":757.0,
        "Percent Change":"-2.20 %",
        "Volume":"8,291.00"
    },
    {
        "Symbol":"SGI",
        "Date":"2021-06-22",
        "Open":744.0,
        "High":775.0,
        "Low":730.0,
        "Close":774.0,
        "Percent Change":"4.03 %",
        "Volume":"10,237.00"
    },
    {
        "Symbol":"SGI",
        "Date":"2021-06-21",
        "Open":770.0,
        "High":775.0,
        "Low":734.0,
        "Close":744.0,
        "Percent Change":"-2.49 %",
        "Volume":"17,405.00"
    },
    {
        "Symbol":"SGI",
        "Date":"2021-06-20",
        "Open":788.0,
        "High":795.0,
        "Low":755.0,
        "Close":763.0,
        "Percent Change":"-3.17 %",
        "Volume":"17,324.00"
    },
    {
        "Symbol":"SGI",
        "Date":"2021-06-17",
        "Open":791.0,
        "High":807.0,
        "Low":778.0,
        "Close":788.0,
        "Percent Change":"-0.13 %",
        "Volume":"17,512.00"
    },
    {
        "Symbol":"SGI",
        "Date":"2021-06-16",
        "Open":800.0,
        "High":810.0,
        "Low":784.0,
        "Close":789.0,
        "Percent Change":"-3.43 %",
        "Volume":"30,587.00"
    },
    {
        "Symbol":"SGI",
        "Date":"2021-06-15",
        "Open":823.0,
        "High":845.0,
        "Low":816.0,
        "Close":817.0,
        "Percent Change":"-0.73 %",
        "Volume":"25,697.00"
    },
    {
        "Symbol":"SGI",
        "Date":"2021-06-14",
        "Open":821.0,
        "High":835.0,
        "Low":816.0,
        "Close":823.0,
        "Percent Change":"0.24 %",
        "Volume":"20,505.00"
    },
    {
        "Symbol":"SGI",
        "Date":"2021-06-13",
        "Open":830.0,
        "High":846.0,
        "Low":812.0,
        "Close":821.0,
        "Percent Change":"0.24 %",
        "Volume":"35,884.00"
    },
    {
        "Symbol":"SGI",
        "Date":"2021-06-10",
        "Open":840.0,
        "High":840.0,
        "Low":815.0,
        "Close":819.0,
        "Percent Change":"-0.97 %",
        "Volume":"20,415.00"
    },
    {
        "Symbol":"SGI",
        "Date":"2021-06-09",
        "Open":850.0,
        "High":880.0,
        "Low":816.0,
        "Close":827.0,
        "Percent Change":"-0.01 %",
        "Volume":"50,253.00"
    },
    {
        "Symbol":"SGI",
        "Date":"2021-06-08",
        "Open":789.0,
        "High":855.0,
        "Low":789.0,
        "Close":838.0,
        "Percent Change":"6.35 %",
        "Volume":"51,494.00"
    },
    {
        "Symbol":"SGI",
        "Date":"2021-06-07",
        "Open":786.0,
        "High":797.0,
        "Low":786.0,
        "Close":788.0,
        "Percent Change":"-0.13 %",
        "Volume":"12,595.00"
    },
    {
        "Symbol":"SGI",
        "Date":"2021-06-06",
        "Open":805.0,
        "High":814.0,
        "Low":788.0,
        "Close":789.0,
        "Percent Change":"-1.00 %",
        "Volume":"20,543.00"
    },
    {
        "Symbol":"SGI",
        "Date":"2021-06-03",
        "Open":804.0,
        "High":818.0,
        "Low":795.0,
        "Close":797.0,
        "Percent Change":"-1.12 %",
        "Volume":"20,000.00"
    },
    {
        "Symbol":"SGI",
        "Date":"2021-06-02",
        "Open":804.0,
        "High":818.0,
        "Low":797.0,
        "Close":806.0,
        "Percent Change":"0.25 %",
        "Volume":"13,896.00"
    },
    {
        "Symbol":"SGI",
        "Date":"2021-06-01",
        "Open":815.0,
        "High":825.0,
        "Low":798.0,
        "Close":804.0,
        "Percent Change":"-1.23 %",
        "Volume":"22,433.00"
    },
    {
        "Symbol":"SGI",
        "Date":"2021-05-31",
        "Open":815.0,
        "High":840.0,
        "Low":810.0,
        "Close":814.0,
        "Percent Change":"0.25 %",
        "Volume":"63,191.00"
    },
    {
        "Symbol":"SGI",
        "Date":"2021-05-30",
        "Open":800.0,
        "High":828.0,
        "Low":791.0,
        "Close":812.0,
        "Percent Change":"2.53 %",
        "Volume":"54,790.00"
    },
    {
        "Symbol":"SGI",
        "Date":"2021-05-27",
        "Open":788.0,
        "High":800.0,
        "Low":784.0,
        "Close":792.0,
        "Percent Change":"-0.88 %",
        "Volume":"19,939.00"
    },
    {
        "Symbol":"SGI",
        "Date":"2021-05-25",
        "Open":830.0,
        "High":830.0,
        "Low":783.0,
        "Close":799.0,
        "Percent Change":"0.76 %",
        "Volume":"31,331.00"
    },
    {
        "Symbol":"SGI",
        "Date":"2021-05-24",
        "Open":800.0,
        "High":802.0,
        "Low":786.0,
        "Close":793.0,
        "Percent Change":"1.02 %",
        "Volume":"21,015.00"
    },
    {
        "Symbol":"SGI",
        "Date":"2021-05-23",
        "Open":790.0,
        "High":790.0,
        "Low":776.0,
        "Close":785.0,
        "Percent Change":"-0.63 %",
        "Volume":"19,443.00"
    },
    {
        "Symbol":"SGI",
        "Date":"2021-05-20",
        "Open":845.0,
        "High":845.0,
        "Low":788.0,
        "Close":790.0,
        "Percent Change":"-1.86 %",
        "Volume":"15,369.00"
    },
    {
        "Symbol":"SGI",
        "Date":"2021-05-19",
        "Open":787.0,
        "High":830.0,
        "Low":780.0,
        "Close":805.0,
        "Percent Change":"2.29 %",
        "Volume":"49,319.00"
    },
    {
        "Symbol":"SGI",
        "Date":"2021-05-18",
        "Open":781.0,
        "High":796.0,
        "Low":780.0,
        "Close":787.0,
        "Percent Change":"-0.38 %",
        "Volume":"33,072.00"
    },
    {
        "Symbol":"SGI",
        "Date":"2021-05-17",
        "Open":815.0,
        "High":816.0,
        "Low":787.0,
        "Close":790.0,
        "Percent Change":"-1.25 %",
        "Volume":"18,212.00"
    },
    {
        "Symbol":"SGI",
        "Date":"2021-05-16",
        "Open":768.0,
        "High":809.0,
        "Low":768.0,
        "Close":800.0,
        "Percent Change":"2.17 %",
        "Volume":"25,827.00"
    },
    {
        "Symbol":"SGI",
        "Date":"2021-05-13",
        "Open":750.0,
        "High":794.0,
        "Low":750.0,
        "Close":783.0,
        "Percent Change":"-0.76 %",
        "Volume":"14,619.00"
    },
    {
        "Symbol":"SGI",
        "Date":"2021-05-12",
        "Open":767.0,
        "High":825.0,
        "Low":767.0,
        "Close":789.0,
        "Percent Change":"-2.23 %",
        "Volume":"27,136.00"
    },
    {
        "Symbol":"SGI",
        "Date":"2021-05-11",
        "Open":829.0,
        "High":829.0,
        "Low":790.0,
        "Close":807.0,
        "Percent Change":"2.15 %",
        "Volume":"35,592.00"
    },
    {
        "Symbol":"SGI",
        "Date":"2021-05-10",
        "Open":829.0,
        "High":829.0,
        "Low":770.0,
        "Close":790.0,
        "Percent Change":"0.00 %",
        "Volume":"25,262.00"
    },
    {
        "Symbol":"SGI",
        "Date":"2021-05-09",
        "Open":825.0,
        "High":825.0,
        "Low":775.0,
        "Close":790.0,
        "Percent Change":"0.51 %",
        "Volume":"31,584.00"
    },
    {
        "Symbol":"SGI",
        "Date":"2021-05-06",
        "Open":822.0,
        "High":822.0,
        "Low":780.0,
        "Close":786.0,
        "Percent Change":"0.38 %",
        "Volume":"29,313.00"
    },
    {
        "Symbol":"SGI",
        "Date":"2021-05-05",
        "Open":788.0,
        "High":795.0,
        "Low":777.0,
        "Close":783.0,
        "Percent Change":"-0.63 %",
        "Volume":"16,949.00"
    },
    {
        "Symbol":"SGI",
        "Date":"2021-05-04",
        "Open":790.0,
        "High":800.0,
        "Low":780.0,
        "Close":788.0,
        "Percent Change":"-1.25 %",
        "Volume":"23,222.00"
    },
    {
        "Symbol":"SGI",
        "Date":"2021-05-03",
        "Open":812.0,
        "High":830.0,
        "Low":788.0,
        "Close":798.0,
        "Percent Change":"-1.72 %",
        "Volume":"43,705.00"
    },
    {
        "Symbol":"SGI",
        "Date":"2021-05-02",
        "Open":750.0,
        "High":815.0,
        "Low":733.0,
        "Close":812.0,
        "Percent Change":"8.70 %",
        "Volume":"52,913.00"
    },
    {
        "Symbol":"SGI",
        "Date":"2021-04-29",
        "Open":711.0,
        "High":750.0,
        "Low":701.0,
        "Close":747.0,
        "Percent Change":"4.04 %",
        "Volume":"14,532.00"
    },
    {
        "Symbol":"SGI",
        "Date":"2021-04-28",
        "Open":717.0,
        "High":739.0,
        "Low":715.0,
        "Close":718.0,
        "Percent Change":"0.84 %",
        "Volume":"6,635.00"
    },
    {
        "Symbol":"SGI",
        "Date":"2021-04-27",
        "Open":680.0,
        "High":715.0,
        "Low":680.0,
        "Close":715.0,
        "Percent Change":"3.47 %",
        "Volume":"14,065.00"
    },
    {
        "Symbol":"SGI",
        "Date":"2021-04-26",
        "Open":708.0,
        "High":715.0,
        "Low":671.0,
        "Close":691.0,
        "Percent Change":"-3.89 %",
        "Volume":"18,151.00"
    },
    {
        "Symbol":"SGI",
        "Date":"2021-04-25",
        "Open":750.0,
        "High":750.0,
        "Low":716.0,
        "Close":719.0,
        "Percent Change":"-4.01 %",
        "Volume":"15,086.00"
    },
    {
        "Symbol":"SGI",
        "Date":"2021-04-22",
        "Open":752.0,
        "High":754.0,
        "Low":740.0,
        "Close":749.0,
        "Percent Change":"-0.40 %",
        "Volume":"11,904.00"
    },
    {
        "Symbol":"SGI",
        "Date":"2021-04-21",
        "Open":750.0,
        "High":761.0,
        "Low":750.0,
        "Close":752.0,
        "Percent Change":"-0.79 %",
        "Volume":"10,559.00"
    },
    {
        "Symbol":"SGI",
        "Date":"2021-04-20",
        "Open":745.0,
        "High":775.0,
        "Low":731.0,
        "Close":758.0,
        "Percent Change":"-0.26 %",
        "Volume":"11,985.00"
    },
    {
        "Symbol":"SGI",
        "Date":"2021-04-19",
        "Open":759.0,
        "High":770.0,
        "Low":756.0,
        "Close":760.0,
        "Percent Change":"-1.43 %",
        "Volume":"13,477.00"
    },
    {
        "Symbol":"SGI",
        "Date":"2021-04-18",
        "Open":777.0,
        "High":787.0,
        "Low":770.0,
        "Close":771.0,
        "Percent Change":"-2.03 %",
        "Volume":"18,018.00"
    },
    {
        "Symbol":"SGI",
        "Date":"2021-04-15",
        "Open":830.0,
        "High":830.0,
        "Low":781.0,
        "Close":787.0,
        "Percent Change":"-1.25 %",
        "Volume":"16,774.00"
    },
    {
        "Symbol":"SGI",
        "Date":"2021-04-13",
        "Open":825.0,
        "High":825.0,
        "Low":795.0,
        "Close":797.0,
        "Percent Change":"-2.21 %",
        "Volume":"17,052.00"
    },
    {
        "Symbol":"SGI",
        "Date":"2021-04-12",
        "Open":784.0,
        "High":847.0,
        "Low":776.0,
        "Close":815.0,
        "Percent Change":"3.16 %",
        "Volume":"34,481.00"
    },
    {
        "Symbol":"SGI",
        "Date":"2021-04-08",
        "Open":775.0,
        "High":811.0,
        "Low":747.0,
        "Close":790.0,
        "Percent Change":"1.54 %",
        "Volume":"24,715.00"
    },
    {
        "Symbol":"SGI",
        "Date":"2021-04-07",
        "Open":821.0,
        "High":821.0,
        "Low":765.0,
        "Close":778.0,
        "Percent Change":"-5.24 %",
        "Volume":"36,143.00"
    },
    {
        "Symbol":"SGI",
        "Date":"2021-04-06",
        "Open":900.0,
        "High":900.0,
        "Low":810.0,
        "Close":821.0,
        "Percent Change":"-8.78 %",
        "Volume":"82,887.00"
    },
    {
        "Symbol":"SGI",
        "Date":"2021-04-05",
        "Open":859.0,
        "High":900.0,
        "Low":799.0,
        "Close":899.0,
        "Percent Change":"9.77 %",
        "Volume":"89,444.00"
    },
    {
        "Symbol":"SGI",
        "Date":"2021-04-04",
        "Open":745.0,
        "High":819.0,
        "Low":745.0,
        "Close":819.0,
        "Percent Change":"9.93 %",
        "Volume":"78,687.00"
    },
    {
        "Symbol":"SGI",
        "Date":"2021-04-01",
        "Open":814.0,
        "High":814.0,
        "Low":736.0,
        "Close":745.0,
        "Percent Change":"-3.99 %",
        "Volume":"78,407.00"
    },
    {
        "Symbol":"SGI",
        "Date":"2021-03-31",
        "Open":741.0,
        "High":776.0,
        "Low":694.0,
        "Close":776.0,
        "Percent Change":"9.92 %",
        "Volume":"87,231.00"
    },
    {
        "Symbol":"SGI",
        "Date":"2021-03-30",
        "Open":674.0,
        "High":706.0,
        "Low":669.0,
        "Close":706.0,
        "Percent Change":"9.97 %",
        "Volume":"30,626.00"
    },
    {
        "Symbol":"SGI",
        "Date":"2021-03-29",
        "Open":637.0,
        "High":643.0,
        "Low":631.0,
        "Close":642.0,
        "Percent Change":"0.94 %",
        "Volume":"9,718.00"
    },
    {
        "Symbol":"SGI",
        "Date":"2021-03-25",
        "Open":637.0,
        "High":642.0,
        "Low":630.0,
        "Close":636.0,
        "Percent Change":"-0.16 %",
        "Volume":"10,336.00"
    },
    {
        "Symbol":"SGI",
        "Date":"2021-03-24",
        "Open":628.0,
        "High":638.0,
        "Low":624.0,
        "Close":637.0,
        "Percent Change":"1.43 %",
        "Volume":"9,184.00"
    },
    {
        "Symbol":"SGI",
        "Date":"2021-03-23",
        "Open":630.0,
        "High":632.0,
        "Low":623.0,
        "Close":628.0,
        "Percent Change":"-1.10 %",
        "Volume":"9,146.00"
    },
    {
        "Symbol":"SGI",
        "Date":"2021-03-22",
        "Open":641.0,
        "High":647.0,
        "Low":631.0,
        "Close":635.0,
        "Percent Change":"-0.94 %",
        "Volume":"9,249.00"
    },
    {
        "Symbol":"SGI",
        "Date":"2021-03-21",
        "Open":620.0,
        "High":650.0,
        "Low":620.0,
        "Close":641.0,
        "Percent Change":"2.56 %",
        "Volume":"8,405.00"
    },
    {
        "Symbol":"SGI",
        "Date":"2021-03-18",
        "Open":597.0,
        "High":625.0,
        "Low":597.0,
        "Close":625.0,
        "Percent Change":"2.97 %",
        "Volume":"7,885.00"
    },
    {
        "Symbol":"SGI",
        "Date":"2021-03-17",
        "Open":628.0,
        "High":628.0,
        "Low":595.0,
        "Close":607.0,
        "Percent Change":"1.34 %",
        "Volume":"5,268.00"
    },
    {
        "Symbol":"SGI",
        "Date":"2021-03-16",
        "Open":591.0,
        "High":605.0,
        "Low":591.0,
        "Close":599.0,
        "Percent Change":"0.50 %",
        "Volume":"7,409.00"
    },
    {
        "Symbol":"SGI",
        "Date":"2021-03-15",
        "Open":637.0,
        "High":637.0,
        "Low":590.0,
        "Close":596.0,
        "Percent Change":"-1.81 %",
        "Volume":"8,129.00"
    },
    {
        "Symbol":"SGI",
        "Date":"2021-03-14",
        "Open":619.0,
        "High":620.0,
        "Low":604.0,
        "Close":607.0,
        "Percent Change":"-1.94 %",
        "Volume":"7,670.00"
    },
    {
        "Symbol":"SGI",
        "Date":"2021-03-10",
        "Open":613.0,
        "High":625.0,
        "Low":613.0,
        "Close":619.0,
        "Percent Change":"-0.32 %",
        "Volume":"6,200.00"
    },
    {
        "Symbol":"SGI",
        "Date":"2021-03-09",
        "Open":620.0,
        "High":652.0,
        "Low":620.0,
        "Close":621.0,
        "Percent Change":"-1.58 %",
        "Volume":"8,030.00"
    },
    {
        "Symbol":"SGI",
        "Date":"2021-03-08",
        "Open":650.0,
        "High":663.0,
        "Low":623.0,
        "Close":631.0,
        "Percent Change":"-1.10 %",
        "Volume":"7,685.00"
    },
    {
        "Symbol":"SGI",
        "Date":"2021-03-04",
        "Open":629.0,
        "High":638.0,
        "Low":621.0,
        "Close":638.0,
        "Percent Change":"3.07 %",
        "Volume":"11,011.00"
    },
    {
        "Symbol":"SGI",
        "Date":"2021-03-03",
        "Open":650.0,
        "High":650.0,
        "Low":615.0,
        "Close":619.0,
        "Percent Change":"-3.28 %",
        "Volume":"12,564.00"
    },
    {
        "Symbol":"SGI",
        "Date":"2021-03-02",
        "Open":648.0,
        "High":655.0,
        "Low":636.0,
        "Close":640.0,
        "Percent Change":"-2.29 %",
        "Volume":"10,743.00"
    },
    {
        "Symbol":"SGI",
        "Date":"2021-03-01",
        "Open":636.0,
        "High":655.0,
        "Low":624.0,
        "Close":655.0,
        "Percent Change":"0.00 %",
        "Volume":"11,365.00"
    },
    {
        "Symbol":"SGI",
        "Date":"2021-02-28",
        "Open":669.0,
        "High":670.0,
        "Low":636.0,
        "Close":642.0,
        "Percent Change":"-4.04 %",
        "Volume":"14,455.00"
    },
    {
        "Symbol":"SGI",
        "Date":"2021-02-25",
        "Open":680.0,
        "High":691.0,
        "Low":668.0,
        "Close":669.0,
        "Percent Change":"0.00 %",
        "Volume":"11,575.00"
    },
    {
        "Symbol":"SGI",
        "Date":"2021-02-24",
        "Open":669.0,
        "High":696.0,
        "Low":652.0,
        "Close":680.0,
        "Percent Change":"1.64 %",
        "Volume":"9,042.00"
    },
    {
        "Symbol":"SGI",
        "Date":"2021-02-23",
        "Open":661.0,
        "High":670.0,
        "Low":645.0,
        "Close":669.0,
        "Percent Change":"-0.30 %",
        "Volume":"13,001.00"
    },
    {
        "Symbol":"SGI",
        "Date":"2021-02-22",
        "Open":687.0,
        "High":687.0,
        "Low":671.0,
        "Close":671.0,
        "Percent Change":"-2.33 %",
        "Volume":"14,886.00"
    },
    {
        "Symbol":"SGI",
        "Date":"2021-02-21",
        "Open":700.0,
        "High":700.0,
        "Low":674.0,
        "Close":687.0,
        "Percent Change":"-0.01 %",
        "Volume":"10,928.00"
    },
    {
        "Symbol":"SGI",
        "Date":"2021-02-18",
        "Open":692.0,
        "High":702.0,
        "Low":691.0,
        "Close":697.0,
        "Percent Change":"-0.01 %",
        "Volume":"16,077.00"
    },
    {
        "Symbol":"SGI",
        "Date":"2021-02-17",
        "Open":718.0,
        "High":718.0,
        "Low":698.0,
        "Close":705.0,
        "Percent Change":"-0.02 %",
        "Volume":"9,762.00"
    },
    {
        "Symbol":"SGI",
        "Date":"2021-02-16",
        "Open":730.0,
        "High":742.0,
        "Low":715.0,
        "Close":718.0,
        "Percent Change":"-0.01 %",
        "Volume":"16,662.00"
    },
    {
        "Symbol":"SGI",
        "Date":"2021-02-15",
        "Open":705.0,
        "High":727.0,
        "Low":705.0,
        "Close":727.0,
        "Percent Change":"0.03 %",
        "Volume":"15,055.00"
    },
    {
        "Symbol":"SGI",
        "Date":"2021-02-14",
        "Open":710.0,
        "High":730.0,
        "Low":701.0,
        "Close":703.0,
        "Percent Change":"-0.01 %",
        "Volume":"15,524.00"
    },
    {
        "Symbol":"SGI",
        "Date":"2021-02-11",
        "Open":753.0,
        "High":753.0,
        "Low":710.0,
        "Close":710.0,
        "Percent Change":"-0.01 %",
        "Volume":"12,612.00"
    },
    {
        "Symbol":"SGI",
        "Date":"2021-02-10",
        "Open":735.0,
        "High":740.0,
        "Low":717.0,
        "Close":718.0,
        "Percent Change":"-0.02 %",
        "Volume":"13,430.00"
    },
    {
        "Symbol":"SGI",
        "Date":"2021-02-09",
        "Open":743.0,
        "High":743.0,
        "Low":719.0,
        "Close":727.0,
        "Percent Change":"-0.02 %",
        "Volume":"24,284.00"
    },
    {
        "Symbol":"SGI",
        "Date":"2021-02-08",
        "Open":747.0,
        "High":765.0,
        "Low":742.0,
        "Close":743.0,
        "Percent Change":"-0.00 %",
        "Volume":"29,185.00"
    },
    {
        "Symbol":"SGI",
        "Date":"2021-02-07",
        "Open":742.0,
        "High":750.0,
        "Low":723.0,
        "Close":744.0,
        "Percent Change":"0.00 %",
        "Volume":"51,272.00"
    },
    {
        "Symbol":"SGI",
        "Date":"2021-02-04",
        "Open":731.0,
        "High":766.0,
        "Low":715.0,
        "Close":742.0,
        "Percent Change":"0.01 %",
        "Volume":"45,154.00"
    },
    {
        "Symbol":"SGI",
        "Date":"2021-02-03",
        "Open":736.0,
        "High":771.0,
        "Low":712.0,
        "Close":733.0,
        "Percent Change":"0.05 %",
        "Volume":"62,133.00"
    },
    {
        "Symbol":"SGI",
        "Date":"2021-02-02",
        "Open":650.0,
        "High":701.0,
        "Low":638.0,
        "Close":701.0,
        "Percent Change":"0.10 %",
        "Volume":"71,967.00"
    },
    {
        "Symbol":"SGI",
        "Date":"2021-02-01",
        "Open":615.0,
        "High":645.0,
        "Low":615.0,
        "Close":638.0,
        "Percent Change":"0.02 %",
        "Volume":"17,920.00"
    },
    {
        "Symbol":"SGI",
        "Date":"2021-01-31",
        "Open":628.0,
        "High":640.0,
        "Low":621.0,
        "Close":624.0,
        "Percent Change":"-0.03 %",
        "Volume":"16,112.00"
    },
    {
        "Symbol":"SGI",
        "Date":"2021-01-28",
        "Open":635.0,
        "High":646.0,
        "Low":630.0,
        "Close":640.0,
        "Percent Change":"0.01 %",
        "Volume":"30,101.00"
    },
    {
        "Symbol":"SGI",
        "Date":"2021-01-27",
        "Open":635.0,
        "High":643.0,
        "Low":626.0,
        "Close":635.0,
        "Percent Change":"0.00 %",
        "Volume":"23,476.00"
    },
    {
        "Symbol":"SGI",
        "Date":"2021-01-26",
        "Open":640.0,
        "High":644.0,
        "Low":630.0,
        "Close":635.0,
        "Percent Change":"0.00 %",
        "Volume":"17,317.00"
    },
    {
        "Symbol":"SGI",
        "Date":"2021-01-25",
        "Open":640.0,
        "High":649.0,
        "Low":630.0,
        "Close":635.0,
        "Percent Change":"-0.01 %",
        "Volume":"40,817.00"
    },
    {
        "Symbol":"SGI",
        "Date":"2021-01-24",
        "Open":618.0,
        "High":647.0,
        "Low":618.0,
        "Close":644.0,
        "Percent Change":"0.04 %",
        "Volume":"44,117.00"
    },
    {
        "Symbol":"SGI",
        "Date":"2021-01-21",
        "Open":614.0,
        "High":625.0,
        "Low":610.0,
        "Close":618.0,
        "Percent Change":"0.01 %",
        "Volume":"16,407.00"
    },
    {
        "Symbol":"SGI",
        "Date":"2021-01-20",
        "Open":620.0,
        "High":620.0,
        "Low":612.0,
        "Close":614.0,
        "Percent Change":"0.01 %",
        "Volume":"20,586.00"
    },
    {
        "Symbol":"SGI",
        "Date":"2021-01-19",
        "Open":628.0,
        "High":628.0,
        "Low":600.0,
        "Close":608.0,
        "Percent Change":"-0.01 %",
        "Volume":"15,603.00"
    },
    {
        "Symbol":"SGI",
        "Date":"2021-01-18",
        "Open":601.0,
        "High":619.0,
        "Low":601.0,
        "Close":616.0,
        "Percent Change":"0.02 %",
        "Volume":"23,665.00"
    },
    {
        "Symbol":"SGI",
        "Date":"2021-01-17",
        "Open":605.0,
        "High":613.0,
        "Low":604.0,
        "Close":606.0,
        "Percent Change":"-0.00 %",
        "Volume":"14,610.00"
    },
    {
        "Symbol":"SGI",
        "Date":"2021-01-13",
        "Open":586.0,
        "High":612.0,
        "Low":586.0,
        "Close":608.0,
        "Percent Change":"0.02 %",
        "Volume":"16,701.00"
    },
    {
        "Symbol":"SGI",
        "Date":"2021-01-12",
        "Open":588.0,
        "High":599.0,
        "Low":588.0,
        "Close":597.0,
        "Percent Change":"0.01 %",
        "Volume":"11,138.00"
    },
    {
        "Symbol":"SGI",
        "Date":"2021-01-11",
        "Open":590.0,
        "High":602.0,
        "Low":590.0,
        "Close":594.0,
        "Percent Change":"0.00 %",
        "Volume":"10,400.00"
    },
    {
        "Symbol":"SGI",
        "Date":"2021-01-10",
        "Open":588.0,
        "High":610.0,
        "Low":588.0,
        "Close":592.0,
        "Percent Change":"0.01 %",
        "Volume":"19,951.00"
    },
    {
        "Symbol":"SGI",
        "Date":"2021-01-07",
        "Open":566.0,
        "High":595.0,
        "Low":566.0,
        "Close":588.0,
        "Percent Change":"0.04 %",
        "Volume":"19,947.00"
    },
    {
        "Symbol":"SGI",
        "Date":"2021-01-06",
        "Open":563.0,
        "High":570.0,
        "Low":558.0,
        "Close":565.0,
        "Percent Change":"0.00 %",
        "Volume":"9,969.00"
    },
    {
        "Symbol":"SGI",
        "Date":"2021-01-05",
        "Open":568.0,
        "High":573.0,
        "Low":558.0,
        "Close":563.0,
        "Percent Change":"-0.01 %",
        "Volume":"11,775.00"
    },
    {
        "Symbol":"SGI",
        "Date":"2021-01-04",
        "Open":560.0,
        "High":578.0,
        "Low":560.0,
        "Close":568.0,
        "Percent Change":"0.00 %",
        "Volume":"7,145.00"
    },
    {
        "Symbol":"SGI",
        "Date":"2021-01-03",
        "Open":554.0,
        "High":570.0,
        "Low":554.0,
        "Close":567.0,
        "Percent Change":"0.02 %",
        "Volume":"10,880.00"
    },
    {
        "Symbol":"SGI",
        "Date":"2020-12-31",
        "Open":563.0,
        "High":563.0,
        "Low":550.0,
        "Close":555.0,
        "Percent Change":"-0.01 %",
        "Volume":"11,965.00"
    },
    {
        "Symbol":"SGI",
        "Date":"2020-12-30",
        "Open":559.0,
        "High":564.0,
        "Low":552.0,
        "Close":559.0,
        "Percent Change":"0.00 %",
        "Volume":"7,305.00"
    },
    {
        "Symbol":"SGI",
        "Date":"2020-12-29",
        "Open":570.0,
        "High":570.0,
        "Low":558.0,
        "Close":559.0,
        "Percent Change":"-0.02 %",
        "Volume":"8,757.00"
    },
    {
        "Symbol":"SGI",
        "Date":"2020-12-28",
        "Open":540.0,
        "High":571.0,
        "Low":540.0,
        "Close":570.0,
        "Percent Change":"0.01 %",
        "Volume":"7,700.00"
    },
    {
        "Symbol":"SGI",
        "Date":"2020-12-27",
        "Open":573.0,
        "High":584.0,
        "Low":562.0,
        "Close":563.0,
        "Percent Change":"-0.02 %",
        "Volume":"8,290.00"
    },
    {
        "Symbol":"SGI",
        "Date":"2020-12-24",
        "Open":570.0,
        "High":582.0,
        "Low":563.0,
        "Close":574.0,
        "Percent Change":"-0.01 %",
        "Volume":"7,040.00"
    },
    {
        "Symbol":"SGI",
        "Date":"2020-12-23",
        "Open":585.0,
        "High":590.0,
        "Low":574.0,
        "Close":577.0,
        "Percent Change":"-0.01 %",
        "Volume":"11,857.00"
    },
    {
        "Symbol":"SGI",
        "Date":"2020-12-22",
        "Open":570.0,
        "High":593.0,
        "Low":570.0,
        "Close":583.0,
        "Percent Change":"0.00 %",
        "Volume":"9,030.00"
    },
    {
        "Symbol":"SGI",
        "Date":"2020-12-21",
        "Open":566.0,
        "High":585.0,
        "Low":530.0,
        "Close":581.0,
        "Percent Change":"0.01 %",
        "Volume":"13,541.00"
    },
    {
        "Symbol":"SGI",
        "Date":"2020-12-20",
        "Open":590.0,
        "High":611.0,
        "Low":570.0,
        "Close":577.0,
        "Percent Change":"-0.04 %",
        "Volume":"16,660.00"
    },
    {
        "Symbol":"SGI",
        "Date":"2020-12-17",
        "Open":601.0,
        "High":606.0,
        "Low":595.0,
        "Close":598.0,
        "Percent Change":"-0.02 %",
        "Volume":"11,154.00"
    },
    {
        "Symbol":"SGI",
        "Date":"2020-12-16",
        "Open":604.0,
        "High":610.0,
        "Low":597.0,
        "Close":608.0,
        "Percent Change":"0.01 %",
        "Volume":"9,968.00"
    },
    {
        "Symbol":"SGI",
        "Date":"2020-12-15",
        "Open":581.0,
        "High":617.0,
        "Low":581.0,
        "Close":604.0,
        "Percent Change":"-0.01 %",
        "Volume":"11,878.00"
    },
    {
        "Symbol":"SGI",
        "Date":"2020-12-14",
        "Open":600.0,
        "High":613.0,
        "Low":590.0,
        "Close":611.0,
        "Percent Change":"0.03 %",
        "Volume":"17,401.00"
    },
    {
        "Symbol":"SGI",
        "Date":"2020-12-13",
        "Open":600.0,
        "High":600.0,
        "Low":590.0,
        "Close":593.0,
        "Percent Change":"0.00 %",
        "Volume":"9,925.00"
    },
    {
        "Symbol":"SGI",
        "Date":"2020-12-10",
        "Open":588.0,
        "High":598.0,
        "Low":588.0,
        "Close":592.0,
        "Percent Change":"-0.01 %",
        "Volume":"8,494.00"
    },
    {
        "Symbol":"SGI",
        "Date":"2020-12-09",
        "Open":600.0,
        "High":605.0,
        "Low":590.0,
        "Close":597.0,
        "Percent Change":"-0.01 %",
        "Volume":"8,860.00"
    },
    {
        "Symbol":"SGI",
        "Date":"2020-12-08",
        "Open":600.0,
        "High":617.0,
        "Low":592.0,
        "Close":605.0,
        "Percent Change":"-0.01 %",
        "Volume":"14,687.00"
    },
    {
        "Symbol":"SGI",
        "Date":"2020-12-07",
        "Open":599.0,
        "High":612.0,
        "Low":581.0,
        "Close":610.0,
        "Percent Change":"0.02 %",
        "Volume":"19,650.00"
    },
    {
        "Symbol":"SGI",
        "Date":"2020-12-06",
        "Open":610.0,
        "High":612.0,
        "Low":598.0,
        "Close":599.0,
        "Percent Change":"-0.03 %",
        "Volume":"18,209.00"
    },
    {
        "Symbol":"SGI",
        "Date":"2020-12-03",
        "Open":627.0,
        "High":633.0,
        "Low":603.0,
        "Close":620.0,
        "Percent Change":"-0.01 %",
        "Volume":"18,166.00"
    },
    {
        "Symbol":"SGI",
        "Date":"2020-12-02",
        "Open":617.0,
        "High":635.0,
        "Low":610.0,
        "Close":627.0,
        "Percent Change":"0.02 %",
        "Volume":"22,954.00"
    },
    {
        "Symbol":"SGI",
        "Date":"2020-12-01",
        "Open":635.0,
        "High":635.0,
        "Low":602.0,
        "Close":617.0,
        "Percent Change":"-0.01 %",
        "Volume":"19,396.00"
    },
    {
        "Symbol":"SGI",
        "Date":"2020-11-30",
        "Open":579.0,
        "High":622.0,
        "Low":579.0,
        "Close":622.0,
        "Percent Change":"0.02 %",
        "Volume":"27,284.00"
    },
    {
        "Symbol":"SGI",
        "Date":"2020-11-29",
        "Open":587.0,
        "High":625.0,
        "Low":587.0,
        "Close":609.0,
        "Percent Change":"-0.01 %",
        "Volume":"22,915.00"
    },
    {
        "Symbol":"SGI",
        "Date":"2020-11-26",
        "Open":615.0,
        "High":630.0,
        "Low":614.0,
        "Close":614.0,
        "Percent Change":"-0.01 %",
        "Volume":"31,829.00"
    },
    {
        "Symbol":"SGI",
        "Date":"2020-11-25",
        "Open":615.0,
        "High":630.0,
        "Low":615.0,
        "Close":624.0,
        "Percent Change":"0.01 %",
        "Volume":"24,414.00"
    },
    {
        "Symbol":"SGI",
        "Date":"2020-11-24",
        "Open":593.0,
        "High":620.0,
        "Low":590.0,
        "Close":616.0,
        "Percent Change":"0.02 %",
        "Volume":"35,465.00"
    },
    {
        "Symbol":"SGI",
        "Date":"2020-11-23",
        "Open":620.0,
        "High":626.0,
        "Low":600.0,
        "Close":604.0,
        "Percent Change":"-0.04 %",
        "Volume":"49,603.00"
    },
    {
        "Symbol":"SGI",
        "Date":"2020-11-22",
        "Open":615.0,
        "High":665.0,
        "Low":608.0,
        "Close":627.0,
        "Percent Change":"0.02 %",
        "Volume":"61,036.00"
    },
    {
        "Symbol":"SGI",
        "Date":"2020-11-19",
        "Open":558.0,
        "High":613.0,
        "Low":549.0,
        "Close":613.0,
        "Percent Change":"0.00 %",
        "Volume":"61,801.00"
    },
    {
        "Symbol":"SGI",
        "Date":"2020-11-18",
        "Open":570.0,
        "High":570.0,
        "Low":544.0,
        "Close":558.0,
        "Percent Change":"0.00 %",
        "Volume":"51,171.00"
    },
    {
        "Symbol":"SGI",
        "Date":"2020-11-12",
        "Open":575.0,
        "High":602.0,
        "Low":560.0,
        "Close":570.0,
        "Percent Change":"- %",
        "Volume":"195,510.00"
    },
    {
        "Symbol":"SGI",
        "Date":"2020-11-11",
        "Open":523.0,
        "High":548.0,
        "Low":523.0,
        "Close":548.0,
        "Percent Change":"9.82 %",
        "Volume":"1,660.00"
    },
    {
        "Symbol":"SGI",
        "Date":"2020-11-10",
        "Open":463.0,
        "High":499.0,
        "Low":463.0,
        "Close":499.0,
        "Percent Change":"9.91 %",
        "Volume":"470.00"
    },
    {
        "Symbol":"SGI",
        "Date":"2020-11-09",
        "Open":421.0,
        "High":454.0,
        "Low":421.0,
        "Close":454.0,
        "Percent Change":"9.93 %",
        "Volume":"290.00"
    },
    {
        "Symbol":"SGI",
        "Date":"2020-11-08",
        "Open":383.0,
        "High":413.0,
        "Low":383.0,
        "Close":413.0,
        "Percent Change":"9.84 %",
        "Volume":"200.00"
    },
    {
        "Symbol":"SGI",
        "Date":"2020-11-05",
        "Open":348.0,
        "High":376.0,
        "Low":348.0,
        "Close":376.0,
        "Percent Change":"9.94 %",
        "Volume":"150.00"
    },
    {
        "Symbol":"SGI",
        "Date":"2020-11-04",
        "Open":311.0,
        "High":342.0,
        "Low":311.0,
        "Close":342.0,
        "Percent Change":"9.97 %",
        "Volume":"110.00"
    }
]