[
    {
        "Symbol":"SIKLES",
        "Date":"2024-08-11",
        "Open":775.0,
        "High":807.0,
        "Low":760.5,
        "Close":804.0,
        "Percent Change":"2.16 %",
        "Volume":"26,534.00"
    },
    {
        "Symbol":"SIKLES",
        "Date":"2024-08-08",
        "Open":810.0,
        "High":810.0,
        "Low":776.1,
        "Close":787.0,
        "Percent Change":"-1.60 %",
        "Volume":"11,511.00"
    },
    {
        "Symbol":"SIKLES",
        "Date":"2024-08-07",
        "Open":782.0,
        "High":800.7,
        "Low":765.0,
        "Close":799.8,
        "Percent Change":"4.14 %",
        "Volume":"15,735.00"
    },
    {
        "Symbol":"SIKLES",
        "Date":"2024-08-06",
        "Open":800.0,
        "High":814.0,
        "Low":750.0,
        "Close":768.0,
        "Percent Change":"-3.64 %",
        "Volume":"35,570.00"
    },
    {
        "Symbol":"SIKLES",
        "Date":"2024-08-05",
        "Open":795.6,
        "High":815.0,
        "Low":761.0,
        "Close":797.0,
        "Percent Change":"2.18 %",
        "Volume":"25,267.00"
    },
    {
        "Symbol":"SIKLES",
        "Date":"2024-08-01",
        "Open":805.0,
        "High":832.3,
        "Low":775.0,
        "Close":780.0,
        "Percent Change":"-2.50 %",
        "Volume":"28,929.00"
    },
    {
        "Symbol":"SIKLES",
        "Date":"2024-07-31",
        "Open":805.0,
        "High":836.0,
        "Low":791.5,
        "Close":800.0,
        "Percent Change":"-2.44 %",
        "Volume":"34,603.00"
    },
    {
        "Symbol":"SIKLES",
        "Date":"2024-07-30",
        "Open":805.0,
        "High":828.2,
        "Low":800.4,
        "Close":820.0,
        "Percent Change":"0.86 %",
        "Volume":"17,327.00"
    },
    {
        "Symbol":"SIKLES",
        "Date":"2024-07-29",
        "Open":847.6,
        "High":847.6,
        "Low":800.0,
        "Close":813.0,
        "Percent Change":"-2.17 %",
        "Volume":"41,451.00"
    },
    {
        "Symbol":"SIKLES",
        "Date":"2024-07-28",
        "Open":860.0,
        "High":863.0,
        "Low":800.0,
        "Close":831.0,
        "Percent Change":"-1.84 %",
        "Volume":"14,488.00"
    },
    {
        "Symbol":"SIKLES",
        "Date":"2024-07-25",
        "Open":847.7,
        "High":847.7,
        "Low":798.7,
        "Close":846.6,
        "Percent Change":"-2.13 %",
        "Volume":"35,099.00"
    },
    {
        "Symbol":"SIKLES",
        "Date":"2024-07-24",
        "Open":833.0,
        "High":878.7,
        "Low":801.7,
        "Close":865.0,
        "Percent Change":"1.76 %",
        "Volume":"37,494.00"
    },
    {
        "Symbol":"SIKLES",
        "Date":"2024-07-23",
        "Open":800.0,
        "High":850.0,
        "Low":794.0,
        "Close":850.0,
        "Percent Change":"6.38 %",
        "Volume":"57,652.00"
    },
    {
        "Symbol":"SIKLES",
        "Date":"2024-07-22",
        "Open":874.0,
        "High":889.8,
        "Low":799.0,
        "Close":799.0,
        "Percent Change":"-8.66 %",
        "Volume":"43,394.00"
    },
    {
        "Symbol":"SIKLES",
        "Date":"2024-07-21",
        "Open":952.6,
        "High":952.6,
        "Low":874.8,
        "Close":874.8,
        "Percent Change":"-10.00 %",
        "Volume":"24,478.00"
    },
    {
        "Symbol":"SIKLES",
        "Date":"2024-07-18",
        "Open":935.0,
        "High":972.0,
        "Low":861.0,
        "Close":972.0,
        "Percent Change":"1.89 %",
        "Volume":"24,516.00"
    },
    {
        "Symbol":"SIKLES",
        "Date":"2024-07-17",
        "Open":886.3,
        "High":954.0,
        "Low":840.0,
        "Close":954.0,
        "Percent Change":"7.64 %",
        "Volume":"51,464.00"
    },
    {
        "Symbol":"SIKLES",
        "Date":"2024-07-16",
        "Open":789.7,
        "High":886.3,
        "Low":782.8,
        "Close":886.3,
        "Percent Change":"9.99 %",
        "Volume":"26,574.00"
    },
    {
        "Symbol":"SIKLES",
        "Date":"2024-07-15",
        "Open":790.0,
        "High":805.8,
        "Low":735.0,
        "Close":805.8,
        "Percent Change":"2.26 %",
        "Volume":"42,430.00"
    },
    {
        "Symbol":"SIKLES",
        "Date":"2024-07-14",
        "Open":775.2,
        "High":800.0,
        "Low":741.0,
        "Close":788.0,
        "Percent Change":"3.68 %",
        "Volume":"40,521.00"
    },
    {
        "Symbol":"SIKLES",
        "Date":"2024-07-11",
        "Open":769.0,
        "High":785.0,
        "Low":720.3,
        "Close":760.0,
        "Percent Change":"0.66 %",
        "Volume":"21,691.00"
    },
    {
        "Symbol":"SIKLES",
        "Date":"2024-07-10",
        "Open":710.0,
        "High":766.0,
        "Low":688.1,
        "Close":755.0,
        "Percent Change":"8.32 %",
        "Volume":"70,236.00"
    },
    {
        "Symbol":"SIKLES",
        "Date":"2024-07-09",
        "Open":679.1,
        "High":700.0,
        "Low":679.1,
        "Close":697.0,
        "Percent Change":"0.72 %",
        "Volume":"24,603.00"
    },
    {
        "Symbol":"SIKLES",
        "Date":"2024-07-08",
        "Open":686.0,
        "High":698.0,
        "Low":680.8,
        "Close":692.0,
        "Percent Change":"-1.14 %",
        "Volume":"7,376.00"
    },
    {
        "Symbol":"SIKLES",
        "Date":"2024-07-07",
        "Open":703.7,
        "High":710.0,
        "Low":681.2,
        "Close":700.0,
        "Percent Change":"-2.51 %",
        "Volume":"11,965.00"
    },
    {
        "Symbol":"SIKLES",
        "Date":"2024-07-04",
        "Open":722.0,
        "High":727.0,
        "Low":686.7,
        "Close":718.0,
        "Percent Change":"-0.26 %",
        "Volume":"20,356.00"
    },
    {
        "Symbol":"SIKLES",
        "Date":"2024-07-03",
        "Open":699.0,
        "High":724.9,
        "Low":686.0,
        "Close":719.9,
        "Percent Change":"2.99 %",
        "Volume":"27,433.00"
    },
    {
        "Symbol":"SIKLES",
        "Date":"2024-07-02",
        "Open":714.0,
        "High":770.0,
        "Low":677.0,
        "Close":699.0,
        "Percent Change":"-0.14 %",
        "Volume":"18,769.00"
    },
    {
        "Symbol":"SIKLES",
        "Date":"2024-07-01",
        "Open":698.0,
        "High":700.0,
        "Low":687.0,
        "Close":700.0,
        "Percent Change":"1.45 %",
        "Volume":"17,667.00"
    },
    {
        "Symbol":"SIKLES",
        "Date":"2024-06-30",
        "Open":700.0,
        "High":719.9,
        "Low":680.0,
        "Close":690.0,
        "Percent Change":"-3.36 %",
        "Volume":"44,864.00"
    },
    {
        "Symbol":"SIKLES",
        "Date":"2024-06-27",
        "Open":694.0,
        "High":718.0,
        "Low":687.5,
        "Close":714.0,
        "Percent Change":"0.85 %",
        "Volume":"31,522.00"
    },
    {
        "Symbol":"SIKLES",
        "Date":"2024-06-26",
        "Open":704.0,
        "High":714.0,
        "Low":676.2,
        "Close":708.0,
        "Percent Change":"0.57 %",
        "Volume":"27,612.00"
    },
    {
        "Symbol":"SIKLES",
        "Date":"2024-06-25",
        "Open":648.0,
        "High":705.0,
        "Low":635.0,
        "Close":704.0,
        "Percent Change":"6.67 %",
        "Volume":"106,328.00"
    },
    {
        "Symbol":"SIKLES",
        "Date":"2024-06-24",
        "Open":653.0,
        "High":660.0,
        "Low":632.1,
        "Close":660.0,
        "Percent Change":"2.33 %",
        "Volume":"51,868.00"
    },
    {
        "Symbol":"SIKLES",
        "Date":"2024-06-23",
        "Open":620.8,
        "High":645.0,
        "Low":603.1,
        "Close":645.0,
        "Percent Change":"5.77 %",
        "Volume":"45,924.00"
    },
    {
        "Symbol":"SIKLES",
        "Date":"2024-06-20",
        "Open":593.0,
        "High":610.0,
        "Low":592.9,
        "Close":609.8,
        "Percent Change":"0.79 %",
        "Volume":"7,920.00"
    },
    {
        "Symbol":"SIKLES",
        "Date":"2024-06-19",
        "Open":571.1,
        "High":605.0,
        "Low":571.1,
        "Close":605.0,
        "Percent Change":"4.13 %",
        "Volume":"9,980.00"
    },
    {
        "Symbol":"SIKLES",
        "Date":"2024-06-18",
        "Open":605.0,
        "High":605.0,
        "Low":581.0,
        "Close":581.0,
        "Percent Change":"-2.35 %",
        "Volume":"18,067.00"
    },
    {
        "Symbol":"SIKLES",
        "Date":"2024-06-16",
        "Open":610.0,
        "High":619.5,
        "Low":587.0,
        "Close":595.0,
        "Percent Change":"-2.46 %",
        "Volume":"27,795.00"
    },
    {
        "Symbol":"SIKLES",
        "Date":"2024-06-13",
        "Open":629.0,
        "High":631.3,
        "Low":608.0,
        "Close":610.0,
        "Percent Change":"-1.45 %",
        "Volume":"34,114.00"
    },
    {
        "Symbol":"SIKLES",
        "Date":"2024-06-12",
        "Open":644.0,
        "High":657.0,
        "Low":603.0,
        "Close":619.0,
        "Percent Change":"-2.06 %",
        "Volume":"40,709.00"
    },
    {
        "Symbol":"SIKLES",
        "Date":"2024-06-11",
        "Open":620.0,
        "High":645.0,
        "Low":596.0,
        "Close":632.0,
        "Percent Change":"3.78 %",
        "Volume":"28,814.00"
    },
    {
        "Symbol":"SIKLES",
        "Date":"2024-06-10",
        "Open":601.2,
        "High":610.0,
        "Low":583.0,
        "Close":609.0,
        "Percent Change":"3.31 %",
        "Volume":"25,748.00"
    },
    {
        "Symbol":"SIKLES",
        "Date":"2024-06-09",
        "Open":574.5,
        "High":599.0,
        "Low":565.0,
        "Close":589.5,
        "Percent Change":"4.52 %",
        "Volume":"30,358.00"
    },
    {
        "Symbol":"SIKLES",
        "Date":"2024-06-06",
        "Open":539.0,
        "High":570.0,
        "Low":529.0,
        "Close":564.0,
        "Percent Change":"2.92 %",
        "Volume":"33,544.00"
    },
    {
        "Symbol":"SIKLES",
        "Date":"2024-06-05",
        "Open":543.1,
        "High":564.0,
        "Low":540.0,
        "Close":548.0,
        "Percent Change":"-0.90 %",
        "Volume":"13,784.00"
    },
    {
        "Symbol":"SIKLES",
        "Date":"2024-06-04",
        "Open":574.0,
        "High":574.0,
        "Low":546.0,
        "Close":553.0,
        "Percent Change":"-1.78 %",
        "Volume":"27,385.00"
    },
    {
        "Symbol":"SIKLES",
        "Date":"2024-06-03",
        "Open":546.9,
        "High":566.1,
        "Low":546.9,
        "Close":563.0,
        "Percent Change":"0.90 %",
        "Volume":"31,725.00"
    },
    {
        "Symbol":"SIKLES",
        "Date":"2024-06-02",
        "Open":545.0,
        "High":560.0,
        "Low":525.0,
        "Close":558.0,
        "Percent Change":"4.30 %",
        "Volume":"48,247.00"
    },
    {
        "Symbol":"SIKLES",
        "Date":"2024-05-30",
        "Open":511.3,
        "High":548.0,
        "Low":511.3,
        "Close":535.0,
        "Percent Change":"2.69 %",
        "Volume":"20,962.00"
    },
    {
        "Symbol":"SIKLES",
        "Date":"2024-05-29",
        "Open":516.1,
        "High":536.9,
        "Low":510.6,
        "Close":521.0,
        "Percent Change":"0.95 %",
        "Volume":"15,109.00"
    },
    {
        "Symbol":"SIKLES",
        "Date":"2024-05-27",
        "Open":539.0,
        "High":539.0,
        "Low":512.0,
        "Close":516.1,
        "Percent Change":"-3.17 %",
        "Volume":"7,970.00"
    },
    {
        "Symbol":"SIKLES",
        "Date":"2024-05-26",
        "Open":520.6,
        "High":540.0,
        "Low":516.3,
        "Close":533.0,
        "Percent Change":"0.36 %",
        "Volume":"7,468.00"
    },
    {
        "Symbol":"SIKLES",
        "Date":"2024-05-22",
        "Open":541.0,
        "High":578.0,
        "Low":531.0,
        "Close":531.1,
        "Percent Change":"-2.55 %",
        "Volume":"22,189.00"
    },
    {
        "Symbol":"SIKLES",
        "Date":"2024-05-21",
        "Open":530.0,
        "High":559.9,
        "Low":530.0,
        "Close":545.0,
        "Percent Change":"2.25 %",
        "Volume":"44,077.00"
    },
    {
        "Symbol":"SIKLES",
        "Date":"2024-05-20",
        "Open":523.0,
        "High":543.0,
        "Low":516.0,
        "Close":533.0,
        "Percent Change":"0.19 %",
        "Volume":"18,738.00"
    },
    {
        "Symbol":"SIKLES",
        "Date":"2024-05-19",
        "Open":525.0,
        "High":549.8,
        "Low":515.1,
        "Close":532.0,
        "Percent Change":"2.72 %",
        "Volume":"30,298.00"
    },
    {
        "Symbol":"SIKLES",
        "Date":"2024-05-16",
        "Open":510.0,
        "High":524.9,
        "Low":507.0,
        "Close":517.9,
        "Percent Change":"1.55 %",
        "Volume":"10,285.00"
    },
    {
        "Symbol":"SIKLES",
        "Date":"2024-05-15",
        "Open":495.0,
        "High":515.0,
        "Low":495.0,
        "Close":510.0,
        "Percent Change":"1.96 %",
        "Volume":"8,397.00"
    },
    {
        "Symbol":"SIKLES",
        "Date":"2024-05-14",
        "Open":492.0,
        "High":525.1,
        "Low":490.0,
        "Close":500.2,
        "Percent Change":"1.05 %",
        "Volume":"2,582.00"
    },
    {
        "Symbol":"SIKLES",
        "Date":"2024-05-13",
        "Open":507.7,
        "High":507.7,
        "Low":487.8,
        "Close":495.0,
        "Percent Change":"-0.56 %",
        "Volume":"1,692.00"
    },
    {
        "Symbol":"SIKLES",
        "Date":"2024-05-12",
        "Open":501.8,
        "High":501.8,
        "Low":485.1,
        "Close":497.8,
        "Percent Change":"1.16 %",
        "Volume":"4,640.00"
    },
    {
        "Symbol":"SIKLES",
        "Date":"2024-05-09",
        "Open":490.0,
        "High":510.0,
        "Low":490.0,
        "Close":492.1,
        "Percent Change":"-1.58 %",
        "Volume":"1,285.00"
    },
    {
        "Symbol":"SIKLES",
        "Date":"2024-05-08",
        "Open":494.0,
        "High":503.0,
        "Low":493.9,
        "Close":500.0,
        "Percent Change":"-0.75 %",
        "Volume":"715.00"
    },
    {
        "Symbol":"SIKLES",
        "Date":"2024-05-07",
        "Open":500.0,
        "High":505.0,
        "Low":490.0,
        "Close":503.8,
        "Percent Change":"0.96 %",
        "Volume":"2,940.00"
    },
    {
        "Symbol":"SIKLES",
        "Date":"2024-05-06",
        "Open":481.4,
        "High":499.0,
        "Low":480.0,
        "Close":499.0,
        "Percent Change":"1.59 %",
        "Volume":"2,148.00"
    },
    {
        "Symbol":"SIKLES",
        "Date":"2024-05-05",
        "Open":497.0,
        "High":506.0,
        "Low":490.1,
        "Close":491.2,
        "Percent Change":"-1.35 %",
        "Volume":"4,670.00"
    },
    {
        "Symbol":"SIKLES",
        "Date":"2024-05-02",
        "Open":501.0,
        "High":510.0,
        "Low":493.0,
        "Close":497.9,
        "Percent Change":"-1.99 %",
        "Volume":"4,089.00"
    },
    {
        "Symbol":"SIKLES",
        "Date":"2024-04-30",
        "Open":496.9,
        "High":514.0,
        "Low":490.0,
        "Close":508.0,
        "Percent Change":"0.20 %",
        "Volume":"1,175.00"
    },
    {
        "Symbol":"SIKLES",
        "Date":"2024-04-29",
        "Open":514.0,
        "High":514.0,
        "Low":498.9,
        "Close":507.0,
        "Percent Change":"0.50 %",
        "Volume":"2,160.00"
    },
    {
        "Symbol":"SIKLES",
        "Date":"2024-04-28",
        "Open":490.1,
        "High":508.0,
        "Low":490.1,
        "Close":504.5,
        "Percent Change":"1.10 %",
        "Volume":"692.00"
    },
    {
        "Symbol":"SIKLES",
        "Date":"2024-04-25",
        "Open":500.0,
        "High":509.0,
        "Low":490.0,
        "Close":499.0,
        "Percent Change":"1.42 %",
        "Volume":"3,575.00"
    },
    {
        "Symbol":"SIKLES",
        "Date":"2024-04-24",
        "Open":500.0,
        "High":508.0,
        "Low":490.0,
        "Close":492.0,
        "Percent Change":"-3.15 %",
        "Volume":"7,970.00"
    },
    {
        "Symbol":"SIKLES",
        "Date":"2024-04-22",
        "Open":501.0,
        "High":511.0,
        "Low":495.0,
        "Close":508.0,
        "Percent Change":"-0.59 %",
        "Volume":"2,320.00"
    },
    {
        "Symbol":"SIKLES",
        "Date":"2024-04-21",
        "Open":485.4,
        "High":511.5,
        "Low":485.4,
        "Close":511.0,
        "Percent Change":"3.23 %",
        "Volume":"2,390.00"
    },
    {
        "Symbol":"SIKLES",
        "Date":"2024-04-18",
        "Open":500.0,
        "High":510.0,
        "Low":483.0,
        "Close":495.0,
        "Percent Change":"-2.02 %",
        "Volume":"4,405.00"
    },
    {
        "Symbol":"SIKLES",
        "Date":"2024-04-16",
        "Open":505.0,
        "High":513.0,
        "Low":504.3,
        "Close":505.2,
        "Percent Change":"-1.71 %",
        "Volume":"6,200.00"
    },
    {
        "Symbol":"SIKLES",
        "Date":"2024-04-15",
        "Open":528.0,
        "High":530.0,
        "Low":508.1,
        "Close":514.0,
        "Percent Change":"-2.63 %",
        "Volume":"2,350.00"
    },
    {
        "Symbol":"SIKLES",
        "Date":"2024-04-14",
        "Open":518.8,
        "High":530.0,
        "Low":504.4,
        "Close":527.9,
        "Percent Change":"3.71 %",
        "Volume":"17,818.00"
    },
    {
        "Symbol":"SIKLES",
        "Date":"2024-04-10",
        "Open":513.0,
        "High":523.0,
        "Low":504.7,
        "Close":509.0,
        "Percent Change":"-0.78 %",
        "Volume":"8,800.00"
    },
    {
        "Symbol":"SIKLES",
        "Date":"2024-04-09",
        "Open":505.3,
        "High":518.0,
        "Low":505.3,
        "Close":513.0,
        "Percent Change":"0.39 %",
        "Volume":"9,282.00"
    },
    {
        "Symbol":"SIKLES",
        "Date":"2024-04-07",
        "Open":513.4,
        "High":519.0,
        "Low":504.1,
        "Close":511.0,
        "Percent Change":"1.51 %",
        "Volume":"9,043.00"
    },
    {
        "Symbol":"SIKLES",
        "Date":"2024-04-04",
        "Open":503.8,
        "High":510.0,
        "Low":500.0,
        "Close":503.4,
        "Percent Change":"-2.06 %",
        "Volume":"7,006.00"
    },
    {
        "Symbol":"SIKLES",
        "Date":"2024-04-03",
        "Open":509.6,
        "High":528.3,
        "Low":506.0,
        "Close":514.0,
        "Percent Change":"-1.15 %",
        "Volume":"10,063.00"
    },
    {
        "Symbol":"SIKLES",
        "Date":"2024-04-02",
        "Open":494.9,
        "High":522.9,
        "Low":494.9,
        "Close":520.0,
        "Percent Change":"2.97 %",
        "Volume":"25,137.00"
    },
    {
        "Symbol":"SIKLES",
        "Date":"2024-04-01",
        "Open":470.4,
        "High":509.0,
        "Low":470.4,
        "Close":505.0,
        "Percent Change":"5.21 %",
        "Volume":"34,115.00"
    },
    {
        "Symbol":"SIKLES",
        "Date":"2024-03-31",
        "Open":474.0,
        "High":485.0,
        "Low":474.0,
        "Close":480.0,
        "Percent Change":"0.00 %",
        "Volume":"1,540.00"
    },
    {
        "Symbol":"SIKLES",
        "Date":"2024-03-28",
        "Open":467.0,
        "High":483.9,
        "Low":467.0,
        "Close":480.0,
        "Percent Change":"1.05 %",
        "Volume":"730.00"
    },
    {
        "Symbol":"SIKLES",
        "Date":"2024-03-27",
        "Open":470.0,
        "High":490.4,
        "Low":467.0,
        "Close":475.0,
        "Percent Change":"0.74 %",
        "Volume":"1,491.00"
    },
    {
        "Symbol":"SIKLES",
        "Date":"2024-03-26",
        "Open":461.1,
        "High":494.1,
        "Low":461.1,
        "Close":471.5,
        "Percent Change":"0.32 %",
        "Volume":"2,968.00"
    },
    {
        "Symbol":"SIKLES",
        "Date":"2024-03-25",
        "Open":464.0,
        "High":482.6,
        "Low":455.0,
        "Close":470.0,
        "Percent Change":"-0.68 %",
        "Volume":"985.00"
    },
    {
        "Symbol":"SIKLES",
        "Date":"2024-03-21",
        "Open":472.6,
        "High":473.2,
        "Low":472.6,
        "Close":473.2,
        "Percent Change":"-1.83 %",
        "Volume":"460.00"
    },
    {
        "Symbol":"SIKLES",
        "Date":"2024-03-20",
        "Open":479.0,
        "High":485.0,
        "Low":476.0,
        "Close":482.0,
        "Percent Change":"-0.62 %",
        "Volume":"2,772.00"
    },
    {
        "Symbol":"SIKLES",
        "Date":"2024-03-19",
        "Open":476.1,
        "High":490.0,
        "Low":476.1,
        "Close":485.0,
        "Percent Change":"0.21 %",
        "Volume":"3,675.00"
    },
    {
        "Symbol":"SIKLES",
        "Date":"2024-03-18",
        "Open":471.0,
        "High":486.5,
        "Low":471.0,
        "Close":484.0,
        "Percent Change":"1.47 %",
        "Volume":"990.00"
    },
    {
        "Symbol":"SIKLES",
        "Date":"2024-03-17",
        "Open":480.0,
        "High":497.0,
        "Low":475.1,
        "Close":477.0,
        "Percent Change":"-2.45 %",
        "Volume":"830.00"
    },
    {
        "Symbol":"SIKLES",
        "Date":"2024-03-14",
        "Open":500.8,
        "High":500.8,
        "Low":481.0,
        "Close":489.0,
        "Percent Change":"-2.14 %",
        "Volume":"3,008.00"
    },
    {
        "Symbol":"SIKLES",
        "Date":"2024-03-13",
        "Open":483.3,
        "High":499.8,
        "Low":480.1,
        "Close":499.7,
        "Percent Change":"1.36 %",
        "Volume":"3,046.00"
    },
    {
        "Symbol":"SIKLES",
        "Date":"2024-03-12",
        "Open":490.0,
        "High":494.7,
        "Low":480.0,
        "Close":493.0,
        "Percent Change":"2.28 %",
        "Volume":"4,084.00"
    },
    {
        "Symbol":"SIKLES",
        "Date":"2024-03-10",
        "Open":476.6,
        "High":495.4,
        "Low":476.0,
        "Close":482.0,
        "Percent Change":"-0.76 %",
        "Volume":"6,025.00"
    },
    {
        "Symbol":"SIKLES",
        "Date":"2024-03-07",
        "Open":482.9,
        "High":489.3,
        "Low":473.3,
        "Close":485.7,
        "Percent Change":"2.58 %",
        "Volume":"4,595.00"
    },
    {
        "Symbol":"SIKLES",
        "Date":"2024-03-06",
        "Open":465.0,
        "High":489.6,
        "Low":458.0,
        "Close":473.5,
        "Percent Change":"0.36 %",
        "Volume":"13,039.00"
    },
    {
        "Symbol":"SIKLES",
        "Date":"2024-03-05",
        "Open":500.0,
        "High":500.0,
        "Low":471.5,
        "Close":471.8,
        "Percent Change":"-5.64 %",
        "Volume":"15,143.00"
    },
    {
        "Symbol":"SIKLES",
        "Date":"2024-03-04",
        "Open":482.0,
        "High":500.0,
        "Low":482.0,
        "Close":500.0,
        "Percent Change":"5.71 %",
        "Volume":"40.00"
    },
    {
        "Symbol":"SIKLES",
        "Date":"2024-03-03",
        "Open":461.0,
        "High":479.0,
        "Low":452.0,
        "Close":473.0,
        "Percent Change":"0.64 %",
        "Volume":"2,302.00"
    },
    {
        "Symbol":"SIKLES",
        "Date":"2024-02-29",
        "Open":495.0,
        "High":505.6,
        "Low":462.0,
        "Close":470.0,
        "Percent Change":"-3.29 %",
        "Volume":"7,170.00"
    },
    {
        "Symbol":"SIKLES",
        "Date":"2024-02-28",
        "Open":500.0,
        "High":502.7,
        "Low":486.0,
        "Close":486.0,
        "Percent Change":"-1.82 %",
        "Volume":"3,460.00"
    },
    {
        "Symbol":"SIKLES",
        "Date":"2024-02-27",
        "Open":495.0,
        "High":509.9,
        "Low":485.3,
        "Close":495.0,
        "Percent Change":"-1.00 %",
        "Volume":"3,500.00"
    },
    {
        "Symbol":"SIKLES",
        "Date":"2024-02-26",
        "Open":515.0,
        "High":515.0,
        "Low":489.1,
        "Close":500.0,
        "Percent Change":"-1.69 %",
        "Volume":"7,946.00"
    },
    {
        "Symbol":"SIKLES",
        "Date":"2024-02-25",
        "Open":505.9,
        "High":508.6,
        "Low":482.4,
        "Close":508.6,
        "Percent Change":"2.54 %",
        "Volume":"8,527.00"
    },
    {
        "Symbol":"SIKLES",
        "Date":"2024-02-22",
        "Open":509.0,
        "High":519.2,
        "Low":495.0,
        "Close":496.0,
        "Percent Change":"-2.57 %",
        "Volume":"13,240.00"
    },
    {
        "Symbol":"SIKLES",
        "Date":"2024-02-21",
        "Open":507.1,
        "High":525.3,
        "Low":506.0,
        "Close":509.1,
        "Percent Change":"0.22 %",
        "Volume":"7,530.00"
    },
    {
        "Symbol":"SIKLES",
        "Date":"2024-02-20",
        "Open":502.0,
        "High":516.0,
        "Low":502.0,
        "Close":508.0,
        "Percent Change":"-0.06 %",
        "Volume":"15,495.00"
    },
    {
        "Symbol":"SIKLES",
        "Date":"2024-02-18",
        "Open":517.0,
        "High":518.1,
        "Low":503.0,
        "Close":508.3,
        "Percent Change":"-3.05 %",
        "Volume":"12,968.00"
    },
    {
        "Symbol":"SIKLES",
        "Date":"2024-02-15",
        "Open":535.0,
        "High":540.0,
        "Low":524.3,
        "Close":524.3,
        "Percent Change":"-2.00 %",
        "Volume":"15,782.00"
    },
    {
        "Symbol":"SIKLES",
        "Date":"2024-02-14",
        "Open":520.6,
        "High":546.0,
        "Low":520.6,
        "Close":535.0,
        "Percent Change":"0.72 %",
        "Volume":"6,416.00"
    },
    {
        "Symbol":"SIKLES",
        "Date":"2024-02-13",
        "Open":545.1,
        "High":555.0,
        "Low":525.0,
        "Close":531.2,
        "Percent Change":"-0.71 %",
        "Volume":"30,409.00"
    },
    {
        "Symbol":"SIKLES",
        "Date":"2024-02-12",
        "Open":518.0,
        "High":549.0,
        "Low":518.0,
        "Close":535.0,
        "Percent Change":"2.29 %",
        "Volume":"54,252.00"
    },
    {
        "Symbol":"SIKLES",
        "Date":"2024-02-11",
        "Open":513.0,
        "High":529.9,
        "Low":513.0,
        "Close":523.0,
        "Percent Change":"0.00 %",
        "Volume":"21,777.00"
    },
    {
        "Symbol":"SIKLES",
        "Date":"2024-02-08",
        "Open":511.2,
        "High":528.0,
        "Low":511.2,
        "Close":523.0,
        "Percent Change":"0.58 %",
        "Volume":"17,281.00"
    },
    {
        "Symbol":"SIKLES",
        "Date":"2024-02-07",
        "Open":501.0,
        "High":531.6,
        "Low":501.0,
        "Close":520.0,
        "Percent Change":"3.17 %",
        "Volume":"13,397.00"
    },
    {
        "Symbol":"SIKLES",
        "Date":"2024-02-06",
        "Open":492.2,
        "High":515.0,
        "Low":492.2,
        "Close":504.0,
        "Percent Change":"0.80 %",
        "Volume":"6,446.00"
    },
    {
        "Symbol":"SIKLES",
        "Date":"2024-02-05",
        "Open":505.0,
        "High":513.0,
        "Low":495.0,
        "Close":500.0,
        "Percent Change":"0.93 %",
        "Volume":"7,212.00"
    },
    {
        "Symbol":"SIKLES",
        "Date":"2024-02-04",
        "Open":498.1,
        "High":505.0,
        "Low":494.1,
        "Close":495.4,
        "Percent Change":"-2.48 %",
        "Volume":"3,520.00"
    },
    {
        "Symbol":"SIKLES",
        "Date":"2024-02-01",
        "Open":508.0,
        "High":515.0,
        "Low":500.2,
        "Close":508.0,
        "Percent Change":"-1.74 %",
        "Volume":"8,568.00"
    },
    {
        "Symbol":"SIKLES",
        "Date":"2024-01-31",
        "Open":529.0,
        "High":530.0,
        "Low":511.0,
        "Close":517.0,
        "Percent Change":"-0.77 %",
        "Volume":"17,972.00"
    },
    {
        "Symbol":"SIKLES",
        "Date":"2024-01-30",
        "Open":510.0,
        "High":531.0,
        "Low":507.1,
        "Close":521.0,
        "Percent Change":"2.76 %",
        "Volume":"46,221.00"
    },
    {
        "Symbol":"SIKLES",
        "Date":"2024-01-29",
        "Open":500.0,
        "High":508.0,
        "Low":496.0,
        "Close":507.0,
        "Percent Change":"1.42 %",
        "Volume":"23,513.00"
    },
    {
        "Symbol":"SIKLES",
        "Date":"2024-01-28",
        "Open":495.0,
        "High":499.9,
        "Low":490.1,
        "Close":499.9,
        "Percent Change":"0.44 %",
        "Volume":"3,925.00"
    },
    {
        "Symbol":"SIKLES",
        "Date":"2024-01-25",
        "Open":483.0,
        "High":500.0,
        "Low":483.0,
        "Close":497.7,
        "Percent Change":"1.16 %",
        "Volume":"8,725.00"
    },
    {
        "Symbol":"SIKLES",
        "Date":"2024-01-24",
        "Open":488.1,
        "High":497.0,
        "Low":481.0,
        "Close":492.0,
        "Percent Change":"0.80 %",
        "Volume":"5,405.00"
    },
    {
        "Symbol":"SIKLES",
        "Date":"2024-01-23",
        "Open":500.0,
        "High":501.0,
        "Low":487.0,
        "Close":488.1,
        "Percent Change":"-2.38 %",
        "Volume":"12,484.00"
    },
    {
        "Symbol":"SIKLES",
        "Date":"2024-01-22",
        "Open":500.1,
        "High":507.0,
        "Low":485.3,
        "Close":500.0,
        "Percent Change":"-1.57 %",
        "Volume":"21,560.00"
    },
    {
        "Symbol":"SIKLES",
        "Date":"2024-01-21",
        "Open":502.0,
        "High":512.0,
        "Low":496.0,
        "Close":508.0,
        "Percent Change":"1.20 %",
        "Volume":"14,047.00"
    },
    {
        "Symbol":"SIKLES",
        "Date":"2024-01-18",
        "Open":495.9,
        "High":510.1,
        "Low":487.0,
        "Close":502.0,
        "Percent Change":"-0.79 %",
        "Volume":"11,722.00"
    },
    {
        "Symbol":"SIKLES",
        "Date":"2024-01-17",
        "Open":505.0,
        "High":516.0,
        "Low":493.0,
        "Close":506.0,
        "Percent Change":"-1.56 %",
        "Volume":"33,204.00"
    },
    {
        "Symbol":"SIKLES",
        "Date":"2024-01-16",
        "Open":518.0,
        "High":528.0,
        "Low":507.5,
        "Close":514.0,
        "Percent Change":"0.78 %",
        "Volume":"21,428.00"
    },
    {
        "Symbol":"SIKLES",
        "Date":"2024-01-14",
        "Open":505.0,
        "High":516.0,
        "Low":496.2,
        "Close":510.0,
        "Percent Change":"0.95 %",
        "Volume":"15,375.00"
    },
    {
        "Symbol":"SIKLES",
        "Date":"2024-01-11",
        "Open":509.7,
        "High":514.0,
        "Low":500.1,
        "Close":505.2,
        "Percent Change":"-2.85 %",
        "Volume":"13,275.00"
    },
    {
        "Symbol":"SIKLES",
        "Date":"2024-01-10",
        "Open":492.0,
        "High":530.4,
        "Low":492.0,
        "Close":520.0,
        "Percent Change":"5.69 %",
        "Volume":"28,343.00"
    },
    {
        "Symbol":"SIKLES",
        "Date":"2024-01-09",
        "Open":515.0,
        "High":517.9,
        "Low":491.0,
        "Close":492.0,
        "Percent Change":"-2.77 %",
        "Volume":"39,613.00"
    },
    {
        "Symbol":"SIKLES",
        "Date":"2024-01-08",
        "Open":482.2,
        "High":520.0,
        "Low":482.2,
        "Close":506.0,
        "Percent Change":"2.85 %",
        "Volume":"42,862.00"
    },
    {
        "Symbol":"SIKLES",
        "Date":"2024-01-07",
        "Open":474.0,
        "High":511.0,
        "Low":461.0,
        "Close":492.0,
        "Percent Change":"5.35 %",
        "Volume":"79,504.00"
    },
    {
        "Symbol":"SIKLES",
        "Date":"2024-01-04",
        "Open":443.7,
        "High":478.5,
        "Low":435.2,
        "Close":467.0,
        "Percent Change":"7.36 %",
        "Volume":"66,728.00"
    },
    {
        "Symbol":"SIKLES",
        "Date":"2024-01-03",
        "Open":425.0,
        "High":436.8,
        "Low":421.3,
        "Close":435.0,
        "Percent Change":"1.21 %",
        "Volume":"2,400.00"
    },
    {
        "Symbol":"SIKLES",
        "Date":"2024-01-02",
        "Open":427.0,
        "High":435.0,
        "Low":423.1,
        "Close":429.8,
        "Percent Change":"-1.20 %",
        "Volume":"5,805.00"
    },
    {
        "Symbol":"SIKLES",
        "Date":"2024-01-01",
        "Open":435.2,
        "High":450.0,
        "Low":430.6,
        "Close":435.0,
        "Percent Change":"-2.03 %",
        "Volume":"7,760.00"
    },
    {
        "Symbol":"SIKLES",
        "Date":"2023-12-28",
        "Open":444.2,
        "High":450.0,
        "Low":422.3,
        "Close":444.0,
        "Percent Change":"1.95 %",
        "Volume":"15,257.00"
    },
    {
        "Symbol":"SIKLES",
        "Date":"2023-12-27",
        "Open":448.8,
        "High":466.0,
        "Low":435.5,
        "Close":435.5,
        "Percent Change":"-1.02 %",
        "Volume":"23,016.00"
    },
    {
        "Symbol":"SIKLES",
        "Date":"2023-12-24",
        "Open":427.0,
        "High":448.0,
        "Low":426.0,
        "Close":440.0,
        "Percent Change":"4.76 %",
        "Volume":"16,992.00"
    },
    {
        "Symbol":"SIKLES",
        "Date":"2023-12-21",
        "Open":431.2,
        "High":435.0,
        "Low":419.0,
        "Close":420.0,
        "Percent Change":"-4.55 %",
        "Volume":"16,555.00"
    },
    {
        "Symbol":"SIKLES",
        "Date":"2023-12-20",
        "Open":439.1,
        "High":455.9,
        "Low":430.4,
        "Close":440.0,
        "Percent Change":"-1.79 %",
        "Volume":"14,750.00"
    },
    {
        "Symbol":"SIKLES",
        "Date":"2023-12-19",
        "Open":432.2,
        "High":448.0,
        "Low":424.1,
        "Close":448.0,
        "Percent Change":"1.82 %",
        "Volume":"10,413.00"
    },
    {
        "Symbol":"SIKLES",
        "Date":"2023-12-18",
        "Open":453.8,
        "High":461.9,
        "Low":424.3,
        "Close":440.0,
        "Percent Change":"-1.12 %",
        "Volume":"39,856.00"
    },
    {
        "Symbol":"SIKLES",
        "Date":"2023-12-17",
        "Open":427.3,
        "High":447.1,
        "Low":412.5,
        "Close":445.0,
        "Percent Change":"2.06 %",
        "Volume":"25,380.00"
    },
    {
        "Symbol":"SIKLES",
        "Date":"2023-12-14",
        "Open":408.8,
        "High":450.0,
        "Low":408.7,
        "Close":436.0,
        "Percent Change":"4.56 %",
        "Volume":"8,468.00"
    },
    {
        "Symbol":"SIKLES",
        "Date":"2023-12-13",
        "Open":420.0,
        "High":424.0,
        "Low":407.7,
        "Close":417.0,
        "Percent Change":"-0.48 %",
        "Volume":"9,951.00"
    },
    {
        "Symbol":"SIKLES",
        "Date":"2023-12-12",
        "Open":400.0,
        "High":424.0,
        "Low":388.1,
        "Close":419.0,
        "Percent Change":"3.71 %",
        "Volume":"14,773.00"
    },
    {
        "Symbol":"SIKLES",
        "Date":"2023-12-11",
        "Open":419.0,
        "High":420.0,
        "Low":392.0,
        "Close":404.0,
        "Percent Change":"-1.66 %",
        "Volume":"14,818.00"
    },
    {
        "Symbol":"SIKLES",
        "Date":"2023-12-10",
        "Open":395.0,
        "High":410.9,
        "Low":395.0,
        "Close":410.8,
        "Percent Change":"5.33 %",
        "Volume":"610.00"
    },
    {
        "Symbol":"SIKLES",
        "Date":"2023-12-07",
        "Open":387.2,
        "High":400.0,
        "Low":380.1,
        "Close":390.0,
        "Percent Change":"-1.27 %",
        "Volume":"3,559.00"
    },
    {
        "Symbol":"SIKLES",
        "Date":"2023-12-06",
        "Open":380.0,
        "High":395.0,
        "Low":371.6,
        "Close":395.0,
        "Percent Change":"3.78 %",
        "Volume":"7,190.00"
    },
    {
        "Symbol":"SIKLES",
        "Date":"2023-12-05",
        "Open":394.0,
        "High":394.0,
        "Low":379.0,
        "Close":380.6,
        "Percent Change":"-3.38 %",
        "Volume":"1,681.00"
    },
    {
        "Symbol":"SIKLES",
        "Date":"2023-12-04",
        "Open":386.2,
        "High":394.0,
        "Low":386.2,
        "Close":393.9,
        "Percent Change":"-0.03 %",
        "Volume":"1,677.00"
    },
    {
        "Symbol":"SIKLES",
        "Date":"2023-12-03",
        "Open":380.3,
        "High":394.0,
        "Low":373.0,
        "Close":394.0,
        "Percent Change":"1.55 %",
        "Volume":"1,940.00"
    },
    {
        "Symbol":"SIKLES",
        "Date":"2023-11-30",
        "Open":392.9,
        "High":394.0,
        "Low":385.2,
        "Close":388.0,
        "Percent Change":"-3.22 %",
        "Volume":"5,020.00"
    },
    {
        "Symbol":"SIKLES",
        "Date":"2023-11-29",
        "Open":394.4,
        "High":402.0,
        "Low":388.0,
        "Close":400.9,
        "Percent Change":"1.65 %",
        "Volume":"4,452.00"
    },
    {
        "Symbol":"SIKLES",
        "Date":"2023-11-28",
        "Open":393.0,
        "High":400.0,
        "Low":393.0,
        "Close":394.4,
        "Percent Change":"-1.40 %",
        "Volume":"4,549.00"
    },
    {
        "Symbol":"SIKLES",
        "Date":"2023-11-27",
        "Open":405.0,
        "High":413.9,
        "Low":392.6,
        "Close":400.0,
        "Percent Change":"-1.48 %",
        "Volume":"3,820.00"
    },
    {
        "Symbol":"SIKLES",
        "Date":"2023-11-26",
        "Open":386.0,
        "High":406.7,
        "Low":378.6,
        "Close":406.0,
        "Percent Change":"5.73 %",
        "Volume":"7,442.00"
    },
    {
        "Symbol":"SIKLES",
        "Date":"2023-11-23",
        "Open":350.0,
        "High":387.8,
        "Low":346.8,
        "Close":384.0,
        "Percent Change":"8.54 %",
        "Volume":"9,462.00"
    },
    {
        "Symbol":"SIKLES",
        "Date":"2023-11-22",
        "Open":340.1,
        "High":353.8,
        "Low":339.0,
        "Close":353.8,
        "Percent Change":"1.99 %",
        "Volume":"2,126.00"
    },
    {
        "Symbol":"SIKLES",
        "Date":"2023-11-21",
        "Open":341.1,
        "High":348.1,
        "Low":341.1,
        "Close":346.9,
        "Percent Change":"0.46 %",
        "Volume":"572.00"
    },
    {
        "Symbol":"SIKLES",
        "Date":"2023-11-20",
        "Open":343.7,
        "High":359.0,
        "Low":343.7,
        "Close":345.3,
        "Percent Change":"2.46 %",
        "Volume":"2,632.00"
    },
    {
        "Symbol":"SIKLES",
        "Date":"2023-11-09",
        "Open":338.1,
        "High":339.2,
        "Low":332.6,
        "Close":337.0,
        "Percent Change":"-2.32 %",
        "Volume":"360.00"
    },
    {
        "Symbol":"SIKLES",
        "Date":"2023-11-08",
        "Open":339.0,
        "High":345.0,
        "Low":333.0,
        "Close":345.0,
        "Percent Change":"-0.26 %",
        "Volume":"330.00"
    },
    {
        "Symbol":"SIKLES",
        "Date":"2023-11-07",
        "Open":334.0,
        "High":345.9,
        "Low":327.4,
        "Close":345.9,
        "Percent Change":"1.74 %",
        "Volume":"470.00"
    },
    {
        "Symbol":"SIKLES",
        "Date":"2023-11-06",
        "Open":327.1,
        "High":340.0,
        "Low":327.1,
        "Close":340.0,
        "Percent Change":"1.89 %",
        "Volume":"900.00"
    },
    {
        "Symbol":"SIKLES",
        "Date":"2023-11-05",
        "Open":330.1,
        "High":333.7,
        "Low":327.0,
        "Close":333.7,
        "Percent Change":"-0.80 %",
        "Volume":"500.00"
    },
    {
        "Symbol":"SIKLES",
        "Date":"2023-11-02",
        "Open":343.0,
        "High":343.0,
        "Low":336.3,
        "Close":336.4,
        "Percent Change":"-3.89 %",
        "Volume":"590.00"
    },
    {
        "Symbol":"SIKLES",
        "Date":"2023-11-01",
        "Open":343.0,
        "High":350.0,
        "Low":337.0,
        "Close":350.0,
        "Percent Change":"0.00 %",
        "Volume":"450.00"
    },
    {
        "Symbol":"SIKLES",
        "Date":"2023-10-31",
        "Open":346.0,
        "High":350.0,
        "Low":339.6,
        "Close":350.0,
        "Percent Change":"-0.85 %",
        "Volume":"455.00"
    },
    {
        "Symbol":"SIKLES",
        "Date":"2023-10-30",
        "Open":346.9,
        "High":353.0,
        "Low":334.0,
        "Close":353.0,
        "Percent Change":"-0.25 %",
        "Volume":"785.00"
    },
    {
        "Symbol":"SIKLES",
        "Date":"2023-10-29",
        "Open":358.5,
        "High":358.5,
        "Low":339.1,
        "Close":353.9,
        "Percent Change":"-3.25 %",
        "Volume":"1,350.00"
    },
    {
        "Symbol":"SIKLES",
        "Date":"2023-10-19",
        "Open":360.0,
        "High":365.8,
        "Low":350.0,
        "Close":365.8,
        "Percent Change":"-0.05 %",
        "Volume":"440.00"
    },
    {
        "Symbol":"SIKLES",
        "Date":"2023-10-18",
        "Open":362.0,
        "High":368.0,
        "Low":354.3,
        "Close":366.0,
        "Percent Change":"1.10 %",
        "Volume":"850.00"
    },
    {
        "Symbol":"SIKLES",
        "Date":"2023-10-17",
        "Open":359.0,
        "High":362.0,
        "Low":341.1,
        "Close":362.0,
        "Percent Change":"0.00 %",
        "Volume":"770.00"
    },
    {
        "Symbol":"SIKLES",
        "Date":"2023-10-16",
        "Open":347.9,
        "High":362.0,
        "Low":328.1,
        "Close":362.0,
        "Percent Change":"1.97 %",
        "Volume":"1,622.00"
    },
    {
        "Symbol":"SIKLES",
        "Date":"2023-10-12",
        "Open":351.9,
        "High":355.0,
        "Low":340.0,
        "Close":355.0,
        "Percent Change":"-1.11 %",
        "Volume":"720.00"
    },
    {
        "Symbol":"SIKLES",
        "Date":"2023-10-11",
        "Open":352.8,
        "High":360.0,
        "Low":352.8,
        "Close":359.0,
        "Percent Change":"-0.28 %",
        "Volume":"850.00"
    },
    {
        "Symbol":"SIKLES",
        "Date":"2023-10-10",
        "Open":362.0,
        "High":362.0,
        "Low":340.9,
        "Close":360.0,
        "Percent Change":"-2.44 %",
        "Volume":"4,470.00"
    },
    {
        "Symbol":"SIKLES",
        "Date":"2023-10-09",
        "Open":352.8,
        "High":369.0,
        "Low":341.2,
        "Close":369.0,
        "Percent Change":"2.53 %",
        "Volume":"2,530.00"
    },
    {
        "Symbol":"SIKLES",
        "Date":"2023-10-08",
        "Open":352.8,
        "High":359.9,
        "Low":352.8,
        "Close":359.9,
        "Percent Change":"-0.03 %",
        "Volume":"2,200.00"
    },
    {
        "Symbol":"SIKLES",
        "Date":"2023-10-05",
        "Open":366.1,
        "High":366.1,
        "Low":359.5,
        "Close":360.0,
        "Percent Change":"-3.61 %",
        "Volume":"1,031.00"
    },
    {
        "Symbol":"SIKLES",
        "Date":"2023-10-04",
        "Open":359.7,
        "High":374.0,
        "Low":354.1,
        "Close":373.5,
        "Percent Change":"1.77 %",
        "Volume":"2,431.00"
    },
    {
        "Symbol":"SIKLES",
        "Date":"2023-10-03",
        "Open":364.6,
        "High":367.0,
        "Low":360.0,
        "Close":367.0,
        "Percent Change":"-1.34 %",
        "Volume":"1,610.00"
    },
    {
        "Symbol":"SIKLES",
        "Date":"2023-10-02",
        "Open":370.5,
        "High":372.0,
        "Low":356.0,
        "Close":372.0,
        "Percent Change":"-1.59 %",
        "Volume":"2,670.00"
    },
    {
        "Symbol":"SIKLES",
        "Date":"2023-10-01",
        "Open":373.4,
        "High":378.0,
        "Low":355.3,
        "Close":378.0,
        "Percent Change":"-0.79 %",
        "Volume":"1,880.00"
    },
    {
        "Symbol":"SIKLES",
        "Date":"2023-09-27",
        "Open":373.0,
        "High":381.0,
        "Low":362.0,
        "Close":381.0,
        "Percent Change":"0.26 %",
        "Volume":"3,572.00"
    },
    {
        "Symbol":"SIKLES",
        "Date":"2023-09-26",
        "Open":375.0,
        "High":386.5,
        "Low":365.0,
        "Close":380.0,
        "Percent Change":"2.15 %",
        "Volume":"2,225.00"
    },
    {
        "Symbol":"SIKLES",
        "Date":"2023-09-25",
        "Open":370.0,
        "High":373.3,
        "Low":360.3,
        "Close":372.0,
        "Percent Change":"-0.80 %",
        "Volume":"2,160.00"
    },
    {
        "Symbol":"SIKLES",
        "Date":"2023-09-24",
        "Open":377.3,
        "High":377.3,
        "Low":362.6,
        "Close":375.0,
        "Percent Change":"-2.60 %",
        "Volume":"1,691.00"
    },
    {
        "Symbol":"SIKLES",
        "Date":"2023-09-21",
        "Open":350.0,
        "High":386.0,
        "Low":350.0,
        "Close":385.0,
        "Percent Change":"9.69 %",
        "Volume":"5,419.00"
    },
    {
        "Symbol":"SIKLES",
        "Date":"2023-09-19",
        "Open":340.0,
        "High":351.9,
        "Low":333.2,
        "Close":351.0,
        "Percent Change":"1.21 %",
        "Volume":"1,010.00"
    },
    {
        "Symbol":"SIKLES",
        "Date":"2023-09-18",
        "Open":336.2,
        "High":346.8,
        "Low":323.6,
        "Close":346.8,
        "Percent Change":"1.11 %",
        "Volume":"410.00"
    },
    {
        "Symbol":"SIKLES",
        "Date":"2023-09-17",
        "Open":343.0,
        "High":343.0,
        "Low":330.0,
        "Close":343.0,
        "Percent Change":"-1.94 %",
        "Volume":"510.00"
    },
    {
        "Symbol":"SIKLES",
        "Date":"2023-09-13",
        "Open":334.0,
        "High":349.8,
        "Low":333.5,
        "Close":349.8,
        "Percent Change":"2.88 %",
        "Volume":"850.00"
    },
    {
        "Symbol":"SIKLES",
        "Date":"2023-09-12",
        "Open":344.0,
        "High":344.0,
        "Low":332.0,
        "Close":340.0,
        "Percent Change":"-3.13 %",
        "Volume":"562.00"
    },
    {
        "Symbol":"SIKLES",
        "Date":"2023-09-11",
        "Open":330.0,
        "High":351.0,
        "Low":325.0,
        "Close":351.0,
        "Percent Change":"6.36 %",
        "Volume":"1,634.00"
    },
    {
        "Symbol":"SIKLES",
        "Date":"2023-09-10",
        "Open":318.5,
        "High":338.0,
        "Low":315.0,
        "Close":330.0,
        "Percent Change":"1.54 %",
        "Volume":"570.00"
    },
    {
        "Symbol":"SIKLES",
        "Date":"2023-09-07",
        "Open":337.0,
        "High":349.7,
        "Low":325.0,
        "Close":325.0,
        "Percent Change":"-5.25 %",
        "Volume":"1,260.00"
    },
    {
        "Symbol":"SIKLES",
        "Date":"2023-09-05",
        "Open":330.3,
        "High":343.0,
        "Low":324.0,
        "Close":343.0,
        "Percent Change":"1.78 %",
        "Volume":"1,688.00"
    },
    {
        "Symbol":"SIKLES",
        "Date":"2023-09-04",
        "Open":355.9,
        "High":356.0,
        "Low":329.0,
        "Close":337.0,
        "Percent Change":"-6.10 %",
        "Volume":"1,350.00"
    },
    {
        "Symbol":"SIKLES",
        "Date":"2023-09-03",
        "Open":333.5,
        "High":366.1,
        "Low":327.1,
        "Close":358.9,
        "Percent Change":"5.56 %",
        "Volume":"995.00"
    },
    {
        "Symbol":"SIKLES",
        "Date":"2023-08-30",
        "Open":350.0,
        "High":357.0,
        "Low":335.0,
        "Close":340.0,
        "Percent Change":"-2.86 %",
        "Volume":"1,089.00"
    },
    {
        "Symbol":"SIKLES",
        "Date":"2023-08-29",
        "Open":350.0,
        "High":351.9,
        "Low":339.0,
        "Close":350.0,
        "Percent Change":"0.00 %",
        "Volume":"1,380.00"
    },
    {
        "Symbol":"SIKLES",
        "Date":"2023-08-28",
        "Open":349.9,
        "High":362.0,
        "Low":343.2,
        "Close":350.0,
        "Percent Change":"-1.96 %",
        "Volume":"915.00"
    },
    {
        "Symbol":"SIKLES",
        "Date":"2023-08-27",
        "Open":358.0,
        "High":358.0,
        "Low":345.0,
        "Close":357.0,
        "Percent Change":"-1.87 %",
        "Volume":"1,592.00"
    },
    {
        "Symbol":"SIKLES",
        "Date":"2023-08-24",
        "Open":363.6,
        "High":370.0,
        "Low":350.3,
        "Close":363.8,
        "Percent Change":"-1.94 %",
        "Volume":"1,190.00"
    },
    {
        "Symbol":"SIKLES",
        "Date":"2023-08-23",
        "Open":352.6,
        "High":378.0,
        "Low":347.0,
        "Close":371.0,
        "Percent Change":"3.14 %",
        "Volume":"2,139.00"
    },
    {
        "Symbol":"SIKLES",
        "Date":"2023-08-22",
        "Open":352.8,
        "High":359.7,
        "Low":341.3,
        "Close":359.7,
        "Percent Change":"-0.08 %",
        "Volume":"550.00"
    },
    {
        "Symbol":"SIKLES",
        "Date":"2023-08-21",
        "Open":357.0,
        "High":360.0,
        "Low":336.3,
        "Close":360.0,
        "Percent Change":"0.84 %",
        "Volume":"1,885.00"
    },
    {
        "Symbol":"SIKLES",
        "Date":"2023-08-20",
        "Open":357.6,
        "High":364.0,
        "Low":343.1,
        "Close":357.0,
        "Percent Change":"-2.14 %",
        "Volume":"2,998.00"
    },
    {
        "Symbol":"SIKLES",
        "Date":"2023-08-17",
        "Open":365.0,
        "High":365.0,
        "Low":351.0,
        "Close":364.8,
        "Percent Change":"-0.65 %",
        "Volume":"4,020.00"
    },
    {
        "Symbol":"SIKLES",
        "Date":"2023-08-16",
        "Open":370.5,
        "High":370.5,
        "Low":356.0,
        "Close":367.2,
        "Percent Change":"-2.86 %",
        "Volume":"1,560.00"
    },
    {
        "Symbol":"SIKLES",
        "Date":"2023-08-15",
        "Open":357.2,
        "High":378.6,
        "Low":348.7,
        "Close":378.0,
        "Percent Change":"3.85 %",
        "Volume":"4,505.00"
    },
    {
        "Symbol":"SIKLES",
        "Date":"2023-08-14",
        "Open":363.0,
        "High":370.0,
        "Low":357.1,
        "Close":364.0,
        "Percent Change":"-1.62 %",
        "Volume":"1,215.00"
    },
    {
        "Symbol":"SIKLES",
        "Date":"2023-08-13",
        "Open":358.0,
        "High":371.2,
        "Low":356.2,
        "Close":370.0,
        "Percent Change":"1.87 %",
        "Volume":"1,568.00"
    },
    {
        "Symbol":"SIKLES",
        "Date":"2023-08-10",
        "Open":365.0,
        "High":389.0,
        "Low":358.0,
        "Close":363.2,
        "Percent Change":"-2.37 %",
        "Volume":"3,740.00"
    },
    {
        "Symbol":"SIKLES",
        "Date":"2023-08-09",
        "Open":377.0,
        "High":384.0,
        "Low":362.0,
        "Close":372.0,
        "Percent Change":"-1.33 %",
        "Volume":"1,100.00"
    },
    {
        "Symbol":"SIKLES",
        "Date":"2023-08-08",
        "Open":375.0,
        "High":377.0,
        "Low":361.0,
        "Close":377.0,
        "Percent Change":"-1.28 %",
        "Volume":"1,060.00"
    },
    {
        "Symbol":"SIKLES",
        "Date":"2023-08-07",
        "Open":370.0,
        "High":381.9,
        "Low":360.0,
        "Close":381.9,
        "Percent Change":"1.84 %",
        "Volume":"3,580.00"
    },
    {
        "Symbol":"SIKLES",
        "Date":"2023-08-06",
        "Open":375.0,
        "High":377.0,
        "Low":368.0,
        "Close":375.0,
        "Percent Change":"-1.88 %",
        "Volume":"1,260.00"
    },
    {
        "Symbol":"SIKLES",
        "Date":"2023-08-03",
        "Open":384.2,
        "High":390.0,
        "Low":379.0,
        "Close":382.2,
        "Percent Change":"-2.50 %",
        "Volume":"2,265.00"
    },
    {
        "Symbol":"SIKLES",
        "Date":"2023-08-02",
        "Open":388.0,
        "High":392.0,
        "Low":378.0,
        "Close":392.0,
        "Percent Change":"-0.94 %",
        "Volume":"760.00"
    },
    {
        "Symbol":"SIKLES",
        "Date":"2023-08-01",
        "Open":380.5,
        "High":395.7,
        "Low":377.1,
        "Close":395.7,
        "Percent Change":"1.93 %",
        "Volume":"1,544.00"
    },
    {
        "Symbol":"SIKLES",
        "Date":"2023-07-31",
        "Open":391.1,
        "High":396.0,
        "Low":382.5,
        "Close":388.2,
        "Percent Change":"-2.71 %",
        "Volume":"1,720.00"
    },
    {
        "Symbol":"SIKLES",
        "Date":"2023-07-30",
        "Open":397.0,
        "High":400.0,
        "Low":385.3,
        "Close":399.0,
        "Percent Change":"-1.46 %",
        "Volume":"1,870.00"
    },
    {
        "Symbol":"SIKLES",
        "Date":"2023-07-27",
        "Open":383.0,
        "High":404.9,
        "Low":383.0,
        "Close":404.9,
        "Percent Change":"4.09 %",
        "Volume":"1,870.00"
    },
    {
        "Symbol":"SIKLES",
        "Date":"2023-07-26",
        "Open":387.3,
        "High":395.0,
        "Low":387.3,
        "Close":389.0,
        "Percent Change":"-1.57 %",
        "Volume":"525.00"
    },
    {
        "Symbol":"SIKLES",
        "Date":"2023-07-25",
        "Open":393.0,
        "High":403.1,
        "Low":393.0,
        "Close":395.2,
        "Percent Change":"-1.20 %",
        "Volume":"2,010.00"
    },
    {
        "Symbol":"SIKLES",
        "Date":"2023-07-24",
        "Open":391.1,
        "High":405.9,
        "Low":387.2,
        "Close":400.0,
        "Percent Change":"0.25 %",
        "Volume":"4,415.00"
    },
    {
        "Symbol":"SIKLES",
        "Date":"2023-07-23",
        "Open":383.0,
        "High":401.0,
        "Low":383.0,
        "Close":399.0,
        "Percent Change":"2.31 %",
        "Volume":"1,750.00"
    },
    {
        "Symbol":"SIKLES",
        "Date":"2023-07-20",
        "Open":381.0,
        "High":397.0,
        "Low":381.0,
        "Close":390.0,
        "Percent Change":"0.39 %",
        "Volume":"2,346.00"
    },
    {
        "Symbol":"SIKLES",
        "Date":"2023-07-19",
        "Open":383.0,
        "High":409.0,
        "Low":383.0,
        "Close":388.5,
        "Percent Change":"-0.44 %",
        "Volume":"837.00"
    },
    {
        "Symbol":"SIKLES",
        "Date":"2023-07-18",
        "Open":402.0,
        "High":402.0,
        "Low":387.0,
        "Close":390.2,
        "Percent Change":"-2.94 %",
        "Volume":"1,553.00"
    },
    {
        "Symbol":"SIKLES",
        "Date":"2023-07-17",
        "Open":380.0,
        "High":402.0,
        "Low":380.0,
        "Close":402.0,
        "Percent Change":"3.88 %",
        "Volume":"2,630.00"
    },
    {
        "Symbol":"SIKLES",
        "Date":"2023-07-16",
        "Open":392.0,
        "High":392.1,
        "Low":384.3,
        "Close":387.0,
        "Percent Change":"-3.25 %",
        "Volume":"1,190.00"
    },
    {
        "Symbol":"SIKLES",
        "Date":"2023-07-13",
        "Open":400.0,
        "High":407.9,
        "Low":395.1,
        "Close":400.0,
        "Percent Change":"-0.99 %",
        "Volume":"3,830.00"
    },
    {
        "Symbol":"SIKLES",
        "Date":"2023-07-12",
        "Open":392.0,
        "High":409.0,
        "Low":385.3,
        "Close":404.0,
        "Percent Change":"2.80 %",
        "Volume":"4,620.00"
    },
    {
        "Symbol":"SIKLES",
        "Date":"2023-07-11",
        "Open":389.9,
        "High":393.0,
        "Low":375.0,
        "Close":393.0,
        "Percent Change":"-1.21 %",
        "Volume":"3,065.00"
    },
    {
        "Symbol":"SIKLES",
        "Date":"2023-07-10",
        "Open":376.0,
        "High":400.0,
        "Low":373.0,
        "Close":397.8,
        "Percent Change":"4.96 %",
        "Volume":"2,700.00"
    },
    {
        "Symbol":"SIKLES",
        "Date":"2023-07-09",
        "Open":380.0,
        "High":393.7,
        "Low":379.0,
        "Close":379.0,
        "Percent Change":"-1.81 %",
        "Volume":"5,225.00"
    },
    {
        "Symbol":"SIKLES",
        "Date":"2023-07-06",
        "Open":384.2,
        "High":399.6,
        "Low":377.0,
        "Close":386.0,
        "Percent Change":"-1.53 %",
        "Volume":"2,470.00"
    },
    {
        "Symbol":"SIKLES",
        "Date":"2023-07-05",
        "Open":388.1,
        "High":401.8,
        "Low":385.0,
        "Close":392.0,
        "Percent Change":"-0.51 %",
        "Volume":"2,030.00"
    },
    {
        "Symbol":"SIKLES",
        "Date":"2023-07-04",
        "Open":390.0,
        "High":402.9,
        "Low":383.5,
        "Close":394.0,
        "Percent Change":"0.77 %",
        "Volume":"4,015.00"
    },
    {
        "Symbol":"SIKLES",
        "Date":"2023-07-03",
        "Open":398.0,
        "High":405.0,
        "Low":388.0,
        "Close":391.0,
        "Percent Change":"-3.69 %",
        "Volume":"5,980.00"
    },
    {
        "Symbol":"SIKLES",
        "Date":"2023-07-02",
        "Open":401.0,
        "High":416.1,
        "Low":395.0,
        "Close":406.0,
        "Percent Change":"1.50 %",
        "Volume":"5,283.00"
    },
    {
        "Symbol":"SIKLES",
        "Date":"2023-06-28",
        "Open":406.8,
        "High":416.0,
        "Low":398.9,
        "Close":400.0,
        "Percent Change":"0.28 %",
        "Volume":"14,177.00"
    },
    {
        "Symbol":"SIKLES",
        "Date":"2023-06-27",
        "Open":407.0,
        "High":425.0,
        "Low":398.9,
        "Close":398.9,
        "Percent Change":"-3.88 %",
        "Volume":"9,530.00"
    },
    {
        "Symbol":"SIKLES",
        "Date":"2023-06-26",
        "Open":418.0,
        "High":434.0,
        "Low":406.3,
        "Close":415.0,
        "Percent Change":"1.22 %",
        "Volume":"5,125.00"
    },
    {
        "Symbol":"SIKLES",
        "Date":"2023-06-25",
        "Open":412.0,
        "High":420.0,
        "Low":385.0,
        "Close":410.0,
        "Percent Change":"1.49 %",
        "Volume":"9,490.00"
    },
    {
        "Symbol":"SIKLES",
        "Date":"2023-06-22",
        "Open":410.0,
        "High":416.0,
        "Low":393.2,
        "Close":404.0,
        "Percent Change":"-3.35 %",
        "Volume":"6,386.00"
    },
    {
        "Symbol":"SIKLES",
        "Date":"2023-06-21",
        "Open":421.0,
        "High":425.0,
        "Low":412.7,
        "Close":418.0,
        "Percent Change":"-2.56 %",
        "Volume":"3,179.00"
    },
    {
        "Symbol":"SIKLES",
        "Date":"2023-06-20",
        "Open":421.7,
        "High":438.0,
        "Low":420.0,
        "Close":429.0,
        "Percent Change":"-0.30 %",
        "Volume":"2,370.00"
    },
    {
        "Symbol":"SIKLES",
        "Date":"2023-06-19",
        "Open":429.3,
        "High":463.0,
        "Low":428.0,
        "Close":430.3,
        "Percent Change":"-1.76 %",
        "Volume":"3,310.00"
    },
    {
        "Symbol":"SIKLES",
        "Date":"2023-06-18",
        "Open":432.0,
        "High":438.0,
        "Low":420.0,
        "Close":438.0,
        "Percent Change":"3.30 %",
        "Volume":"6,595.00"
    },
    {
        "Symbol":"SIKLES",
        "Date":"2023-06-15",
        "Open":425.0,
        "High":425.2,
        "Low":416.0,
        "Close":424.0,
        "Percent Change":"-1.17 %",
        "Volume":"1,757.00"
    },
    {
        "Symbol":"SIKLES",
        "Date":"2023-06-14",
        "Open":423.0,
        "High":440.0,
        "Low":414.0,
        "Close":429.0,
        "Percent Change":"0.92 %",
        "Volume":"5,336.00"
    },
    {
        "Symbol":"SIKLES",
        "Date":"2023-06-13",
        "Open":415.6,
        "High":440.0,
        "Low":415.6,
        "Close":425.1,
        "Percent Change":"0.28 %",
        "Volume":"4,345.00"
    },
    {
        "Symbol":"SIKLES",
        "Date":"2023-06-12",
        "Open":437.0,
        "High":437.0,
        "Low":419.9,
        "Close":423.9,
        "Percent Change":"-1.07 %",
        "Volume":"2,342.00"
    },
    {
        "Symbol":"SIKLES",
        "Date":"2023-06-11",
        "Open":409.9,
        "High":431.7,
        "Low":409.9,
        "Close":428.5,
        "Percent Change":"2.46 %",
        "Volume":"3,300.00"
    },
    {
        "Symbol":"SIKLES",
        "Date":"2023-06-08",
        "Open":425.3,
        "High":425.3,
        "Low":416.8,
        "Close":418.2,
        "Percent Change":"0.29 %",
        "Volume":"3,647.00"
    },
    {
        "Symbol":"SIKLES",
        "Date":"2023-06-07",
        "Open":416.5,
        "High":425.0,
        "Low":408.3,
        "Close":417.0,
        "Percent Change":"-1.88 %",
        "Volume":"3,230.00"
    },
    {
        "Symbol":"SIKLES",
        "Date":"2023-06-06",
        "Open":405.8,
        "High":425.0,
        "Low":392.0,
        "Close":425.0,
        "Percent Change":"2.66 %",
        "Volume":"960.00"
    },
    {
        "Symbol":"SIKLES",
        "Date":"2023-06-05",
        "Open":403.0,
        "High":423.0,
        "Low":395.0,
        "Close":414.0,
        "Percent Change":"0.98 %",
        "Volume":"1,690.00"
    },
    {
        "Symbol":"SIKLES",
        "Date":"2023-06-04",
        "Open":388.0,
        "High":411.0,
        "Low":388.0,
        "Close":410.0,
        "Percent Change":"5.67 %",
        "Volume":"710.00"
    },
    {
        "Symbol":"SIKLES",
        "Date":"2023-06-01",
        "Open":392.0,
        "High":395.0,
        "Low":385.0,
        "Close":388.0,
        "Percent Change":"-1.20 %",
        "Volume":"2,818.00"
    },
    {
        "Symbol":"SIKLES",
        "Date":"2023-05-31",
        "Open":395.0,
        "High":396.0,
        "Low":379.0,
        "Close":392.7,
        "Percent Change":"-1.82 %",
        "Volume":"2,120.00"
    },
    {
        "Symbol":"SIKLES",
        "Date":"2023-05-30",
        "Open":396.1,
        "High":404.0,
        "Low":389.0,
        "Close":400.0,
        "Percent Change":"-1.01 %",
        "Volume":"2,663.00"
    },
    {
        "Symbol":"SIKLES",
        "Date":"2023-05-28",
        "Open":412.2,
        "High":418.0,
        "Low":404.1,
        "Close":404.1,
        "Percent Change":"-3.79 %",
        "Volume":"2,987.00"
    },
    {
        "Symbol":"SIKLES",
        "Date":"2023-05-24",
        "Open":416.5,
        "High":427.9,
        "Low":414.0,
        "Close":420.0,
        "Percent Change":"-1.18 %",
        "Volume":"1,796.00"
    },
    {
        "Symbol":"SIKLES",
        "Date":"2023-05-23",
        "Open":399.5,
        "High":428.4,
        "Low":399.5,
        "Close":425.0,
        "Percent Change":"4.47 %",
        "Volume":"3,085.00"
    },
    {
        "Symbol":"SIKLES",
        "Date":"2023-05-22",
        "Open":398.9,
        "High":406.8,
        "Low":391.3,
        "Close":406.8,
        "Percent Change":"-0.05 %",
        "Volume":"1,555.00"
    },
    {
        "Symbol":"SIKLES",
        "Date":"2023-05-21",
        "Open":401.0,
        "High":409.0,
        "Low":399.2,
        "Close":407.0,
        "Percent Change":"0.02 %",
        "Volume":"3,675.00"
    },
    {
        "Symbol":"SIKLES",
        "Date":"2023-05-18",
        "Open":385.2,
        "High":406.9,
        "Low":385.2,
        "Close":406.9,
        "Percent Change":"3.54 %",
        "Volume":"2,290.00"
    },
    {
        "Symbol":"SIKLES",
        "Date":"2023-05-17",
        "Open":383.2,
        "High":397.0,
        "Low":383.2,
        "Close":393.0,
        "Percent Change":"0.56 %",
        "Volume":"397.00"
    },
    {
        "Symbol":"SIKLES",
        "Date":"2023-05-16",
        "Open":383.0,
        "High":393.0,
        "Low":383.0,
        "Close":390.8,
        "Percent Change":"0.28 %",
        "Volume":"960.00"
    },
    {
        "Symbol":"SIKLES",
        "Date":"2023-05-15",
        "Open":377.3,
        "High":396.7,
        "Low":377.0,
        "Close":389.7,
        "Percent Change":"0.02 %",
        "Volume":"2,030.00"
    },
    {
        "Symbol":"SIKLES",
        "Date":"2023-05-14",
        "Open":386.3,
        "High":386.3,
        "Low":376.2,
        "Close":382.0,
        "Percent Change":"-3.05 %",
        "Volume":"830.00"
    },
    {
        "Symbol":"SIKLES",
        "Date":"2023-05-11",
        "Open":391.6,
        "High":394.0,
        "Low":375.0,
        "Close":394.0,
        "Percent Change":"-1.25 %",
        "Volume":"5,800.00"
    },
    {
        "Symbol":"SIKLES",
        "Date":"2023-05-10",
        "Open":406.0,
        "High":406.0,
        "Low":391.0,
        "Close":399.0,
        "Percent Change":"-3.16 %",
        "Volume":"2,340.00"
    },
    {
        "Symbol":"SIKLES",
        "Date":"2023-05-09",
        "Open":392.0,
        "High":413.0,
        "Low":375.4,
        "Close":412.0,
        "Percent Change":"3.00 %",
        "Volume":"11,649.00"
    },
    {
        "Symbol":"SIKLES",
        "Date":"2023-05-08",
        "Open":395.0,
        "High":401.2,
        "Low":392.0,
        "Close":400.0,
        "Percent Change":"0.00 %",
        "Volume":"1,087.00"
    },
    {
        "Symbol":"SIKLES",
        "Date":"2023-05-07",
        "Open":408.7,
        "High":408.7,
        "Low":390.2,
        "Close":400.0,
        "Percent Change":"-4.08 %",
        "Volume":"855.00"
    },
    {
        "Symbol":"SIKLES",
        "Date":"2023-05-04",
        "Open":393.1,
        "High":417.0,
        "Low":383.0,
        "Close":417.0,
        "Percent Change":"3.99 %",
        "Volume":"955.00"
    },
    {
        "Symbol":"SIKLES",
        "Date":"2023-05-03",
        "Open":400.0,
        "High":408.0,
        "Low":400.0,
        "Close":401.0,
        "Percent Change":"-1.23 %",
        "Volume":"2,260.00"
    },
    {
        "Symbol":"SIKLES",
        "Date":"2023-05-02",
        "Open":391.2,
        "High":406.7,
        "Low":391.2,
        "Close":406.0,
        "Percent Change":"1.75 %",
        "Volume":"3,020.00"
    },
    {
        "Symbol":"SIKLES",
        "Date":"2023-04-30",
        "Open":407.0,
        "High":412.0,
        "Low":394.0,
        "Close":399.0,
        "Percent Change":"-3.67 %",
        "Volume":"7,048.00"
    },
    {
        "Symbol":"SIKLES",
        "Date":"2023-04-27",
        "Open":409.7,
        "High":425.0,
        "Low":409.7,
        "Close":414.2,
        "Percent Change":"-0.91 %",
        "Volume":"1,330.00"
    },
    {
        "Symbol":"SIKLES",
        "Date":"2023-04-26",
        "Open":420.0,
        "High":420.0,
        "Low":418.0,
        "Close":418.0,
        "Percent Change":"-1.88 %",
        "Volume":"1,260.00"
    },
    {
        "Symbol":"SIKLES",
        "Date":"2023-04-25",
        "Open":411.6,
        "High":426.0,
        "Low":411.6,
        "Close":426.0,
        "Percent Change":"1.43 %",
        "Volume":"1,590.00"
    },
    {
        "Symbol":"SIKLES",
        "Date":"2023-04-24",
        "Open":410.0,
        "High":422.0,
        "Low":410.0,
        "Close":420.0,
        "Percent Change":"1.13 %",
        "Volume":"1,931.00"
    },
    {
        "Symbol":"SIKLES",
        "Date":"2023-04-23",
        "Open":417.0,
        "High":421.0,
        "Low":415.3,
        "Close":415.3,
        "Percent Change":"-2.28 %",
        "Volume":"2,835.00"
    },
    {
        "Symbol":"SIKLES",
        "Date":"2023-04-20",
        "Open":426.1,
        "High":438.0,
        "Low":424.1,
        "Close":425.0,
        "Percent Change":"-2.23 %",
        "Volume":"1,069.00"
    },
    {
        "Symbol":"SIKLES",
        "Date":"2023-04-19",
        "Open":421.0,
        "High":434.7,
        "Low":421.0,
        "Close":434.7,
        "Percent Change":"2.04 %",
        "Volume":"1,400.00"
    },
    {
        "Symbol":"SIKLES",
        "Date":"2023-04-18",
        "Open":420.0,
        "High":428.4,
        "Low":417.2,
        "Close":426.0,
        "Percent Change":"0.38 %",
        "Volume":"1,080.00"
    },
    {
        "Symbol":"SIKLES",
        "Date":"2023-04-17",
        "Open":434.0,
        "High":434.0,
        "Low":424.1,
        "Close":424.4,
        "Percent Change":"-3.57 %",
        "Volume":"2,981.00"
    },
    {
        "Symbol":"SIKLES",
        "Date":"2023-04-16",
        "Open":441.0,
        "High":449.8,
        "Low":430.0,
        "Close":440.1,
        "Percent Change":"-2.20 %",
        "Volume":"790.00"
    },
    {
        "Symbol":"SIKLES",
        "Date":"2023-04-13",
        "Open":455.0,
        "High":455.0,
        "Low":438.0,
        "Close":450.0,
        "Percent Change":"-1.10 %",
        "Volume":"950.00"
    },
    {
        "Symbol":"SIKLES",
        "Date":"2023-04-12",
        "Open":439.0,
        "High":455.0,
        "Low":435.0,
        "Close":455.0,
        "Percent Change":"3.53 %",
        "Volume":"6,520.00"
    },
    {
        "Symbol":"SIKLES",
        "Date":"2023-04-11",
        "Open":417.8,
        "High":439.5,
        "Low":415.1,
        "Close":439.5,
        "Percent Change":"3.10 %",
        "Volume":"1,630.00"
    },
    {
        "Symbol":"SIKLES",
        "Date":"2023-04-10",
        "Open":417.0,
        "High":426.3,
        "Low":410.2,
        "Close":426.3,
        "Percent Change":"0.78 %",
        "Volume":"1,530.00"
    },
    {
        "Symbol":"SIKLES",
        "Date":"2023-04-09",
        "Open":421.0,
        "High":429.0,
        "Low":415.0,
        "Close":423.0,
        "Percent Change":"-1.40 %",
        "Volume":"2,330.00"
    },
    {
        "Symbol":"SIKLES",
        "Date":"2023-04-06",
        "Open":437.0,
        "High":440.0,
        "Low":428.3,
        "Close":429.0,
        "Percent Change":"-3.60 %",
        "Volume":"2,890.00"
    },
    {
        "Symbol":"SIKLES",
        "Date":"2023-04-05",
        "Open":431.2,
        "High":448.8,
        "Low":425.0,
        "Close":445.0,
        "Percent Change":"1.14 %",
        "Volume":"1,920.00"
    },
    {
        "Symbol":"SIKLES",
        "Date":"2023-04-04",
        "Open":422.0,
        "High":440.0,
        "Low":422.0,
        "Close":440.0,
        "Percent Change":"2.33 %",
        "Volume":"2,363.00"
    },
    {
        "Symbol":"SIKLES",
        "Date":"2023-04-03",
        "Open":426.5,
        "High":439.0,
        "Low":426.5,
        "Close":430.0,
        "Percent Change":"-1.19 %",
        "Volume":"1,832.00"
    },
    {
        "Symbol":"SIKLES",
        "Date":"2023-04-02",
        "Open":453.9,
        "High":472.0,
        "Low":435.2,
        "Close":435.2,
        "Percent Change":"-4.12 %",
        "Volume":"2,030.00"
    },
    {
        "Symbol":"SIKLES",
        "Date":"2023-03-30",
        "Open":448.0,
        "High":457.0,
        "Low":445.0,
        "Close":453.9,
        "Percent Change":"-0.48 %",
        "Volume":"2,040.00"
    },
    {
        "Symbol":"SIKLES",
        "Date":"2023-03-29",
        "Open":446.0,
        "High":456.1,
        "Low":438.0,
        "Close":456.1,
        "Percent Change":"0.24 %",
        "Volume":"1,290.00"
    },
    {
        "Symbol":"SIKLES",
        "Date":"2023-03-28",
        "Open":460.0,
        "High":460.0,
        "Low":438.2,
        "Close":455.0,
        "Percent Change":"0.89 %",
        "Volume":"2,180.00"
    },
    {
        "Symbol":"SIKLES",
        "Date":"2023-03-27",
        "Open":446.9,
        "High":455.0,
        "Low":440.0,
        "Close":451.0,
        "Percent Change":"-1.10 %",
        "Volume":"4,671.00"
    },
    {
        "Symbol":"SIKLES",
        "Date":"2023-03-26",
        "Open":456.6,
        "High":467.0,
        "Low":456.0,
        "Close":456.0,
        "Percent Change":"-2.12 %",
        "Volume":"5,150.00"
    },
    {
        "Symbol":"SIKLES",
        "Date":"2023-03-23",
        "Open":465.5,
        "High":481.0,
        "Low":460.0,
        "Close":465.9,
        "Percent Change":"-1.92 %",
        "Volume":"2,945.00"
    },
    {
        "Symbol":"SIKLES",
        "Date":"2023-03-22",
        "Open":462.0,
        "High":478.1,
        "Low":460.3,
        "Close":475.0,
        "Percent Change":"1.28 %",
        "Volume":"4,520.00"
    },
    {
        "Symbol":"SIKLES",
        "Date":"2023-03-20",
        "Open":456.5,
        "High":469.0,
        "Low":455.0,
        "Close":469.0,
        "Percent Change":"2.18 %",
        "Volume":"3,752.00"
    },
    {
        "Symbol":"SIKLES",
        "Date":"2023-03-19",
        "Open":450.0,
        "High":459.0,
        "Low":443.0,
        "Close":459.0,
        "Percent Change":"0.00 %",
        "Volume":"2,520.00"
    },
    {
        "Symbol":"SIKLES",
        "Date":"2023-03-16",
        "Open":445.0,
        "High":460.0,
        "Low":444.0,
        "Close":459.0,
        "Percent Change":"2.23 %",
        "Volume":"2,680.00"
    },
    {
        "Symbol":"SIKLES",
        "Date":"2023-03-15",
        "Open":465.1,
        "High":465.1,
        "Low":447.1,
        "Close":449.0,
        "Percent Change":"-1.54 %",
        "Volume":"1,371.00"
    },
    {
        "Symbol":"SIKLES",
        "Date":"2023-03-14",
        "Open":469.2,
        "High":469.2,
        "Low":450.0,
        "Close":456.0,
        "Percent Change":"-0.87 %",
        "Volume":"2,282.00"
    },
    {
        "Symbol":"SIKLES",
        "Date":"2023-03-13",
        "Open":458.2,
        "High":460.0,
        "Low":450.0,
        "Close":460.0,
        "Percent Change":"-1.58 %",
        "Volume":"3,125.00"
    },
    {
        "Symbol":"SIKLES",
        "Date":"2023-03-12",
        "Open":465.5,
        "High":470.0,
        "Low":452.0,
        "Close":467.4,
        "Percent Change":"0.06 %",
        "Volume":"1,650.00"
    },
    {
        "Symbol":"SIKLES",
        "Date":"2023-03-09",
        "Open":459.0,
        "High":468.0,
        "Low":452.1,
        "Close":467.1,
        "Percent Change":"1.57 %",
        "Volume":"2,970.00"
    },
    {
        "Symbol":"SIKLES",
        "Date":"2023-03-07",
        "Open":446.0,
        "High":459.9,
        "Low":446.0,
        "Close":459.9,
        "Percent Change":"2.20 %",
        "Volume":"1,555.00"
    },
    {
        "Symbol":"SIKLES",
        "Date":"2023-03-05",
        "Open":465.0,
        "High":465.0,
        "Low":446.6,
        "Close":450.0,
        "Percent Change":"-3.43 %",
        "Volume":"2,160.00"
    },
    {
        "Symbol":"SIKLES",
        "Date":"2023-03-02",
        "Open":456.0,
        "High":466.0,
        "Low":452.0,
        "Close":466.0,
        "Percent Change":"0.22 %",
        "Volume":"1,490.00"
    },
    {
        "Symbol":"SIKLES",
        "Date":"2023-03-01",
        "Open":480.0,
        "High":480.0,
        "Low":455.5,
        "Close":465.0,
        "Percent Change":"-1.27 %",
        "Volume":"9,806.00"
    },
    {
        "Symbol":"SIKLES",
        "Date":"2023-02-28",
        "Open":461.0,
        "High":476.0,
        "Low":461.0,
        "Close":471.0,
        "Percent Change":"1.07 %",
        "Volume":"2,112.00"
    },
    {
        "Symbol":"SIKLES",
        "Date":"2023-02-27",
        "Open":470.0,
        "High":474.0,
        "Low":458.0,
        "Close":466.0,
        "Percent Change":"-1.54 %",
        "Volume":"4,238.00"
    },
    {
        "Symbol":"SIKLES",
        "Date":"2023-02-26",
        "Open":473.0,
        "High":477.0,
        "Low":460.0,
        "Close":473.3,
        "Percent Change":"-0.98 %",
        "Volume":"7,476.00"
    },
    {
        "Symbol":"SIKLES",
        "Date":"2023-02-23",
        "Open":478.3,
        "High":478.3,
        "Low":461.6,
        "Close":478.0,
        "Percent Change":"-2.05 %",
        "Volume":"3,110.00"
    },
    {
        "Symbol":"SIKLES",
        "Date":"2023-02-22",
        "Open":470.0,
        "High":488.0,
        "Low":470.0,
        "Close":488.0,
        "Percent Change":"2.95 %",
        "Volume":"5,385.00"
    },
    {
        "Symbol":"SIKLES",
        "Date":"2023-02-20",
        "Open":475.0,
        "High":480.0,
        "Low":468.1,
        "Close":474.0,
        "Percent Change":"-0.63 %",
        "Volume":"7,250.00"
    },
    {
        "Symbol":"SIKLES",
        "Date":"2023-02-16",
        "Open":480.0,
        "High":488.0,
        "Low":471.1,
        "Close":477.0,
        "Percent Change":"-1.99 %",
        "Volume":"6,490.00"
    },
    {
        "Symbol":"SIKLES",
        "Date":"2023-02-15",
        "Open":480.0,
        "High":494.7,
        "Low":477.0,
        "Close":486.7,
        "Percent Change":"-0.27 %",
        "Volume":"8,350.00"
    },
    {
        "Symbol":"SIKLES",
        "Date":"2023-02-14",
        "Open":477.3,
        "High":490.0,
        "Low":472.1,
        "Close":488.0,
        "Percent Change":"0.21 %",
        "Volume":"8,432.00"
    },
    {
        "Symbol":"SIKLES",
        "Date":"2023-02-12",
        "Open":481.0,
        "High":492.0,
        "Low":471.4,
        "Close":487.0,
        "Percent Change":"-0.61 %",
        "Volume":"23,278.00"
    },
    {
        "Symbol":"SIKLES",
        "Date":"2023-02-09",
        "Open":475.0,
        "High":510.0,
        "Low":475.0,
        "Close":490.0,
        "Percent Change":"1.45 %",
        "Volume":"16,536.00"
    },
    {
        "Symbol":"SIKLES",
        "Date":"2023-02-08",
        "Open":490.0,
        "High":497.5,
        "Low":470.4,
        "Close":483.0,
        "Percent Change":"-1.00 %",
        "Volume":"18,135.00"
    },
    {
        "Symbol":"SIKLES",
        "Date":"2023-02-07",
        "Open":470.0,
        "High":488.0,
        "Low":465.0,
        "Close":487.9,
        "Percent Change":"3.81 %",
        "Volume":"19,816.00"
    },
    {
        "Symbol":"SIKLES",
        "Date":"2023-02-06",
        "Open":463.0,
        "High":472.0,
        "Low":460.0,
        "Close":470.0,
        "Percent Change":"-0.42 %",
        "Volume":"6,869.00"
    },
    {
        "Symbol":"SIKLES",
        "Date":"2023-02-05",
        "Open":457.0,
        "High":473.0,
        "Low":450.0,
        "Close":472.0,
        "Percent Change":"3.28 %",
        "Volume":"8,906.00"
    },
    {
        "Symbol":"SIKLES",
        "Date":"2023-02-02",
        "Open":462.0,
        "High":469.0,
        "Low":454.0,
        "Close":457.0,
        "Percent Change":"-2.97 %",
        "Volume":"11,991.00"
    },
    {
        "Symbol":"SIKLES",
        "Date":"2023-02-01",
        "Open":461.1,
        "High":473.0,
        "Low":461.1,
        "Close":471.0,
        "Percent Change":"0.21 %",
        "Volume":"5,070.00"
    },
    {
        "Symbol":"SIKLES",
        "Date":"2023-01-31",
        "Open":461.0,
        "High":479.0,
        "Low":456.1,
        "Close":470.0,
        "Percent Change":"0.00 %",
        "Volume":"16,515.00"
    },
    {
        "Symbol":"SIKLES",
        "Date":"2023-01-30",
        "Open":477.3,
        "High":485.0,
        "Low":465.9,
        "Close":470.0,
        "Percent Change":"-3.49 %",
        "Volume":"17,465.00"
    },
    {
        "Symbol":"SIKLES",
        "Date":"2023-01-29",
        "Open":477.0,
        "High":487.5,
        "Low":460.9,
        "Close":487.0,
        "Percent Change":"0.41 %",
        "Volume":"20,670.00"
    },
    {
        "Symbol":"SIKLES",
        "Date":"2023-01-26",
        "Open":480.4,
        "High":487.0,
        "Low":465.0,
        "Close":485.0,
        "Percent Change":"2.97 %",
        "Volume":"21,385.00"
    },
    {
        "Symbol":"SIKLES",
        "Date":"2023-01-25",
        "Open":450.0,
        "High":479.0,
        "Low":450.0,
        "Close":471.0,
        "Percent Change":"4.43 %",
        "Volume":"27,636.00"
    },
    {
        "Symbol":"SIKLES",
        "Date":"2023-01-24",
        "Open":447.9,
        "High":454.0,
        "Low":443.0,
        "Close":451.0,
        "Percent Change":"-1.31 %",
        "Volume":"8,111.00"
    },
    {
        "Symbol":"SIKLES",
        "Date":"2023-01-23",
        "Open":460.0,
        "High":476.3,
        "Low":450.2,
        "Close":457.0,
        "Percent Change":"-2.14 %",
        "Volume":"21,511.00"
    },
    {
        "Symbol":"SIKLES",
        "Date":"2023-01-19",
        "Open":461.0,
        "High":477.0,
        "Low":458.0,
        "Close":467.0,
        "Percent Change":"0.00 %",
        "Volume":"18,355.00"
    },
    {
        "Symbol":"SIKLES",
        "Date":"2023-01-18",
        "Open":455.0,
        "High":490.0,
        "Low":455.0,
        "Close":467.0,
        "Percent Change":"1.08 %",
        "Volume":"47,699.00"
    },
    {
        "Symbol":"SIKLES",
        "Date":"2023-01-17",
        "Open":430.0,
        "High":472.0,
        "Low":427.0,
        "Close":462.0,
        "Percent Change":"6.94 %",
        "Volume":"15,610.00"
    },
    {
        "Symbol":"SIKLES",
        "Date":"2023-01-12",
        "Open":451.0,
        "High":470.0,
        "Low":424.4,
        "Close":432.0,
        "Percent Change":"-4.59 %",
        "Volume":"24,949.00"
    },
    {
        "Symbol":"SIKLES",
        "Date":"2023-01-10",
        "Open":460.0,
        "High":477.0,
        "Low":436.1,
        "Close":452.8,
        "Percent Change":"-1.57 %",
        "Volume":"42,009.00"
    },
    {
        "Symbol":"SIKLES",
        "Date":"2023-01-09",
        "Open":445.0,
        "High":470.2,
        "Low":445.0,
        "Close":460.0,
        "Percent Change":"1.77 %",
        "Volume":"23,073.00"
    },
    {
        "Symbol":"SIKLES",
        "Date":"2023-01-08",
        "Open":449.9,
        "High":469.0,
        "Low":437.0,
        "Close":452.0,
        "Percent Change":"0.00 %",
        "Volume":"13,318.00"
    },
    {
        "Symbol":"SIKLES",
        "Date":"2023-01-05",
        "Open":433.0,
        "High":460.0,
        "Low":426.3,
        "Close":452.0,
        "Percent Change":"2.49 %",
        "Volume":"28,337.00"
    },
    {
        "Symbol":"SIKLES",
        "Date":"2023-01-04",
        "Open":420.6,
        "High":448.0,
        "Low":420.6,
        "Close":441.0,
        "Percent Change":"3.28 %",
        "Volume":"13,464.00"
    },
    {
        "Symbol":"SIKLES",
        "Date":"2023-01-03",
        "Open":429.0,
        "High":445.0,
        "Low":423.1,
        "Close":427.0,
        "Percent Change":"-2.29 %",
        "Volume":"13,939.00"
    },
    {
        "Symbol":"SIKLES",
        "Date":"2023-01-02",
        "Open":416.5,
        "High":445.0,
        "Low":410.0,
        "Close":437.0,
        "Percent Change":"2.82 %",
        "Volume":"11,666.00"
    },
    {
        "Symbol":"SIKLES",
        "Date":"2023-01-01",
        "Open":408.0,
        "High":441.0,
        "Low":402.0,
        "Close":425.0,
        "Percent Change":"5.51 %",
        "Volume":"22,426.00"
    },
    {
        "Symbol":"SIKLES",
        "Date":"2022-12-29",
        "Open":385.0,
        "High":403.9,
        "Low":377.3,
        "Close":402.8,
        "Percent Change":"6.56 %",
        "Volume":"16,547.00"
    },
    {
        "Symbol":"SIKLES",
        "Date":"2022-12-28",
        "Open":371.2,
        "High":384.2,
        "Low":371.2,
        "Close":378.0,
        "Percent Change":"0.35 %",
        "Volume":"6,903.00"
    },
    {
        "Symbol":"SIKLES",
        "Date":"2022-12-27",
        "Open":376.0,
        "High":388.5,
        "Low":371.4,
        "Close":376.7,
        "Percent Change":"0.19 %",
        "Volume":"16,396.00"
    },
    {
        "Symbol":"SIKLES",
        "Date":"2022-12-26",
        "Open":362.1,
        "High":380.0,
        "Low":362.1,
        "Close":376.0,
        "Percent Change":"2.45 %",
        "Volume":"5,965.00"
    },
    {
        "Symbol":"SIKLES",
        "Date":"2022-12-22",
        "Open":361.0,
        "High":368.0,
        "Low":361.0,
        "Close":367.0,
        "Percent Change":"0.27 %",
        "Volume":"5,740.00"
    },
    {
        "Symbol":"SIKLES",
        "Date":"2022-12-21",
        "Open":364.5,
        "High":369.0,
        "Low":364.5,
        "Close":366.0,
        "Percent Change":"-1.59 %",
        "Volume":"2,070.00"
    },
    {
        "Symbol":"SIKLES",
        "Date":"2022-12-20",
        "Open":363.0,
        "High":375.0,
        "Low":363.0,
        "Close":371.9,
        "Percent Change":"0.51 %",
        "Volume":"5,703.00"
    },
    {
        "Symbol":"SIKLES",
        "Date":"2022-12-19",
        "Open":364.0,
        "High":370.0,
        "Low":360.1,
        "Close":370.0,
        "Percent Change":"0.00 %",
        "Volume":"5,916.00"
    },
    {
        "Symbol":"SIKLES",
        "Date":"2022-12-18",
        "Open":367.0,
        "High":370.2,
        "Low":359.8,
        "Close":370.0,
        "Percent Change":"-1.15 %",
        "Volume":"6,700.00"
    },
    {
        "Symbol":"SIKLES",
        "Date":"2022-12-15",
        "Open":375.0,
        "High":382.0,
        "Low":373.4,
        "Close":374.3,
        "Percent Change":"-1.24 %",
        "Volume":"6,711.00"
    },
    {
        "Symbol":"SIKLES",
        "Date":"2022-12-14",
        "Open":370.5,
        "High":380.0,
        "Low":370.5,
        "Close":379.0,
        "Percent Change":"0.26 %",
        "Volume":"16,964.00"
    },
    {
        "Symbol":"SIKLES",
        "Date":"2022-12-13",
        "Open":370.0,
        "High":379.9,
        "Low":370.0,
        "Close":378.0,
        "Percent Change":"1.34 %",
        "Volume":"12,480.00"
    },
    {
        "Symbol":"SIKLES",
        "Date":"2022-12-12",
        "Open":357.0,
        "High":373.0,
        "Low":357.0,
        "Close":373.0,
        "Percent Change":"2.47 %",
        "Volume":"12,190.00"
    },
    {
        "Symbol":"SIKLES",
        "Date":"2022-12-11",
        "Open":359.1,
        "High":370.9,
        "Low":358.0,
        "Close":364.0,
        "Percent Change":"-0.27 %",
        "Volume":"17,457.00"
    },
    {
        "Symbol":"SIKLES",
        "Date":"2022-12-07",
        "Open":360.1,
        "High":372.3,
        "Low":359.0,
        "Close":365.0,
        "Percent Change":"0.00 %",
        "Volume":"12,303.00"
    },
    {
        "Symbol":"SIKLES",
        "Date":"2022-12-06",
        "Open":364.0,
        "High":372.0,
        "Low":361.3,
        "Close":365.0,
        "Percent Change":"-1.38 %",
        "Volume":"7,995.00"
    },
    {
        "Symbol":"SIKLES",
        "Date":"2022-12-05",
        "Open":366.0,
        "High":382.0,
        "Low":366.0,
        "Close":370.1,
        "Percent Change":"-0.86 %",
        "Volume":"20,311.00"
    },
    {
        "Symbol":"SIKLES",
        "Date":"2022-12-04",
        "Open":361.0,
        "High":382.0,
        "Low":361.0,
        "Close":373.3,
        "Percent Change":"3.61 %",
        "Volume":"14,335.00"
    },
    {
        "Symbol":"SIKLES",
        "Date":"2022-12-01",
        "Open":360.0,
        "High":360.3,
        "Low":354.0,
        "Close":360.3,
        "Percent Change":"0.08 %",
        "Volume":"6,355.00"
    },
    {
        "Symbol":"SIKLES",
        "Date":"2022-11-30",
        "Open":362.6,
        "High":369.0,
        "Low":358.0,
        "Close":360.0,
        "Percent Change":"-1.37 %",
        "Volume":"5,590.00"
    },
    {
        "Symbol":"SIKLES",
        "Date":"2022-11-29",
        "Open":362.6,
        "High":366.8,
        "Low":362.6,
        "Close":365.0,
        "Percent Change":"0.00 %",
        "Volume":"7,570.00"
    },
    {
        "Symbol":"SIKLES",
        "Date":"2022-11-28",
        "Open":365.0,
        "High":376.4,
        "Low":365.0,
        "Close":365.0,
        "Percent Change":"-1.00 %",
        "Volume":"9,213.00"
    },
    {
        "Symbol":"SIKLES",
        "Date":"2022-11-27",
        "Open":369.0,
        "High":372.0,
        "Low":362.1,
        "Close":368.7,
        "Percent Change":"-0.08 %",
        "Volume":"15,542.00"
    },
    {
        "Symbol":"SIKLES",
        "Date":"2022-11-24",
        "Open":364.0,
        "High":370.0,
        "Low":357.1,
        "Close":369.0,
        "Percent Change":"0.00 %",
        "Volume":"17,640.00"
    },
    {
        "Symbol":"SIKLES",
        "Date":"2022-11-23",
        "Open":365.0,
        "High":371.0,
        "Low":365.0,
        "Close":369.0,
        "Percent Change":"-0.54 %",
        "Volume":"17,258.00"
    },
    {
        "Symbol":"SIKLES",
        "Date":"2022-11-22",
        "Open":396.1,
        "High":396.1,
        "Low":355.1,
        "Close":371.0,
        "Percent Change":"-4.48 %",
        "Volume":"49,629.00"
    },
    {
        "Symbol":"SIKLES",
        "Date":"2022-11-17",
        "Open":360.1,
        "High":388.4,
        "Low":360.1,
        "Close":388.4,
        "Percent Change":"10.00 %",
        "Volume":"3,150.00"
    },
    {
        "Symbol":"SIKLES",
        "Date":"2022-11-16",
        "Open":327.4,
        "High":353.1,
        "Low":327.4,
        "Close":353.1,
        "Percent Change":"10.00 %",
        "Volume":"23,650.00"
    },
    {
        "Symbol":"SIKLES",
        "Date":"2022-11-15",
        "Open":350.5,
        "High":364.6,
        "Low":315.5,
        "Close":321.0,
        "Percent Change":"0.00 %",
        "Volume":"59,590.00"
    },
    {
        "Symbol":"SIKLES",
        "Date":"2022-01-02",
        "Open":416.5,
        "High":445.0,
        "Low":410.0,
        "Close":437.0,
        "Percent Change":"2.82 %",
        "Volume":"11,666.00"
    }
]