[
    {
        "Symbol":"EHPL",
        "Date":"2024-08-11",
        "Open":600.0,
        "High":615.0,
        "Low":595.1,
        "Close":603.2,
        "Percent Change":"0.53 %",
        "Volume":"12,660.00"
    },
    {
        "Symbol":"EHPL",
        "Date":"2024-08-08",
        "Open":606.7,
        "High":625.0,
        "Low":590.0,
        "Close":600.0,
        "Percent Change":"-3.07 %",
        "Volume":"15,453.00"
    },
    {
        "Symbol":"EHPL",
        "Date":"2024-08-07",
        "Open":595.0,
        "High":631.2,
        "Low":585.3,
        "Close":619.0,
        "Percent Change":"4.05 %",
        "Volume":"19,594.00"
    },
    {
        "Symbol":"EHPL",
        "Date":"2024-08-06",
        "Open":620.0,
        "High":638.0,
        "Low":585.1,
        "Close":594.9,
        "Percent Change":"-3.27 %",
        "Volume":"31,838.00"
    },
    {
        "Symbol":"EHPL",
        "Date":"2024-08-05",
        "Open":590.0,
        "High":618.0,
        "Low":580.0,
        "Close":615.0,
        "Percent Change":"5.15 %",
        "Volume":"24,231.00"
    },
    {
        "Symbol":"EHPL",
        "Date":"2024-08-01",
        "Open":601.0,
        "High":603.0,
        "Low":577.2,
        "Close":584.9,
        "Percent Change":"-2.52 %",
        "Volume":"14,204.00"
    },
    {
        "Symbol":"EHPL",
        "Date":"2024-07-31",
        "Open":607.9,
        "High":610.0,
        "Low":590.1,
        "Close":600.0,
        "Percent Change":"0.67 %",
        "Volume":"26,995.00"
    },
    {
        "Symbol":"EHPL",
        "Date":"2024-07-30",
        "Open":575.2,
        "High":602.7,
        "Low":575.2,
        "Close":596.0,
        "Percent Change":"2.41 %",
        "Volume":"14,651.00"
    },
    {
        "Symbol":"EHPL",
        "Date":"2024-07-29",
        "Open":585.6,
        "High":621.0,
        "Low":582.0,
        "Close":582.0,
        "Percent Change":"-2.59 %",
        "Volume":"17,679.00"
    },
    {
        "Symbol":"EHPL",
        "Date":"2024-07-28",
        "Open":608.9,
        "High":608.9,
        "Low":575.1,
        "Close":597.5,
        "Percent Change":"0.08 %",
        "Volume":"17,789.00"
    },
    {
        "Symbol":"EHPL",
        "Date":"2024-07-25",
        "Open":574.2,
        "High":603.0,
        "Low":574.2,
        "Close":597.0,
        "Percent Change":"2.05 %",
        "Volume":"23,980.00"
    },
    {
        "Symbol":"EHPL",
        "Date":"2024-07-24",
        "Open":587.1,
        "High":607.0,
        "Low":578.0,
        "Close":585.0,
        "Percent Change":"-2.17 %",
        "Volume":"21,726.00"
    },
    {
        "Symbol":"EHPL",
        "Date":"2024-07-23",
        "Open":578.2,
        "High":605.4,
        "Low":566.7,
        "Close":598.0,
        "Percent Change":"1.36 %",
        "Volume":"20,533.00"
    },
    {
        "Symbol":"EHPL",
        "Date":"2024-07-22",
        "Open":589.3,
        "High":601.0,
        "Low":580.0,
        "Close":590.0,
        "Percent Change":"-1.88 %",
        "Volume":"20,742.00"
    },
    {
        "Symbol":"EHPL",
        "Date":"2024-07-21",
        "Open":625.0,
        "High":625.0,
        "Low":600.0,
        "Close":601.3,
        "Percent Change":"-3.64 %",
        "Volume":"31,230.00"
    },
    {
        "Symbol":"EHPL",
        "Date":"2024-07-18",
        "Open":600.0,
        "High":642.0,
        "Low":589.0,
        "Close":624.0,
        "Percent Change":"5.94 %",
        "Volume":"44,930.00"
    },
    {
        "Symbol":"EHPL",
        "Date":"2024-07-17",
        "Open":568.4,
        "High":594.0,
        "Low":568.4,
        "Close":589.0,
        "Percent Change":"1.55 %",
        "Volume":"32,224.00"
    },
    {
        "Symbol":"EHPL",
        "Date":"2024-07-16",
        "Open":550.0,
        "High":580.0,
        "Low":550.0,
        "Close":580.0,
        "Percent Change":"5.44 %",
        "Volume":"22,771.00"
    },
    {
        "Symbol":"EHPL",
        "Date":"2024-07-15",
        "Open":566.0,
        "High":566.0,
        "Low":547.5,
        "Close":550.1,
        "Percent Change":"-0.88 %",
        "Volume":"15,122.00"
    },
    {
        "Symbol":"EHPL",
        "Date":"2024-07-14",
        "Open":552.8,
        "High":558.0,
        "Low":541.8,
        "Close":555.0,
        "Percent Change":"2.40 %",
        "Volume":"13,658.00"
    },
    {
        "Symbol":"EHPL",
        "Date":"2024-07-11",
        "Open":540.0,
        "High":552.0,
        "Low":531.0,
        "Close":542.0,
        "Percent Change":"-1.28 %",
        "Volume":"9,332.00"
    },
    {
        "Symbol":"EHPL",
        "Date":"2024-07-10",
        "Open":555.9,
        "High":555.9,
        "Low":537.0,
        "Close":549.0,
        "Percent Change":"0.73 %",
        "Volume":"10,207.00"
    },
    {
        "Symbol":"EHPL",
        "Date":"2024-07-09",
        "Open":518.6,
        "High":572.2,
        "Low":518.6,
        "Close":545.0,
        "Percent Change":"3.01 %",
        "Volume":"17,723.00"
    },
    {
        "Symbol":"EHPL",
        "Date":"2024-07-08",
        "Open":525.9,
        "High":541.6,
        "Low":525.9,
        "Close":529.1,
        "Percent Change":"-1.10 %",
        "Volume":"5,217.00"
    },
    {
        "Symbol":"EHPL",
        "Date":"2024-07-07",
        "Open":527.5,
        "High":558.9,
        "Low":527.5,
        "Close":535.0,
        "Percent Change":"-0.59 %",
        "Volume":"8,020.00"
    },
    {
        "Symbol":"EHPL",
        "Date":"2024-07-04",
        "Open":550.0,
        "High":559.0,
        "Low":538.0,
        "Close":538.2,
        "Percent Change":"-2.15 %",
        "Volume":"9,852.00"
    },
    {
        "Symbol":"EHPL",
        "Date":"2024-07-03",
        "Open":553.7,
        "High":559.0,
        "Low":548.0,
        "Close":550.0,
        "Percent Change":"-2.65 %",
        "Volume":"3,589.00"
    },
    {
        "Symbol":"EHPL",
        "Date":"2024-07-02",
        "Open":558.9,
        "High":581.0,
        "Low":527.4,
        "Close":565.0,
        "Percent Change":"3.10 %",
        "Volume":"4,873.00"
    },
    {
        "Symbol":"EHPL",
        "Date":"2024-07-01",
        "Open":535.1,
        "High":548.8,
        "Low":535.1,
        "Close":548.0,
        "Percent Change":"0.37 %",
        "Volume":"5,800.00"
    },
    {
        "Symbol":"EHPL",
        "Date":"2024-06-30",
        "Open":574.0,
        "High":574.0,
        "Low":536.0,
        "Close":546.0,
        "Percent Change":"-3.16 %",
        "Volume":"9,602.00"
    },
    {
        "Symbol":"EHPL",
        "Date":"2024-06-27",
        "Open":549.8,
        "High":570.0,
        "Low":549.8,
        "Close":563.8,
        "Percent Change":"0.50 %",
        "Volume":"5,475.00"
    },
    {
        "Symbol":"EHPL",
        "Date":"2024-06-26",
        "Open":589.5,
        "High":589.5,
        "Low":560.0,
        "Close":561.0,
        "Percent Change":"-3.26 %",
        "Volume":"8,078.00"
    },
    {
        "Symbol":"EHPL",
        "Date":"2024-06-25",
        "Open":557.0,
        "High":579.9,
        "Low":545.0,
        "Close":579.9,
        "Percent Change":"6.01 %",
        "Volume":"20,224.00"
    },
    {
        "Symbol":"EHPL",
        "Date":"2024-06-24",
        "Open":560.0,
        "High":560.0,
        "Low":540.0,
        "Close":547.0,
        "Percent Change":"-0.53 %",
        "Volume":"10,154.00"
    },
    {
        "Symbol":"EHPL",
        "Date":"2024-06-23",
        "Open":539.0,
        "High":555.0,
        "Low":535.0,
        "Close":549.9,
        "Percent Change":"0.16 %",
        "Volume":"10,696.00"
    },
    {
        "Symbol":"EHPL",
        "Date":"2024-06-20",
        "Open":538.1,
        "High":562.9,
        "Low":538.1,
        "Close":549.0,
        "Percent Change":"0.00 %",
        "Volume":"7,080.00"
    },
    {
        "Symbol":"EHPL",
        "Date":"2024-06-19",
        "Open":565.0,
        "High":565.0,
        "Low":541.2,
        "Close":549.0,
        "Percent Change":"-1.06 %",
        "Volume":"7,649.00"
    },
    {
        "Symbol":"EHPL",
        "Date":"2024-06-18",
        "Open":539.0,
        "High":559.0,
        "Low":539.0,
        "Close":554.9,
        "Percent Change":"0.89 %",
        "Volume":"10,550.00"
    },
    {
        "Symbol":"EHPL",
        "Date":"2024-06-16",
        "Open":577.5,
        "High":577.5,
        "Low":546.0,
        "Close":550.0,
        "Percent Change":"-2.86 %",
        "Volume":"19,657.00"
    },
    {
        "Symbol":"EHPL",
        "Date":"2024-06-13",
        "Open":568.0,
        "High":580.9,
        "Low":565.1,
        "Close":566.2,
        "Percent Change":"-2.21 %",
        "Volume":"21,635.00"
    },
    {
        "Symbol":"EHPL",
        "Date":"2024-06-12",
        "Open":618.1,
        "High":618.1,
        "Low":573.0,
        "Close":579.0,
        "Percent Change":"-4.46 %",
        "Volume":"39,772.00"
    },
    {
        "Symbol":"EHPL",
        "Date":"2024-06-11",
        "Open":570.0,
        "High":612.0,
        "Low":568.0,
        "Close":606.0,
        "Percent Change":"4.48 %",
        "Volume":"40,338.00"
    },
    {
        "Symbol":"EHPL",
        "Date":"2024-06-10",
        "Open":550.0,
        "High":590.0,
        "Low":550.0,
        "Close":580.0,
        "Percent Change":"5.45 %",
        "Volume":"31,184.00"
    },
    {
        "Symbol":"EHPL",
        "Date":"2024-06-09",
        "Open":500.0,
        "High":550.0,
        "Low":500.0,
        "Close":550.0,
        "Percent Change":"10.00 %",
        "Volume":"45,693.00"
    },
    {
        "Symbol":"EHPL",
        "Date":"2024-06-06",
        "Open":490.0,
        "High":518.0,
        "Low":490.0,
        "Close":500.0,
        "Percent Change":"0.00 %",
        "Volume":"14,215.00"
    },
    {
        "Symbol":"EHPL",
        "Date":"2024-06-05",
        "Open":502.0,
        "High":509.9,
        "Low":497.0,
        "Close":500.0,
        "Percent Change":"-1.77 %",
        "Volume":"5,341.00"
    },
    {
        "Symbol":"EHPL",
        "Date":"2024-06-04",
        "Open":544.6,
        "High":550.0,
        "Low":508.5,
        "Close":509.0,
        "Percent Change":"-4.68 %",
        "Volume":"16,529.00"
    },
    {
        "Symbol":"EHPL",
        "Date":"2024-06-03",
        "Open":509.0,
        "High":565.0,
        "Low":508.0,
        "Close":534.0,
        "Percent Change":"2.83 %",
        "Volume":"27,593.00"
    },
    {
        "Symbol":"EHPL",
        "Date":"2024-06-02",
        "Open":494.0,
        "High":523.6,
        "Low":494.0,
        "Close":519.3,
        "Percent Change":"3.04 %",
        "Volume":"23,473.00"
    },
    {
        "Symbol":"EHPL",
        "Date":"2024-05-30",
        "Open":510.0,
        "High":520.0,
        "Low":495.0,
        "Close":504.0,
        "Percent Change":"-2.70 %",
        "Volume":"26,388.00"
    },
    {
        "Symbol":"EHPL",
        "Date":"2024-05-29",
        "Open":543.6,
        "High":543.6,
        "Low":511.5,
        "Close":518.0,
        "Percent Change":"-2.81 %",
        "Volume":"18,604.00"
    },
    {
        "Symbol":"EHPL",
        "Date":"2024-05-27",
        "Open":500.8,
        "High":536.0,
        "Low":496.2,
        "Close":533.0,
        "Percent Change":"4.31 %",
        "Volume":"40,243.00"
    },
    {
        "Symbol":"EHPL",
        "Date":"2024-05-26",
        "Open":510.0,
        "High":524.9,
        "Low":496.0,
        "Close":511.0,
        "Percent Change":"-1.73 %",
        "Volume":"31,989.00"
    },
    {
        "Symbol":"EHPL",
        "Date":"2024-05-22",
        "Open":502.0,
        "High":521.0,
        "Low":491.1,
        "Close":520.0,
        "Percent Change":"5.35 %",
        "Volume":"45,545.00"
    },
    {
        "Symbol":"EHPL",
        "Date":"2024-05-21",
        "Open":455.0,
        "High":493.6,
        "Low":444.0,
        "Close":493.6,
        "Percent Change":"9.71 %",
        "Volume":"40,213.00"
    },
    {
        "Symbol":"EHPL",
        "Date":"2024-05-20",
        "Open":455.0,
        "High":455.0,
        "Low":441.0,
        "Close":449.9,
        "Percent Change":"0.02 %",
        "Volume":"6,008.00"
    },
    {
        "Symbol":"EHPL",
        "Date":"2024-05-19",
        "Open":441.0,
        "High":454.0,
        "Low":440.0,
        "Close":449.8,
        "Percent Change":"0.40 %",
        "Volume":"5,707.00"
    },
    {
        "Symbol":"EHPL",
        "Date":"2024-05-16",
        "Open":437.0,
        "High":455.0,
        "Low":435.0,
        "Close":448.0,
        "Percent Change":"1.13 %",
        "Volume":"7,657.00"
    },
    {
        "Symbol":"EHPL",
        "Date":"2024-05-15",
        "Open":442.1,
        "High":467.9,
        "Low":442.1,
        "Close":443.0,
        "Percent Change":"-1.56 %",
        "Volume":"5,469.00"
    },
    {
        "Symbol":"EHPL",
        "Date":"2024-05-14",
        "Open":446.0,
        "High":465.0,
        "Low":446.0,
        "Close":450.0,
        "Percent Change":"-0.88 %",
        "Volume":"9,761.00"
    },
    {
        "Symbol":"EHPL",
        "Date":"2024-05-13",
        "Open":464.9,
        "High":464.9,
        "Low":440.0,
        "Close":454.0,
        "Percent Change":"-1.73 %",
        "Volume":"2,860.00"
    },
    {
        "Symbol":"EHPL",
        "Date":"2024-05-12",
        "Open":437.0,
        "High":478.0,
        "Low":437.0,
        "Close":462.0,
        "Percent Change":"4.31 %",
        "Volume":"16,337.00"
    },
    {
        "Symbol":"EHPL",
        "Date":"2024-05-09",
        "Open":443.7,
        "High":443.7,
        "Low":436.0,
        "Close":442.9,
        "Percent Change":"0.66 %",
        "Volume":"4,611.00"
    },
    {
        "Symbol":"EHPL",
        "Date":"2024-05-08",
        "Open":449.0,
        "High":449.0,
        "Low":432.0,
        "Close":440.0,
        "Percent Change":"-0.56 %",
        "Volume":"1,531.00"
    },
    {
        "Symbol":"EHPL",
        "Date":"2024-05-07",
        "Open":448.0,
        "High":457.9,
        "Low":434.0,
        "Close":442.5,
        "Percent Change":"-1.64 %",
        "Volume":"5,395.00"
    },
    {
        "Symbol":"EHPL",
        "Date":"2024-05-06",
        "Open":449.0,
        "High":460.0,
        "Low":441.8,
        "Close":449.9,
        "Percent Change":"-1.53 %",
        "Volume":"3,541.00"
    },
    {
        "Symbol":"EHPL",
        "Date":"2024-05-05",
        "Open":460.0,
        "High":460.0,
        "Low":449.1,
        "Close":456.9,
        "Percent Change":"-1.32 %",
        "Volume":"3,120.00"
    },
    {
        "Symbol":"EHPL",
        "Date":"2024-05-02",
        "Open":482.4,
        "High":482.4,
        "Low":455.2,
        "Close":463.0,
        "Percent Change":"-2.11 %",
        "Volume":"4,591.00"
    },
    {
        "Symbol":"EHPL",
        "Date":"2024-04-30",
        "Open":461.1,
        "High":480.4,
        "Low":446.7,
        "Close":473.0,
        "Percent Change":"4.62 %",
        "Volume":"25,494.00"
    },
    {
        "Symbol":"EHPL",
        "Date":"2024-04-29",
        "Open":478.9,
        "High":478.9,
        "Low":451.0,
        "Close":452.1,
        "Percent Change":"-3.81 %",
        "Volume":"10,880.00"
    },
    {
        "Symbol":"EHPL",
        "Date":"2024-04-28",
        "Open":470.2,
        "High":517.0,
        "Low":462.0,
        "Close":470.0,
        "Percent Change":"-2.02 %",
        "Volume":"37,815.00"
    },
    {
        "Symbol":"EHPL",
        "Date":"2024-04-25",
        "Open":474.3,
        "High":482.0,
        "Low":466.0,
        "Close":479.7,
        "Percent Change":"3.16 %",
        "Volume":"21,376.00"
    },
    {
        "Symbol":"EHPL",
        "Date":"2024-04-24",
        "Open":465.1,
        "High":473.1,
        "Low":457.0,
        "Close":465.0,
        "Percent Change":"1.97 %",
        "Volume":"41,905.00"
    },
    {
        "Symbol":"EHPL",
        "Date":"2024-04-22",
        "Open":453.6,
        "High":465.0,
        "Low":436.0,
        "Close":456.0,
        "Percent Change":"2.47 %",
        "Volume":"26,575.00"
    },
    {
        "Symbol":"EHPL",
        "Date":"2024-04-21",
        "Open":447.4,
        "High":456.3,
        "Low":431.8,
        "Close":445.0,
        "Percent Change":"1.41 %",
        "Volume":"2,400.00"
    },
    {
        "Symbol":"EHPL",
        "Date":"2024-04-18",
        "Open":437.1,
        "High":443.0,
        "Low":436.1,
        "Close":438.8,
        "Percent Change":"-2.49 %",
        "Volume":"2,590.00"
    },
    {
        "Symbol":"EHPL",
        "Date":"2024-04-16",
        "Open":449.0,
        "High":456.0,
        "Low":440.2,
        "Close":450.0,
        "Percent Change":"0.22 %",
        "Volume":"8,228.00"
    },
    {
        "Symbol":"EHPL",
        "Date":"2024-04-15",
        "Open":435.0,
        "High":468.0,
        "Low":434.3,
        "Close":449.0,
        "Percent Change":"2.05 %",
        "Volume":"14,083.00"
    },
    {
        "Symbol":"EHPL",
        "Date":"2024-04-14",
        "Open":432.0,
        "High":445.8,
        "Low":432.0,
        "Close":440.0,
        "Percent Change":"0.66 %",
        "Volume":"5,160.00"
    },
    {
        "Symbol":"EHPL",
        "Date":"2024-04-10",
        "Open":454.4,
        "High":454.4,
        "Low":436.6,
        "Close":437.1,
        "Percent Change":"-2.00 %",
        "Volume":"12,730.00"
    },
    {
        "Symbol":"EHPL",
        "Date":"2024-04-09",
        "Open":442.8,
        "High":458.0,
        "Low":435.0,
        "Close":446.0,
        "Percent Change":"0.72 %",
        "Volume":"5,877.00"
    },
    {
        "Symbol":"EHPL",
        "Date":"2024-04-07",
        "Open":430.7,
        "High":443.0,
        "Low":425.7,
        "Close":442.8,
        "Percent Change":"1.56 %",
        "Volume":"6,190.00"
    },
    {
        "Symbol":"EHPL",
        "Date":"2024-04-04",
        "Open":423.9,
        "High":445.0,
        "Low":423.9,
        "Close":436.0,
        "Percent Change":"0.81 %",
        "Volume":"3,719.00"
    },
    {
        "Symbol":"EHPL",
        "Date":"2024-04-03",
        "Open":433.0,
        "High":459.0,
        "Low":431.0,
        "Close":432.5,
        "Percent Change":"-0.35 %",
        "Volume":"7,870.00"
    },
    {
        "Symbol":"EHPL",
        "Date":"2024-04-02",
        "Open":447.0,
        "High":447.0,
        "Low":434.0,
        "Close":434.0,
        "Percent Change":"-1.25 %",
        "Volume":"4,384.00"
    },
    {
        "Symbol":"EHPL",
        "Date":"2024-04-01",
        "Open":462.0,
        "High":462.0,
        "Low":435.0,
        "Close":439.5,
        "Percent Change":"-2.98 %",
        "Volume":"5,840.00"
    },
    {
        "Symbol":"EHPL",
        "Date":"2024-03-31",
        "Open":462.5,
        "High":471.0,
        "Low":446.0,
        "Close":453.0,
        "Percent Change":"-3.49 %",
        "Volume":"20,569.00"
    },
    {
        "Symbol":"EHPL",
        "Date":"2024-03-28",
        "Open":474.0,
        "High":480.0,
        "Low":460.7,
        "Close":469.4,
        "Percent Change":"-0.97 %",
        "Volume":"8,694.00"
    },
    {
        "Symbol":"EHPL",
        "Date":"2024-03-27",
        "Open":450.0,
        "High":478.4,
        "Low":435.0,
        "Close":474.0,
        "Percent Change":"7.24 %",
        "Volume":"56,009.00"
    },
    {
        "Symbol":"EHPL",
        "Date":"2024-03-26",
        "Open":440.0,
        "High":445.0,
        "Low":425.4,
        "Close":442.0,
        "Percent Change":"1.84 %",
        "Volume":"3,392.00"
    },
    {
        "Symbol":"EHPL",
        "Date":"2024-03-25",
        "Open":448.4,
        "High":448.4,
        "Low":425.0,
        "Close":434.0,
        "Percent Change":"-1.34 %",
        "Volume":"1,362.00"
    },
    {
        "Symbol":"EHPL",
        "Date":"2024-03-21",
        "Open":450.0,
        "High":454.5,
        "Low":431.3,
        "Close":439.9,
        "Percent Change":"-1.37 %",
        "Volume":"6,576.00"
    },
    {
        "Symbol":"EHPL",
        "Date":"2024-03-20",
        "Open":448.0,
        "High":454.0,
        "Low":435.5,
        "Close":446.0,
        "Percent Change":"-0.22 %",
        "Volume":"3,931.00"
    },
    {
        "Symbol":"EHPL",
        "Date":"2024-03-19",
        "Open":454.0,
        "High":454.0,
        "Low":438.0,
        "Close":447.0,
        "Percent Change":"0.22 %",
        "Volume":"2,060.00"
    },
    {
        "Symbol":"EHPL",
        "Date":"2024-03-18",
        "Open":436.0,
        "High":448.0,
        "Low":436.0,
        "Close":446.0,
        "Percent Change":"1.36 %",
        "Volume":"2,320.00"
    },
    {
        "Symbol":"EHPL",
        "Date":"2024-03-17",
        "Open":434.2,
        "High":444.5,
        "Low":434.2,
        "Close":440.0,
        "Percent Change":"-0.45 %",
        "Volume":"5,542.00"
    },
    {
        "Symbol":"EHPL",
        "Date":"2024-03-14",
        "Open":453.9,
        "High":472.0,
        "Low":439.0,
        "Close":442.0,
        "Percent Change":"-0.67 %",
        "Volume":"4,697.00"
    },
    {
        "Symbol":"EHPL",
        "Date":"2024-03-13",
        "Open":458.0,
        "High":460.0,
        "Low":439.0,
        "Close":445.0,
        "Percent Change":"-2.63 %",
        "Volume":"3,510.00"
    },
    {
        "Symbol":"EHPL",
        "Date":"2024-03-12",
        "Open":460.0,
        "High":460.0,
        "Low":440.3,
        "Close":457.0,
        "Percent Change":"0.77 %",
        "Volume":"14,170.00"
    },
    {
        "Symbol":"EHPL",
        "Date":"2024-03-10",
        "Open":465.0,
        "High":465.0,
        "Low":437.7,
        "Close":453.5,
        "Percent Change":"-0.53 %",
        "Volume":"9,400.00"
    },
    {
        "Symbol":"EHPL",
        "Date":"2024-03-07",
        "Open":456.0,
        "High":465.0,
        "Low":436.0,
        "Close":455.9,
        "Percent Change":"1.76 %",
        "Volume":"4,620.00"
    },
    {
        "Symbol":"EHPL",
        "Date":"2024-03-06",
        "Open":432.0,
        "High":460.0,
        "Low":427.0,
        "Close":448.0,
        "Percent Change":"1.82 %",
        "Volume":"3,500.00"
    },
    {
        "Symbol":"EHPL",
        "Date":"2024-03-05",
        "Open":463.0,
        "High":463.0,
        "Low":428.0,
        "Close":440.0,
        "Percent Change":"-3.08 %",
        "Volume":"3,228.00"
    },
    {
        "Symbol":"EHPL",
        "Date":"2024-03-04",
        "Open":436.0,
        "High":454.0,
        "Low":436.0,
        "Close":454.0,
        "Percent Change":"5.61 %",
        "Volume":"60.00"
    },
    {
        "Symbol":"EHPL",
        "Date":"2024-03-03",
        "Open":422.4,
        "High":439.4,
        "Low":415.7,
        "Close":429.9,
        "Percent Change":"-0.26 %",
        "Volume":"1,733.00"
    },
    {
        "Symbol":"EHPL",
        "Date":"2024-02-29",
        "Open":454.0,
        "High":454.0,
        "Low":426.1,
        "Close":431.0,
        "Percent Change":"-3.77 %",
        "Volume":"11,405.00"
    },
    {
        "Symbol":"EHPL",
        "Date":"2024-02-28",
        "Open":453.7,
        "High":453.7,
        "Low":436.2,
        "Close":447.9,
        "Percent Change":"0.67 %",
        "Volume":"2,542.00"
    },
    {
        "Symbol":"EHPL",
        "Date":"2024-02-27",
        "Open":431.0,
        "High":452.0,
        "Low":431.0,
        "Close":444.9,
        "Percent Change":"1.34 %",
        "Volume":"5,645.00"
    },
    {
        "Symbol":"EHPL",
        "Date":"2024-02-26",
        "Open":442.7,
        "High":451.5,
        "Low":427.6,
        "Close":439.0,
        "Percent Change":"1.13 %",
        "Volume":"7,306.00"
    },
    {
        "Symbol":"EHPL",
        "Date":"2024-02-25",
        "Open":434.0,
        "High":440.0,
        "Low":433.2,
        "Close":434.1,
        "Percent Change":"-1.68 %",
        "Volume":"7,821.00"
    },
    {
        "Symbol":"EHPL",
        "Date":"2024-02-22",
        "Open":440.0,
        "High":449.9,
        "Low":426.5,
        "Close":441.5,
        "Percent Change":"-1.63 %",
        "Volume":"10,055.00"
    },
    {
        "Symbol":"EHPL",
        "Date":"2024-02-21",
        "Open":461.0,
        "High":461.0,
        "Low":443.0,
        "Close":448.8,
        "Percent Change":"-1.10 %",
        "Volume":"4,700.00"
    },
    {
        "Symbol":"EHPL",
        "Date":"2024-02-20",
        "Open":437.1,
        "High":457.0,
        "Low":437.1,
        "Close":453.8,
        "Percent Change":"1.75 %",
        "Volume":"5,875.00"
    },
    {
        "Symbol":"EHPL",
        "Date":"2024-02-18",
        "Open":453.1,
        "High":453.1,
        "Low":440.0,
        "Close":446.0,
        "Percent Change":"-3.04 %",
        "Volume":"14,419.00"
    },
    {
        "Symbol":"EHPL",
        "Date":"2024-02-15",
        "Open":459.0,
        "High":467.0,
        "Low":451.7,
        "Close":460.0,
        "Percent Change":"0.22 %",
        "Volume":"5,888.00"
    },
    {
        "Symbol":"EHPL",
        "Date":"2024-02-14",
        "Open":455.1,
        "High":469.2,
        "Low":451.1,
        "Close":459.0,
        "Percent Change":"-0.22 %",
        "Volume":"12,975.00"
    },
    {
        "Symbol":"EHPL",
        "Date":"2024-02-13",
        "Open":460.6,
        "High":482.4,
        "Low":453.2,
        "Close":460.0,
        "Percent Change":"-2.13 %",
        "Volume":"26,241.00"
    },
    {
        "Symbol":"EHPL",
        "Date":"2024-02-12",
        "Open":475.0,
        "High":477.0,
        "Low":454.0,
        "Close":470.0,
        "Percent Change":"0.21 %",
        "Volume":"10,320.00"
    },
    {
        "Symbol":"EHPL",
        "Date":"2024-02-11",
        "Open":489.6,
        "High":489.6,
        "Low":460.4,
        "Close":469.0,
        "Percent Change":"-2.29 %",
        "Volume":"13,866.00"
    },
    {
        "Symbol":"EHPL",
        "Date":"2024-02-08",
        "Open":480.2,
        "High":500.0,
        "Low":475.0,
        "Close":480.0,
        "Percent Change":"1.95 %",
        "Volume":"45,682.00"
    },
    {
        "Symbol":"EHPL",
        "Date":"2024-02-07",
        "Open":436.4,
        "High":470.8,
        "Low":419.0,
        "Close":470.8,
        "Percent Change":"10.00 %",
        "Volume":"56,759.00"
    },
    {
        "Symbol":"EHPL",
        "Date":"2024-02-06",
        "Open":416.0,
        "High":429.0,
        "Low":416.0,
        "Close":428.0,
        "Percent Change":"1.42 %",
        "Volume":"1,535.00"
    },
    {
        "Symbol":"EHPL",
        "Date":"2024-02-05",
        "Open":428.2,
        "High":436.0,
        "Low":416.0,
        "Close":422.0,
        "Percent Change":"0.50 %",
        "Volume":"2,195.00"
    },
    {
        "Symbol":"EHPL",
        "Date":"2024-02-04",
        "Open":407.0,
        "High":432.7,
        "Low":407.0,
        "Close":419.9,
        "Percent Change":"1.16 %",
        "Volume":"6,209.00"
    },
    {
        "Symbol":"EHPL",
        "Date":"2024-02-01",
        "Open":438.0,
        "High":438.0,
        "Low":415.1,
        "Close":415.1,
        "Percent Change":"-3.47 %",
        "Volume":"7,371.00"
    },
    {
        "Symbol":"EHPL",
        "Date":"2024-01-31",
        "Open":440.2,
        "High":455.0,
        "Low":428.0,
        "Close":430.0,
        "Percent Change":"-4.23 %",
        "Volume":"15,281.00"
    },
    {
        "Symbol":"EHPL",
        "Date":"2024-01-30",
        "Open":435.0,
        "High":452.0,
        "Low":427.1,
        "Close":449.0,
        "Percent Change":"3.22 %",
        "Volume":"5,867.00"
    },
    {
        "Symbol":"EHPL",
        "Date":"2024-01-29",
        "Open":411.6,
        "High":436.0,
        "Low":411.6,
        "Close":435.0,
        "Percent Change":"3.57 %",
        "Volume":"7,795.00"
    },
    {
        "Symbol":"EHPL",
        "Date":"2024-01-28",
        "Open":408.0,
        "High":424.0,
        "Low":408.0,
        "Close":420.0,
        "Percent Change":"1.20 %",
        "Volume":"9,098.00"
    },
    {
        "Symbol":"EHPL",
        "Date":"2024-01-25",
        "Open":404.1,
        "High":418.0,
        "Low":404.1,
        "Close":415.0,
        "Percent Change":"0.73 %",
        "Volume":"7,364.00"
    },
    {
        "Symbol":"EHPL",
        "Date":"2024-01-24",
        "Open":415.0,
        "High":420.2,
        "Low":408.0,
        "Close":412.0,
        "Percent Change":"-0.72 %",
        "Volume":"8,074.00"
    },
    {
        "Symbol":"EHPL",
        "Date":"2024-01-23",
        "Open":406.1,
        "High":419.0,
        "Low":392.0,
        "Close":415.0,
        "Percent Change":"0.17 %",
        "Volume":"12,373.00"
    },
    {
        "Symbol":"EHPL",
        "Date":"2024-01-22",
        "Open":443.5,
        "High":443.5,
        "Low":405.0,
        "Close":414.3,
        "Percent Change":"-4.74 %",
        "Volume":"13,585.00"
    },
    {
        "Symbol":"EHPL",
        "Date":"2024-01-21",
        "Open":431.0,
        "High":438.0,
        "Low":421.0,
        "Close":434.9,
        "Percent Change":"-0.98 %",
        "Volume":"4,405.00"
    },
    {
        "Symbol":"EHPL",
        "Date":"2024-01-18",
        "Open":423.0,
        "High":439.2,
        "Low":410.1,
        "Close":439.2,
        "Percent Change":"2.31 %",
        "Volume":"10,641.00"
    },
    {
        "Symbol":"EHPL",
        "Date":"2024-01-17",
        "Open":486.5,
        "High":486.5,
        "Low":429.3,
        "Close":429.3,
        "Percent Change":"-10.00 %",
        "Volume":"15,315.00"
    },
    {
        "Symbol":"EHPL",
        "Date":"2024-01-16",
        "Open":453.8,
        "High":479.9,
        "Low":442.0,
        "Close":477.0,
        "Percent Change":"3.02 %",
        "Volume":"28,991.00"
    },
    {
        "Symbol":"EHPL",
        "Date":"2024-01-14",
        "Open":459.9,
        "High":471.2,
        "Low":443.5,
        "Close":463.0,
        "Percent Change":"-1.32 %",
        "Volume":"17,472.00"
    },
    {
        "Symbol":"EHPL",
        "Date":"2024-01-11",
        "Open":488.5,
        "High":488.5,
        "Low":442.4,
        "Close":469.2,
        "Percent Change":"-2.05 %",
        "Volume":"19,164.00"
    },
    {
        "Symbol":"EHPL",
        "Date":"2024-01-10",
        "Open":471.1,
        "High":480.5,
        "Low":432.5,
        "Close":479.0,
        "Percent Change":"3.70 %",
        "Volume":"22,681.00"
    },
    {
        "Symbol":"EHPL",
        "Date":"2024-01-09",
        "Open":422.0,
        "High":461.9,
        "Low":408.0,
        "Close":461.9,
        "Percent Change":"8.17 %",
        "Volume":"25,258.00"
    },
    {
        "Symbol":"EHPL",
        "Date":"2024-01-08",
        "Open":389.0,
        "High":427.9,
        "Low":389.0,
        "Close":427.0,
        "Percent Change":"7.58 %",
        "Volume":"8,303.00"
    },
    {
        "Symbol":"EHPL",
        "Date":"2024-01-07",
        "Open":400.0,
        "High":421.9,
        "Low":374.0,
        "Close":396.9,
        "Percent Change":"-0.28 %",
        "Volume":"13,525.00"
    },
    {
        "Symbol":"EHPL",
        "Date":"2024-01-04",
        "Open":403.9,
        "High":411.9,
        "Low":390.1,
        "Close":398.0,
        "Percent Change":"-1.46 %",
        "Volume":"18,570.00"
    },
    {
        "Symbol":"EHPL",
        "Date":"2024-01-03",
        "Open":408.0,
        "High":408.0,
        "Low":386.0,
        "Close":403.9,
        "Percent Change":"0.97 %",
        "Volume":"2,843.00"
    },
    {
        "Symbol":"EHPL",
        "Date":"2024-01-02",
        "Open":389.0,
        "High":410.0,
        "Low":388.0,
        "Close":400.0,
        "Percent Change":"1.27 %",
        "Volume":"9,216.00"
    },
    {
        "Symbol":"EHPL",
        "Date":"2024-01-01",
        "Open":409.0,
        "High":416.0,
        "Low":395.0,
        "Close":395.0,
        "Percent Change":"-2.73 %",
        "Volume":"10,100.00"
    },
    {
        "Symbol":"EHPL",
        "Date":"2023-12-28",
        "Open":385.0,
        "High":413.0,
        "Low":382.5,
        "Close":406.1,
        "Percent Change":"4.13 %",
        "Volume":"17,464.00"
    },
    {
        "Symbol":"EHPL",
        "Date":"2023-12-27",
        "Open":372.7,
        "High":400.0,
        "Low":360.2,
        "Close":390.0,
        "Percent Change":"6.73 %",
        "Volume":"17,140.00"
    },
    {
        "Symbol":"EHPL",
        "Date":"2023-12-24",
        "Open":375.2,
        "High":389.9,
        "Low":361.1,
        "Close":365.4,
        "Percent Change":"-0.68 %",
        "Volume":"16,204.00"
    },
    {
        "Symbol":"EHPL",
        "Date":"2023-12-21",
        "Open":375.0,
        "High":381.0,
        "Low":358.0,
        "Close":367.9,
        "Percent Change":"-1.84 %",
        "Volume":"14,228.00"
    },
    {
        "Symbol":"EHPL",
        "Date":"2023-12-20",
        "Open":371.2,
        "High":378.5,
        "Low":359.4,
        "Close":374.8,
        "Percent Change":"2.97 %",
        "Volume":"12,714.00"
    },
    {
        "Symbol":"EHPL",
        "Date":"2023-12-19",
        "Open":374.0,
        "High":374.0,
        "Low":353.0,
        "Close":364.0,
        "Percent Change":"-0.82 %",
        "Volume":"6,085.00"
    },
    {
        "Symbol":"EHPL",
        "Date":"2023-12-18",
        "Open":380.0,
        "High":387.6,
        "Low":355.8,
        "Close":367.0,
        "Percent Change":"-1.61 %",
        "Volume":"11,668.00"
    },
    {
        "Symbol":"EHPL",
        "Date":"2023-12-17",
        "Open":343.1,
        "High":373.0,
        "Low":343.1,
        "Close":373.0,
        "Percent Change":"7.18 %",
        "Volume":"9,324.00"
    },
    {
        "Symbol":"EHPL",
        "Date":"2023-12-14",
        "Open":338.2,
        "High":349.0,
        "Low":338.1,
        "Close":348.0,
        "Percent Change":"0.90 %",
        "Volume":"4,716.00"
    },
    {
        "Symbol":"EHPL",
        "Date":"2023-12-13",
        "Open":342.0,
        "High":360.9,
        "Low":340.1,
        "Close":344.9,
        "Percent Change":"-0.61 %",
        "Volume":"3,054.00"
    },
    {
        "Symbol":"EHPL",
        "Date":"2023-12-12",
        "Open":340.0,
        "High":355.0,
        "Low":332.0,
        "Close":347.0,
        "Percent Change":"2.33 %",
        "Volume":"11,548.00"
    },
    {
        "Symbol":"EHPL",
        "Date":"2023-12-11",
        "Open":341.0,
        "High":341.5,
        "Low":321.1,
        "Close":339.1,
        "Percent Change":"1.22 %",
        "Volume":"12,229.00"
    },
    {
        "Symbol":"EHPL",
        "Date":"2023-12-10",
        "Open":324.3,
        "High":342.0,
        "Low":324.3,
        "Close":335.0,
        "Percent Change":"5.35 %",
        "Volume":"435.00"
    },
    {
        "Symbol":"EHPL",
        "Date":"2023-12-07",
        "Open":310.1,
        "High":321.0,
        "Low":305.0,
        "Close":318.0,
        "Percent Change":"0.51 %",
        "Volume":"1,892.00"
    },
    {
        "Symbol":"EHPL",
        "Date":"2023-12-06",
        "Open":313.0,
        "High":316.4,
        "Low":304.6,
        "Close":316.4,
        "Percent Change":"0.76 %",
        "Volume":"2,928.00"
    },
    {
        "Symbol":"EHPL",
        "Date":"2023-12-05",
        "Open":320.0,
        "High":320.0,
        "Low":298.0,
        "Close":314.0,
        "Percent Change":"0.00 %",
        "Volume":"6,325.00"
    },
    {
        "Symbol":"EHPL",
        "Date":"2023-12-04",
        "Open":305.7,
        "High":324.3,
        "Low":305.7,
        "Close":314.0,
        "Percent Change":"0.67 %",
        "Volume":"1,660.00"
    },
    {
        "Symbol":"EHPL",
        "Date":"2023-12-03",
        "Open":311.9,
        "High":317.5,
        "Low":311.9,
        "Close":311.9,
        "Percent Change":"-1.98 %",
        "Volume":"830.00"
    },
    {
        "Symbol":"EHPL",
        "Date":"2023-11-30",
        "Open":337.5,
        "High":337.5,
        "Low":312.0,
        "Close":318.2,
        "Percent Change":"-3.84 %",
        "Volume":"1,965.00"
    },
    {
        "Symbol":"EHPL",
        "Date":"2023-11-29",
        "Open":329.0,
        "High":331.0,
        "Low":320.1,
        "Close":330.9,
        "Percent Change":"0.58 %",
        "Volume":"2,735.00"
    },
    {
        "Symbol":"EHPL",
        "Date":"2023-11-28",
        "Open":325.4,
        "High":340.0,
        "Low":316.0,
        "Close":329.0,
        "Percent Change":"-0.90 %",
        "Volume":"7,996.00"
    },
    {
        "Symbol":"EHPL",
        "Date":"2023-11-27",
        "Open":325.4,
        "High":337.9,
        "Low":315.0,
        "Close":332.0,
        "Percent Change":"0.00 %",
        "Volume":"3,994.00"
    },
    {
        "Symbol":"EHPL",
        "Date":"2023-11-26",
        "Open":306.8,
        "High":332.0,
        "Low":306.0,
        "Close":332.0,
        "Percent Change":"6.07 %",
        "Volume":"5,505.00"
    },
    {
        "Symbol":"EHPL",
        "Date":"2023-11-23",
        "Open":307.0,
        "High":313.0,
        "Low":296.0,
        "Close":313.0,
        "Percent Change":"1.66 %",
        "Volume":"5,330.00"
    },
    {
        "Symbol":"EHPL",
        "Date":"2023-11-22",
        "Open":293.1,
        "High":310.9,
        "Low":288.0,
        "Close":307.9,
        "Percent Change":"2.98 %",
        "Volume":"1,774.00"
    },
    {
        "Symbol":"EHPL",
        "Date":"2023-11-21",
        "Open":298.0,
        "High":299.0,
        "Low":288.0,
        "Close":299.0,
        "Percent Change":"-1.64 %",
        "Volume":"1,948.00"
    },
    {
        "Symbol":"EHPL",
        "Date":"2023-11-20",
        "Open":310.5,
        "High":310.5,
        "Low":290.1,
        "Close":304.0,
        "Percent Change":"-0.16 %",
        "Volume":"1,570.00"
    },
    {
        "Symbol":"EHPL",
        "Date":"2023-11-09",
        "Open":316.2,
        "High":316.2,
        "Low":292.8,
        "Close":304.5,
        "Percent Change":"-1.77 %",
        "Volume":"2,810.00"
    },
    {
        "Symbol":"EHPL",
        "Date":"2023-11-08",
        "Open":309.0,
        "High":319.0,
        "Low":295.1,
        "Close":310.0,
        "Percent Change":"-1.59 %",
        "Volume":"1,290.00"
    },
    {
        "Symbol":"EHPL",
        "Date":"2023-11-07",
        "Open":303.8,
        "High":315.9,
        "Low":297.8,
        "Close":315.0,
        "Percent Change":"1.65 %",
        "Volume":"1,450.00"
    },
    {
        "Symbol":"EHPL",
        "Date":"2023-11-06",
        "Open":297.0,
        "High":309.9,
        "Low":279.6,
        "Close":309.9,
        "Percent Change":"2.28 %",
        "Volume":"8,010.00"
    },
    {
        "Symbol":"EHPL",
        "Date":"2023-11-05",
        "Open":312.6,
        "High":324.9,
        "Low":297.1,
        "Close":303.0,
        "Percent Change":"-4.99 %",
        "Volume":"3,955.00"
    },
    {
        "Symbol":"EHPL",
        "Date":"2023-11-02",
        "Open":318.0,
        "High":318.9,
        "Low":301.5,
        "Close":318.9,
        "Percent Change":"0.09 %",
        "Volume":"3,020.00"
    },
    {
        "Symbol":"EHPL",
        "Date":"2023-11-01",
        "Open":328.8,
        "High":333.9,
        "Low":304.1,
        "Close":318.6,
        "Percent Change":"-1.18 %",
        "Volume":"5,300.00"
    },
    {
        "Symbol":"EHPL",
        "Date":"2023-10-31",
        "Open":333.0,
        "High":333.0,
        "Low":314.0,
        "Close":322.4,
        "Percent Change":"-1.41 %",
        "Volume":"2,311.00"
    },
    {
        "Symbol":"EHPL",
        "Date":"2023-10-30",
        "Open":331.0,
        "High":331.0,
        "Low":313.2,
        "Close":327.0,
        "Percent Change":"0.25 %",
        "Volume":"330.00"
    },
    {
        "Symbol":"EHPL",
        "Date":"2023-10-29",
        "Open":324.9,
        "High":326.2,
        "Low":310.0,
        "Close":326.2,
        "Percent Change":"-1.60 %",
        "Volume":"1,560.00"
    },
    {
        "Symbol":"EHPL",
        "Date":"2023-10-19",
        "Open":320.0,
        "High":337.0,
        "Low":317.5,
        "Close":331.5,
        "Percent Change":"1.53 %",
        "Volume":"1,439.00"
    },
    {
        "Symbol":"EHPL",
        "Date":"2023-10-18",
        "Open":334.0,
        "High":346.0,
        "Low":318.0,
        "Close":326.5,
        "Percent Change":"-0.46 %",
        "Volume":"4,257.00"
    },
    {
        "Symbol":"EHPL",
        "Date":"2023-10-17",
        "Open":336.6,
        "High":343.0,
        "Low":320.0,
        "Close":328.0,
        "Percent Change":"-0.61 %",
        "Volume":"3,675.00"
    },
    {
        "Symbol":"EHPL",
        "Date":"2023-10-16",
        "Open":338.0,
        "High":338.0,
        "Low":324.0,
        "Close":330.0,
        "Percent Change":"-4.29 %",
        "Volume":"5,710.00"
    },
    {
        "Symbol":"EHPL",
        "Date":"2023-10-12",
        "Open":338.2,
        "High":351.9,
        "Low":326.1,
        "Close":344.8,
        "Percent Change":"-0.06 %",
        "Volume":"9,550.00"
    },
    {
        "Symbol":"EHPL",
        "Date":"2023-10-11",
        "Open":358.0,
        "High":365.0,
        "Low":343.0,
        "Close":345.0,
        "Percent Change":"-1.74 %",
        "Volume":"1,660.00"
    },
    {
        "Symbol":"EHPL",
        "Date":"2023-10-10",
        "Open":366.0,
        "High":366.0,
        "Low":346.1,
        "Close":351.1,
        "Percent Change":"-5.06 %",
        "Volume":"3,904.00"
    },
    {
        "Symbol":"EHPL",
        "Date":"2023-10-09",
        "Open":371.0,
        "High":373.0,
        "Low":357.9,
        "Close":369.8,
        "Percent Change":"1.34 %",
        "Volume":"9,830.00"
    },
    {
        "Symbol":"EHPL",
        "Date":"2023-10-08",
        "Open":379.0,
        "High":379.0,
        "Low":355.1,
        "Close":364.9,
        "Percent Change":"-3.69 %",
        "Volume":"5,641.00"
    },
    {
        "Symbol":"EHPL",
        "Date":"2023-10-05",
        "Open":357.0,
        "High":382.0,
        "Low":350.0,
        "Close":378.9,
        "Percent Change":"8.26 %",
        "Volume":"27,654.00"
    },
    {
        "Symbol":"EHPL",
        "Date":"2023-10-04",
        "Open":352.8,
        "High":359.5,
        "Low":338.2,
        "Close":350.0,
        "Percent Change":"1.19 %",
        "Volume":"4,720.00"
    },
    {
        "Symbol":"EHPL",
        "Date":"2023-10-03",
        "Open":341.1,
        "High":364.9,
        "Low":335.1,
        "Close":345.9,
        "Percent Change":"-0.60 %",
        "Volume":"8,921.00"
    },
    {
        "Symbol":"EHPL",
        "Date":"2023-10-02",
        "Open":321.8,
        "High":360.9,
        "Low":317.0,
        "Close":348.0,
        "Percent Change":"6.03 %",
        "Volume":"2,992.00"
    },
    {
        "Symbol":"EHPL",
        "Date":"2023-10-01",
        "Open":344.9,
        "High":351.0,
        "Low":327.2,
        "Close":328.2,
        "Percent Change":"-6.73 %",
        "Volume":"10,270.00"
    },
    {
        "Symbol":"EHPL",
        "Date":"2023-09-27",
        "Open":363.6,
        "High":375.0,
        "Low":340.4,
        "Close":351.9,
        "Percent Change":"-5.15 %",
        "Volume":"7,668.00"
    },
    {
        "Symbol":"EHPL",
        "Date":"2023-09-26",
        "Open":370.0,
        "High":389.0,
        "Low":363.1,
        "Close":371.0,
        "Percent Change":"2.26 %",
        "Volume":"8,075.00"
    },
    {
        "Symbol":"EHPL",
        "Date":"2023-09-25",
        "Open":336.4,
        "High":362.8,
        "Low":327.0,
        "Close":362.8,
        "Percent Change":"9.97 %",
        "Volume":"22,864.00"
    },
    {
        "Symbol":"EHPL",
        "Date":"2023-09-24",
        "Open":313.6,
        "High":333.0,
        "Low":313.6,
        "Close":329.9,
        "Percent Change":"3.09 %",
        "Volume":"4,721.00"
    },
    {
        "Symbol":"EHPL",
        "Date":"2023-09-21",
        "Open":310.0,
        "High":333.0,
        "Low":304.0,
        "Close":320.0,
        "Percent Change":"4.95 %",
        "Volume":"14,495.00"
    },
    {
        "Symbol":"EHPL",
        "Date":"2023-09-19",
        "Open":303.9,
        "High":309.0,
        "Low":285.1,
        "Close":304.9,
        "Percent Change":"-1.68 %",
        "Volume":"2,580.00"
    },
    {
        "Symbol":"EHPL",
        "Date":"2023-09-18",
        "Open":291.1,
        "High":310.1,
        "Low":274.2,
        "Close":310.1,
        "Percent Change":"4.41 %",
        "Volume":"995.00"
    },
    {
        "Symbol":"EHPL",
        "Date":"2023-09-17",
        "Open":300.0,
        "High":300.9,
        "Low":294.2,
        "Close":297.0,
        "Percent Change":"-2.30 %",
        "Volume":"1,340.00"
    },
    {
        "Symbol":"EHPL",
        "Date":"2023-09-13",
        "Open":289.0,
        "High":306.0,
        "Low":283.4,
        "Close":304.0,
        "Percent Change":"3.12 %",
        "Volume":"8,811.00"
    },
    {
        "Symbol":"EHPL",
        "Date":"2023-09-12",
        "Open":292.0,
        "High":295.0,
        "Low":283.0,
        "Close":294.8,
        "Percent Change":"0.65 %",
        "Volume":"472.00"
    },
    {
        "Symbol":"EHPL",
        "Date":"2023-09-11",
        "Open":288.2,
        "High":292.9,
        "Low":280.5,
        "Close":292.9,
        "Percent Change":"-0.37 %",
        "Volume":"390.00"
    },
    {
        "Symbol":"EHPL",
        "Date":"2023-09-10",
        "Open":283.2,
        "High":294.0,
        "Low":277.0,
        "Close":294.0,
        "Percent Change":"1.77 %",
        "Volume":"860.00"
    },
    {
        "Symbol":"EHPL",
        "Date":"2023-09-07",
        "Open":289.1,
        "High":289.1,
        "Low":273.0,
        "Close":288.9,
        "Percent Change":"-2.07 %",
        "Volume":"2,200.00"
    },
    {
        "Symbol":"EHPL",
        "Date":"2023-09-05",
        "Open":296.4,
        "High":301.9,
        "Low":281.0,
        "Close":295.0,
        "Percent Change":"-0.47 %",
        "Volume":"1,540.00"
    },
    {
        "Symbol":"EHPL",
        "Date":"2023-09-04",
        "Open":296.0,
        "High":296.4,
        "Low":285.3,
        "Close":296.4,
        "Percent Change":"-1.85 %",
        "Volume":"1,120.00"
    },
    {
        "Symbol":"EHPL",
        "Date":"2023-09-03",
        "Open":303.8,
        "High":303.8,
        "Low":288.0,
        "Close":302.0,
        "Percent Change":"-2.55 %",
        "Volume":"3,494.00"
    },
    {
        "Symbol":"EHPL",
        "Date":"2023-08-30",
        "Open":303.8,
        "High":309.9,
        "Low":287.3,
        "Close":309.9,
        "Percent Change":"-0.03 %",
        "Volume":"2,670.00"
    },
    {
        "Symbol":"EHPL",
        "Date":"2023-08-29",
        "Open":305.8,
        "High":310.0,
        "Low":288.0,
        "Close":310.0,
        "Percent Change":"-0.64 %",
        "Volume":"1,995.00"
    },
    {
        "Symbol":"EHPL",
        "Date":"2023-08-28",
        "Open":314.9,
        "High":314.9,
        "Low":286.5,
        "Close":312.0,
        "Percent Change":"0.42 %",
        "Volume":"6,296.00"
    },
    {
        "Symbol":"EHPL",
        "Date":"2023-08-27",
        "Open":298.7,
        "High":310.7,
        "Low":284.0,
        "Close":310.7,
        "Percent Change":"1.97 %",
        "Volume":"740.00"
    },
    {
        "Symbol":"EHPL",
        "Date":"2023-08-24",
        "Open":317.0,
        "High":323.3,
        "Low":287.2,
        "Close":304.7,
        "Percent Change":"-2.09 %",
        "Volume":"3,820.00"
    },
    {
        "Symbol":"EHPL",
        "Date":"2023-08-23",
        "Open":294.2,
        "High":318.0,
        "Low":291.0,
        "Close":311.2,
        "Percent Change":"3.73 %",
        "Volume":"1,054.00"
    },
    {
        "Symbol":"EHPL",
        "Date":"2023-08-22",
        "Open":295.9,
        "High":300.0,
        "Low":285.6,
        "Close":300.0,
        "Percent Change":"-0.63 %",
        "Volume":"280.00"
    },
    {
        "Symbol":"EHPL",
        "Date":"2023-08-21",
        "Open":294.0,
        "High":301.9,
        "Low":288.0,
        "Close":301.9,
        "Percent Change":"0.63 %",
        "Volume":"4,340.00"
    },
    {
        "Symbol":"EHPL",
        "Date":"2023-08-20",
        "Open":301.9,
        "High":301.9,
        "Low":291.2,
        "Close":300.0,
        "Percent Change":"-2.60 %",
        "Volume":"1,325.00"
    },
    {
        "Symbol":"EHPL",
        "Date":"2023-08-17",
        "Open":305.7,
        "High":308.0,
        "Low":294.0,
        "Close":308.0,
        "Percent Change":"-1.25 %",
        "Volume":"735.00"
    },
    {
        "Symbol":"EHPL",
        "Date":"2023-08-16",
        "Open":299.8,
        "High":311.9,
        "Low":295.1,
        "Close":311.9,
        "Percent Change":"1.99 %",
        "Volume":"1,179.00"
    },
    {
        "Symbol":"EHPL",
        "Date":"2023-08-15",
        "Open":304.8,
        "High":309.5,
        "Low":293.4,
        "Close":305.8,
        "Percent Change":"-1.67 %",
        "Volume":"1,060.00"
    },
    {
        "Symbol":"EHPL",
        "Date":"2023-08-14",
        "Open":310.9,
        "High":312.0,
        "Low":304.7,
        "Close":311.0,
        "Percent Change":"-1.95 %",
        "Volume":"670.00"
    },
    {
        "Symbol":"EHPL",
        "Date":"2023-08-13",
        "Open":315.6,
        "High":317.2,
        "Low":305.9,
        "Close":317.2,
        "Percent Change":"-1.49 %",
        "Volume":"975.00"
    },
    {
        "Symbol":"EHPL",
        "Date":"2023-08-10",
        "Open":320.0,
        "High":322.0,
        "Low":304.0,
        "Close":322.0,
        "Percent Change":"-0.25 %",
        "Volume":"441.00"
    },
    {
        "Symbol":"EHPL",
        "Date":"2023-08-09",
        "Open":304.8,
        "High":322.8,
        "Low":300.0,
        "Close":322.8,
        "Percent Change":"3.79 %",
        "Volume":"1,446.00"
    },
    {
        "Symbol":"EHPL",
        "Date":"2023-08-08",
        "Open":303.8,
        "High":315.0,
        "Low":298.0,
        "Close":311.0,
        "Percent Change":"0.32 %",
        "Volume":"1,310.00"
    },
    {
        "Symbol":"EHPL",
        "Date":"2023-08-07",
        "Open":301.9,
        "High":319.0,
        "Low":301.9,
        "Close":310.0,
        "Percent Change":"0.65 %",
        "Volume":"2,080.00"
    },
    {
        "Symbol":"EHPL",
        "Date":"2023-08-06",
        "Open":303.0,
        "High":313.1,
        "Low":303.0,
        "Close":308.0,
        "Percent Change":"0.33 %",
        "Volume":"1,783.00"
    },
    {
        "Symbol":"EHPL",
        "Date":"2023-08-03",
        "Open":309.0,
        "High":315.0,
        "Low":307.0,
        "Close":307.0,
        "Percent Change":"-1.57 %",
        "Volume":"6,955.00"
    },
    {
        "Symbol":"EHPL",
        "Date":"2023-08-02",
        "Open":311.8,
        "High":317.0,
        "Low":311.8,
        "Close":311.9,
        "Percent Change":"-1.92 %",
        "Volume":"840.00"
    },
    {
        "Symbol":"EHPL",
        "Date":"2023-08-01",
        "Open":315.0,
        "High":318.0,
        "Low":310.3,
        "Close":318.0,
        "Percent Change":"-1.03 %",
        "Volume":"1,531.00"
    },
    {
        "Symbol":"EHPL",
        "Date":"2023-07-31",
        "Open":311.7,
        "High":332.5,
        "Low":308.0,
        "Close":321.3,
        "Percent Change":"1.04 %",
        "Volume":"3,028.00"
    },
    {
        "Symbol":"EHPL",
        "Date":"2023-07-30",
        "Open":318.6,
        "High":319.5,
        "Low":313.3,
        "Close":318.0,
        "Percent Change":"-2.15 %",
        "Volume":"1,705.00"
    },
    {
        "Symbol":"EHPL",
        "Date":"2023-07-27",
        "Open":325.4,
        "High":331.9,
        "Low":316.6,
        "Close":325.0,
        "Percent Change":"-2.11 %",
        "Volume":"2,003.00"
    },
    {
        "Symbol":"EHPL",
        "Date":"2023-07-26",
        "Open":333.2,
        "High":334.0,
        "Low":327.2,
        "Close":332.0,
        "Percent Change":"-2.35 %",
        "Volume":"4,081.00"
    },
    {
        "Symbol":"EHPL",
        "Date":"2023-07-25",
        "Open":337.2,
        "High":350.0,
        "Low":330.1,
        "Close":340.0,
        "Percent Change":"-1.16 %",
        "Volume":"470.00"
    },
    {
        "Symbol":"EHPL",
        "Date":"2023-07-24",
        "Open":334.0,
        "High":344.0,
        "Low":326.0,
        "Close":344.0,
        "Percent Change":"1.78 %",
        "Volume":"1,889.00"
    },
    {
        "Symbol":"EHPL",
        "Date":"2023-07-23",
        "Open":321.5,
        "High":346.8,
        "Low":321.5,
        "Close":338.0,
        "Percent Change":"3.05 %",
        "Volume":"3,403.00"
    },
    {
        "Symbol":"EHPL",
        "Date":"2023-07-20",
        "Open":323.0,
        "High":332.5,
        "Low":320.0,
        "Close":328.0,
        "Percent Change":"-0.30 %",
        "Volume":"1,440.00"
    },
    {
        "Symbol":"EHPL",
        "Date":"2023-07-19",
        "Open":328.0,
        "High":330.0,
        "Low":320.0,
        "Close":329.0,
        "Percent Change":"-1.47 %",
        "Volume":"1,711.00"
    },
    {
        "Symbol":"EHPL",
        "Date":"2023-07-18",
        "Open":310.4,
        "High":334.5,
        "Low":310.4,
        "Close":333.9,
        "Percent Change":"5.43 %",
        "Volume":"2,765.00"
    },
    {
        "Symbol":"EHPL",
        "Date":"2023-07-17",
        "Open":304.8,
        "High":330.0,
        "Low":304.8,
        "Close":316.7,
        "Percent Change":"1.83 %",
        "Volume":"4,692.00"
    },
    {
        "Symbol":"EHPL",
        "Date":"2023-07-16",
        "Open":310.0,
        "High":324.2,
        "Low":306.1,
        "Close":311.0,
        "Percent Change":"-0.64 %",
        "Volume":"1,851.00"
    },
    {
        "Symbol":"EHPL",
        "Date":"2023-07-13",
        "Open":316.6,
        "High":329.3,
        "Low":311.1,
        "Close":313.0,
        "Percent Change":"-3.10 %",
        "Volume":"3,295.00"
    },
    {
        "Symbol":"EHPL",
        "Date":"2023-07-12",
        "Open":308.0,
        "High":325.9,
        "Low":308.0,
        "Close":323.0,
        "Percent Change":"4.19 %",
        "Volume":"3,223.00"
    },
    {
        "Symbol":"EHPL",
        "Date":"2023-07-11",
        "Open":324.0,
        "High":324.0,
        "Low":308.7,
        "Close":310.0,
        "Percent Change":"-4.62 %",
        "Volume":"5,730.00"
    },
    {
        "Symbol":"EHPL",
        "Date":"2023-07-10",
        "Open":313.6,
        "High":332.6,
        "Low":313.5,
        "Close":325.0,
        "Percent Change":"1.56 %",
        "Volume":"920.00"
    },
    {
        "Symbol":"EHPL",
        "Date":"2023-07-09",
        "Open":319.0,
        "High":330.4,
        "Low":313.0,
        "Close":320.0,
        "Percent Change":"0.60 %",
        "Volume":"2,030.00"
    },
    {
        "Symbol":"EHPL",
        "Date":"2023-07-06",
        "Open":329.0,
        "High":331.6,
        "Low":314.0,
        "Close":318.1,
        "Percent Change":"-2.15 %",
        "Volume":"2,884.00"
    },
    {
        "Symbol":"EHPL",
        "Date":"2023-07-05",
        "Open":334.2,
        "High":346.4,
        "Low":321.3,
        "Close":325.1,
        "Percent Change":"-4.66 %",
        "Volume":"4,163.00"
    },
    {
        "Symbol":"EHPL",
        "Date":"2023-07-04",
        "Open":331.3,
        "High":341.0,
        "Low":325.3,
        "Close":341.0,
        "Percent Change":"0.89 %",
        "Volume":"1,075.00"
    },
    {
        "Symbol":"EHPL",
        "Date":"2023-07-03",
        "Open":329.9,
        "High":338.0,
        "Low":325.1,
        "Close":338.0,
        "Percent Change":"0.42 %",
        "Volume":"1,350.00"
    },
    {
        "Symbol":"EHPL",
        "Date":"2023-07-02",
        "Open":328.3,
        "High":347.5,
        "Low":325.3,
        "Close":336.6,
        "Percent Change":"0.48 %",
        "Volume":"3,940.00"
    },
    {
        "Symbol":"EHPL",
        "Date":"2023-06-28",
        "Open":343.1,
        "High":349.7,
        "Low":335.0,
        "Close":335.0,
        "Percent Change":"-4.26 %",
        "Volume":"3,776.00"
    },
    {
        "Symbol":"EHPL",
        "Date":"2023-06-27",
        "Open":355.0,
        "High":362.0,
        "Low":333.5,
        "Close":349.9,
        "Percent Change":"-1.66 %",
        "Volume":"11,149.00"
    },
    {
        "Symbol":"EHPL",
        "Date":"2023-06-26",
        "Open":357.0,
        "High":371.3,
        "Low":337.1,
        "Close":355.8,
        "Percent Change":"1.66 %",
        "Volume":"3,285.00"
    },
    {
        "Symbol":"EHPL",
        "Date":"2023-06-25",
        "Open":352.0,
        "High":356.0,
        "Low":335.1,
        "Close":350.0,
        "Percent Change":"-0.54 %",
        "Volume":"3,309.00"
    },
    {
        "Symbol":"EHPL",
        "Date":"2023-06-22",
        "Open":369.2,
        "High":370.0,
        "Low":329.6,
        "Close":351.9,
        "Percent Change":"-2.79 %",
        "Volume":"4,377.00"
    },
    {
        "Symbol":"EHPL",
        "Date":"2023-06-21",
        "Open":362.6,
        "High":375.0,
        "Low":350.0,
        "Close":362.0,
        "Percent Change":"-2.14 %",
        "Volume":"4,507.00"
    },
    {
        "Symbol":"EHPL",
        "Date":"2023-06-20",
        "Open":371.5,
        "High":375.0,
        "Low":364.1,
        "Close":369.9,
        "Percent Change":"-2.40 %",
        "Volume":"1,156.00"
    },
    {
        "Symbol":"EHPL",
        "Date":"2023-06-19",
        "Open":378.0,
        "High":391.0,
        "Low":371.5,
        "Close":379.0,
        "Percent Change":"-1.56 %",
        "Volume":"6,184.00"
    },
    {
        "Symbol":"EHPL",
        "Date":"2023-06-18",
        "Open":375.0,
        "High":385.0,
        "Low":368.8,
        "Close":385.0,
        "Percent Change":"2.34 %",
        "Volume":"2,965.00"
    },
    {
        "Symbol":"EHPL",
        "Date":"2023-06-15",
        "Open":364.7,
        "High":376.2,
        "Low":351.8,
        "Close":376.2,
        "Percent Change":"1.10 %",
        "Volume":"6,450.00"
    },
    {
        "Symbol":"EHPL",
        "Date":"2023-06-14",
        "Open":369.5,
        "High":385.0,
        "Low":356.0,
        "Close":372.1,
        "Percent Change":"-1.30 %",
        "Volume":"6,162.00"
    },
    {
        "Symbol":"EHPL",
        "Date":"2023-06-13",
        "Open":352.8,
        "High":377.0,
        "Low":352.0,
        "Close":377.0,
        "Percent Change":"4.72 %",
        "Volume":"3,951.00"
    },
    {
        "Symbol":"EHPL",
        "Date":"2023-06-12",
        "Open":373.3,
        "High":373.3,
        "Low":352.0,
        "Close":360.0,
        "Percent Change":"-1.64 %",
        "Volume":"1,925.00"
    },
    {
        "Symbol":"EHPL",
        "Date":"2023-06-11",
        "Open":360.5,
        "High":381.0,
        "Low":346.7,
        "Close":366.0,
        "Percent Change":"1.53 %",
        "Volume":"3,681.00"
    },
    {
        "Symbol":"EHPL",
        "Date":"2023-06-08",
        "Open":361.9,
        "High":369.1,
        "Low":340.7,
        "Close":360.5,
        "Percent Change":"1.58 %",
        "Volume":"844.00"
    },
    {
        "Symbol":"EHPL",
        "Date":"2023-06-07",
        "Open":363.0,
        "High":370.0,
        "Low":343.1,
        "Close":354.9,
        "Percent Change":"-0.28 %",
        "Volume":"4,387.00"
    },
    {
        "Symbol":"EHPL",
        "Date":"2023-06-06",
        "Open":343.0,
        "High":357.0,
        "Low":339.0,
        "Close":355.9,
        "Percent Change":"1.69 %",
        "Volume":"3,630.00"
    },
    {
        "Symbol":"EHPL",
        "Date":"2023-06-05",
        "Open":347.9,
        "High":357.0,
        "Low":337.0,
        "Close":350.0,
        "Percent Change":"-1.41 %",
        "Volume":"1,984.00"
    },
    {
        "Symbol":"EHPL",
        "Date":"2023-06-04",
        "Open":344.0,
        "High":361.0,
        "Low":340.0,
        "Close":355.0,
        "Percent Change":"3.17 %",
        "Volume":"3,082.00"
    },
    {
        "Symbol":"EHPL",
        "Date":"2023-06-01",
        "Open":337.2,
        "High":348.3,
        "Low":330.5,
        "Close":344.1,
        "Percent Change":"0.03 %",
        "Volume":"500.00"
    },
    {
        "Symbol":"EHPL",
        "Date":"2023-05-31",
        "Open":350.0,
        "High":353.8,
        "Low":316.6,
        "Close":344.0,
        "Percent Change":"-1.43 %",
        "Volume":"6,716.00"
    },
    {
        "Symbol":"EHPL",
        "Date":"2023-05-30",
        "Open":348.2,
        "High":349.0,
        "Low":316.4,
        "Close":349.0,
        "Percent Change":"0.23 %",
        "Volume":"2,280.00"
    },
    {
        "Symbol":"EHPL",
        "Date":"2023-05-28",
        "Open":366.9,
        "High":366.9,
        "Low":346.0,
        "Close":348.2,
        "Percent Change":"-3.28 %",
        "Volume":"4,619.00"
    },
    {
        "Symbol":"EHPL",
        "Date":"2023-05-24",
        "Open":354.3,
        "High":363.0,
        "Low":347.3,
        "Close":360.0,
        "Percent Change":"-0.41 %",
        "Volume":"3,321.00"
    },
    {
        "Symbol":"EHPL",
        "Date":"2023-05-23",
        "Open":344.0,
        "High":362.1,
        "Low":344.0,
        "Close":361.5,
        "Percent Change":"2.99 %",
        "Volume":"5,850.00"
    },
    {
        "Symbol":"EHPL",
        "Date":"2023-05-22",
        "Open":347.0,
        "High":351.0,
        "Low":333.3,
        "Close":351.0,
        "Percent Change":"-0.85 %",
        "Volume":"1,334.00"
    },
    {
        "Symbol":"EHPL",
        "Date":"2023-05-21",
        "Open":354.9,
        "High":354.9,
        "Low":331.0,
        "Close":354.0,
        "Percent Change":"0.20 %",
        "Volume":"4,871.00"
    },
    {
        "Symbol":"EHPL",
        "Date":"2023-05-18",
        "Open":340.1,
        "High":353.3,
        "Low":333.0,
        "Close":353.3,
        "Percent Change":"1.82 %",
        "Volume":"2,716.00"
    },
    {
        "Symbol":"EHPL",
        "Date":"2023-05-17",
        "Open":312.1,
        "High":347.0,
        "Low":312.1,
        "Close":347.0,
        "Percent Change":"9.78 %",
        "Volume":"1,190.00"
    },
    {
        "Symbol":"EHPL",
        "Date":"2023-05-16",
        "Open":330.0,
        "High":344.0,
        "Low":312.7,
        "Close":316.1,
        "Percent Change":"-4.59 %",
        "Volume":"2,430.00"
    },
    {
        "Symbol":"EHPL",
        "Date":"2023-05-15",
        "Open":341.0,
        "High":341.0,
        "Low":320.0,
        "Close":331.3,
        "Percent Change":"-0.05 %",
        "Volume":"2,645.00"
    },
    {
        "Symbol":"EHPL",
        "Date":"2023-05-14",
        "Open":352.8,
        "High":352.8,
        "Low":324.3,
        "Close":347.9,
        "Percent Change":"-3.36 %",
        "Volume":"5,590.00"
    },
    {
        "Symbol":"EHPL",
        "Date":"2023-05-11",
        "Open":335.0,
        "High":367.1,
        "Low":333.0,
        "Close":360.0,
        "Percent Change":"5.66 %",
        "Volume":"1,260.00"
    },
    {
        "Symbol":"EHPL",
        "Date":"2023-05-10",
        "Open":347.9,
        "High":354.3,
        "Low":340.0,
        "Close":340.7,
        "Percent Change":"-4.00 %",
        "Volume":"640.00"
    },
    {
        "Symbol":"EHPL",
        "Date":"2023-05-09",
        "Open":355.1,
        "High":359.9,
        "Low":341.8,
        "Close":354.9,
        "Percent Change":"1.78 %",
        "Volume":"3,100.00"
    },
    {
        "Symbol":"EHPL",
        "Date":"2023-05-08",
        "Open":379.7,
        "High":379.7,
        "Low":348.7,
        "Close":348.7,
        "Percent Change":"-9.99 %",
        "Volume":"12,185.00"
    },
    {
        "Symbol":"EHPL",
        "Date":"2023-05-07",
        "Open":352.8,
        "High":387.4,
        "Low":340.1,
        "Close":387.4,
        "Percent Change":"7.61 %",
        "Volume":"2,970.00"
    },
    {
        "Symbol":"EHPL",
        "Date":"2023-05-04",
        "Open":367.5,
        "High":377.9,
        "Low":355.0,
        "Close":360.0,
        "Percent Change":"-4.00 %",
        "Volume":"2,491.00"
    },
    {
        "Symbol":"EHPL",
        "Date":"2023-05-03",
        "Open":367.5,
        "High":375.0,
        "Low":350.1,
        "Close":375.0,
        "Percent Change":"0.00 %",
        "Volume":"3,140.00"
    },
    {
        "Symbol":"EHPL",
        "Date":"2023-05-02",
        "Open":373.0,
        "High":380.4,
        "Low":359.3,
        "Close":375.0,
        "Percent Change":"-1.32 %",
        "Volume":"3,140.00"
    },
    {
        "Symbol":"EHPL",
        "Date":"2023-04-30",
        "Open":382.2,
        "High":382.2,
        "Low":373.0,
        "Close":380.0,
        "Percent Change":"-2.56 %",
        "Volume":"990.00"
    },
    {
        "Symbol":"EHPL",
        "Date":"2023-04-27",
        "Open":386.9,
        "High":392.9,
        "Low":373.1,
        "Close":390.0,
        "Percent Change":"-1.19 %",
        "Volume":"3,430.00"
    },
    {
        "Symbol":"EHPL",
        "Date":"2023-04-26",
        "Open":383.1,
        "High":394.7,
        "Low":383.0,
        "Close":394.7,
        "Percent Change":"1.21 %",
        "Volume":"1,410.00"
    },
    {
        "Symbol":"EHPL",
        "Date":"2023-04-25",
        "Open":390.0,
        "High":390.0,
        "Low":379.1,
        "Close":390.0,
        "Percent Change":"-0.64 %",
        "Volume":"650.00"
    },
    {
        "Symbol":"EHPL",
        "Date":"2023-04-24",
        "Open":386.2,
        "High":395.0,
        "Low":371.0,
        "Close":392.5,
        "Percent Change":"-0.38 %",
        "Volume":"3,350.00"
    },
    {
        "Symbol":"EHPL",
        "Date":"2023-04-23",
        "Open":394.0,
        "High":410.0,
        "Low":378.6,
        "Close":394.0,
        "Percent Change":"-1.99 %",
        "Volume":"2,530.00"
    },
    {
        "Symbol":"EHPL",
        "Date":"2023-04-20",
        "Open":406.0,
        "High":406.0,
        "Low":400.2,
        "Close":402.0,
        "Percent Change":"-2.69 %",
        "Volume":"420.00"
    },
    {
        "Symbol":"EHPL",
        "Date":"2023-04-19",
        "Open":399.6,
        "High":413.1,
        "Low":392.3,
        "Close":413.1,
        "Percent Change":"1.32 %",
        "Volume":"1,100.00"
    },
    {
        "Symbol":"EHPL",
        "Date":"2023-04-18",
        "Open":395.1,
        "High":411.0,
        "Low":388.1,
        "Close":407.7,
        "Percent Change":"1.17 %",
        "Volume":"770.00"
    },
    {
        "Symbol":"EHPL",
        "Date":"2023-04-17",
        "Open":406.7,
        "High":407.0,
        "Low":395.2,
        "Close":403.0,
        "Percent Change":"-2.89 %",
        "Volume":"2,680.00"
    },
    {
        "Symbol":"EHPL",
        "Date":"2023-04-16",
        "Open":406.1,
        "High":416.0,
        "Low":400.2,
        "Close":415.0,
        "Percent Change":"0.34 %",
        "Volume":"2,850.00"
    },
    {
        "Symbol":"EHPL",
        "Date":"2023-04-13",
        "Open":411.6,
        "High":428.1,
        "Low":411.6,
        "Close":413.6,
        "Percent Change":"-1.52 %",
        "Volume":"1,991.00"
    },
    {
        "Symbol":"EHPL",
        "Date":"2023-04-12",
        "Open":400.0,
        "High":424.0,
        "Low":398.0,
        "Close":420.0,
        "Percent Change":"5.82 %",
        "Volume":"3,509.00"
    },
    {
        "Symbol":"EHPL",
        "Date":"2023-04-11",
        "Open":387.6,
        "High":411.0,
        "Low":387.4,
        "Close":396.9,
        "Percent Change":"3.66 %",
        "Volume":"4,460.00"
    },
    {
        "Symbol":"EHPL",
        "Date":"2023-04-10",
        "Open":390.9,
        "High":402.9,
        "Low":382.5,
        "Close":382.9,
        "Percent Change":"-3.99 %",
        "Volume":"3,265.00"
    },
    {
        "Symbol":"EHPL",
        "Date":"2023-04-09",
        "Open":413.5,
        "High":413.5,
        "Low":391.0,
        "Close":398.8,
        "Percent Change":"-5.48 %",
        "Volume":"5,870.00"
    },
    {
        "Symbol":"EHPL",
        "Date":"2023-04-06",
        "Open":435.0,
        "High":442.3,
        "Low":401.9,
        "Close":421.9,
        "Percent Change":"-3.01 %",
        "Volume":"5,560.00"
    },
    {
        "Symbol":"EHPL",
        "Date":"2023-04-05",
        "Open":422.0,
        "High":435.0,
        "Low":414.1,
        "Close":435.0,
        "Percent Change":"1.05 %",
        "Volume":"1,660.00"
    },
    {
        "Symbol":"EHPL",
        "Date":"2023-04-04",
        "Open":426.8,
        "High":430.5,
        "Low":411.1,
        "Close":430.5,
        "Percent Change":"-1.15 %",
        "Volume":"770.00"
    },
    {
        "Symbol":"EHPL",
        "Date":"2023-04-03",
        "Open":434.7,
        "High":443.3,
        "Low":420.0,
        "Close":435.5,
        "Percent Change":"-1.80 %",
        "Volume":"1,540.00"
    },
    {
        "Symbol":"EHPL",
        "Date":"2023-04-02",
        "Open":450.0,
        "High":459.0,
        "Low":428.1,
        "Close":443.5,
        "Percent Change":"-1.44 %",
        "Volume":"6,450.00"
    },
    {
        "Symbol":"EHPL",
        "Date":"2023-03-30",
        "Open":436.4,
        "High":451.9,
        "Low":431.0,
        "Close":450.0,
        "Percent Change":"1.06 %",
        "Volume":"4,460.00"
    },
    {
        "Symbol":"EHPL",
        "Date":"2023-03-29",
        "Open":450.0,
        "High":452.0,
        "Low":432.2,
        "Close":445.3,
        "Percent Change":"-0.47 %",
        "Volume":"1,450.00"
    },
    {
        "Symbol":"EHPL",
        "Date":"2023-03-28",
        "Open":440.0,
        "High":451.0,
        "Low":432.1,
        "Close":447.4,
        "Percent Change":"0.95 %",
        "Volume":"3,240.00"
    },
    {
        "Symbol":"EHPL",
        "Date":"2023-03-27",
        "Open":423.2,
        "High":443.2,
        "Low":423.2,
        "Close":443.2,
        "Percent Change":"2.66 %",
        "Volume":"1,700.00"
    },
    {
        "Symbol":"EHPL",
        "Date":"2023-03-26",
        "Open":450.8,
        "High":450.8,
        "Low":431.7,
        "Close":431.7,
        "Percent Change":"-6.15 %",
        "Volume":"4,594.00"
    },
    {
        "Symbol":"EHPL",
        "Date":"2023-03-23",
        "Open":463.6,
        "High":463.6,
        "Low":446.0,
        "Close":460.0,
        "Percent Change":"-2.75 %",
        "Volume":"4,306.00"
    },
    {
        "Symbol":"EHPL",
        "Date":"2023-03-22",
        "Open":466.9,
        "High":475.0,
        "Low":443.0,
        "Close":473.0,
        "Percent Change":"3.14 %",
        "Volume":"7,250.00"
    },
    {
        "Symbol":"EHPL",
        "Date":"2023-03-20",
        "Open":444.0,
        "High":460.0,
        "Low":444.0,
        "Close":458.6,
        "Percent Change":"1.24 %",
        "Volume":"3,420.00"
    },
    {
        "Symbol":"EHPL",
        "Date":"2023-03-19",
        "Open":454.9,
        "High":460.0,
        "Low":442.1,
        "Close":453.0,
        "Percent Change":"-2.39 %",
        "Volume":"2,660.00"
    },
    {
        "Symbol":"EHPL",
        "Date":"2023-03-16",
        "Open":466.8,
        "High":466.8,
        "Low":444.5,
        "Close":464.1,
        "Percent Change":"1.40 %",
        "Volume":"3,720.00"
    },
    {
        "Symbol":"EHPL",
        "Date":"2023-03-15",
        "Open":439.9,
        "High":457.7,
        "Low":432.0,
        "Close":457.7,
        "Percent Change":"1.98 %",
        "Volume":"2,094.00"
    },
    {
        "Symbol":"EHPL",
        "Date":"2023-03-14",
        "Open":445.0,
        "High":448.8,
        "Low":435.1,
        "Close":448.8,
        "Percent Change":"-0.44 %",
        "Volume":"2,240.00"
    },
    {
        "Symbol":"EHPL",
        "Date":"2023-03-13",
        "Open":439.0,
        "High":460.0,
        "Low":431.1,
        "Close":450.8,
        "Percent Change":"0.85 %",
        "Volume":"2,432.00"
    },
    {
        "Symbol":"EHPL",
        "Date":"2023-03-12",
        "Open":445.0,
        "High":453.9,
        "Low":425.0,
        "Close":447.0,
        "Percent Change":"-0.60 %",
        "Volume":"3,230.00"
    },
    {
        "Symbol":"EHPL",
        "Date":"2023-03-09",
        "Open":431.2,
        "High":457.3,
        "Low":431.1,
        "Close":449.7,
        "Percent Change":"2.23 %",
        "Volume":"1,790.00"
    },
    {
        "Symbol":"EHPL",
        "Date":"2023-03-07",
        "Open":427.0,
        "High":448.0,
        "Low":425.4,
        "Close":439.9,
        "Percent Change":"2.90 %",
        "Volume":"2,950.00"
    },
    {
        "Symbol":"EHPL",
        "Date":"2023-03-05",
        "Open":436.2,
        "High":448.8,
        "Low":427.5,
        "Close":427.5,
        "Percent Change":"-3.91 %",
        "Volume":"2,760.00"
    },
    {
        "Symbol":"EHPL",
        "Date":"2023-03-02",
        "Open":443.0,
        "High":460.0,
        "Low":435.1,
        "Close":444.9,
        "Percent Change":"-1.46 %",
        "Volume":"5,547.00"
    },
    {
        "Symbol":"EHPL",
        "Date":"2023-03-01",
        "Open":460.0,
        "High":462.0,
        "Low":451.5,
        "Close":451.5,
        "Percent Change":"-3.77 %",
        "Volume":"6,294.00"
    },
    {
        "Symbol":"EHPL",
        "Date":"2023-02-28",
        "Open":457.4,
        "High":470.2,
        "Low":448.3,
        "Close":469.2,
        "Percent Change":"0.54 %",
        "Volume":"1,640.00"
    },
    {
        "Symbol":"EHPL",
        "Date":"2023-02-27",
        "Open":448.9,
        "High":466.7,
        "Low":443.1,
        "Close":466.7,
        "Percent Change":"1.90 %",
        "Volume":"6,420.00"
    },
    {
        "Symbol":"EHPL",
        "Date":"2023-02-26",
        "Open":441.0,
        "High":461.0,
        "Low":432.4,
        "Close":458.0,
        "Percent Change":"1.78 %",
        "Volume":"4,761.00"
    },
    {
        "Symbol":"EHPL",
        "Date":"2023-02-23",
        "Open":465.6,
        "High":468.0,
        "Low":450.0,
        "Close":450.0,
        "Percent Change":"-5.28 %",
        "Volume":"4,128.00"
    },
    {
        "Symbol":"EHPL",
        "Date":"2023-02-22",
        "Open":440.0,
        "High":486.0,
        "Low":440.0,
        "Close":475.1,
        "Percent Change":"5.84 %",
        "Volume":"7,907.00"
    },
    {
        "Symbol":"EHPL",
        "Date":"2023-02-20",
        "Open":457.1,
        "High":466.0,
        "Low":448.9,
        "Close":448.9,
        "Percent Change":"-3.67 %",
        "Volume":"6,590.00"
    },
    {
        "Symbol":"EHPL",
        "Date":"2023-02-16",
        "Open":464.6,
        "High":498.4,
        "Low":457.0,
        "Close":466.0,
        "Percent Change":"-1.69 %",
        "Volume":"5,877.00"
    },
    {
        "Symbol":"EHPL",
        "Date":"2023-02-15",
        "Open":478.8,
        "High":488.0,
        "Low":462.6,
        "Close":474.0,
        "Percent Change":"-2.97 %",
        "Volume":"7,450.00"
    },
    {
        "Symbol":"EHPL",
        "Date":"2023-02-14",
        "Open":487.1,
        "High":494.0,
        "Low":473.6,
        "Close":488.5,
        "Percent Change":"-1.71 %",
        "Volume":"8,881.00"
    },
    {
        "Symbol":"EHPL",
        "Date":"2023-02-12",
        "Open":484.1,
        "High":503.7,
        "Low":465.1,
        "Close":497.0,
        "Percent Change":"0.63 %",
        "Volume":"13,312.00"
    },
    {
        "Symbol":"EHPL",
        "Date":"2023-02-09",
        "Open":459.7,
        "High":493.9,
        "Low":442.0,
        "Close":493.9,
        "Percent Change":"5.31 %",
        "Volume":"9,046.00"
    },
    {
        "Symbol":"EHPL",
        "Date":"2023-02-08",
        "Open":460.6,
        "High":475.0,
        "Low":455.0,
        "Close":469.0,
        "Percent Change":"-0.21 %",
        "Volume":"9,521.00"
    },
    {
        "Symbol":"EHPL",
        "Date":"2023-02-07",
        "Open":445.9,
        "High":477.6,
        "Low":437.0,
        "Close":470.0,
        "Percent Change":"3.30 %",
        "Volume":"8,916.00"
    },
    {
        "Symbol":"EHPL",
        "Date":"2023-02-06",
        "Open":442.0,
        "High":465.3,
        "Low":442.0,
        "Close":455.0,
        "Percent Change":"0.89 %",
        "Volume":"10,467.00"
    },
    {
        "Symbol":"EHPL",
        "Date":"2023-02-05",
        "Open":467.5,
        "High":486.0,
        "Low":446.9,
        "Close":451.0,
        "Percent Change":"-5.45 %",
        "Volume":"9,547.00"
    },
    {
        "Symbol":"EHPL",
        "Date":"2023-02-02",
        "Open":489.1,
        "High":499.0,
        "Low":466.4,
        "Close":477.0,
        "Percent Change":"-4.41 %",
        "Volume":"11,324.00"
    },
    {
        "Symbol":"EHPL",
        "Date":"2023-02-01",
        "Open":470.0,
        "High":508.0,
        "Low":462.1,
        "Close":499.0,
        "Percent Change":"6.17 %",
        "Volume":"10,730.00"
    },
    {
        "Symbol":"EHPL",
        "Date":"2023-01-31",
        "Open":435.2,
        "High":474.3,
        "Low":430.5,
        "Close":470.0,
        "Percent Change":"5.86 %",
        "Volume":"13,915.00"
    },
    {
        "Symbol":"EHPL",
        "Date":"2023-01-30",
        "Open":460.5,
        "High":478.3,
        "Low":438.0,
        "Close":444.0,
        "Percent Change":"-1.66 %",
        "Volume":"13,610.00"
    },
    {
        "Symbol":"EHPL",
        "Date":"2023-01-29",
        "Open":402.3,
        "High":451.5,
        "Low":397.0,
        "Close":451.5,
        "Percent Change":"9.99 %",
        "Volume":"16,338.00"
    },
    {
        "Symbol":"EHPL",
        "Date":"2023-01-26",
        "Open":406.7,
        "High":425.0,
        "Low":398.7,
        "Close":410.5,
        "Percent Change":"-1.08 %",
        "Volume":"8,680.00"
    },
    {
        "Symbol":"EHPL",
        "Date":"2023-01-25",
        "Open":400.0,
        "High":417.9,
        "Low":392.1,
        "Close":415.0,
        "Percent Change":"1.99 %",
        "Volume":"10,423.00"
    },
    {
        "Symbol":"EHPL",
        "Date":"2023-01-24",
        "Open":391.1,
        "High":407.7,
        "Low":385.1,
        "Close":406.9,
        "Percent Change":"1.98 %",
        "Volume":"6,794.00"
    },
    {
        "Symbol":"EHPL",
        "Date":"2023-01-23",
        "Open":413.0,
        "High":413.0,
        "Low":391.2,
        "Close":399.0,
        "Percent Change":"-1.48 %",
        "Volume":"2,210.00"
    },
    {
        "Symbol":"EHPL",
        "Date":"2023-01-19",
        "Open":398.0,
        "High":428.9,
        "Low":391.1,
        "Close":405.0,
        "Percent Change":"0.00 %",
        "Volume":"8,689.00"
    },
    {
        "Symbol":"EHPL",
        "Date":"2023-01-18",
        "Open":410.0,
        "High":426.5,
        "Low":395.0,
        "Close":405.0,
        "Percent Change":"-2.39 %",
        "Volume":"7,260.00"
    },
    {
        "Symbol":"EHPL",
        "Date":"2023-01-17",
        "Open":396.0,
        "High":415.2,
        "Low":388.4,
        "Close":414.9,
        "Percent Change":"2.70 %",
        "Volume":"5,470.00"
    },
    {
        "Symbol":"EHPL",
        "Date":"2023-01-12",
        "Open":416.0,
        "High":416.0,
        "Low":393.4,
        "Close":404.0,
        "Percent Change":"-4.72 %",
        "Volume":"11,292.00"
    },
    {
        "Symbol":"EHPL",
        "Date":"2023-01-10",
        "Open":430.0,
        "High":431.2,
        "Low":388.0,
        "Close":424.0,
        "Percent Change":"0.24 %",
        "Volume":"10,210.00"
    },
    {
        "Symbol":"EHPL",
        "Date":"2023-01-09",
        "Open":410.6,
        "High":423.0,
        "Low":400.0,
        "Close":423.0,
        "Percent Change":"0.98 %",
        "Volume":"9,039.00"
    },
    {
        "Symbol":"EHPL",
        "Date":"2023-01-08",
        "Open":402.8,
        "High":440.0,
        "Low":379.3,
        "Close":418.9,
        "Percent Change":"1.92 %",
        "Volume":"9,461.00"
    },
    {
        "Symbol":"EHPL",
        "Date":"2023-01-05",
        "Open":366.6,
        "High":411.4,
        "Low":352.2,
        "Close":411.0,
        "Percent Change":"9.89 %",
        "Volume":"7,940.00"
    },
    {
        "Symbol":"EHPL",
        "Date":"2023-01-04",
        "Open":333.8,
        "High":374.0,
        "Low":327.2,
        "Close":374.0,
        "Percent Change":"9.81 %",
        "Volume":"10,673.00"
    },
    {
        "Symbol":"EHPL",
        "Date":"2023-01-03",
        "Open":322.3,
        "High":340.6,
        "Low":322.3,
        "Close":340.6,
        "Percent Change":"3.84 %",
        "Volume":"5,410.00"
    },
    {
        "Symbol":"EHPL",
        "Date":"2023-01-02",
        "Open":321.0,
        "High":328.9,
        "Low":315.0,
        "Close":328.0,
        "Percent Change":"0.31 %",
        "Volume":"10,919.00"
    },
    {
        "Symbol":"EHPL",
        "Date":"2023-01-01",
        "Open":325.0,
        "High":340.6,
        "Low":321.1,
        "Close":327.0,
        "Percent Change":"0.31 %",
        "Volume":"5,560.00"
    },
    {
        "Symbol":"EHPL",
        "Date":"2022-12-29",
        "Open":328.7,
        "High":334.7,
        "Low":310.4,
        "Close":326.0,
        "Percent Change":"-0.82 %",
        "Volume":"7,217.00"
    },
    {
        "Symbol":"EHPL",
        "Date":"2022-12-28",
        "Open":320.0,
        "High":333.5,
        "Low":308.2,
        "Close":328.7,
        "Percent Change":"1.14 %",
        "Volume":"6,972.00"
    },
    {
        "Symbol":"EHPL",
        "Date":"2022-12-27",
        "Open":314.0,
        "High":329.0,
        "Low":302.1,
        "Close":325.0,
        "Percent Change":"5.18 %",
        "Volume":"11,845.00"
    },
    {
        "Symbol":"EHPL",
        "Date":"2022-12-26",
        "Open":281.0,
        "High":309.0,
        "Low":281.0,
        "Close":309.0,
        "Percent Change":"8.04 %",
        "Volume":"9,815.00"
    },
    {
        "Symbol":"EHPL",
        "Date":"2022-12-22",
        "Open":303.8,
        "High":303.8,
        "Low":276.2,
        "Close":286.0,
        "Percent Change":"-3.99 %",
        "Volume":"9,063.00"
    },
    {
        "Symbol":"EHPL",
        "Date":"2022-12-21",
        "Open":265.8,
        "High":297.9,
        "Low":265.8,
        "Close":297.9,
        "Percent Change":"9.85 %",
        "Volume":"5,545.00"
    },
    {
        "Symbol":"EHPL",
        "Date":"2022-12-20",
        "Open":259.3,
        "High":278.0,
        "Low":255.0,
        "Close":271.2,
        "Percent Change":"2.53 %",
        "Volume":"4,630.00"
    },
    {
        "Symbol":"EHPL",
        "Date":"2022-12-19",
        "Open":293.1,
        "High":293.1,
        "Low":258.7,
        "Close":264.5,
        "Percent Change":"-7.97 %",
        "Volume":"30,972.00"
    },
    {
        "Symbol":"EHPL",
        "Date":"2022-12-18",
        "Open":266.5,
        "High":287.4,
        "Low":266.5,
        "Close":287.4,
        "Percent Change":"9.99 %",
        "Volume":"10,491.00"
    },
    {
        "Symbol":"EHPL",
        "Date":"2022-12-15",
        "Open":242.0,
        "High":261.3,
        "Low":242.0,
        "Close":261.3,
        "Percent Change":"9.97 %",
        "Volume":"4,995.00"
    },
    {
        "Symbol":"EHPL",
        "Date":"2022-12-14",
        "Open":216.0,
        "High":237.6,
        "Low":216.0,
        "Close":237.6,
        "Percent Change":"0.00 %",
        "Volume":"8,512.00"
    },
    {
        "Symbol":"EHPL",
        "Date":"2022-01-02",
        "Open":321.0,
        "High":328.9,
        "Low":315.0,
        "Close":328.0,
        "Percent Change":"0.31 %",
        "Volume":"10,919.00"
    }
]