[
    {
        "Symbol":"CKHL",
        "Date":"2024-08-11",
        "Open":671.0,
        "High":713.0,
        "Low":671.0,
        "Close":688.3,
        "Percent Change":"2.67 %",
        "Volume":"13,546.00"
    },
    {
        "Symbol":"CKHL",
        "Date":"2024-08-08",
        "Open":697.0,
        "High":700.0,
        "Low":660.0,
        "Close":670.4,
        "Percent Change":"-1.90 %",
        "Volume":"11,031.00"
    },
    {
        "Symbol":"CKHL",
        "Date":"2024-08-07",
        "Open":674.0,
        "High":698.0,
        "Low":663.0,
        "Close":683.4,
        "Percent Change":"1.24 %",
        "Volume":"7,287.00"
    },
    {
        "Symbol":"CKHL",
        "Date":"2024-08-06",
        "Open":710.0,
        "High":714.0,
        "Low":661.5,
        "Close":675.0,
        "Percent Change":"-3.43 %",
        "Volume":"20,474.00"
    },
    {
        "Symbol":"CKHL",
        "Date":"2024-08-05",
        "Open":728.0,
        "High":728.0,
        "Low":687.1,
        "Close":699.0,
        "Percent Change":"-2.10 %",
        "Volume":"7,996.00"
    },
    {
        "Symbol":"CKHL",
        "Date":"2024-08-01",
        "Open":690.0,
        "High":719.0,
        "Low":673.5,
        "Close":714.0,
        "Percent Change":"3.48 %",
        "Volume":"30,553.00"
    },
    {
        "Symbol":"CKHL",
        "Date":"2024-07-31",
        "Open":714.0,
        "High":728.2,
        "Low":674.4,
        "Close":690.0,
        "Percent Change":"-3.36 %",
        "Volume":"32,827.00"
    },
    {
        "Symbol":"CKHL",
        "Date":"2024-07-30",
        "Open":704.0,
        "High":714.0,
        "Low":671.0,
        "Close":714.0,
        "Percent Change":"2.00 %",
        "Volume":"24,115.00"
    },
    {
        "Symbol":"CKHL",
        "Date":"2024-07-29",
        "Open":707.0,
        "High":710.0,
        "Low":683.0,
        "Close":700.0,
        "Percent Change":"-2.78 %",
        "Volume":"13,751.00"
    },
    {
        "Symbol":"CKHL",
        "Date":"2024-07-28",
        "Open":707.0,
        "High":723.0,
        "Low":660.0,
        "Close":720.0,
        "Percent Change":"3.66 %",
        "Volume":"25,704.00"
    },
    {
        "Symbol":"CKHL",
        "Date":"2024-07-25",
        "Open":710.0,
        "High":723.1,
        "Low":694.6,
        "Close":694.6,
        "Percent Change":"-2.17 %",
        "Volume":"25,202.00"
    },
    {
        "Symbol":"CKHL",
        "Date":"2024-07-24",
        "Open":783.0,
        "High":783.0,
        "Low":704.0,
        "Close":710.0,
        "Percent Change":"-7.79 %",
        "Volume":"29,936.00"
    },
    {
        "Symbol":"CKHL",
        "Date":"2024-07-23",
        "Open":750.0,
        "High":774.0,
        "Low":728.0,
        "Close":770.0,
        "Percent Change":"0.65 %",
        "Volume":"12,983.00"
    },
    {
        "Symbol":"CKHL",
        "Date":"2024-07-22",
        "Open":722.0,
        "High":765.0,
        "Low":701.0,
        "Close":765.0,
        "Percent Change":"5.96 %",
        "Volume":"31,472.00"
    },
    {
        "Symbol":"CKHL",
        "Date":"2024-07-21",
        "Open":673.3,
        "High":750.0,
        "Low":673.3,
        "Close":722.0,
        "Percent Change":"5.09 %",
        "Volume":"50,705.00"
    },
    {
        "Symbol":"CKHL",
        "Date":"2024-07-18",
        "Open":651.0,
        "High":710.0,
        "Low":640.0,
        "Close":687.0,
        "Percent Change":"5.30 %",
        "Volume":"31,665.00"
    },
    {
        "Symbol":"CKHL",
        "Date":"2024-07-17",
        "Open":647.9,
        "High":652.4,
        "Low":633.2,
        "Close":652.4,
        "Percent Change":"1.94 %",
        "Volume":"18,309.00"
    },
    {
        "Symbol":"CKHL",
        "Date":"2024-07-16",
        "Open":595.0,
        "High":644.0,
        "Low":595.0,
        "Close":640.0,
        "Percent Change":"5.49 %",
        "Volume":"35,974.00"
    },
    {
        "Symbol":"CKHL",
        "Date":"2024-07-15",
        "Open":611.1,
        "High":618.0,
        "Low":606.0,
        "Close":606.7,
        "Percent Change":"-2.62 %",
        "Volume":"9,548.00"
    },
    {
        "Symbol":"CKHL",
        "Date":"2024-07-14",
        "Open":632.4,
        "High":645.0,
        "Low":608.0,
        "Close":623.0,
        "Percent Change":"0.48 %",
        "Volume":"16,961.00"
    },
    {
        "Symbol":"CKHL",
        "Date":"2024-07-11",
        "Open":603.0,
        "High":620.0,
        "Low":603.0,
        "Close":620.0,
        "Percent Change":"0.98 %",
        "Volume":"8,181.00"
    },
    {
        "Symbol":"CKHL",
        "Date":"2024-07-10",
        "Open":605.1,
        "High":617.0,
        "Low":603.5,
        "Close":614.0,
        "Percent Change":"-0.16 %",
        "Volume":"12,247.00"
    },
    {
        "Symbol":"CKHL",
        "Date":"2024-07-09",
        "Open":588.0,
        "High":615.0,
        "Low":588.0,
        "Close":615.0,
        "Percent Change":"4.59 %",
        "Volume":"33,187.00"
    },
    {
        "Symbol":"CKHL",
        "Date":"2024-07-08",
        "Open":599.9,
        "High":599.9,
        "Low":581.1,
        "Close":588.0,
        "Percent Change":"-0.03 %",
        "Volume":"6,689.00"
    },
    {
        "Symbol":"CKHL",
        "Date":"2024-07-07",
        "Open":595.0,
        "High":603.0,
        "Low":588.1,
        "Close":588.2,
        "Percent Change":"-1.19 %",
        "Volume":"6,855.00"
    },
    {
        "Symbol":"CKHL",
        "Date":"2024-07-04",
        "Open":595.0,
        "High":631.0,
        "Low":590.0,
        "Close":595.3,
        "Percent Change":"1.57 %",
        "Volume":"11,199.00"
    },
    {
        "Symbol":"CKHL",
        "Date":"2024-07-03",
        "Open":604.6,
        "High":617.0,
        "Low":586.1,
        "Close":586.1,
        "Percent Change":"-4.70 %",
        "Volume":"14,731.00"
    },
    {
        "Symbol":"CKHL",
        "Date":"2024-07-02",
        "Open":621.1,
        "High":645.0,
        "Low":606.0,
        "Close":615.0,
        "Percent Change":"0.99 %",
        "Volume":"15,219.00"
    },
    {
        "Symbol":"CKHL",
        "Date":"2024-07-01",
        "Open":603.0,
        "High":611.9,
        "Low":595.2,
        "Close":609.0,
        "Percent Change":"1.00 %",
        "Volume":"5,175.00"
    },
    {
        "Symbol":"CKHL",
        "Date":"2024-06-30",
        "Open":603.2,
        "High":620.0,
        "Low":593.1,
        "Close":603.0,
        "Percent Change":"-1.95 %",
        "Volume":"14,964.00"
    },
    {
        "Symbol":"CKHL",
        "Date":"2024-06-27",
        "Open":617.1,
        "High":622.0,
        "Low":600.0,
        "Close":615.0,
        "Percent Change":"-2.27 %",
        "Volume":"12,265.00"
    },
    {
        "Symbol":"CKHL",
        "Date":"2024-06-26",
        "Open":630.0,
        "High":642.0,
        "Low":613.2,
        "Close":629.3,
        "Percent Change":"-1.67 %",
        "Volume":"12,318.00"
    },
    {
        "Symbol":"CKHL",
        "Date":"2024-06-25",
        "Open":599.9,
        "High":640.8,
        "Low":599.9,
        "Close":640.0,
        "Percent Change":"6.68 %",
        "Volume":"38,592.00"
    },
    {
        "Symbol":"CKHL",
        "Date":"2024-06-24",
        "Open":585.0,
        "High":599.9,
        "Low":561.9,
        "Close":599.9,
        "Percent Change":"3.04 %",
        "Volume":"32,778.00"
    },
    {
        "Symbol":"CKHL",
        "Date":"2024-06-23",
        "Open":604.8,
        "High":604.8,
        "Low":575.0,
        "Close":582.2,
        "Percent Change":"-1.82 %",
        "Volume":"8,409.00"
    },
    {
        "Symbol":"CKHL",
        "Date":"2024-06-20",
        "Open":595.0,
        "High":605.0,
        "Low":587.1,
        "Close":593.0,
        "Percent Change":"-1.00 %",
        "Volume":"10,246.00"
    },
    {
        "Symbol":"CKHL",
        "Date":"2024-06-19",
        "Open":597.0,
        "High":600.0,
        "Low":588.1,
        "Close":599.0,
        "Percent Change":"0.34 %",
        "Volume":"8,455.00"
    },
    {
        "Symbol":"CKHL",
        "Date":"2024-06-18",
        "Open":595.0,
        "High":600.0,
        "Low":551.0,
        "Close":597.0,
        "Percent Change":"1.19 %",
        "Volume":"21,412.00"
    },
    {
        "Symbol":"CKHL",
        "Date":"2024-06-16",
        "Open":579.0,
        "High":595.0,
        "Low":575.0,
        "Close":590.0,
        "Percent Change":"0.08 %",
        "Volume":"13,221.00"
    },
    {
        "Symbol":"CKHL",
        "Date":"2024-06-13",
        "Open":595.9,
        "High":602.0,
        "Low":579.0,
        "Close":589.5,
        "Percent Change":"-3.04 %",
        "Volume":"7,774.00"
    },
    {
        "Symbol":"CKHL",
        "Date":"2024-06-12",
        "Open":598.0,
        "High":615.0,
        "Low":580.0,
        "Close":608.0,
        "Percent Change":"3.58 %",
        "Volume":"31,464.00"
    },
    {
        "Symbol":"CKHL",
        "Date":"2024-06-11",
        "Open":596.0,
        "High":603.0,
        "Low":585.0,
        "Close":587.0,
        "Percent Change":"-1.24 %",
        "Volume":"8,315.00"
    },
    {
        "Symbol":"CKHL",
        "Date":"2024-06-10",
        "Open":570.0,
        "High":594.6,
        "Low":561.0,
        "Close":594.4,
        "Percent Change":"6.33 %",
        "Volume":"45,994.00"
    },
    {
        "Symbol":"CKHL",
        "Date":"2024-06-09",
        "Open":537.0,
        "High":559.0,
        "Low":537.0,
        "Close":559.0,
        "Percent Change":"4.10 %",
        "Volume":"15,780.00"
    },
    {
        "Symbol":"CKHL",
        "Date":"2024-06-06",
        "Open":542.8,
        "High":553.0,
        "Low":535.0,
        "Close":537.0,
        "Percent Change":"0.90 %",
        "Volume":"5,070.00"
    },
    {
        "Symbol":"CKHL",
        "Date":"2024-06-05",
        "Open":550.0,
        "High":555.0,
        "Low":532.2,
        "Close":532.2,
        "Percent Change":"-3.24 %",
        "Volume":"11,918.00"
    },
    {
        "Symbol":"CKHL",
        "Date":"2024-06-04",
        "Open":555.0,
        "High":560.0,
        "Low":548.8,
        "Close":550.0,
        "Percent Change":"-1.77 %",
        "Volume":"10,215.00"
    },
    {
        "Symbol":"CKHL",
        "Date":"2024-06-03",
        "Open":555.3,
        "High":564.0,
        "Low":555.0,
        "Close":559.9,
        "Percent Change":"-0.55 %",
        "Volume":"7,365.00"
    },
    {
        "Symbol":"CKHL",
        "Date":"2024-06-02",
        "Open":560.0,
        "High":564.0,
        "Low":555.0,
        "Close":563.0,
        "Percent Change":"0.54 %",
        "Volume":"12,578.00"
    },
    {
        "Symbol":"CKHL",
        "Date":"2024-05-30",
        "Open":560.0,
        "High":567.1,
        "Low":550.3,
        "Close":560.0,
        "Percent Change":"-0.18 %",
        "Volume":"10,060.00"
    },
    {
        "Symbol":"CKHL",
        "Date":"2024-05-29",
        "Open":556.0,
        "High":570.0,
        "Low":542.1,
        "Close":561.0,
        "Percent Change":"1.45 %",
        "Volume":"18,996.00"
    },
    {
        "Symbol":"CKHL",
        "Date":"2024-05-27",
        "Open":541.0,
        "High":563.0,
        "Low":533.0,
        "Close":553.0,
        "Percent Change":"0.18 %",
        "Volume":"11,349.00"
    },
    {
        "Symbol":"CKHL",
        "Date":"2024-05-26",
        "Open":560.0,
        "High":565.0,
        "Low":543.0,
        "Close":552.0,
        "Percent Change":"-3.33 %",
        "Volume":"8,253.00"
    },
    {
        "Symbol":"CKHL",
        "Date":"2024-05-22",
        "Open":571.5,
        "High":571.5,
        "Low":555.2,
        "Close":571.0,
        "Percent Change":"1.91 %",
        "Volume":"23,421.00"
    },
    {
        "Symbol":"CKHL",
        "Date":"2024-05-21",
        "Open":566.0,
        "High":569.0,
        "Low":544.0,
        "Close":560.3,
        "Percent Change":"0.95 %",
        "Volume":"7,537.00"
    },
    {
        "Symbol":"CKHL",
        "Date":"2024-05-20",
        "Open":551.8,
        "High":560.0,
        "Low":540.0,
        "Close":555.0,
        "Percent Change":"2.59 %",
        "Volume":"19,239.00"
    },
    {
        "Symbol":"CKHL",
        "Date":"2024-05-19",
        "Open":523.0,
        "High":545.0,
        "Low":523.0,
        "Close":541.0,
        "Percent Change":"3.26 %",
        "Volume":"19,125.00"
    },
    {
        "Symbol":"CKHL",
        "Date":"2024-05-16",
        "Open":536.0,
        "High":536.0,
        "Low":520.0,
        "Close":523.9,
        "Percent Change":"-0.76 %",
        "Volume":"6,772.00"
    },
    {
        "Symbol":"CKHL",
        "Date":"2024-05-15",
        "Open":540.0,
        "High":550.0,
        "Low":525.0,
        "Close":527.9,
        "Percent Change":"-3.32 %",
        "Volume":"7,840.00"
    },
    {
        "Symbol":"CKHL",
        "Date":"2024-05-14",
        "Open":506.0,
        "High":549.0,
        "Low":506.0,
        "Close":546.0,
        "Percent Change":"7.06 %",
        "Volume":"20,170.00"
    },
    {
        "Symbol":"CKHL",
        "Date":"2024-05-13",
        "Open":502.0,
        "High":510.0,
        "Low":495.0,
        "Close":510.0,
        "Percent Change":"0.99 %",
        "Volume":"15,683.00"
    },
    {
        "Symbol":"CKHL",
        "Date":"2024-05-12",
        "Open":506.3,
        "High":516.3,
        "Low":505.0,
        "Close":505.0,
        "Percent Change":"-0.98 %",
        "Volume":"5,262.00"
    },
    {
        "Symbol":"CKHL",
        "Date":"2024-05-09",
        "Open":493.0,
        "High":510.0,
        "Low":493.0,
        "Close":510.0,
        "Percent Change":"3.45 %",
        "Volume":"10,374.00"
    },
    {
        "Symbol":"CKHL",
        "Date":"2024-05-08",
        "Open":490.0,
        "High":499.8,
        "Low":488.5,
        "Close":493.0,
        "Percent Change":"0.37 %",
        "Volume":"2,030.00"
    },
    {
        "Symbol":"CKHL",
        "Date":"2024-05-07",
        "Open":499.8,
        "High":516.0,
        "Low":480.5,
        "Close":491.2,
        "Percent Change":"0.24 %",
        "Volume":"7,153.00"
    },
    {
        "Symbol":"CKHL",
        "Date":"2024-05-06",
        "Open":486.0,
        "High":493.0,
        "Low":481.5,
        "Close":490.0,
        "Percent Change":"0.00 %",
        "Volume":"4,521.00"
    },
    {
        "Symbol":"CKHL",
        "Date":"2024-05-05",
        "Open":495.0,
        "High":506.0,
        "Low":487.0,
        "Close":490.0,
        "Percent Change":"-1.23 %",
        "Volume":"9,571.00"
    },
    {
        "Symbol":"CKHL",
        "Date":"2024-05-02",
        "Open":495.0,
        "High":514.8,
        "Low":495.0,
        "Close":496.1,
        "Percent Change":"-1.72 %",
        "Volume":"7,483.00"
    },
    {
        "Symbol":"CKHL",
        "Date":"2024-04-30",
        "Open":492.0,
        "High":511.9,
        "Low":490.0,
        "Close":504.8,
        "Percent Change":"1.16 %",
        "Volume":"21,093.00"
    },
    {
        "Symbol":"CKHL",
        "Date":"2024-04-29",
        "Open":508.1,
        "High":518.2,
        "Low":495.0,
        "Close":499.0,
        "Percent Change":"-3.11 %",
        "Volume":"22,913.00"
    },
    {
        "Symbol":"CKHL",
        "Date":"2024-04-28",
        "Open":519.4,
        "High":520.0,
        "Low":507.0,
        "Close":515.0,
        "Percent Change":"-2.83 %",
        "Volume":"8,179.00"
    },
    {
        "Symbol":"CKHL",
        "Date":"2024-04-25",
        "Open":514.0,
        "High":530.0,
        "Low":510.0,
        "Close":530.0,
        "Percent Change":"1.16 %",
        "Volume":"6,737.00"
    },
    {
        "Symbol":"CKHL",
        "Date":"2024-04-24",
        "Open":512.3,
        "High":532.0,
        "Low":512.3,
        "Close":523.9,
        "Percent Change":"0.36 %",
        "Volume":"4,077.00"
    },
    {
        "Symbol":"CKHL",
        "Date":"2024-04-22",
        "Open":530.0,
        "High":534.0,
        "Low":520.0,
        "Close":522.0,
        "Percent Change":"-2.25 %",
        "Volume":"3,524.00"
    },
    {
        "Symbol":"CKHL",
        "Date":"2024-04-21",
        "Open":520.0,
        "High":548.5,
        "Low":517.5,
        "Close":534.0,
        "Percent Change":"1.71 %",
        "Volume":"2,008.00"
    },
    {
        "Symbol":"CKHL",
        "Date":"2024-04-18",
        "Open":525.0,
        "High":534.0,
        "Low":522.0,
        "Close":525.0,
        "Percent Change":"-1.89 %",
        "Volume":"5,516.00"
    },
    {
        "Symbol":"CKHL",
        "Date":"2024-04-16",
        "Open":545.1,
        "High":553.8,
        "Low":534.0,
        "Close":535.1,
        "Percent Change":"-3.41 %",
        "Volume":"5,780.00"
    },
    {
        "Symbol":"CKHL",
        "Date":"2024-04-15",
        "Open":551.0,
        "High":555.0,
        "Low":547.0,
        "Close":554.0,
        "Percent Change":"0.02 %",
        "Volume":"6,844.00"
    },
    {
        "Symbol":"CKHL",
        "Date":"2024-04-14",
        "Open":545.0,
        "High":557.0,
        "Low":542.2,
        "Close":553.9,
        "Percent Change":"2.37 %",
        "Volume":"8,415.00"
    },
    {
        "Symbol":"CKHL",
        "Date":"2024-04-10",
        "Open":545.0,
        "High":556.0,
        "Low":538.0,
        "Close":541.1,
        "Percent Change":"1.05 %",
        "Volume":"7,909.00"
    },
    {
        "Symbol":"CKHL",
        "Date":"2024-04-09",
        "Open":534.0,
        "High":558.9,
        "Low":530.2,
        "Close":535.5,
        "Percent Change":"0.28 %",
        "Volume":"12,872.00"
    },
    {
        "Symbol":"CKHL",
        "Date":"2024-04-07",
        "Open":537.0,
        "High":545.0,
        "Low":530.6,
        "Close":534.0,
        "Percent Change":"-2.02 %",
        "Volume":"9,860.00"
    },
    {
        "Symbol":"CKHL",
        "Date":"2024-04-04",
        "Open":555.0,
        "High":555.0,
        "Low":530.0,
        "Close":545.0,
        "Percent Change":"0.00 %",
        "Volume":"7,338.00"
    },
    {
        "Symbol":"CKHL",
        "Date":"2024-04-03",
        "Open":557.0,
        "High":557.0,
        "Low":540.2,
        "Close":545.0,
        "Percent Change":"-1.93 %",
        "Volume":"7,653.00"
    },
    {
        "Symbol":"CKHL",
        "Date":"2024-04-02",
        "Open":569.0,
        "High":580.0,
        "Low":555.7,
        "Close":555.7,
        "Percent Change":"-4.19 %",
        "Volume":"8,108.00"
    },
    {
        "Symbol":"CKHL",
        "Date":"2024-04-01",
        "Open":577.3,
        "High":585.0,
        "Low":567.0,
        "Close":580.0,
        "Percent Change":"-1.53 %",
        "Volume":"10,463.00"
    },
    {
        "Symbol":"CKHL",
        "Date":"2024-03-31",
        "Open":570.1,
        "High":589.0,
        "Low":568.5,
        "Close":589.0,
        "Percent Change":"1.38 %",
        "Volume":"11,462.00"
    },
    {
        "Symbol":"CKHL",
        "Date":"2024-03-28",
        "Open":575.3,
        "High":592.0,
        "Low":575.2,
        "Close":581.0,
        "Percent Change":"-0.85 %",
        "Volume":"10,280.00"
    },
    {
        "Symbol":"CKHL",
        "Date":"2024-03-27",
        "Open":595.0,
        "High":600.0,
        "Low":584.5,
        "Close":586.0,
        "Percent Change":"-3.46 %",
        "Volume":"21,537.00"
    },
    {
        "Symbol":"CKHL",
        "Date":"2024-03-26",
        "Open":595.6,
        "High":612.0,
        "Low":595.6,
        "Close":607.0,
        "Percent Change":"0.00 %",
        "Volume":"23,914.00"
    },
    {
        "Symbol":"CKHL",
        "Date":"2024-03-25",
        "Open":601.1,
        "High":637.5,
        "Low":591.0,
        "Close":607.0,
        "Percent Change":"-1.03 %",
        "Volume":"13,613.00"
    },
    {
        "Symbol":"CKHL",
        "Date":"2024-03-21",
        "Open":604.7,
        "High":616.0,
        "Low":600.0,
        "Close":613.3,
        "Percent Change":"-0.60 %",
        "Volume":"11,487.00"
    },
    {
        "Symbol":"CKHL",
        "Date":"2024-03-20",
        "Open":588.0,
        "High":645.0,
        "Low":588.0,
        "Close":617.0,
        "Percent Change":"2.83 %",
        "Volume":"68,859.00"
    },
    {
        "Symbol":"CKHL",
        "Date":"2024-03-19",
        "Open":609.1,
        "High":620.0,
        "Low":600.0,
        "Close":600.0,
        "Percent Change":"-3.07 %",
        "Volume":"17,076.00"
    },
    {
        "Symbol":"CKHL",
        "Date":"2024-03-18",
        "Open":613.0,
        "High":626.0,
        "Low":611.1,
        "Close":619.0,
        "Percent Change":"-0.72 %",
        "Volume":"13,786.00"
    },
    {
        "Symbol":"CKHL",
        "Date":"2024-03-17",
        "Open":600.0,
        "High":625.0,
        "Low":600.0,
        "Close":623.5,
        "Percent Change":"2.05 %",
        "Volume":"11,887.00"
    },
    {
        "Symbol":"CKHL",
        "Date":"2024-03-14",
        "Open":600.1,
        "High":620.0,
        "Low":588.1,
        "Close":611.0,
        "Percent Change":"-0.15 %",
        "Volume":"23,160.00"
    },
    {
        "Symbol":"CKHL",
        "Date":"2024-03-13",
        "Open":620.0,
        "High":620.0,
        "Low":601.0,
        "Close":611.9,
        "Percent Change":"-0.86 %",
        "Volume":"8,486.00"
    },
    {
        "Symbol":"CKHL",
        "Date":"2024-03-12",
        "Open":635.0,
        "High":635.0,
        "Low":607.0,
        "Close":617.2,
        "Percent Change":"-2.34 %",
        "Volume":"13,453.00"
    },
    {
        "Symbol":"CKHL",
        "Date":"2024-03-10",
        "Open":666.4,
        "High":666.4,
        "Low":622.5,
        "Close":632.0,
        "Percent Change":"-7.06 %",
        "Volume":"56,581.00"
    },
    {
        "Symbol":"CKHL",
        "Date":"2024-03-07",
        "Open":611.6,
        "High":680.0,
        "Low":605.0,
        "Close":680.0,
        "Percent Change":"8.97 %",
        "Volume":"23,216.00"
    },
    {
        "Symbol":"CKHL",
        "Date":"2024-03-06",
        "Open":601.0,
        "High":640.0,
        "Low":598.0,
        "Close":624.0,
        "Percent Change":"1.98 %",
        "Volume":"31,625.00"
    },
    {
        "Symbol":"CKHL",
        "Date":"2024-03-05",
        "Open":655.8,
        "High":655.8,
        "Low":600.0,
        "Close":611.9,
        "Percent Change":"-4.84 %",
        "Volume":"21,669.00"
    },
    {
        "Symbol":"CKHL",
        "Date":"2024-03-04",
        "Open":632.1,
        "High":657.0,
        "Low":632.1,
        "Close":643.0,
        "Percent Change":"3.74 %",
        "Volume":"1,807.00"
    },
    {
        "Symbol":"CKHL",
        "Date":"2024-03-03",
        "Open":656.6,
        "High":656.6,
        "Low":610.0,
        "Close":619.8,
        "Percent Change":"-7.49 %",
        "Volume":"12,202.00"
    },
    {
        "Symbol":"CKHL",
        "Date":"2024-02-29",
        "Open":661.0,
        "High":670.0,
        "Low":621.0,
        "Close":670.0,
        "Percent Change":"1.36 %",
        "Volume":"31,070.00"
    },
    {
        "Symbol":"CKHL",
        "Date":"2024-02-28",
        "Open":614.9,
        "High":663.1,
        "Low":604.0,
        "Close":661.0,
        "Percent Change":"9.64 %",
        "Volume":"86,100.00"
    },
    {
        "Symbol":"CKHL",
        "Date":"2024-02-27",
        "Open":622.3,
        "High":686.8,
        "Low":602.9,
        "Close":602.9,
        "Percent Change":"-5.06 %",
        "Volume":"34,944.00"
    },
    {
        "Symbol":"CKHL",
        "Date":"2024-02-26",
        "Open":609.6,
        "High":641.0,
        "Low":609.6,
        "Close":635.0,
        "Percent Change":"2.09 %",
        "Volume":"25,585.00"
    },
    {
        "Symbol":"CKHL",
        "Date":"2024-02-25",
        "Open":574.0,
        "High":624.9,
        "Low":563.0,
        "Close":622.0,
        "Percent Change":"8.55 %",
        "Volume":"52,197.00"
    },
    {
        "Symbol":"CKHL",
        "Date":"2024-02-22",
        "Open":540.0,
        "High":574.0,
        "Low":540.0,
        "Close":573.0,
        "Percent Change":"3.99 %",
        "Volume":"66,059.00"
    },
    {
        "Symbol":"CKHL",
        "Date":"2024-02-21",
        "Open":538.1,
        "High":557.0,
        "Low":538.1,
        "Close":551.0,
        "Percent Change":"0.36 %",
        "Volume":"27,457.00"
    },
    {
        "Symbol":"CKHL",
        "Date":"2024-02-20",
        "Open":522.0,
        "High":559.0,
        "Low":520.1,
        "Close":549.0,
        "Percent Change":"3.58 %",
        "Volume":"23,105.00"
    },
    {
        "Symbol":"CKHL",
        "Date":"2024-02-18",
        "Open":538.0,
        "High":538.0,
        "Low":519.4,
        "Close":530.0,
        "Percent Change":"-1.49 %",
        "Volume":"12,539.00"
    },
    {
        "Symbol":"CKHL",
        "Date":"2024-02-15",
        "Open":540.0,
        "High":555.9,
        "Low":530.2,
        "Close":538.0,
        "Percent Change":"-2.36 %",
        "Volume":"18,910.00"
    },
    {
        "Symbol":"CKHL",
        "Date":"2024-02-14",
        "Open":535.0,
        "High":557.0,
        "Low":535.0,
        "Close":551.0,
        "Percent Change":"1.10 %",
        "Volume":"13,916.00"
    },
    {
        "Symbol":"CKHL",
        "Date":"2024-02-13",
        "Open":572.6,
        "High":575.5,
        "Low":539.0,
        "Close":545.0,
        "Percent Change":"-4.82 %",
        "Volume":"30,094.00"
    },
    {
        "Symbol":"CKHL",
        "Date":"2024-02-12",
        "Open":518.0,
        "High":572.6,
        "Low":516.3,
        "Close":572.6,
        "Percent Change":"9.99 %",
        "Volume":"60,320.00"
    },
    {
        "Symbol":"CKHL",
        "Date":"2024-02-11",
        "Open":515.0,
        "High":530.0,
        "Low":515.0,
        "Close":520.6,
        "Percent Change":"0.12 %",
        "Volume":"16,154.00"
    },
    {
        "Symbol":"CKHL",
        "Date":"2024-02-08",
        "Open":510.0,
        "High":521.0,
        "Low":510.0,
        "Close":520.0,
        "Percent Change":"0.58 %",
        "Volume":"7,642.00"
    },
    {
        "Symbol":"CKHL",
        "Date":"2024-02-07",
        "Open":511.0,
        "High":525.0,
        "Low":504.2,
        "Close":517.0,
        "Percent Change":"1.39 %",
        "Volume":"10,480.00"
    },
    {
        "Symbol":"CKHL",
        "Date":"2024-02-06",
        "Open":485.2,
        "High":510.0,
        "Low":485.2,
        "Close":509.9,
        "Percent Change":"2.99 %",
        "Volume":"8,571.00"
    },
    {
        "Symbol":"CKHL",
        "Date":"2024-02-05",
        "Open":488.0,
        "High":500.0,
        "Low":488.0,
        "Close":495.1,
        "Percent Change":"1.45 %",
        "Volume":"7,785.00"
    },
    {
        "Symbol":"CKHL",
        "Date":"2024-02-04",
        "Open":488.0,
        "High":502.0,
        "Low":485.2,
        "Close":488.0,
        "Percent Change":"-1.61 %",
        "Volume":"10,456.00"
    },
    {
        "Symbol":"CKHL",
        "Date":"2024-02-01",
        "Open":505.0,
        "High":510.0,
        "Low":495.0,
        "Close":496.0,
        "Percent Change":"-2.75 %",
        "Volume":"13,912.00"
    },
    {
        "Symbol":"CKHL",
        "Date":"2024-01-31",
        "Open":514.5,
        "High":530.0,
        "Low":506.0,
        "Close":510.0,
        "Percent Change":"-2.76 %",
        "Volume":"9,836.00"
    },
    {
        "Symbol":"CKHL",
        "Date":"2024-01-30",
        "Open":525.0,
        "High":534.0,
        "Low":520.0,
        "Close":524.5,
        "Percent Change":"0.87 %",
        "Volume":"10,035.00"
    },
    {
        "Symbol":"CKHL",
        "Date":"2024-01-29",
        "Open":503.9,
        "High":530.0,
        "Low":503.9,
        "Close":520.0,
        "Percent Change":"1.66 %",
        "Volume":"12,033.00"
    },
    {
        "Symbol":"CKHL",
        "Date":"2024-01-28",
        "Open":511.0,
        "High":519.0,
        "Low":505.3,
        "Close":511.5,
        "Percent Change":"-0.29 %",
        "Volume":"9,710.00"
    },
    {
        "Symbol":"CKHL",
        "Date":"2024-01-25",
        "Open":501.8,
        "High":521.2,
        "Low":496.0,
        "Close":513.0,
        "Percent Change":"0.20 %",
        "Volume":"11,475.00"
    },
    {
        "Symbol":"CKHL",
        "Date":"2024-01-24",
        "Open":511.5,
        "High":520.0,
        "Low":505.7,
        "Close":512.0,
        "Percent Change":"0.35 %",
        "Volume":"9,615.00"
    },
    {
        "Symbol":"CKHL",
        "Date":"2024-01-23",
        "Open":505.0,
        "High":529.9,
        "Low":505.0,
        "Close":510.2,
        "Percent Change":"-0.93 %",
        "Volume":"9,940.00"
    },
    {
        "Symbol":"CKHL",
        "Date":"2024-01-22",
        "Open":509.0,
        "High":518.0,
        "Low":502.0,
        "Close":515.0,
        "Percent Change":"-0.58 %",
        "Volume":"16,169.00"
    },
    {
        "Symbol":"CKHL",
        "Date":"2024-01-21",
        "Open":552.8,
        "High":552.8,
        "Low":514.0,
        "Close":518.0,
        "Percent Change":"-4.43 %",
        "Volume":"24,374.00"
    },
    {
        "Symbol":"CKHL",
        "Date":"2024-01-18",
        "Open":523.0,
        "High":542.0,
        "Low":510.1,
        "Close":542.0,
        "Percent Change":"1.84 %",
        "Volume":"25,225.00"
    },
    {
        "Symbol":"CKHL",
        "Date":"2024-01-17",
        "Open":566.0,
        "High":567.1,
        "Low":532.2,
        "Close":532.2,
        "Percent Change":"-5.97 %",
        "Volume":"19,224.00"
    },
    {
        "Symbol":"CKHL",
        "Date":"2024-01-16",
        "Open":575.0,
        "High":591.9,
        "Low":562.0,
        "Close":566.0,
        "Percent Change":"-2.75 %",
        "Volume":"27,503.00"
    },
    {
        "Symbol":"CKHL",
        "Date":"2024-01-14",
        "Open":552.0,
        "High":582.0,
        "Low":552.0,
        "Close":582.0,
        "Percent Change":"5.43 %",
        "Volume":"29,379.00"
    },
    {
        "Symbol":"CKHL",
        "Date":"2024-01-11",
        "Open":550.0,
        "High":567.1,
        "Low":542.0,
        "Close":552.0,
        "Percent Change":"0.36 %",
        "Volume":"12,850.00"
    },
    {
        "Symbol":"CKHL",
        "Date":"2024-01-10",
        "Open":540.0,
        "High":566.0,
        "Low":540.0,
        "Close":550.0,
        "Percent Change":"0.73 %",
        "Volume":"18,125.00"
    },
    {
        "Symbol":"CKHL",
        "Date":"2024-01-09",
        "Open":571.2,
        "High":571.2,
        "Low":545.1,
        "Close":546.0,
        "Percent Change":"-2.50 %",
        "Volume":"20,017.00"
    },
    {
        "Symbol":"CKHL",
        "Date":"2024-01-08",
        "Open":550.0,
        "High":581.0,
        "Low":545.1,
        "Close":560.0,
        "Percent Change":"0.72 %",
        "Volume":"26,658.00"
    },
    {
        "Symbol":"CKHL",
        "Date":"2024-01-07",
        "Open":595.0,
        "High":595.0,
        "Low":555.5,
        "Close":556.0,
        "Percent Change":"-5.63 %",
        "Volume":"33,610.00"
    },
    {
        "Symbol":"CKHL",
        "Date":"2024-01-04",
        "Open":540.0,
        "High":593.0,
        "Low":527.4,
        "Close":589.2,
        "Percent Change":"7.32 %",
        "Volume":"30,058.00"
    },
    {
        "Symbol":"CKHL",
        "Date":"2024-01-03",
        "Open":542.0,
        "High":584.5,
        "Low":535.1,
        "Close":549.0,
        "Percent Change":"3.31 %",
        "Volume":"85,750.00"
    },
    {
        "Symbol":"CKHL",
        "Date":"2024-01-02",
        "Open":492.7,
        "High":531.4,
        "Low":492.7,
        "Close":531.4,
        "Percent Change":"10.00 %",
        "Volume":"7,805.00"
    },
    {
        "Symbol":"CKHL",
        "Date":"2024-01-01",
        "Open":447.9,
        "High":483.1,
        "Low":447.9,
        "Close":483.1,
        "Percent Change":"10.00 %",
        "Volume":"4,780.00"
    },
    {
        "Symbol":"CKHL",
        "Date":"2023-12-28",
        "Open":407.0,
        "High":439.2,
        "Low":407.0,
        "Close":439.2,
        "Percent Change":"9.99 %",
        "Volume":"5,760.00"
    },
    {
        "Symbol":"CKHL",
        "Date":"2023-12-27",
        "Open":363.0,
        "High":399.3,
        "Low":363.0,
        "Close":399.3,
        "Percent Change":"10.00 %",
        "Volume":"3,660.00"
    },
    {
        "Symbol":"CKHL",
        "Date":"2023-12-24",
        "Open":335.5,
        "High":363.0,
        "Low":335.5,
        "Close":363.0,
        "Percent Change":"10.00 %",
        "Volume":"3,090.00"
    },
    {
        "Symbol":"CKHL",
        "Date":"2023-12-21",
        "Open":300.0,
        "High":330.0,
        "Low":300.0,
        "Close":330.0,
        "Percent Change":"0.00 %",
        "Volume":"2,080.00"
    }
]