[
    {
        "Symbol":"MHL",
        "Date":"2024-08-11",
        "Open":921.2,
        "High":1034.0,
        "Low":846.0,
        "Close":1020.0,
        "Percent Change":"8.51 %",
        "Volume":"139,079.00"
    },
    {
        "Symbol":"MHL",
        "Date":"2024-08-08",
        "Open":842.8,
        "High":940.0,
        "Low":806.6,
        "Close":940.0,
        "Percent Change":"9.30 %",
        "Volume":"60,359.00"
    },
    {
        "Symbol":"MHL",
        "Date":"2024-08-07",
        "Open":800.0,
        "High":860.0,
        "Low":744.0,
        "Close":860.0,
        "Percent Change":"8.72 %",
        "Volume":"140,351.00"
    },
    {
        "Symbol":"MHL",
        "Date":"2024-08-06",
        "Open":783.6,
        "High":795.0,
        "Low":721.0,
        "Close":791.0,
        "Percent Change":"-1.06 %",
        "Volume":"34,380.00"
    },
    {
        "Symbol":"MHL",
        "Date":"2024-08-05",
        "Open":787.7,
        "High":836.0,
        "Low":742.0,
        "Close":799.5,
        "Percent Change":"-0.52 %",
        "Volume":"35,103.00"
    },
    {
        "Symbol":"MHL",
        "Date":"2024-08-01",
        "Open":842.8,
        "High":859.6,
        "Low":774.0,
        "Close":803.7,
        "Percent Change":"-6.55 %",
        "Volume":"49,227.00"
    },
    {
        "Symbol":"MHL",
        "Date":"2024-07-31",
        "Open":845.8,
        "High":897.0,
        "Low":780.3,
        "Close":860.0,
        "Percent Change":"-0.35 %",
        "Volume":"59,572.00"
    },
    {
        "Symbol":"MHL",
        "Date":"2024-07-30",
        "Open":820.0,
        "High":868.0,
        "Low":742.0,
        "Close":863.0,
        "Percent Change":"6.54 %",
        "Volume":"98,049.00"
    },
    {
        "Symbol":"MHL",
        "Date":"2024-07-29",
        "Open":731.1,
        "High":814.0,
        "Low":700.0,
        "Close":810.0,
        "Percent Change":"8.58 %",
        "Volume":"100,423.00"
    },
    {
        "Symbol":"MHL",
        "Date":"2024-07-28",
        "Open":758.8,
        "High":773.7,
        "Low":700.0,
        "Close":746.0,
        "Percent Change":"0.27 %",
        "Volume":"38,517.00"
    },
    {
        "Symbol":"MHL",
        "Date":"2024-07-25",
        "Open":708.0,
        "High":750.0,
        "Low":700.0,
        "Close":744.0,
        "Percent Change":"4.61 %",
        "Volume":"22,718.00"
    },
    {
        "Symbol":"MHL",
        "Date":"2024-07-24",
        "Open":730.1,
        "High":790.0,
        "Low":688.0,
        "Close":711.2,
        "Percent Change":"-4.54 %",
        "Volume":"26,518.00"
    },
    {
        "Symbol":"MHL",
        "Date":"2024-07-23",
        "Open":754.6,
        "High":779.9,
        "Low":693.0,
        "Close":745.0,
        "Percent Change":"-3.23 %",
        "Volume":"44,113.00"
    },
    {
        "Symbol":"MHL",
        "Date":"2024-07-22",
        "Open":753.7,
        "High":784.0,
        "Low":724.0,
        "Close":769.9,
        "Percent Change":"0.12 %",
        "Volume":"38,746.00"
    },
    {
        "Symbol":"MHL",
        "Date":"2024-07-21",
        "Open":686.0,
        "High":770.0,
        "Low":665.1,
        "Close":769.0,
        "Percent Change":"9.86 %",
        "Volume":"72,962.00"
    },
    {
        "Symbol":"MHL",
        "Date":"2024-07-18",
        "Open":695.0,
        "High":751.3,
        "Low":662.7,
        "Close":700.0,
        "Percent Change":"2.49 %",
        "Volume":"46,757.00"
    },
    {
        "Symbol":"MHL",
        "Date":"2024-07-17",
        "Open":631.0,
        "High":683.0,
        "Low":612.6,
        "Close":683.0,
        "Percent Change":"9.90 %",
        "Volume":"55,798.00"
    },
    {
        "Symbol":"MHL",
        "Date":"2024-07-16",
        "Open":575.9,
        "High":621.5,
        "Low":555.0,
        "Close":621.5,
        "Percent Change":"10.00 %",
        "Volume":"50,475.00"
    },
    {
        "Symbol":"MHL",
        "Date":"2024-07-15",
        "Open":563.4,
        "High":609.6,
        "Low":552.2,
        "Close":565.0,
        "Percent Change":"-1.70 %",
        "Volume":"18,956.00"
    },
    {
        "Symbol":"MHL",
        "Date":"2024-07-14",
        "Open":570.2,
        "High":575.0,
        "Low":549.0,
        "Close":574.8,
        "Percent Change":"2.81 %",
        "Volume":"15,766.00"
    },
    {
        "Symbol":"MHL",
        "Date":"2024-07-11",
        "Open":575.0,
        "High":586.5,
        "Low":554.0,
        "Close":559.1,
        "Percent Change":"-0.96 %",
        "Volume":"20,143.00"
    },
    {
        "Symbol":"MHL",
        "Date":"2024-07-10",
        "Open":555.0,
        "High":566.0,
        "Low":550.0,
        "Close":564.5,
        "Percent Change":"1.71 %",
        "Volume":"13,790.00"
    },
    {
        "Symbol":"MHL",
        "Date":"2024-07-09",
        "Open":543.3,
        "High":555.0,
        "Low":543.3,
        "Close":555.0,
        "Percent Change":"0.20 %",
        "Volume":"11,345.00"
    },
    {
        "Symbol":"MHL",
        "Date":"2024-07-08",
        "Open":543.9,
        "High":553.9,
        "Low":543.9,
        "Close":553.9,
        "Percent Change":"-0.20 %",
        "Volume":"8,370.00"
    },
    {
        "Symbol":"MHL",
        "Date":"2024-07-07",
        "Open":559.9,
        "High":559.9,
        "Low":536.1,
        "Close":555.0,
        "Percent Change":"0.00 %",
        "Volume":"18,311.00"
    },
    {
        "Symbol":"MHL",
        "Date":"2024-07-04",
        "Open":559.0,
        "High":569.9,
        "Low":547.9,
        "Close":555.0,
        "Percent Change":"-0.72 %",
        "Volume":"26,720.00"
    },
    {
        "Symbol":"MHL",
        "Date":"2024-07-03",
        "Open":548.0,
        "High":559.0,
        "Low":543.0,
        "Close":559.0,
        "Percent Change":"0.00 %",
        "Volume":"9,751.00"
    },
    {
        "Symbol":"MHL",
        "Date":"2024-07-02",
        "Open":559.9,
        "High":600.0,
        "Low":547.1,
        "Close":559.0,
        "Percent Change":"1.82 %",
        "Volume":"23,653.00"
    },
    {
        "Symbol":"MHL",
        "Date":"2024-07-01",
        "Open":540.6,
        "High":560.0,
        "Low":530.0,
        "Close":549.0,
        "Percent Change":"3.58 %",
        "Volume":"23,631.00"
    },
    {
        "Symbol":"MHL",
        "Date":"2024-06-30",
        "Open":565.0,
        "High":566.0,
        "Low":530.0,
        "Close":530.0,
        "Percent Change":"-5.69 %",
        "Volume":"26,449.00"
    },
    {
        "Symbol":"MHL",
        "Date":"2024-06-27",
        "Open":574.0,
        "High":574.0,
        "Low":550.0,
        "Close":562.0,
        "Percent Change":"-2.26 %",
        "Volume":"27,222.00"
    },
    {
        "Symbol":"MHL",
        "Date":"2024-06-26",
        "Open":572.2,
        "High":575.0,
        "Low":549.8,
        "Close":575.0,
        "Percent Change":"2.50 %",
        "Volume":"33,789.00"
    },
    {
        "Symbol":"MHL",
        "Date":"2024-06-25",
        "Open":534.0,
        "High":581.0,
        "Low":533.0,
        "Close":561.0,
        "Percent Change":"3.01 %",
        "Volume":"46,738.00"
    },
    {
        "Symbol":"MHL",
        "Date":"2024-06-24",
        "Open":530.0,
        "High":546.7,
        "Low":518.1,
        "Close":544.6,
        "Percent Change":"1.04 %",
        "Volume":"40,396.00"
    },
    {
        "Symbol":"MHL",
        "Date":"2024-06-23",
        "Open":490.0,
        "High":542.0,
        "Low":489.1,
        "Close":539.0,
        "Percent Change":"8.02 %",
        "Volume":"66,326.00"
    },
    {
        "Symbol":"MHL",
        "Date":"2024-06-20",
        "Open":512.0,
        "High":512.0,
        "Low":497.1,
        "Close":499.0,
        "Percent Change":"-0.60 %",
        "Volume":"41,695.00"
    },
    {
        "Symbol":"MHL",
        "Date":"2024-06-19",
        "Open":463.0,
        "High":509.7,
        "Low":459.1,
        "Close":502.0,
        "Percent Change":"8.28 %",
        "Volume":"75,169.00"
    },
    {
        "Symbol":"MHL",
        "Date":"2024-06-18",
        "Open":448.0,
        "High":470.8,
        "Low":448.0,
        "Close":463.6,
        "Percent Change":"1.53 %",
        "Volume":"20,574.00"
    },
    {
        "Symbol":"MHL",
        "Date":"2024-06-16",
        "Open":458.0,
        "High":476.3,
        "Low":445.0,
        "Close":456.6,
        "Percent Change":"1.47 %",
        "Volume":"36,125.00"
    },
    {
        "Symbol":"MHL",
        "Date":"2024-06-13",
        "Open":463.0,
        "High":463.0,
        "Low":447.1,
        "Close":450.0,
        "Percent Change":"-2.15 %",
        "Volume":"20,458.00"
    },
    {
        "Symbol":"MHL",
        "Date":"2024-06-12",
        "Open":469.0,
        "High":472.0,
        "Low":450.1,
        "Close":459.9,
        "Percent Change":"-0.02 %",
        "Volume":"26,260.00"
    },
    {
        "Symbol":"MHL",
        "Date":"2024-06-11",
        "Open":474.7,
        "High":474.7,
        "Low":453.8,
        "Close":460.0,
        "Percent Change":"-1.29 %",
        "Volume":"17,689.00"
    },
    {
        "Symbol":"MHL",
        "Date":"2024-06-10",
        "Open":460.0,
        "High":482.0,
        "Low":458.0,
        "Close":466.0,
        "Percent Change":"0.30 %",
        "Volume":"42,751.00"
    },
    {
        "Symbol":"MHL",
        "Date":"2024-06-09",
        "Open":465.0,
        "High":471.9,
        "Low":453.0,
        "Close":464.6,
        "Percent Change":"1.91 %",
        "Volume":"33,852.00"
    },
    {
        "Symbol":"MHL",
        "Date":"2024-06-06",
        "Open":435.5,
        "High":460.0,
        "Low":430.0,
        "Close":455.9,
        "Percent Change":"6.77 %",
        "Volume":"43,579.00"
    },
    {
        "Symbol":"MHL",
        "Date":"2024-06-05",
        "Open":445.0,
        "High":445.0,
        "Low":424.0,
        "Close":427.0,
        "Percent Change":"-2.29 %",
        "Volume":"18,261.00"
    },
    {
        "Symbol":"MHL",
        "Date":"2024-06-04",
        "Open":440.0,
        "High":446.0,
        "Low":432.0,
        "Close":437.0,
        "Percent Change":"-2.32 %",
        "Volume":"15,606.00"
    },
    {
        "Symbol":"MHL",
        "Date":"2024-06-03",
        "Open":446.0,
        "High":457.9,
        "Low":442.2,
        "Close":447.4,
        "Percent Change":"-0.16 %",
        "Volume":"7,041.00"
    },
    {
        "Symbol":"MHL",
        "Date":"2024-06-02",
        "Open":458.0,
        "High":460.0,
        "Low":444.0,
        "Close":448.1,
        "Percent Change":"-0.31 %",
        "Volume":"14,124.00"
    },
    {
        "Symbol":"MHL",
        "Date":"2024-05-30",
        "Open":441.0,
        "High":466.1,
        "Low":441.0,
        "Close":449.5,
        "Percent Change":"-0.11 %",
        "Volume":"27,023.00"
    },
    {
        "Symbol":"MHL",
        "Date":"2024-05-29",
        "Open":469.2,
        "High":486.0,
        "Low":450.0,
        "Close":450.0,
        "Percent Change":"-4.09 %",
        "Volume":"21,941.00"
    },
    {
        "Symbol":"MHL",
        "Date":"2024-05-27",
        "Open":459.0,
        "High":484.0,
        "Low":448.0,
        "Close":469.2,
        "Percent Change":"4.27 %",
        "Volume":"41,872.00"
    },
    {
        "Symbol":"MHL",
        "Date":"2024-05-26",
        "Open":428.3,
        "High":459.9,
        "Low":428.3,
        "Close":450.0,
        "Percent Change":"2.97 %",
        "Volume":"44,730.00"
    },
    {
        "Symbol":"MHL",
        "Date":"2024-05-22",
        "Open":444.0,
        "High":460.0,
        "Low":437.0,
        "Close":437.0,
        "Percent Change":"-3.53 %",
        "Volume":"28,720.00"
    },
    {
        "Symbol":"MHL",
        "Date":"2024-05-21",
        "Open":430.0,
        "High":465.0,
        "Low":429.1,
        "Close":453.0,
        "Percent Change":"6.09 %",
        "Volume":"49,392.00"
    },
    {
        "Symbol":"MHL",
        "Date":"2024-05-20",
        "Open":400.1,
        "High":430.0,
        "Low":400.1,
        "Close":427.0,
        "Percent Change":"6.30 %",
        "Volume":"36,206.00"
    },
    {
        "Symbol":"MHL",
        "Date":"2024-05-19",
        "Open":397.8,
        "High":405.0,
        "Low":390.2,
        "Close":401.7,
        "Percent Change":"3.00 %",
        "Volume":"5,555.00"
    },
    {
        "Symbol":"MHL",
        "Date":"2024-05-16",
        "Open":400.0,
        "High":407.0,
        "Low":390.0,
        "Close":390.0,
        "Percent Change":"-2.50 %",
        "Volume":"4,198.00"
    },
    {
        "Symbol":"MHL",
        "Date":"2024-05-15",
        "Open":409.0,
        "High":414.1,
        "Low":393.1,
        "Close":400.0,
        "Percent Change":"-2.20 %",
        "Volume":"3,704.00"
    },
    {
        "Symbol":"MHL",
        "Date":"2024-05-14",
        "Open":390.0,
        "High":409.0,
        "Low":390.0,
        "Close":409.0,
        "Percent Change":"4.87 %",
        "Volume":"4,938.00"
    },
    {
        "Symbol":"MHL",
        "Date":"2024-05-13",
        "Open":386.0,
        "High":394.0,
        "Low":384.0,
        "Close":390.0,
        "Percent Change":"0.00 %",
        "Volume":"3,817.00"
    },
    {
        "Symbol":"MHL",
        "Date":"2024-05-12",
        "Open":406.9,
        "High":406.9,
        "Low":385.0,
        "Close":390.0,
        "Percent Change":"-2.26 %",
        "Volume":"3,473.00"
    },
    {
        "Symbol":"MHL",
        "Date":"2024-05-09",
        "Open":398.0,
        "High":407.0,
        "Low":387.3,
        "Close":399.0,
        "Percent Change":"-0.23 %",
        "Volume":"5,376.00"
    },
    {
        "Symbol":"MHL",
        "Date":"2024-05-08",
        "Open":400.0,
        "High":404.5,
        "Low":395.0,
        "Close":399.9,
        "Percent Change":"-0.72 %",
        "Volume":"3,197.00"
    },
    {
        "Symbol":"MHL",
        "Date":"2024-05-07",
        "Open":395.0,
        "High":404.9,
        "Low":395.0,
        "Close":402.8,
        "Percent Change":"0.70 %",
        "Volume":"3,663.00"
    },
    {
        "Symbol":"MHL",
        "Date":"2024-05-06",
        "Open":397.0,
        "High":405.0,
        "Low":397.0,
        "Close":400.0,
        "Percent Change":"-0.99 %",
        "Volume":"2,320.00"
    },
    {
        "Symbol":"MHL",
        "Date":"2024-05-05",
        "Open":406.0,
        "High":406.0,
        "Low":393.0,
        "Close":404.0,
        "Percent Change":"-0.49 %",
        "Volume":"13,007.00"
    },
    {
        "Symbol":"MHL",
        "Date":"2024-05-02",
        "Open":400.0,
        "High":407.0,
        "Low":400.0,
        "Close":406.0,
        "Percent Change":"0.00 %",
        "Volume":"6,248.00"
    },
    {
        "Symbol":"MHL",
        "Date":"2024-04-30",
        "Open":400.0,
        "High":412.0,
        "Low":398.3,
        "Close":406.0,
        "Percent Change":"1.27 %",
        "Volume":"5,588.00"
    },
    {
        "Symbol":"MHL",
        "Date":"2024-04-29",
        "Open":396.3,
        "High":408.0,
        "Low":396.3,
        "Close":400.9,
        "Percent Change":"-0.52 %",
        "Volume":"3,092.00"
    },
    {
        "Symbol":"MHL",
        "Date":"2024-04-28",
        "Open":398.3,
        "High":406.0,
        "Low":398.3,
        "Close":403.0,
        "Percent Change":"1.26 %",
        "Volume":"3,881.00"
    },
    {
        "Symbol":"MHL",
        "Date":"2024-04-25",
        "Open":400.0,
        "High":412.0,
        "Low":395.1,
        "Close":398.0,
        "Percent Change":"-0.75 %",
        "Volume":"2,391.00"
    },
    {
        "Symbol":"MHL",
        "Date":"2024-04-24",
        "Open":405.0,
        "High":420.0,
        "Low":397.1,
        "Close":401.0,
        "Percent Change":"-0.99 %",
        "Volume":"2,220.00"
    },
    {
        "Symbol":"MHL",
        "Date":"2024-04-22",
        "Open":415.0,
        "High":418.0,
        "Low":401.0,
        "Close":405.0,
        "Percent Change":"-3.57 %",
        "Volume":"5,253.00"
    },
    {
        "Symbol":"MHL",
        "Date":"2024-04-21",
        "Open":394.0,
        "High":420.0,
        "Low":391.1,
        "Close":420.0,
        "Percent Change":"5.26 %",
        "Volume":"4,426.00"
    },
    {
        "Symbol":"MHL",
        "Date":"2024-04-18",
        "Open":410.0,
        "High":410.0,
        "Low":394.1,
        "Close":399.0,
        "Percent Change":"-2.21 %",
        "Volume":"11,410.00"
    },
    {
        "Symbol":"MHL",
        "Date":"2024-04-16",
        "Open":413.2,
        "High":428.0,
        "Low":407.0,
        "Close":408.0,
        "Percent Change":"-2.86 %",
        "Volume":"5,484.00"
    },
    {
        "Symbol":"MHL",
        "Date":"2024-04-15",
        "Open":425.0,
        "High":430.0,
        "Low":417.0,
        "Close":420.0,
        "Percent Change":"-1.18 %",
        "Volume":"13,085.00"
    },
    {
        "Symbol":"MHL",
        "Date":"2024-04-14",
        "Open":421.0,
        "High":427.0,
        "Low":415.3,
        "Close":425.0,
        "Percent Change":"1.43 %",
        "Volume":"4,347.00"
    },
    {
        "Symbol":"MHL",
        "Date":"2024-04-10",
        "Open":418.0,
        "High":429.0,
        "Low":411.6,
        "Close":419.0,
        "Percent Change":"0.72 %",
        "Volume":"22,365.00"
    },
    {
        "Symbol":"MHL",
        "Date":"2024-04-09",
        "Open":417.9,
        "High":426.0,
        "Low":411.1,
        "Close":416.0,
        "Percent Change":"-0.45 %",
        "Volume":"14,670.00"
    },
    {
        "Symbol":"MHL",
        "Date":"2024-04-07",
        "Open":410.0,
        "High":423.8,
        "Low":406.1,
        "Close":417.9,
        "Percent Change":"1.93 %",
        "Volume":"3,314.00"
    },
    {
        "Symbol":"MHL",
        "Date":"2024-04-04",
        "Open":405.0,
        "High":417.7,
        "Low":405.0,
        "Close":410.0,
        "Percent Change":"0.81 %",
        "Volume":"11,352.00"
    },
    {
        "Symbol":"MHL",
        "Date":"2024-04-03",
        "Open":428.0,
        "High":428.0,
        "Low":406.7,
        "Close":406.7,
        "Percent Change":"-4.08 %",
        "Volume":"12,842.00"
    },
    {
        "Symbol":"MHL",
        "Date":"2024-04-02",
        "Open":440.0,
        "High":440.0,
        "Low":419.0,
        "Close":424.0,
        "Percent Change":"-2.75 %",
        "Volume":"11,780.00"
    },
    {
        "Symbol":"MHL",
        "Date":"2024-04-01",
        "Open":432.4,
        "High":440.0,
        "Low":430.0,
        "Close":436.0,
        "Percent Change":"-0.91 %",
        "Volume":"17,080.00"
    },
    {
        "Symbol":"MHL",
        "Date":"2024-03-31",
        "Open":418.6,
        "High":443.7,
        "Low":413.0,
        "Close":440.0,
        "Percent Change":"7.08 %",
        "Volume":"51,071.00"
    },
    {
        "Symbol":"MHL",
        "Date":"2024-03-28",
        "Open":395.1,
        "High":415.0,
        "Low":395.1,
        "Close":410.9,
        "Percent Change":"2.21 %",
        "Volume":"9,823.00"
    },
    {
        "Symbol":"MHL",
        "Date":"2024-03-27",
        "Open":387.7,
        "High":403.5,
        "Low":387.7,
        "Close":402.0,
        "Percent Change":"1.77 %",
        "Volume":"7,856.00"
    },
    {
        "Symbol":"MHL",
        "Date":"2024-03-26",
        "Open":389.9,
        "High":401.5,
        "Low":384.0,
        "Close":395.0,
        "Percent Change":"1.54 %",
        "Volume":"4,893.00"
    },
    {
        "Symbol":"MHL",
        "Date":"2024-03-25",
        "Open":383.0,
        "High":389.0,
        "Low":381.1,
        "Close":389.0,
        "Percent Change":"-0.26 %",
        "Volume":"1,930.00"
    },
    {
        "Symbol":"MHL",
        "Date":"2024-03-21",
        "Open":387.3,
        "High":392.0,
        "Low":382.3,
        "Close":390.0,
        "Percent Change":"-0.51 %",
        "Volume":"3,370.00"
    },
    {
        "Symbol":"MHL",
        "Date":"2024-03-20",
        "Open":397.0,
        "High":403.9,
        "Low":388.3,
        "Close":392.0,
        "Percent Change":"-1.01 %",
        "Volume":"5,598.00"
    },
    {
        "Symbol":"MHL",
        "Date":"2024-03-19",
        "Open":404.0,
        "High":410.0,
        "Low":396.0,
        "Close":396.0,
        "Percent Change":"-1.00 %",
        "Volume":"5,928.00"
    },
    {
        "Symbol":"MHL",
        "Date":"2024-03-18",
        "Open":390.0,
        "High":403.9,
        "Low":390.0,
        "Close":400.0,
        "Percent Change":"0.78 %",
        "Volume":"3,750.00"
    },
    {
        "Symbol":"MHL",
        "Date":"2024-03-17",
        "Open":398.0,
        "High":403.0,
        "Low":392.0,
        "Close":396.9,
        "Percent Change":"-0.78 %",
        "Volume":"4,916.00"
    },
    {
        "Symbol":"MHL",
        "Date":"2024-03-14",
        "Open":401.0,
        "High":409.0,
        "Low":396.0,
        "Close":400.0,
        "Percent Change":"-0.50 %",
        "Volume":"7,804.00"
    },
    {
        "Symbol":"MHL",
        "Date":"2024-03-13",
        "Open":413.9,
        "High":413.9,
        "Low":401.1,
        "Close":402.0,
        "Percent Change":"-1.69 %",
        "Volume":"4,230.00"
    },
    {
        "Symbol":"MHL",
        "Date":"2024-03-12",
        "Open":412.0,
        "High":412.0,
        "Low":398.0,
        "Close":408.9,
        "Percent Change":"0.71 %",
        "Volume":"8,009.00"
    },
    {
        "Symbol":"MHL",
        "Date":"2024-03-10",
        "Open":402.0,
        "High":407.0,
        "Low":393.0,
        "Close":406.0,
        "Percent Change":"2.81 %",
        "Volume":"9,383.00"
    },
    {
        "Symbol":"MHL",
        "Date":"2024-03-07",
        "Open":389.6,
        "High":397.3,
        "Low":382.1,
        "Close":394.9,
        "Percent Change":"3.38 %",
        "Volume":"13,916.00"
    },
    {
        "Symbol":"MHL",
        "Date":"2024-03-06",
        "Open":388.9,
        "High":396.6,
        "Low":369.1,
        "Close":382.0,
        "Percent Change":"-0.03 %",
        "Volume":"10,682.00"
    },
    {
        "Symbol":"MHL",
        "Date":"2024-03-05",
        "Open":394.9,
        "High":410.0,
        "Low":373.0,
        "Close":382.1,
        "Percent Change":"-1.32 %",
        "Volume":"11,896.00"
    },
    {
        "Symbol":"MHL",
        "Date":"2024-03-04",
        "Open":372.3,
        "High":387.2,
        "Low":372.3,
        "Close":387.2,
        "Percent Change":"6.08 %",
        "Volume":"120.00"
    },
    {
        "Symbol":"MHL",
        "Date":"2024-03-03",
        "Open":375.0,
        "High":375.0,
        "Low":361.5,
        "Close":365.0,
        "Percent Change":"-1.08 %",
        "Volume":"6,401.00"
    },
    {
        "Symbol":"MHL",
        "Date":"2024-02-29",
        "Open":382.3,
        "High":388.0,
        "Low":368.0,
        "Close":369.0,
        "Percent Change":"-5.38 %",
        "Volume":"11,060.00"
    },
    {
        "Symbol":"MHL",
        "Date":"2024-02-28",
        "Open":399.0,
        "High":405.0,
        "Low":390.0,
        "Close":390.0,
        "Percent Change":"-0.48 %",
        "Volume":"5,399.00"
    },
    {
        "Symbol":"MHL",
        "Date":"2024-02-27",
        "Open":390.0,
        "High":397.8,
        "Low":381.3,
        "Close":391.9,
        "Percent Change":"1.27 %",
        "Volume":"5,925.00"
    },
    {
        "Symbol":"MHL",
        "Date":"2024-02-26",
        "Open":377.4,
        "High":397.0,
        "Low":377.4,
        "Close":387.0,
        "Percent Change":"0.78 %",
        "Volume":"5,575.00"
    },
    {
        "Symbol":"MHL",
        "Date":"2024-02-25",
        "Open":400.0,
        "High":400.0,
        "Low":384.0,
        "Close":384.0,
        "Percent Change":"-5.40 %",
        "Volume":"9,723.00"
    },
    {
        "Symbol":"MHL",
        "Date":"2024-02-22",
        "Open":409.0,
        "High":417.0,
        "Low":386.0,
        "Close":405.9,
        "Percent Change":"-1.24 %",
        "Volume":"16,819.00"
    },
    {
        "Symbol":"MHL",
        "Date":"2024-02-21",
        "Open":432.4,
        "High":432.4,
        "Low":410.0,
        "Close":411.0,
        "Percent Change":"-3.07 %",
        "Volume":"3,641.00"
    },
    {
        "Symbol":"MHL",
        "Date":"2024-02-20",
        "Open":422.4,
        "High":424.8,
        "Low":415.0,
        "Close":424.0,
        "Percent Change":"0.38 %",
        "Volume":"8,310.00"
    },
    {
        "Symbol":"MHL",
        "Date":"2024-02-18",
        "Open":430.0,
        "High":431.0,
        "Low":419.0,
        "Close":422.4,
        "Percent Change":"-1.86 %",
        "Volume":"8,813.00"
    },
    {
        "Symbol":"MHL",
        "Date":"2024-02-15",
        "Open":433.0,
        "High":442.9,
        "Low":430.4,
        "Close":430.4,
        "Percent Change":"-0.60 %",
        "Volume":"18,485.00"
    },
    {
        "Symbol":"MHL",
        "Date":"2024-02-14",
        "Open":432.0,
        "High":447.8,
        "Low":431.0,
        "Close":433.0,
        "Percent Change":"-1.59 %",
        "Volume":"11,791.00"
    },
    {
        "Symbol":"MHL",
        "Date":"2024-02-13",
        "Open":438.0,
        "High":455.0,
        "Low":430.1,
        "Close":440.0,
        "Percent Change":"-1.37 %",
        "Volume":"28,808.00"
    },
    {
        "Symbol":"MHL",
        "Date":"2024-02-12",
        "Open":435.6,
        "High":446.9,
        "Low":430.0,
        "Close":446.1,
        "Percent Change":"1.85 %",
        "Volume":"35,902.00"
    },
    {
        "Symbol":"MHL",
        "Date":"2024-02-11",
        "Open":439.2,
        "High":445.0,
        "Low":430.0,
        "Close":438.0,
        "Percent Change":"1.72 %",
        "Volume":"23,619.00"
    },
    {
        "Symbol":"MHL",
        "Date":"2024-02-08",
        "Open":446.5,
        "High":446.5,
        "Low":430.0,
        "Close":430.6,
        "Percent Change":"-1.71 %",
        "Volume":"17,655.00"
    },
    {
        "Symbol":"MHL",
        "Date":"2024-02-07",
        "Open":426.0,
        "High":444.7,
        "Low":426.0,
        "Close":438.1,
        "Percent Change":"2.53 %",
        "Volume":"18,841.00"
    },
    {
        "Symbol":"MHL",
        "Date":"2024-02-06",
        "Open":426.0,
        "High":453.0,
        "Low":418.1,
        "Close":427.3,
        "Percent Change":"-0.16 %",
        "Volume":"13,219.00"
    },
    {
        "Symbol":"MHL",
        "Date":"2024-02-05",
        "Open":440.0,
        "High":452.7,
        "Low":428.0,
        "Close":428.0,
        "Percent Change":"-3.58 %",
        "Volume":"11,802.00"
    },
    {
        "Symbol":"MHL",
        "Date":"2024-02-04",
        "Open":450.8,
        "High":455.0,
        "Low":434.0,
        "Close":443.9,
        "Percent Change":"-3.50 %",
        "Volume":"15,533.00"
    },
    {
        "Symbol":"MHL",
        "Date":"2024-02-01",
        "Open":464.0,
        "High":474.3,
        "Low":445.0,
        "Close":460.0,
        "Percent Change":"-1.08 %",
        "Volume":"31,733.00"
    },
    {
        "Symbol":"MHL",
        "Date":"2024-01-31",
        "Open":420.0,
        "High":465.0,
        "Low":420.0,
        "Close":465.0,
        "Percent Change":"9.67 %",
        "Volume":"125,529.00"
    },
    {
        "Symbol":"MHL",
        "Date":"2024-01-30",
        "Open":430.0,
        "High":440.0,
        "Low":422.0,
        "Close":424.0,
        "Percent Change":"0.00 %",
        "Volume":"20,079.00"
    },
    {
        "Symbol":"MHL",
        "Date":"2024-01-29",
        "Open":427.0,
        "High":434.0,
        "Low":419.0,
        "Close":424.0,
        "Percent Change":"-0.70 %",
        "Volume":"10,700.00"
    },
    {
        "Symbol":"MHL",
        "Date":"2024-01-28",
        "Open":431.0,
        "High":431.1,
        "Low":418.0,
        "Close":427.0,
        "Percent Change":"-2.73 %",
        "Volume":"11,225.00"
    },
    {
        "Symbol":"MHL",
        "Date":"2024-01-25",
        "Open":415.0,
        "High":439.0,
        "Low":407.0,
        "Close":439.0,
        "Percent Change":"4.52 %",
        "Volume":"9,058.00"
    },
    {
        "Symbol":"MHL",
        "Date":"2024-01-24",
        "Open":430.4,
        "High":430.4,
        "Low":416.6,
        "Close":420.0,
        "Percent Change":"-1.18 %",
        "Volume":"8,096.00"
    },
    {
        "Symbol":"MHL",
        "Date":"2024-01-23",
        "Open":420.0,
        "High":425.0,
        "Low":403.0,
        "Close":425.0,
        "Percent Change":"1.19 %",
        "Volume":"15,077.00"
    },
    {
        "Symbol":"MHL",
        "Date":"2024-01-22",
        "Open":451.0,
        "High":460.0,
        "Low":415.0,
        "Close":420.0,
        "Percent Change":"-5.11 %",
        "Volume":"8,624.00"
    },
    {
        "Symbol":"MHL",
        "Date":"2024-01-21",
        "Open":466.9,
        "High":466.9,
        "Low":430.0,
        "Close":442.6,
        "Percent Change":"-3.78 %",
        "Volume":"22,546.00"
    },
    {
        "Symbol":"MHL",
        "Date":"2024-01-18",
        "Open":450.0,
        "High":468.0,
        "Low":416.1,
        "Close":460.0,
        "Percent Change":"3.60 %",
        "Volume":"27,115.00"
    },
    {
        "Symbol":"MHL",
        "Date":"2024-01-17",
        "Open":461.6,
        "High":467.0,
        "Low":433.0,
        "Close":444.0,
        "Percent Change":"-5.73 %",
        "Volume":"28,292.00"
    },
    {
        "Symbol":"MHL",
        "Date":"2024-01-16",
        "Open":450.1,
        "High":471.0,
        "Low":441.2,
        "Close":471.0,
        "Percent Change":"2.57 %",
        "Volume":"75,593.00"
    },
    {
        "Symbol":"MHL",
        "Date":"2024-01-14",
        "Open":457.0,
        "High":465.0,
        "Low":439.1,
        "Close":459.2,
        "Percent Change":"2.04 %",
        "Volume":"25,990.00"
    },
    {
        "Symbol":"MHL",
        "Date":"2024-01-11",
        "Open":478.0,
        "High":478.0,
        "Low":435.0,
        "Close":450.0,
        "Percent Change":"-4.90 %",
        "Volume":"12,085.00"
    },
    {
        "Symbol":"MHL",
        "Date":"2024-01-10",
        "Open":464.0,
        "High":473.2,
        "Low":430.0,
        "Close":473.2,
        "Percent Change":"3.32 %",
        "Volume":"22,309.00"
    },
    {
        "Symbol":"MHL",
        "Date":"2024-01-09",
        "Open":450.0,
        "High":459.0,
        "Low":429.1,
        "Close":458.0,
        "Percent Change":"2.46 %",
        "Volume":"77,705.00"
    },
    {
        "Symbol":"MHL",
        "Date":"2024-01-08",
        "Open":414.0,
        "High":447.0,
        "Low":411.0,
        "Close":447.0,
        "Percent Change":"9.51 %",
        "Volume":"32,963.00"
    },
    {
        "Symbol":"MHL",
        "Date":"2024-01-07",
        "Open":417.5,
        "High":425.0,
        "Low":406.1,
        "Close":408.2,
        "Percent Change":"-0.28 %",
        "Volume":"24,586.00"
    },
    {
        "Symbol":"MHL",
        "Date":"2024-01-04",
        "Open":436.1,
        "High":438.0,
        "Low":415.5,
        "Close":428.8,
        "Percent Change":"-3.62 %",
        "Volume":"49,622.00"
    },
    {
        "Symbol":"MHL",
        "Date":"2024-01-03",
        "Open":421.4,
        "High":445.6,
        "Low":411.0,
        "Close":444.9,
        "Percent Change":"3.47 %",
        "Volume":"24,665.00"
    },
    {
        "Symbol":"MHL",
        "Date":"2024-01-02",
        "Open":447.7,
        "High":447.7,
        "Low":409.0,
        "Close":430.0,
        "Percent Change":"-2.05 %",
        "Volume":"31,229.00"
    },
    {
        "Symbol":"MHL",
        "Date":"2024-01-01",
        "Open":418.0,
        "High":439.0,
        "Low":404.0,
        "Close":439.0,
        "Percent Change":"4.97 %",
        "Volume":"66,703.00"
    },
    {
        "Symbol":"MHL",
        "Date":"2023-12-28",
        "Open":382.1,
        "High":418.2,
        "Low":382.1,
        "Close":418.2,
        "Percent Change":"7.62 %",
        "Volume":"51,185.00"
    },
    {
        "Symbol":"MHL",
        "Date":"2023-12-27",
        "Open":398.0,
        "High":398.0,
        "Low":380.9,
        "Close":388.6,
        "Percent Change":"-0.44 %",
        "Volume":"14,961.00"
    },
    {
        "Symbol":"MHL",
        "Date":"2023-12-24",
        "Open":409.7,
        "High":409.7,
        "Low":389.0,
        "Close":390.3,
        "Percent Change":"-6.63 %",
        "Volume":"30,755.00"
    },
    {
        "Symbol":"MHL",
        "Date":"2023-12-21",
        "Open":411.0,
        "High":418.0,
        "Low":380.0,
        "Close":418.0,
        "Percent Change":"0.72 %",
        "Volume":"49,201.00"
    },
    {
        "Symbol":"MHL",
        "Date":"2023-12-20",
        "Open":398.9,
        "High":415.0,
        "Low":384.0,
        "Close":415.0,
        "Percent Change":"1.97 %",
        "Volume":"41,295.00"
    },
    {
        "Symbol":"MHL",
        "Date":"2023-12-19",
        "Open":392.0,
        "High":415.0,
        "Low":368.0,
        "Close":407.0,
        "Percent Change":"5.71 %",
        "Volume":"27,624.00"
    },
    {
        "Symbol":"MHL",
        "Date":"2023-12-18",
        "Open":392.0,
        "High":399.8,
        "Low":375.5,
        "Close":385.0,
        "Percent Change":"-1.79 %",
        "Volume":"34,051.00"
    },
    {
        "Symbol":"MHL",
        "Date":"2023-12-17",
        "Open":351.9,
        "High":392.0,
        "Low":349.5,
        "Close":392.0,
        "Percent Change":"9.19 %",
        "Volume":"48,098.00"
    },
    {
        "Symbol":"MHL",
        "Date":"2023-12-14",
        "Open":362.1,
        "High":362.1,
        "Low":349.0,
        "Close":359.0,
        "Percent Change":"1.13 %",
        "Volume":"15,255.00"
    },
    {
        "Symbol":"MHL",
        "Date":"2023-12-13",
        "Open":351.9,
        "High":355.0,
        "Low":343.0,
        "Close":355.0,
        "Percent Change":"2.90 %",
        "Volume":"46,142.00"
    },
    {
        "Symbol":"MHL",
        "Date":"2023-12-12",
        "Open":328.4,
        "High":350.0,
        "Low":328.4,
        "Close":345.0,
        "Percent Change":"2.95 %",
        "Volume":"25,171.00"
    },
    {
        "Symbol":"MHL",
        "Date":"2023-12-11",
        "Open":363.1,
        "High":363.1,
        "Low":335.1,
        "Close":335.1,
        "Percent Change":"-5.87 %",
        "Volume":"35,328.00"
    },
    {
        "Symbol":"MHL",
        "Date":"2023-12-10",
        "Open":357.0,
        "High":360.0,
        "Low":349.9,
        "Close":356.0,
        "Percent Change":"1.71 %",
        "Volume":"8,310.00"
    },
    {
        "Symbol":"MHL",
        "Date":"2023-12-07",
        "Open":362.7,
        "High":380.4,
        "Low":340.0,
        "Close":350.0,
        "Percent Change":"-5.41 %",
        "Volume":"35,780.00"
    },
    {
        "Symbol":"MHL",
        "Date":"2023-12-06",
        "Open":336.2,
        "High":377.3,
        "Low":336.2,
        "Close":370.0,
        "Percent Change":"7.87 %",
        "Volume":"18,075.00"
    },
    {
        "Symbol":"MHL",
        "Date":"2023-12-05",
        "Open":341.1,
        "High":361.9,
        "Low":336.2,
        "Close":343.0,
        "Percent Change":"-1.44 %",
        "Volume":"10,670.00"
    },
    {
        "Symbol":"MHL",
        "Date":"2023-12-04",
        "Open":333.2,
        "High":360.4,
        "Low":333.2,
        "Close":348.0,
        "Percent Change":"2.35 %",
        "Volume":"13,831.00"
    },
    {
        "Symbol":"MHL",
        "Date":"2023-12-03",
        "Open":331.0,
        "High":351.1,
        "Low":331.0,
        "Close":340.0,
        "Percent Change":"0.89 %",
        "Volume":"13,962.00"
    },
    {
        "Symbol":"MHL",
        "Date":"2023-11-30",
        "Open":340.0,
        "High":343.7,
        "Low":329.4,
        "Close":337.0,
        "Percent Change":"-1.20 %",
        "Volume":"18,735.00"
    },
    {
        "Symbol":"MHL",
        "Date":"2023-11-29",
        "Open":342.0,
        "High":360.0,
        "Low":340.0,
        "Close":341.1,
        "Percent Change":"-0.26 %",
        "Volume":"21,768.00"
    },
    {
        "Symbol":"MHL",
        "Date":"2023-11-28",
        "Open":314.0,
        "High":345.0,
        "Low":311.0,
        "Close":342.0,
        "Percent Change":"8.92 %",
        "Volume":"38,612.00"
    },
    {
        "Symbol":"MHL",
        "Date":"2023-11-27",
        "Open":307.0,
        "High":318.0,
        "Low":302.3,
        "Close":314.0,
        "Percent Change":"0.67 %",
        "Volume":"6,928.00"
    },
    {
        "Symbol":"MHL",
        "Date":"2023-11-26",
        "Open":300.0,
        "High":313.1,
        "Low":300.0,
        "Close":311.9,
        "Percent Change":"3.28 %",
        "Volume":"3,556.00"
    },
    {
        "Symbol":"MHL",
        "Date":"2023-11-23",
        "Open":298.0,
        "High":312.0,
        "Low":289.0,
        "Close":302.0,
        "Percent Change":"2.72 %",
        "Volume":"9,552.00"
    },
    {
        "Symbol":"MHL",
        "Date":"2023-11-22",
        "Open":285.0,
        "High":298.3,
        "Low":279.3,
        "Close":294.0,
        "Percent Change":"2.26 %",
        "Volume":"4,775.00"
    },
    {
        "Symbol":"MHL",
        "Date":"2023-11-21",
        "Open":285.0,
        "High":288.0,
        "Low":274.7,
        "Close":287.5,
        "Percent Change":"-0.86 %",
        "Volume":"2,671.00"
    },
    {
        "Symbol":"MHL",
        "Date":"2023-11-20",
        "Open":282.0,
        "High":300.0,
        "Low":282.0,
        "Close":290.0,
        "Percent Change":"3.50 %",
        "Volume":"1,449.00"
    },
    {
        "Symbol":"MHL",
        "Date":"2023-11-09",
        "Open":281.2,
        "High":300.0,
        "Low":278.1,
        "Close":280.2,
        "Percent Change":"-0.32 %",
        "Volume":"2,940.00"
    },
    {
        "Symbol":"MHL",
        "Date":"2023-11-08",
        "Open":280.0,
        "High":295.0,
        "Low":276.1,
        "Close":281.1,
        "Percent Change":"0.39 %",
        "Volume":"1,390.00"
    },
    {
        "Symbol":"MHL",
        "Date":"2023-11-07",
        "Open":279.1,
        "High":301.7,
        "Low":277.0,
        "Close":280.0,
        "Percent Change":"-1.41 %",
        "Volume":"4,162.00"
    },
    {
        "Symbol":"MHL",
        "Date":"2023-11-06",
        "Open":280.0,
        "High":288.0,
        "Low":279.7,
        "Close":284.0,
        "Percent Change":"1.79 %",
        "Volume":"1,675.00"
    },
    {
        "Symbol":"MHL",
        "Date":"2023-11-05",
        "Open":276.9,
        "High":291.5,
        "Low":267.7,
        "Close":279.0,
        "Percent Change":"-1.24 %",
        "Volume":"604.00"
    },
    {
        "Symbol":"MHL",
        "Date":"2023-11-02",
        "Open":278.0,
        "High":283.0,
        "Low":277.0,
        "Close":282.5,
        "Percent Change":"0.53 %",
        "Volume":"2,610.00"
    },
    {
        "Symbol":"MHL",
        "Date":"2023-11-01",
        "Open":285.0,
        "High":305.0,
        "Low":280.0,
        "Close":281.0,
        "Percent Change":"-3.07 %",
        "Volume":"2,100.00"
    },
    {
        "Symbol":"MHL",
        "Date":"2023-10-31",
        "Open":291.0,
        "High":296.8,
        "Low":286.4,
        "Close":289.9,
        "Percent Change":"-2.23 %",
        "Volume":"1,690.00"
    },
    {
        "Symbol":"MHL",
        "Date":"2023-10-30",
        "Open":275.0,
        "High":299.1,
        "Low":270.0,
        "Close":296.5,
        "Percent Change":"5.89 %",
        "Volume":"8,633.00"
    },
    {
        "Symbol":"MHL",
        "Date":"2023-10-29",
        "Open":289.0,
        "High":290.2,
        "Low":277.1,
        "Close":280.0,
        "Percent Change":"-4.76 %",
        "Volume":"3,330.00"
    },
    {
        "Symbol":"MHL",
        "Date":"2023-10-19",
        "Open":300.0,
        "High":304.0,
        "Low":294.0,
        "Close":294.0,
        "Percent Change":"-3.61 %",
        "Volume":"3,160.00"
    },
    {
        "Symbol":"MHL",
        "Date":"2023-10-18",
        "Open":298.0,
        "High":307.0,
        "Low":291.0,
        "Close":305.0,
        "Percent Change":"3.04 %",
        "Volume":"5,075.00"
    },
    {
        "Symbol":"MHL",
        "Date":"2023-10-17",
        "Open":292.7,
        "High":304.5,
        "Low":290.0,
        "Close":296.0,
        "Percent Change":"3.14 %",
        "Volume":"10,048.00"
    },
    {
        "Symbol":"MHL",
        "Date":"2023-10-16",
        "Open":297.0,
        "High":303.7,
        "Low":280.0,
        "Close":287.0,
        "Percent Change":"-3.37 %",
        "Volume":"8,876.00"
    },
    {
        "Symbol":"MHL",
        "Date":"2023-10-12",
        "Open":308.1,
        "High":315.0,
        "Low":297.0,
        "Close":297.0,
        "Percent Change":"-5.23 %",
        "Volume":"13,857.00"
    },
    {
        "Symbol":"MHL",
        "Date":"2023-10-11",
        "Open":314.0,
        "High":321.5,
        "Low":310.0,
        "Close":313.4,
        "Percent Change":"-0.25 %",
        "Volume":"12,355.00"
    },
    {
        "Symbol":"MHL",
        "Date":"2023-10-10",
        "Open":307.1,
        "High":319.3,
        "Low":307.0,
        "Close":314.2,
        "Percent Change":"1.32 %",
        "Volume":"6,693.00"
    },
    {
        "Symbol":"MHL",
        "Date":"2023-10-09",
        "Open":308.0,
        "High":326.0,
        "Low":307.0,
        "Close":310.1,
        "Percent Change":"-1.24 %",
        "Volume":"12,020.00"
    },
    {
        "Symbol":"MHL",
        "Date":"2023-10-08",
        "Open":327.4,
        "High":333.0,
        "Low":314.0,
        "Close":314.0,
        "Percent Change":"-5.99 %",
        "Volume":"7,922.00"
    },
    {
        "Symbol":"MHL",
        "Date":"2023-10-05",
        "Open":332.0,
        "High":349.8,
        "Low":328.1,
        "Close":334.0,
        "Percent Change":"-0.89 %",
        "Volume":"7,250.00"
    },
    {
        "Symbol":"MHL",
        "Date":"2023-10-04",
        "Open":347.8,
        "High":347.8,
        "Low":333.1,
        "Close":337.0,
        "Percent Change":"-1.17 %",
        "Volume":"9,721.00"
    },
    {
        "Symbol":"MHL",
        "Date":"2023-10-03",
        "Open":341.0,
        "High":351.8,
        "Low":330.5,
        "Close":341.0,
        "Percent Change":"0.00 %",
        "Volume":"7,440.00"
    },
    {
        "Symbol":"MHL",
        "Date":"2023-10-02",
        "Open":323.1,
        "High":352.0,
        "Low":323.1,
        "Close":341.0,
        "Percent Change":"4.19 %",
        "Volume":"11,423.00"
    },
    {
        "Symbol":"MHL",
        "Date":"2023-10-01",
        "Open":352.8,
        "High":355.0,
        "Low":326.0,
        "Close":327.3,
        "Percent Change":"-9.08 %",
        "Volume":"30,100.00"
    },
    {
        "Symbol":"MHL",
        "Date":"2023-09-27",
        "Open":368.0,
        "High":368.0,
        "Low":346.6,
        "Close":360.0,
        "Percent Change":"-1.93 %",
        "Volume":"35,239.00"
    },
    {
        "Symbol":"MHL",
        "Date":"2023-09-26",
        "Open":354.0,
        "High":382.8,
        "Low":350.0,
        "Close":367.1,
        "Percent Change":"5.49 %",
        "Volume":"35,943.00"
    },
    {
        "Symbol":"MHL",
        "Date":"2023-09-25",
        "Open":310.2,
        "High":348.0,
        "Low":310.2,
        "Close":348.0,
        "Percent Change":"9.99 %",
        "Volume":"36,513.00"
    },
    {
        "Symbol":"MHL",
        "Date":"2023-09-24",
        "Open":302.0,
        "High":316.4,
        "Low":293.0,
        "Close":316.4,
        "Percent Change":"2.96 %",
        "Volume":"18,643.00"
    },
    {
        "Symbol":"MHL",
        "Date":"2023-09-21",
        "Open":284.9,
        "High":307.3,
        "Low":280.0,
        "Close":307.3,
        "Percent Change":"9.99 %",
        "Volume":"20,237.00"
    },
    {
        "Symbol":"MHL",
        "Date":"2023-09-19",
        "Open":258.0,
        "High":279.4,
        "Low":255.0,
        "Close":279.4,
        "Percent Change":"6.64 %",
        "Volume":"7,020.00"
    },
    {
        "Symbol":"MHL",
        "Date":"2023-09-18",
        "Open":260.0,
        "High":263.0,
        "Low":256.0,
        "Close":262.0,
        "Percent Change":"0.77 %",
        "Volume":"2,740.00"
    },
    {
        "Symbol":"MHL",
        "Date":"2023-09-17",
        "Open":265.6,
        "High":265.6,
        "Low":250.0,
        "Close":260.0,
        "Percent Change":"-4.06 %",
        "Volume":"4,320.00"
    },
    {
        "Symbol":"MHL",
        "Date":"2023-09-13",
        "Open":255.8,
        "High":274.0,
        "Low":255.8,
        "Close":271.0,
        "Percent Change":"3.83 %",
        "Volume":"2,800.00"
    },
    {
        "Symbol":"MHL",
        "Date":"2023-09-12",
        "Open":262.0,
        "High":266.0,
        "Low":258.0,
        "Close":261.0,
        "Percent Change":"-1.88 %",
        "Volume":"1,416.00"
    },
    {
        "Symbol":"MHL",
        "Date":"2023-09-11",
        "Open":249.0,
        "High":266.7,
        "Low":249.0,
        "Close":266.0,
        "Percent Change":"4.72 %",
        "Volume":"3,770.00"
    },
    {
        "Symbol":"MHL",
        "Date":"2023-09-10",
        "Open":245.1,
        "High":255.0,
        "Low":242.1,
        "Close":254.0,
        "Percent Change":"1.60 %",
        "Volume":"1,970.00"
    },
    {
        "Symbol":"MHL",
        "Date":"2023-09-07",
        "Open":258.0,
        "High":263.0,
        "Low":245.0,
        "Close":250.0,
        "Percent Change":"-3.10 %",
        "Volume":"4,083.00"
    },
    {
        "Symbol":"MHL",
        "Date":"2023-09-05",
        "Open":255.0,
        "High":264.0,
        "Low":250.1,
        "Close":258.0,
        "Percent Change":"-0.39 %",
        "Volume":"595.00"
    },
    {
        "Symbol":"MHL",
        "Date":"2023-09-04",
        "Open":250.0,
        "High":262.0,
        "Low":249.5,
        "Close":259.0,
        "Percent Change":"1.77 %",
        "Volume":"3,100.00"
    },
    {
        "Symbol":"MHL",
        "Date":"2023-09-03",
        "Open":256.1,
        "High":256.2,
        "Low":249.3,
        "Close":254.5,
        "Percent Change":"-2.49 %",
        "Volume":"1,830.00"
    },
    {
        "Symbol":"MHL",
        "Date":"2023-08-30",
        "Open":264.0,
        "High":267.9,
        "Low":258.1,
        "Close":261.0,
        "Percent Change":"-1.25 %",
        "Volume":"1,500.00"
    },
    {
        "Symbol":"MHL",
        "Date":"2023-08-29",
        "Open":257.0,
        "High":265.0,
        "Low":257.0,
        "Close":264.3,
        "Percent Change":"0.92 %",
        "Volume":"995.00"
    },
    {
        "Symbol":"MHL",
        "Date":"2023-08-28",
        "Open":258.8,
        "High":265.2,
        "Low":249.2,
        "Close":261.9,
        "Percent Change":"-0.76 %",
        "Volume":"1,632.00"
    },
    {
        "Symbol":"MHL",
        "Date":"2023-08-27",
        "Open":269.5,
        "High":269.5,
        "Low":256.1,
        "Close":263.9,
        "Percent Change":"-4.04 %",
        "Volume":"530.00"
    },
    {
        "Symbol":"MHL",
        "Date":"2023-08-24",
        "Open":268.6,
        "High":275.0,
        "Low":258.0,
        "Close":275.0,
        "Percent Change":"0.36 %",
        "Volume":"1,850.00"
    },
    {
        "Symbol":"MHL",
        "Date":"2023-08-23",
        "Open":260.0,
        "High":274.0,
        "Low":259.3,
        "Close":274.0,
        "Percent Change":"3.59 %",
        "Volume":"1,760.00"
    },
    {
        "Symbol":"MHL",
        "Date":"2023-08-22",
        "Open":263.0,
        "High":264.5,
        "Low":250.2,
        "Close":264.5,
        "Percent Change":"2.56 %",
        "Volume":"2,250.00"
    },
    {
        "Symbol":"MHL",
        "Date":"2023-08-21",
        "Open":266.0,
        "High":271.0,
        "Low":255.0,
        "Close":257.9,
        "Percent Change":"-3.12 %",
        "Volume":"1,685.00"
    },
    {
        "Symbol":"MHL",
        "Date":"2023-08-20",
        "Open":274.4,
        "High":277.0,
        "Low":266.0,
        "Close":266.2,
        "Percent Change":"-4.89 %",
        "Volume":"560.00"
    },
    {
        "Symbol":"MHL",
        "Date":"2023-08-17",
        "Open":274.5,
        "High":287.9,
        "Low":271.0,
        "Close":279.9,
        "Percent Change":"0.00 %",
        "Volume":"1,400.00"
    },
    {
        "Symbol":"MHL",
        "Date":"2023-08-16",
        "Open":280.0,
        "High":288.0,
        "Low":266.1,
        "Close":279.9,
        "Percent Change":"-1.79 %",
        "Volume":"6,098.00"
    },
    {
        "Symbol":"MHL",
        "Date":"2023-08-15",
        "Open":289.9,
        "High":294.0,
        "Low":273.1,
        "Close":285.0,
        "Percent Change":"-3.65 %",
        "Volume":"1,350.00"
    },
    {
        "Symbol":"MHL",
        "Date":"2023-08-14",
        "Open":293.1,
        "High":295.8,
        "Low":281.1,
        "Close":295.8,
        "Percent Change":"-1.07 %",
        "Volume":"3,605.00"
    },
    {
        "Symbol":"MHL",
        "Date":"2023-08-13",
        "Open":302.9,
        "High":302.9,
        "Low":285.2,
        "Close":299.0,
        "Percent Change":"-3.24 %",
        "Volume":"3,328.00"
    },
    {
        "Symbol":"MHL",
        "Date":"2023-08-10",
        "Open":298.0,
        "High":309.0,
        "Low":280.0,
        "Close":309.0,
        "Percent Change":"1.64 %",
        "Volume":"6,885.00"
    },
    {
        "Symbol":"MHL",
        "Date":"2023-08-09",
        "Open":272.4,
        "High":305.6,
        "Low":272.4,
        "Close":304.0,
        "Percent Change":"9.39 %",
        "Volume":"2,829.00"
    },
    {
        "Symbol":"MHL",
        "Date":"2023-08-08",
        "Open":280.0,
        "High":282.0,
        "Low":272.8,
        "Close":277.9,
        "Percent Change":"-1.56 %",
        "Volume":"1,706.00"
    },
    {
        "Symbol":"MHL",
        "Date":"2023-08-07",
        "Open":276.2,
        "High":290.9,
        "Low":276.0,
        "Close":282.3,
        "Percent Change":"0.82 %",
        "Volume":"1,772.00"
    },
    {
        "Symbol":"MHL",
        "Date":"2023-08-06",
        "Open":294.0,
        "High":294.0,
        "Low":280.0,
        "Close":280.0,
        "Percent Change":"-4.99 %",
        "Volume":"1,540.00"
    },
    {
        "Symbol":"MHL",
        "Date":"2023-08-03",
        "Open":293.4,
        "High":299.8,
        "Low":289.0,
        "Close":294.7,
        "Percent Change":"-1.54 %",
        "Volume":"2,030.00"
    },
    {
        "Symbol":"MHL",
        "Date":"2023-08-02",
        "Open":297.0,
        "High":299.3,
        "Low":292.2,
        "Close":299.3,
        "Percent Change":"-1.22 %",
        "Volume":"1,660.00"
    },
    {
        "Symbol":"MHL",
        "Date":"2023-08-01",
        "Open":296.0,
        "High":303.0,
        "Low":293.1,
        "Close":303.0,
        "Percent Change":"1.68 %",
        "Volume":"500.00"
    },
    {
        "Symbol":"MHL",
        "Date":"2023-07-31",
        "Open":292.2,
        "High":306.0,
        "Low":292.2,
        "Close":298.0,
        "Percent Change":"0.34 %",
        "Volume":"1,820.00"
    },
    {
        "Symbol":"MHL",
        "Date":"2023-07-30",
        "Open":305.0,
        "High":305.0,
        "Low":296.0,
        "Close":297.0,
        "Percent Change":"-3.57 %",
        "Volume":"2,065.00"
    },
    {
        "Symbol":"MHL",
        "Date":"2023-07-27",
        "Open":305.0,
        "High":310.0,
        "Low":304.0,
        "Close":308.0,
        "Percent Change":"-0.48 %",
        "Volume":"1,680.00"
    },
    {
        "Symbol":"MHL",
        "Date":"2023-07-26",
        "Open":304.0,
        "High":313.0,
        "Low":304.0,
        "Close":309.5,
        "Percent Change":"-0.13 %",
        "Volume":"2,312.00"
    },
    {
        "Symbol":"MHL",
        "Date":"2023-07-25",
        "Open":301.3,
        "High":309.9,
        "Low":301.3,
        "Close":309.9,
        "Percent Change":"1.08 %",
        "Volume":"2,270.00"
    },
    {
        "Symbol":"MHL",
        "Date":"2023-07-24",
        "Open":307.0,
        "High":315.0,
        "Low":306.0,
        "Close":306.6,
        "Percent Change":"-0.45 %",
        "Volume":"5,837.00"
    },
    {
        "Symbol":"MHL",
        "Date":"2023-07-23",
        "Open":302.0,
        "High":311.8,
        "Low":297.0,
        "Close":308.0,
        "Percent Change":"1.78 %",
        "Volume":"7,284.00"
    },
    {
        "Symbol":"MHL",
        "Date":"2023-07-20",
        "Open":303.7,
        "High":309.0,
        "Low":299.0,
        "Close":302.6,
        "Percent Change":"-2.32 %",
        "Volume":"3,669.00"
    },
    {
        "Symbol":"MHL",
        "Date":"2023-07-19",
        "Open":300.0,
        "High":310.0,
        "Low":295.3,
        "Close":309.8,
        "Percent Change":"1.24 %",
        "Volume":"3,630.00"
    },
    {
        "Symbol":"MHL",
        "Date":"2023-07-18",
        "Open":304.8,
        "High":315.7,
        "Low":300.3,
        "Close":306.0,
        "Percent Change":"-1.61 %",
        "Volume":"1,810.00"
    },
    {
        "Symbol":"MHL",
        "Date":"2023-07-17",
        "Open":299.0,
        "High":312.3,
        "Low":298.1,
        "Close":311.0,
        "Percent Change":"2.64 %",
        "Volume":"3,350.00"
    },
    {
        "Symbol":"MHL",
        "Date":"2023-07-16",
        "Open":302.9,
        "High":307.0,
        "Low":296.0,
        "Close":303.0,
        "Percent Change":"-1.94 %",
        "Volume":"3,376.00"
    },
    {
        "Symbol":"MHL",
        "Date":"2023-07-13",
        "Open":311.6,
        "High":320.0,
        "Low":295.1,
        "Close":309.0,
        "Percent Change":"-2.80 %",
        "Volume":"7,663.00"
    },
    {
        "Symbol":"MHL",
        "Date":"2023-07-12",
        "Open":297.0,
        "High":318.2,
        "Low":295.0,
        "Close":317.9,
        "Percent Change":"7.76 %",
        "Volume":"2,810.00"
    },
    {
        "Symbol":"MHL",
        "Date":"2023-07-11",
        "Open":304.8,
        "High":317.0,
        "Low":295.0,
        "Close":295.0,
        "Percent Change":"-5.14 %",
        "Volume":"5,075.00"
    },
    {
        "Symbol":"MHL",
        "Date":"2023-07-10",
        "Open":300.3,
        "High":312.6,
        "Low":299.9,
        "Close":311.0,
        "Percent Change":"1.63 %",
        "Volume":"2,340.00"
    },
    {
        "Symbol":"MHL",
        "Date":"2023-07-09",
        "Open":301.9,
        "High":314.0,
        "Low":295.9,
        "Close":306.0,
        "Percent Change":"-0.65 %",
        "Volume":"1,655.00"
    },
    {
        "Symbol":"MHL",
        "Date":"2023-07-06",
        "Open":299.1,
        "High":309.0,
        "Low":299.1,
        "Close":308.0,
        "Percent Change":"0.98 %",
        "Volume":"4,780.00"
    },
    {
        "Symbol":"MHL",
        "Date":"2023-07-05",
        "Open":337.0,
        "High":337.0,
        "Low":304.5,
        "Close":305.0,
        "Percent Change":"-7.69 %",
        "Volume":"6,399.00"
    },
    {
        "Symbol":"MHL",
        "Date":"2023-07-04",
        "Open":320.6,
        "High":330.4,
        "Low":316.2,
        "Close":330.4,
        "Percent Change":"1.04 %",
        "Volume":"2,690.00"
    },
    {
        "Symbol":"MHL",
        "Date":"2023-07-03",
        "Open":335.2,
        "High":342.0,
        "Low":316.0,
        "Close":327.0,
        "Percent Change":"-4.39 %",
        "Volume":"4,547.00"
    },
    {
        "Symbol":"MHL",
        "Date":"2023-07-02",
        "Open":322.0,
        "High":342.0,
        "Low":317.0,
        "Close":342.0,
        "Percent Change":"4.59 %",
        "Volume":"3,203.00"
    },
    {
        "Symbol":"MHL",
        "Date":"2023-06-28",
        "Open":335.2,
        "High":348.5,
        "Low":326.8,
        "Close":327.0,
        "Percent Change":"-4.39 %",
        "Volume":"3,802.00"
    },
    {
        "Symbol":"MHL",
        "Date":"2023-06-27",
        "Open":331.8,
        "High":342.0,
        "Low":327.5,
        "Close":342.0,
        "Percent Change":"1.06 %",
        "Volume":"2,652.00"
    },
    {
        "Symbol":"MHL",
        "Date":"2023-06-26",
        "Open":347.0,
        "High":347.0,
        "Low":330.2,
        "Close":338.4,
        "Percent Change":"-1.05 %",
        "Volume":"2,986.00"
    },
    {
        "Symbol":"MHL",
        "Date":"2023-06-25",
        "Open":322.1,
        "High":342.0,
        "Low":315.1,
        "Close":342.0,
        "Percent Change":"4.27 %",
        "Volume":"7,031.00"
    },
    {
        "Symbol":"MHL",
        "Date":"2023-06-22",
        "Open":347.8,
        "High":347.8,
        "Low":328.0,
        "Close":328.0,
        "Percent Change":"-3.81 %",
        "Volume":"6,041.00"
    },
    {
        "Symbol":"MHL",
        "Date":"2023-06-21",
        "Open":343.1,
        "High":343.1,
        "Low":334.3,
        "Close":341.0,
        "Percent Change":"-2.57 %",
        "Volume":"3,709.00"
    },
    {
        "Symbol":"MHL",
        "Date":"2023-06-20",
        "Open":349.0,
        "High":355.0,
        "Low":341.1,
        "Close":350.0,
        "Percent Change":"-0.57 %",
        "Volume":"2,632.00"
    },
    {
        "Symbol":"MHL",
        "Date":"2023-06-19",
        "Open":368.2,
        "High":368.2,
        "Low":346.1,
        "Close":352.0,
        "Percent Change":"-2.49 %",
        "Volume":"7,151.00"
    },
    {
        "Symbol":"MHL",
        "Date":"2023-06-18",
        "Open":344.1,
        "High":361.0,
        "Low":344.1,
        "Close":361.0,
        "Percent Change":"3.47 %",
        "Volume":"5,319.00"
    },
    {
        "Symbol":"MHL",
        "Date":"2023-06-15",
        "Open":343.5,
        "High":350.0,
        "Low":343.2,
        "Close":348.9,
        "Percent Change":"-0.11 %",
        "Volume":"1,215.00"
    },
    {
        "Symbol":"MHL",
        "Date":"2023-06-14",
        "Open":355.0,
        "High":369.0,
        "Low":345.1,
        "Close":349.3,
        "Percent Change":"-3.51 %",
        "Volume":"6,338.00"
    },
    {
        "Symbol":"MHL",
        "Date":"2023-06-13",
        "Open":350.0,
        "High":362.1,
        "Low":343.1,
        "Close":362.0,
        "Percent Change":"2.55 %",
        "Volume":"4,769.00"
    },
    {
        "Symbol":"MHL",
        "Date":"2023-06-12",
        "Open":353.1,
        "High":360.1,
        "Low":349.0,
        "Close":353.0,
        "Percent Change":"-1.94 %",
        "Volume":"3,858.00"
    },
    {
        "Symbol":"MHL",
        "Date":"2023-06-11",
        "Open":348.9,
        "High":360.0,
        "Low":340.0,
        "Close":360.0,
        "Percent Change":"1.12 %",
        "Volume":"10,737.00"
    },
    {
        "Symbol":"MHL",
        "Date":"2023-06-08",
        "Open":335.3,
        "High":360.0,
        "Low":335.3,
        "Close":356.0,
        "Percent Change":"4.06 %",
        "Volume":"5,795.00"
    },
    {
        "Symbol":"MHL",
        "Date":"2023-06-07",
        "Open":341.1,
        "High":359.0,
        "Low":334.4,
        "Close":342.1,
        "Percent Change":"-1.70 %",
        "Volume":"6,082.00"
    },
    {
        "Symbol":"MHL",
        "Date":"2023-06-06",
        "Open":335.0,
        "High":348.0,
        "Low":329.5,
        "Close":348.0,
        "Percent Change":"2.96 %",
        "Volume":"1,519.00"
    },
    {
        "Symbol":"MHL",
        "Date":"2023-06-05",
        "Open":347.8,
        "High":347.8,
        "Low":330.8,
        "Close":338.0,
        "Percent Change":"-0.88 %",
        "Volume":"2,940.00"
    },
    {
        "Symbol":"MHL",
        "Date":"2023-06-04",
        "Open":330.0,
        "High":348.0,
        "Low":329.0,
        "Close":341.0,
        "Percent Change":"3.33 %",
        "Volume":"9,790.00"
    },
    {
        "Symbol":"MHL",
        "Date":"2023-06-01",
        "Open":318.7,
        "High":331.0,
        "Low":318.7,
        "Close":330.0,
        "Percent Change":"1.54 %",
        "Volume":"1,880.00"
    },
    {
        "Symbol":"MHL",
        "Date":"2023-05-31",
        "Open":326.4,
        "High":326.4,
        "Low":316.0,
        "Close":325.0,
        "Percent Change":"-2.40 %",
        "Volume":"3,414.00"
    },
    {
        "Symbol":"MHL",
        "Date":"2023-05-30",
        "Open":327.4,
        "High":338.0,
        "Low":320.6,
        "Close":333.0,
        "Percent Change":"-0.30 %",
        "Volume":"5,130.00"
    },
    {
        "Symbol":"MHL",
        "Date":"2023-05-28",
        "Open":344.0,
        "High":350.8,
        "Low":330.0,
        "Close":334.0,
        "Percent Change":"-1.15 %",
        "Volume":"3,316.00"
    },
    {
        "Symbol":"MHL",
        "Date":"2023-05-24",
        "Open":336.2,
        "High":344.7,
        "Low":334.0,
        "Close":337.9,
        "Percent Change":"-0.94 %",
        "Volume":"2,956.00"
    },
    {
        "Symbol":"MHL",
        "Date":"2023-05-23",
        "Open":331.3,
        "High":345.0,
        "Low":327.5,
        "Close":341.1,
        "Percent Change":"0.92 %",
        "Volume":"6,090.00"
    },
    {
        "Symbol":"MHL",
        "Date":"2023-05-22",
        "Open":326.0,
        "High":338.0,
        "Low":320.0,
        "Close":338.0,
        "Percent Change":"3.55 %",
        "Volume":"3,997.00"
    },
    {
        "Symbol":"MHL",
        "Date":"2023-05-21",
        "Open":334.0,
        "High":340.0,
        "Low":323.0,
        "Close":326.4,
        "Percent Change":"-4.00 %",
        "Volume":"3,079.00"
    },
    {
        "Symbol":"MHL",
        "Date":"2023-05-18",
        "Open":321.5,
        "High":340.0,
        "Low":321.5,
        "Close":340.0,
        "Percent Change":"3.66 %",
        "Volume":"2,515.00"
    },
    {
        "Symbol":"MHL",
        "Date":"2023-05-17",
        "Open":321.6,
        "High":341.0,
        "Low":316.4,
        "Close":328.0,
        "Percent Change":"0.00 %",
        "Volume":"940.00"
    },
    {
        "Symbol":"MHL",
        "Date":"2023-05-16",
        "Open":312.9,
        "High":344.0,
        "Low":312.9,
        "Close":328.0,
        "Percent Change":"2.82 %",
        "Volume":"1,280.00"
    },
    {
        "Symbol":"MHL",
        "Date":"2023-05-15",
        "Open":316.6,
        "High":335.0,
        "Low":311.0,
        "Close":319.0,
        "Percent Change":"-0.01 %",
        "Volume":"2,045.00"
    },
    {
        "Symbol":"MHL",
        "Date":"2023-05-14",
        "Open":317.2,
        "High":323.0,
        "Low":316.3,
        "Close":323.0,
        "Percent Change":"0.22 %",
        "Volume":"1,647.00"
    },
    {
        "Symbol":"MHL",
        "Date":"2023-05-11",
        "Open":315.4,
        "High":353.0,
        "Low":315.4,
        "Close":322.3,
        "Percent Change":"0.31 %",
        "Volume":"620.00"
    },
    {
        "Symbol":"MHL",
        "Date":"2023-05-10",
        "Open":333.2,
        "High":333.2,
        "Low":321.0,
        "Close":321.3,
        "Percent Change":"-5.47 %",
        "Volume":"2,194.00"
    },
    {
        "Symbol":"MHL",
        "Date":"2023-05-09",
        "Open":327.4,
        "High":339.9,
        "Low":327.4,
        "Close":339.9,
        "Percent Change":"1.77 %",
        "Volume":"820.00"
    },
    {
        "Symbol":"MHL",
        "Date":"2023-05-08",
        "Open":327.0,
        "High":335.0,
        "Low":323.0,
        "Close":334.0,
        "Percent Change":"1.83 %",
        "Volume":"2,095.00"
    },
    {
        "Symbol":"MHL",
        "Date":"2023-05-07",
        "Open":341.1,
        "High":341.1,
        "Low":328.0,
        "Close":328.0,
        "Percent Change":"-5.75 %",
        "Volume":"1,080.00"
    },
    {
        "Symbol":"MHL",
        "Date":"2023-05-04",
        "Open":334.0,
        "High":350.9,
        "Low":332.0,
        "Close":348.0,
        "Percent Change":"3.11 %",
        "Volume":"1,700.00"
    },
    {
        "Symbol":"MHL",
        "Date":"2023-05-03",
        "Open":344.0,
        "High":346.0,
        "Low":337.3,
        "Close":337.5,
        "Percent Change":"-3.76 %",
        "Volume":"1,605.00"
    },
    {
        "Symbol":"MHL",
        "Date":"2023-05-02",
        "Open":353.2,
        "High":360.0,
        "Low":350.6,
        "Close":350.7,
        "Percent Change":"-2.58 %",
        "Volume":"1,359.00"
    },
    {
        "Symbol":"MHL",
        "Date":"2023-04-30",
        "Open":360.0,
        "High":360.0,
        "Low":348.0,
        "Close":360.0,
        "Percent Change":"-1.37 %",
        "Volume":"1,670.00"
    },
    {
        "Symbol":"MHL",
        "Date":"2023-04-27",
        "Open":361.7,
        "High":365.0,
        "Low":358.1,
        "Close":365.0,
        "Percent Change":"-1.08 %",
        "Volume":"1,171.00"
    },
    {
        "Symbol":"MHL",
        "Date":"2023-04-26",
        "Open":360.5,
        "High":369.0,
        "Low":360.5,
        "Close":369.0,
        "Percent Change":"0.54 %",
        "Volume":"970.00"
    },
    {
        "Symbol":"MHL",
        "Date":"2023-04-25",
        "Open":367.5,
        "High":368.0,
        "Low":360.6,
        "Close":367.0,
        "Percent Change":"-2.11 %",
        "Volume":"520.00"
    },
    {
        "Symbol":"MHL",
        "Date":"2023-04-24",
        "Open":366.0,
        "High":378.0,
        "Low":359.0,
        "Close":374.9,
        "Percent Change":"3.25 %",
        "Volume":"1,640.00"
    },
    {
        "Symbol":"MHL",
        "Date":"2023-04-23",
        "Open":365.0,
        "High":372.0,
        "Low":362.6,
        "Close":363.1,
        "Percent Change":"-1.86 %",
        "Volume":"1,860.00"
    },
    {
        "Symbol":"MHL",
        "Date":"2023-04-20",
        "Open":367.5,
        "High":374.0,
        "Low":362.2,
        "Close":370.0,
        "Percent Change":"-1.31 %",
        "Volume":"730.00"
    },
    {
        "Symbol":"MHL",
        "Date":"2023-04-19",
        "Open":365.6,
        "High":385.9,
        "Low":364.0,
        "Close":374.9,
        "Percent Change":"1.05 %",
        "Volume":"680.00"
    },
    {
        "Symbol":"MHL",
        "Date":"2023-04-18",
        "Open":365.5,
        "High":380.0,
        "Low":357.2,
        "Close":371.0,
        "Percent Change":"-0.51 %",
        "Volume":"1,539.00"
    },
    {
        "Symbol":"MHL",
        "Date":"2023-04-17",
        "Open":363.3,
        "High":373.0,
        "Low":363.3,
        "Close":372.9,
        "Percent Change":"0.78 %",
        "Volume":"1,765.00"
    },
    {
        "Symbol":"MHL",
        "Date":"2023-04-16",
        "Open":372.0,
        "High":381.3,
        "Low":365.6,
        "Close":370.0,
        "Percent Change":"-2.37 %",
        "Volume":"2,335.00"
    },
    {
        "Symbol":"MHL",
        "Date":"2023-04-13",
        "Open":380.0,
        "High":381.0,
        "Low":375.1,
        "Close":379.0,
        "Percent Change":"-2.07 %",
        "Volume":"11,530.00"
    },
    {
        "Symbol":"MHL",
        "Date":"2023-04-12",
        "Open":370.6,
        "High":388.5,
        "Low":370.6,
        "Close":387.0,
        "Percent Change":"2.65 %",
        "Volume":"4,834.00"
    },
    {
        "Symbol":"MHL",
        "Date":"2023-04-11",
        "Open":364.0,
        "High":377.0,
        "Low":364.0,
        "Close":377.0,
        "Percent Change":"1.56 %",
        "Volume":"2,389.00"
    },
    {
        "Symbol":"MHL",
        "Date":"2023-04-10",
        "Open":348.0,
        "High":384.1,
        "Low":348.0,
        "Close":371.2,
        "Percent Change":"4.56 %",
        "Volume":"1,242.00"
    },
    {
        "Symbol":"MHL",
        "Date":"2023-04-09",
        "Open":371.0,
        "High":372.5,
        "Low":353.0,
        "Close":355.0,
        "Percent Change":"-4.36 %",
        "Volume":"1,749.00"
    },
    {
        "Symbol":"MHL",
        "Date":"2023-04-06",
        "Open":368.0,
        "High":371.2,
        "Low":361.2,
        "Close":371.2,
        "Percent Change":"-0.75 %",
        "Volume":"1,510.00"
    },
    {
        "Symbol":"MHL",
        "Date":"2023-04-05",
        "Open":371.9,
        "High":377.0,
        "Low":357.3,
        "Close":374.0,
        "Percent Change":"-1.42 %",
        "Volume":"1,780.00"
    },
    {
        "Symbol":"MHL",
        "Date":"2023-04-04",
        "Open":358.1,
        "High":379.4,
        "Low":358.1,
        "Close":379.4,
        "Percent Change":"3.95 %",
        "Volume":"2,669.00"
    },
    {
        "Symbol":"MHL",
        "Date":"2023-04-03",
        "Open":372.0,
        "High":375.0,
        "Low":365.0,
        "Close":365.0,
        "Percent Change":"-3.69 %",
        "Volume":"1,765.00"
    },
    {
        "Symbol":"MHL",
        "Date":"2023-04-02",
        "Open":378.0,
        "High":379.0,
        "Low":367.0,
        "Close":379.0,
        "Percent Change":"0.26 %",
        "Volume":"3,355.00"
    },
    {
        "Symbol":"MHL",
        "Date":"2023-03-30",
        "Open":373.5,
        "High":385.9,
        "Low":371.4,
        "Close":378.0,
        "Percent Change":"-0.16 %",
        "Volume":"7,894.00"
    },
    {
        "Symbol":"MHL",
        "Date":"2023-03-29",
        "Open":376.4,
        "High":391.6,
        "Low":370.0,
        "Close":378.6,
        "Percent Change":"-1.41 %",
        "Volume":"1,420.00"
    },
    {
        "Symbol":"MHL",
        "Date":"2023-03-28",
        "Open":380.0,
        "High":403.0,
        "Low":372.6,
        "Close":384.0,
        "Percent Change":"-0.26 %",
        "Volume":"2,830.00"
    },
    {
        "Symbol":"MHL",
        "Date":"2023-03-27",
        "Open":368.1,
        "High":385.0,
        "Low":361.0,
        "Close":385.0,
        "Percent Change":"2.50 %",
        "Volume":"2,304.00"
    },
    {
        "Symbol":"MHL",
        "Date":"2023-03-26",
        "Open":381.0,
        "High":381.0,
        "Low":368.1,
        "Close":375.6,
        "Percent Change":"-1.42 %",
        "Volume":"2,361.00"
    },
    {
        "Symbol":"MHL",
        "Date":"2023-03-23",
        "Open":378.3,
        "High":381.0,
        "Low":371.4,
        "Close":381.0,
        "Percent Change":"-1.30 %",
        "Volume":"5,370.00"
    },
    {
        "Symbol":"MHL",
        "Date":"2023-03-22",
        "Open":382.3,
        "High":390.9,
        "Low":378.0,
        "Close":386.0,
        "Percent Change":"-1.00 %",
        "Volume":"4,720.00"
    },
    {
        "Symbol":"MHL",
        "Date":"2023-03-20",
        "Open":380.0,
        "High":389.9,
        "Low":380.0,
        "Close":389.9,
        "Percent Change":"0.88 %",
        "Volume":"971.00"
    },
    {
        "Symbol":"MHL",
        "Date":"2023-03-19",
        "Open":385.0,
        "High":388.0,
        "Low":377.4,
        "Close":386.5,
        "Percent Change":"-1.58 %",
        "Volume":"2,180.00"
    },
    {
        "Symbol":"MHL",
        "Date":"2023-03-16",
        "Open":378.0,
        "High":392.7,
        "Low":370.5,
        "Close":392.7,
        "Percent Change":"3.75 %",
        "Volume":"2,951.00"
    },
    {
        "Symbol":"MHL",
        "Date":"2023-03-15",
        "Open":381.9,
        "High":384.5,
        "Low":374.4,
        "Close":378.5,
        "Percent Change":"-2.85 %",
        "Volume":"2,170.00"
    },
    {
        "Symbol":"MHL",
        "Date":"2023-03-14",
        "Open":394.7,
        "High":394.7,
        "Low":375.0,
        "Close":389.6,
        "Percent Change":"0.67 %",
        "Volume":"2,655.00"
    },
    {
        "Symbol":"MHL",
        "Date":"2023-03-13",
        "Open":382.2,
        "High":397.5,
        "Low":374.7,
        "Close":387.0,
        "Percent Change":"-0.77 %",
        "Volume":"12,303.00"
    },
    {
        "Symbol":"MHL",
        "Date":"2023-03-12",
        "Open":393.6,
        "High":393.6,
        "Low":371.1,
        "Close":390.0,
        "Percent Change":"1.06 %",
        "Volume":"3,775.00"
    },
    {
        "Symbol":"MHL",
        "Date":"2023-03-09",
        "Open":374.9,
        "High":386.0,
        "Low":374.9,
        "Close":385.9,
        "Percent Change":"2.93 %",
        "Volume":"3,404.00"
    },
    {
        "Symbol":"MHL",
        "Date":"2023-03-07",
        "Open":366.0,
        "High":375.0,
        "Low":359.1,
        "Close":374.9,
        "Percent Change":"2.40 %",
        "Volume":"5,168.00"
    },
    {
        "Symbol":"MHL",
        "Date":"2023-03-05",
        "Open":371.5,
        "High":375.0,
        "Low":366.0,
        "Close":366.1,
        "Percent Change":"-3.40 %",
        "Volume":"4,870.00"
    },
    {
        "Symbol":"MHL",
        "Date":"2023-03-02",
        "Open":383.0,
        "High":383.0,
        "Low":367.9,
        "Close":379.0,
        "Percent Change":"0.00 %",
        "Volume":"5,858.00"
    },
    {
        "Symbol":"MHL",
        "Date":"2023-03-01",
        "Open":390.0,
        "High":390.0,
        "Low":375.0,
        "Close":379.0,
        "Percent Change":"-3.07 %",
        "Volume":"8,320.00"
    },
    {
        "Symbol":"MHL",
        "Date":"2023-02-28",
        "Open":383.1,
        "High":394.9,
        "Low":375.8,
        "Close":391.0,
        "Percent Change":"0.28 %",
        "Volume":"10,505.00"
    },
    {
        "Symbol":"MHL",
        "Date":"2023-02-27",
        "Open":373.8,
        "High":396.0,
        "Low":369.1,
        "Close":389.9,
        "Percent Change":"2.28 %",
        "Volume":"11,117.00"
    },
    {
        "Symbol":"MHL",
        "Date":"2023-02-26",
        "Open":372.4,
        "High":389.0,
        "Low":361.0,
        "Close":381.2,
        "Percent Change":"0.32 %",
        "Volume":"13,740.00"
    },
    {
        "Symbol":"MHL",
        "Date":"2023-02-23",
        "Open":390.0,
        "High":390.0,
        "Low":376.0,
        "Close":380.0,
        "Percent Change":"-4.50 %",
        "Volume":"7,799.00"
    },
    {
        "Symbol":"MHL",
        "Date":"2023-02-22",
        "Open":372.0,
        "High":401.0,
        "Low":372.0,
        "Close":397.9,
        "Percent Change":"5.01 %",
        "Volume":"12,451.00"
    },
    {
        "Symbol":"MHL",
        "Date":"2023-02-20",
        "Open":374.6,
        "High":380.0,
        "Low":372.0,
        "Close":378.9,
        "Percent Change":"-0.76 %",
        "Volume":"3,790.00"
    },
    {
        "Symbol":"MHL",
        "Date":"2023-02-16",
        "Open":376.0,
        "High":395.3,
        "Low":376.0,
        "Close":381.8,
        "Percent Change":"0.47 %",
        "Volume":"3,663.00"
    },
    {
        "Symbol":"MHL",
        "Date":"2023-02-15",
        "Open":382.1,
        "High":397.2,
        "Low":378.2,
        "Close":380.0,
        "Percent Change":"-2.44 %",
        "Volume":"10,029.00"
    },
    {
        "Symbol":"MHL",
        "Date":"2023-02-14",
        "Open":381.0,
        "High":392.0,
        "Low":381.0,
        "Close":389.5,
        "Percent Change":"0.41 %",
        "Volume":"5,480.00"
    },
    {
        "Symbol":"MHL",
        "Date":"2023-02-12",
        "Open":392.0,
        "High":393.8,
        "Low":380.0,
        "Close":387.9,
        "Percent Change":"-3.02 %",
        "Volume":"15,831.00"
    },
    {
        "Symbol":"MHL",
        "Date":"2023-02-09",
        "Open":387.2,
        "High":403.0,
        "Low":385.0,
        "Close":400.0,
        "Percent Change":"1.27 %",
        "Volume":"8,120.00"
    },
    {
        "Symbol":"MHL",
        "Date":"2023-02-08",
        "Open":415.1,
        "High":415.1,
        "Low":390.0,
        "Close":395.0,
        "Percent Change":"-2.95 %",
        "Volume":"18,936.00"
    },
    {
        "Symbol":"MHL",
        "Date":"2023-02-07",
        "Open":374.0,
        "High":414.0,
        "Low":371.0,
        "Close":407.0,
        "Percent Change":"7.96 %",
        "Volume":"28,119.00"
    },
    {
        "Symbol":"MHL",
        "Date":"2023-02-06",
        "Open":371.0,
        "High":378.0,
        "Low":370.8,
        "Close":377.0,
        "Percent Change":"-0.26 %",
        "Volume":"3,680.00"
    },
    {
        "Symbol":"MHL",
        "Date":"2023-02-05",
        "Open":369.0,
        "High":382.0,
        "Low":369.0,
        "Close":378.0,
        "Percent Change":"0.85 %",
        "Volume":"5,000.00"
    },
    {
        "Symbol":"MHL",
        "Date":"2023-02-02",
        "Open":370.0,
        "High":390.0,
        "Low":370.0,
        "Close":374.8,
        "Percent Change":"-0.19 %",
        "Volume":"15,055.00"
    },
    {
        "Symbol":"MHL",
        "Date":"2023-02-01",
        "Open":371.3,
        "High":388.6,
        "Low":371.3,
        "Close":375.5,
        "Percent Change":"-0.74 %",
        "Volume":"8,430.00"
    },
    {
        "Symbol":"MHL",
        "Date":"2023-01-31",
        "Open":372.4,
        "High":394.0,
        "Low":366.0,
        "Close":378.3,
        "Percent Change":"-0.45 %",
        "Volume":"15,321.00"
    },
    {
        "Symbol":"MHL",
        "Date":"2023-01-30",
        "Open":401.8,
        "High":401.8,
        "Low":380.0,
        "Close":380.0,
        "Percent Change":"-3.55 %",
        "Volume":"18,684.00"
    },
    {
        "Symbol":"MHL",
        "Date":"2023-01-29",
        "Open":387.1,
        "High":398.0,
        "Low":379.4,
        "Close":394.0,
        "Percent Change":"-0.25 %",
        "Volume":"16,850.00"
    },
    {
        "Symbol":"MHL",
        "Date":"2023-01-26",
        "Open":397.0,
        "High":410.0,
        "Low":385.0,
        "Close":395.0,
        "Percent Change":"1.28 %",
        "Volume":"9,960.00"
    },
    {
        "Symbol":"MHL",
        "Date":"2023-01-25",
        "Open":396.0,
        "High":398.5,
        "Low":376.1,
        "Close":390.0,
        "Percent Change":"0.26 %",
        "Volume":"6,533.00"
    },
    {
        "Symbol":"MHL",
        "Date":"2023-01-24",
        "Open":387.0,
        "High":394.0,
        "Low":373.0,
        "Close":389.0,
        "Percent Change":"-1.47 %",
        "Volume":"18,501.00"
    },
    {
        "Symbol":"MHL",
        "Date":"2023-01-23",
        "Open":387.0,
        "High":395.3,
        "Low":370.7,
        "Close":394.8,
        "Percent Change":"2.02 %",
        "Volume":"21,325.00"
    },
    {
        "Symbol":"MHL",
        "Date":"2023-01-19",
        "Open":390.0,
        "High":397.0,
        "Low":383.3,
        "Close":387.0,
        "Percent Change":"-2.03 %",
        "Volume":"12,942.00"
    },
    {
        "Symbol":"MHL",
        "Date":"2023-01-18",
        "Open":395.0,
        "High":407.0,
        "Low":384.2,
        "Close":395.0,
        "Percent Change":"1.28 %",
        "Volume":"35,232.00"
    },
    {
        "Symbol":"MHL",
        "Date":"2023-01-17",
        "Open":374.0,
        "High":397.5,
        "Low":361.0,
        "Close":390.0,
        "Percent Change":"2.36 %",
        "Volume":"16,345.00"
    },
    {
        "Symbol":"MHL",
        "Date":"2023-01-12",
        "Open":391.5,
        "High":393.0,
        "Low":371.1,
        "Close":381.0,
        "Percent Change":"-4.51 %",
        "Volume":"10,644.00"
    },
    {
        "Symbol":"MHL",
        "Date":"2023-01-10",
        "Open":395.4,
        "High":418.1,
        "Low":373.0,
        "Close":399.0,
        "Percent Change":"2.91 %",
        "Volume":"34,110.00"
    },
    {
        "Symbol":"MHL",
        "Date":"2023-01-09",
        "Open":362.2,
        "High":392.0,
        "Low":362.2,
        "Close":387.7,
        "Percent Change":"5.07 %",
        "Volume":"15,899.00"
    },
    {
        "Symbol":"MHL",
        "Date":"2023-01-08",
        "Open":369.5,
        "High":389.9,
        "Low":363.2,
        "Close":369.0,
        "Percent Change":"-2.12 %",
        "Volume":"16,882.00"
    },
    {
        "Symbol":"MHL",
        "Date":"2023-01-05",
        "Open":355.0,
        "High":379.0,
        "Low":347.9,
        "Close":377.0,
        "Percent Change":"5.01 %",
        "Volume":"29,524.00"
    },
    {
        "Symbol":"MHL",
        "Date":"2023-01-04",
        "Open":333.0,
        "High":362.0,
        "Low":333.0,
        "Close":359.0,
        "Percent Change":"6.24 %",
        "Volume":"19,570.00"
    },
    {
        "Symbol":"MHL",
        "Date":"2023-01-03",
        "Open":329.0,
        "High":339.8,
        "Low":328.2,
        "Close":337.9,
        "Percent Change":"1.17 %",
        "Volume":"8,360.00"
    },
    {
        "Symbol":"MHL",
        "Date":"2023-01-02",
        "Open":322.5,
        "High":335.9,
        "Low":318.1,
        "Close":334.0,
        "Percent Change":"1.52 %",
        "Volume":"5,205.00"
    },
    {
        "Symbol":"MHL",
        "Date":"2023-01-01",
        "Open":335.0,
        "High":341.7,
        "Low":322.1,
        "Close":329.0,
        "Percent Change":"-3.24 %",
        "Volume":"17,924.00"
    },
    {
        "Symbol":"MHL",
        "Date":"2022-12-29",
        "Open":314.0,
        "High":340.0,
        "Low":313.6,
        "Close":340.0,
        "Percent Change":"6.25 %",
        "Volume":"11,213.00"
    },
    {
        "Symbol":"MHL",
        "Date":"2022-12-28",
        "Open":320.0,
        "High":324.0,
        "Low":307.0,
        "Close":320.0,
        "Percent Change":"-1.84 %",
        "Volume":"3,419.00"
    },
    {
        "Symbol":"MHL",
        "Date":"2022-12-27",
        "Open":325.3,
        "High":330.0,
        "Low":316.0,
        "Close":326.0,
        "Percent Change":"2.19 %",
        "Volume":"19,329.00"
    },
    {
        "Symbol":"MHL",
        "Date":"2022-12-26",
        "Open":303.8,
        "High":319.0,
        "Low":298.1,
        "Close":319.0,
        "Percent Change":"7.05 %",
        "Volume":"4,424.00"
    },
    {
        "Symbol":"MHL",
        "Date":"2022-12-22",
        "Open":299.9,
        "High":299.9,
        "Low":295.1,
        "Close":298.0,
        "Percent Change":"-2.61 %",
        "Volume":"3,330.00"
    },
    {
        "Symbol":"MHL",
        "Date":"2022-12-21",
        "Open":302.8,
        "High":306.8,
        "Low":298.2,
        "Close":306.0,
        "Percent Change":"-0.94 %",
        "Volume":"1,350.00"
    },
    {
        "Symbol":"MHL",
        "Date":"2022-12-20",
        "Open":289.4,
        "High":308.9,
        "Low":289.4,
        "Close":308.9,
        "Percent Change":"4.71 %",
        "Volume":"4,330.00"
    },
    {
        "Symbol":"MHL",
        "Date":"2022-12-19",
        "Open":291.1,
        "High":314.0,
        "Low":285.1,
        "Close":295.0,
        "Percent Change":"-0.67 %",
        "Volume":"2,785.00"
    },
    {
        "Symbol":"MHL",
        "Date":"2022-12-18",
        "Open":300.8,
        "High":300.8,
        "Low":290.3,
        "Close":297.0,
        "Percent Change":"-3.23 %",
        "Volume":"2,690.00"
    },
    {
        "Symbol":"MHL",
        "Date":"2022-12-15",
        "Open":305.0,
        "High":311.0,
        "Low":297.3,
        "Close":306.9,
        "Percent Change":"-1.32 %",
        "Volume":"10,466.00"
    },
    {
        "Symbol":"MHL",
        "Date":"2022-12-14",
        "Open":308.0,
        "High":311.0,
        "Low":307.8,
        "Close":311.0,
        "Percent Change":"-0.96 %",
        "Volume":"1,290.00"
    },
    {
        "Symbol":"MHL",
        "Date":"2022-12-13",
        "Open":308.7,
        "High":320.0,
        "Low":303.2,
        "Close":314.0,
        "Percent Change":"-0.32 %",
        "Volume":"680.00"
    },
    {
        "Symbol":"MHL",
        "Date":"2022-12-12",
        "Open":308.7,
        "High":316.4,
        "Low":303.0,
        "Close":315.0,
        "Percent Change":"0.00 %",
        "Volume":"1,417.00"
    },
    {
        "Symbol":"MHL",
        "Date":"2022-12-11",
        "Open":308.0,
        "High":315.0,
        "Low":302.0,
        "Close":315.0,
        "Percent Change":"0.29 %",
        "Volume":"1,940.00"
    },
    {
        "Symbol":"MHL",
        "Date":"2022-12-07",
        "Open":308.9,
        "High":315.1,
        "Low":308.9,
        "Close":314.1,
        "Percent Change":"-0.29 %",
        "Volume":"1,779.00"
    },
    {
        "Symbol":"MHL",
        "Date":"2022-12-06",
        "Open":310.8,
        "High":317.8,
        "Low":310.2,
        "Close":315.0,
        "Percent Change":"-0.63 %",
        "Volume":"4,105.00"
    },
    {
        "Symbol":"MHL",
        "Date":"2022-12-05",
        "Open":316.3,
        "High":320.0,
        "Low":310.8,
        "Close":317.0,
        "Percent Change":"-1.25 %",
        "Volume":"1,703.00"
    },
    {
        "Symbol":"MHL",
        "Date":"2022-12-04",
        "Open":314.0,
        "High":325.0,
        "Low":314.0,
        "Close":321.0,
        "Percent Change":"0.31 %",
        "Volume":"5,470.00"
    },
    {
        "Symbol":"MHL",
        "Date":"2022-12-01",
        "Open":314.1,
        "High":325.0,
        "Low":314.1,
        "Close":320.0,
        "Percent Change":"0.00 %",
        "Volume":"5,478.00"
    },
    {
        "Symbol":"MHL",
        "Date":"2022-11-30",
        "Open":316.0,
        "High":320.0,
        "Low":316.0,
        "Close":320.0,
        "Percent Change":"0.60 %",
        "Volume":"1,145.00"
    },
    {
        "Symbol":"MHL",
        "Date":"2022-11-29",
        "Open":313.0,
        "High":324.0,
        "Low":313.0,
        "Close":318.1,
        "Percent Change":"-0.06 %",
        "Volume":"2,514.00"
    },
    {
        "Symbol":"MHL",
        "Date":"2022-11-28",
        "Open":322.0,
        "High":326.0,
        "Low":318.0,
        "Close":318.3,
        "Percent Change":"-2.03 %",
        "Volume":"3,300.00"
    },
    {
        "Symbol":"MHL",
        "Date":"2022-11-27",
        "Open":313.9,
        "High":332.8,
        "Low":313.9,
        "Close":324.9,
        "Percent Change":"1.47 %",
        "Volume":"4,330.00"
    },
    {
        "Symbol":"MHL",
        "Date":"2022-11-24",
        "Open":310.7,
        "High":320.2,
        "Low":310.0,
        "Close":320.2,
        "Percent Change":"1.14 %",
        "Volume":"2,256.00"
    },
    {
        "Symbol":"MHL",
        "Date":"2022-11-23",
        "Open":321.5,
        "High":322.0,
        "Low":314.0,
        "Close":316.6,
        "Percent Change":"-3.48 %",
        "Volume":"5,190.00"
    },
    {
        "Symbol":"MHL",
        "Date":"2022-11-22",
        "Open":332.0,
        "High":332.2,
        "Low":321.2,
        "Close":328.0,
        "Percent Change":"-3.13 %",
        "Volume":"2,920.00"
    },
    {
        "Symbol":"MHL",
        "Date":"2022-11-17",
        "Open":325.9,
        "High":343.0,
        "Low":320.0,
        "Close":338.6,
        "Percent Change":"1.83 %",
        "Volume":"11,910.00"
    },
    {
        "Symbol":"MHL",
        "Date":"2022-11-16",
        "Open":320.0,
        "High":332.5,
        "Low":317.0,
        "Close":332.5,
        "Percent Change":"3.91 %",
        "Volume":"5,984.00"
    },
    {
        "Symbol":"MHL",
        "Date":"2022-11-15",
        "Open":337.8,
        "High":337.9,
        "Low":312.2,
        "Close":320.0,
        "Percent Change":"-3.88 %",
        "Volume":"12,633.00"
    },
    {
        "Symbol":"MHL",
        "Date":"2022-11-14",
        "Open":337.1,
        "High":337.1,
        "Low":318.0,
        "Close":332.9,
        "Percent Change":"-3.20 %",
        "Volume":"5,050.00"
    },
    {
        "Symbol":"MHL",
        "Date":"2022-11-13",
        "Open":324.9,
        "High":344.8,
        "Low":313.0,
        "Close":343.9,
        "Percent Change":"3.74 %",
        "Volume":"5,577.00"
    },
    {
        "Symbol":"MHL",
        "Date":"2022-11-10",
        "Open":325.0,
        "High":331.5,
        "Low":306.9,
        "Close":331.5,
        "Percent Change":"3.92 %",
        "Volume":"8,525.00"
    },
    {
        "Symbol":"MHL",
        "Date":"2022-11-09",
        "Open":320.4,
        "High":339.2,
        "Low":315.7,
        "Close":319.0,
        "Percent Change":"-2.18 %",
        "Volume":"5,926.00"
    },
    {
        "Symbol":"MHL",
        "Date":"2022-11-08",
        "Open":334.6,
        "High":334.6,
        "Low":324.0,
        "Close":326.1,
        "Percent Change":"-4.48 %",
        "Volume":"1,685.00"
    },
    {
        "Symbol":"MHL",
        "Date":"2022-11-07",
        "Open":328.4,
        "High":345.5,
        "Low":323.1,
        "Close":341.4,
        "Percent Change":"1.91 %",
        "Volume":"6,865.00"
    },
    {
        "Symbol":"MHL",
        "Date":"2022-11-06",
        "Open":321.5,
        "High":335.0,
        "Low":321.5,
        "Close":335.0,
        "Percent Change":"2.13 %",
        "Volume":"2,610.00"
    },
    {
        "Symbol":"MHL",
        "Date":"2022-11-03",
        "Open":340.0,
        "High":341.0,
        "Low":322.0,
        "Close":328.0,
        "Percent Change":"-4.93 %",
        "Volume":"3,750.00"
    },
    {
        "Symbol":"MHL",
        "Date":"2022-11-02",
        "Open":331.3,
        "High":345.0,
        "Low":325.0,
        "Close":345.0,
        "Percent Change":"2.07 %",
        "Volume":"5,855.00"
    },
    {
        "Symbol":"MHL",
        "Date":"2022-11-01",
        "Open":318.5,
        "High":344.2,
        "Low":310.0,
        "Close":338.0,
        "Percent Change":"4.00 %",
        "Volume":"5,687.00"
    },
    {
        "Symbol":"MHL",
        "Date":"2022-10-31",
        "Open":318.6,
        "High":334.0,
        "Low":312.9,
        "Close":325.0,
        "Percent Change":"0.03 %",
        "Volume":"690.00"
    },
    {
        "Symbol":"MHL",
        "Date":"2022-10-23",
        "Open":325.6,
        "High":331.0,
        "Low":322.1,
        "Close":324.9,
        "Percent Change":"-2.14 %",
        "Volume":"1,350.00"
    },
    {
        "Symbol":"MHL",
        "Date":"2022-10-20",
        "Open":334.0,
        "High":344.0,
        "Low":325.1,
        "Close":332.0,
        "Percent Change":"-2.55 %",
        "Volume":"2,700.00"
    },
    {
        "Symbol":"MHL",
        "Date":"2022-10-19",
        "Open":348.9,
        "High":348.9,
        "Low":332.0,
        "Close":340.7,
        "Percent Change":"-4.30 %",
        "Volume":"2,775.00"
    },
    {
        "Symbol":"MHL",
        "Date":"2022-10-17",
        "Open":344.0,
        "High":356.0,
        "Low":336.3,
        "Close":356.0,
        "Percent Change":"1.77 %",
        "Volume":"1,405.00"
    },
    {
        "Symbol":"MHL",
        "Date":"2022-10-16",
        "Open":353.7,
        "High":353.7,
        "Low":337.2,
        "Close":349.8,
        "Percent Change":"-3.08 %",
        "Volume":"1,950.00"
    },
    {
        "Symbol":"MHL",
        "Date":"2022-10-13",
        "Open":350.9,
        "High":360.9,
        "Low":344.1,
        "Close":360.9,
        "Percent Change":"2.88 %",
        "Volume":"1,220.00"
    },
    {
        "Symbol":"MHL",
        "Date":"2022-10-12",
        "Open":346.8,
        "High":367.0,
        "Low":335.3,
        "Close":358.0,
        "Percent Change":"1.19 %",
        "Volume":"2,411.00"
    },
    {
        "Symbol":"MHL",
        "Date":"2022-10-11",
        "Open":352.7,
        "High":353.8,
        "Low":338.8,
        "Close":353.8,
        "Percent Change":"-1.67 %",
        "Volume":"940.00"
    },
    {
        "Symbol":"MHL",
        "Date":"2022-10-10",
        "Open":368.0,
        "High":368.0,
        "Low":350.0,
        "Close":359.8,
        "Percent Change":"-3.36 %",
        "Volume":"2,471.00"
    },
    {
        "Symbol":"MHL",
        "Date":"2022-10-09",
        "Open":375.0,
        "High":375.0,
        "Low":356.0,
        "Close":372.3,
        "Percent Change":"-0.72 %",
        "Volume":"923.00"
    },
    {
        "Symbol":"MHL",
        "Date":"2022-09-29",
        "Open":374.0,
        "High":375.0,
        "Low":355.1,
        "Close":375.0,
        "Percent Change":"0.27 %",
        "Volume":"1,859.00"
    },
    {
        "Symbol":"MHL",
        "Date":"2022-09-28",
        "Open":349.3,
        "High":374.0,
        "Low":336.1,
        "Close":374.0,
        "Percent Change":"9.20 %",
        "Volume":"1,241.00"
    },
    {
        "Symbol":"MHL",
        "Date":"2022-09-27",
        "Open":345.0,
        "High":355.9,
        "Low":338.1,
        "Close":342.5,
        "Percent Change":"1.03 %",
        "Volume":"1,215.00"
    },
    {
        "Symbol":"MHL",
        "Date":"2022-09-25",
        "Open":351.0,
        "High":352.1,
        "Low":338.8,
        "Close":339.0,
        "Percent Change":"-5.31 %",
        "Volume":"4,236.00"
    },
    {
        "Symbol":"MHL",
        "Date":"2022-09-22",
        "Open":361.7,
        "High":383.8,
        "Low":355.2,
        "Close":358.0,
        "Percent Change":"-2.98 %",
        "Volume":"4,700.00"
    },
    {
        "Symbol":"MHL",
        "Date":"2022-09-21",
        "Open":356.0,
        "High":377.1,
        "Low":356.0,
        "Close":369.0,
        "Percent Change":"1.65 %",
        "Volume":"2,920.00"
    },
    {
        "Symbol":"MHL",
        "Date":"2022-09-20",
        "Open":368.0,
        "High":380.0,
        "Low":358.2,
        "Close":363.0,
        "Percent Change":"-3.12 %",
        "Volume":"5,377.00"
    },
    {
        "Symbol":"MHL",
        "Date":"2022-09-18",
        "Open":378.0,
        "High":379.9,
        "Low":366.0,
        "Close":374.7,
        "Percent Change":"-2.65 %",
        "Volume":"5,330.00"
    },
    {
        "Symbol":"MHL",
        "Date":"2022-09-16",
        "Open":382.2,
        "High":384.9,
        "Low":370.0,
        "Close":384.9,
        "Percent Change":"-1.28 %",
        "Volume":"5,590.00"
    },
    {
        "Symbol":"MHL",
        "Date":"2022-09-15",
        "Open":410.0,
        "High":410.0,
        "Low":377.0,
        "Close":389.9,
        "Percent Change":"-3.01 %",
        "Volume":"9,427.00"
    },
    {
        "Symbol":"MHL",
        "Date":"2022-09-14",
        "Open":400.0,
        "High":404.0,
        "Low":387.1,
        "Close":402.0,
        "Percent Change":"1.80 %",
        "Volume":"11,227.00"
    },
    {
        "Symbol":"MHL",
        "Date":"2022-09-13",
        "Open":383.3,
        "High":394.9,
        "Low":378.8,
        "Close":394.9,
        "Percent Change":"3.03 %",
        "Volume":"3,740.00"
    },
    {
        "Symbol":"MHL",
        "Date":"2022-09-12",
        "Open":386.0,
        "High":395.0,
        "Low":383.3,
        "Close":383.3,
        "Percent Change":"-2.47 %",
        "Volume":"12,660.00"
    },
    {
        "Symbol":"MHL",
        "Date":"2022-09-11",
        "Open":393.1,
        "High":402.0,
        "Low":392.6,
        "Close":393.0,
        "Percent Change":"-1.75 %",
        "Volume":"11,457.00"
    },
    {
        "Symbol":"MHL",
        "Date":"2022-09-08",
        "Open":393.0,
        "High":408.8,
        "Low":390.2,
        "Close":400.0,
        "Percent Change":"0.50 %",
        "Volume":"10,950.00"
    },
    {
        "Symbol":"MHL",
        "Date":"2022-09-07",
        "Open":392.3,
        "High":398.0,
        "Low":388.0,
        "Close":398.0,
        "Percent Change":"-0.50 %",
        "Volume":"5,436.00"
    },
    {
        "Symbol":"MHL",
        "Date":"2022-09-06",
        "Open":386.0,
        "High":400.0,
        "Low":386.0,
        "Close":400.0,
        "Percent Change":"1.96 %",
        "Volume":"10,888.00"
    },
    {
        "Symbol":"MHL",
        "Date":"2022-09-05",
        "Open":394.0,
        "High":416.0,
        "Low":392.0,
        "Close":392.3,
        "Percent Change":"-1.93 %",
        "Volume":"14,357.00"
    },
    {
        "Symbol":"MHL",
        "Date":"2022-09-04",
        "Open":386.1,
        "High":407.0,
        "Low":386.1,
        "Close":400.0,
        "Percent Change":"1.78 %",
        "Volume":"12,667.00"
    },
    {
        "Symbol":"MHL",
        "Date":"2022-09-02",
        "Open":388.0,
        "High":399.0,
        "Low":381.0,
        "Close":393.0,
        "Percent Change":"1.29 %",
        "Volume":"7,310.00"
    },
    {
        "Symbol":"MHL",
        "Date":"2022-09-01",
        "Open":379.0,
        "High":390.0,
        "Low":362.3,
        "Close":388.0,
        "Percent Change":"2.92 %",
        "Volume":"12,030.00"
    },
    {
        "Symbol":"MHL",
        "Date":"2022-08-31",
        "Open":368.1,
        "High":387.6,
        "Low":361.2,
        "Close":377.0,
        "Percent Change":"0.53 %",
        "Volume":"9,980.00"
    },
    {
        "Symbol":"MHL",
        "Date":"2022-08-30",
        "Open":390.0,
        "High":390.0,
        "Low":373.0,
        "Close":375.0,
        "Percent Change":"-2.17 %",
        "Volume":"4,255.00"
    },
    {
        "Symbol":"MHL",
        "Date":"2022-08-29",
        "Open":374.1,
        "High":390.0,
        "Low":370.0,
        "Close":383.3,
        "Percent Change":"0.87 %",
        "Volume":"11,390.00"
    },
    {
        "Symbol":"MHL",
        "Date":"2022-08-28",
        "Open":400.1,
        "High":400.1,
        "Low":378.7,
        "Close":380.0,
        "Percent Change":"-6.77 %",
        "Volume":"23,769.00"
    },
    {
        "Symbol":"MHL",
        "Date":"2022-08-26",
        "Open":407.0,
        "High":410.1,
        "Low":400.1,
        "Close":407.6,
        "Percent Change":"-1.78 %",
        "Volume":"7,780.00"
    },
    {
        "Symbol":"MHL",
        "Date":"2022-08-25",
        "Open":428.6,
        "High":436.0,
        "Low":403.8,
        "Close":415.0,
        "Percent Change":"-1.24 %",
        "Volume":"26,490.00"
    },
    {
        "Symbol":"MHL",
        "Date":"2022-08-24",
        "Open":389.6,
        "High":420.2,
        "Low":389.6,
        "Close":420.2,
        "Percent Change":"10.00 %",
        "Volume":"76,612.00"
    },
    {
        "Symbol":"MHL",
        "Date":"2022-08-23",
        "Open":354.2,
        "High":382.0,
        "Low":354.2,
        "Close":382.0,
        "Percent Change":"9.99 %",
        "Volume":"11,400.00"
    },
    {
        "Symbol":"MHL",
        "Date":"2022-08-22",
        "Open":322.1,
        "High":347.3,
        "Low":322.1,
        "Close":347.3,
        "Percent Change":"9.97 %",
        "Volume":"6,530.00"
    },
    {
        "Symbol":"MHL",
        "Date":"2022-08-21",
        "Open":292.8,
        "High":315.8,
        "Low":292.8,
        "Close":315.8,
        "Percent Change":"10.00 %",
        "Volume":"650.00"
    },
    {
        "Symbol":"MHL",
        "Date":"2022-08-18",
        "Open":266.2,
        "High":287.1,
        "Low":266.2,
        "Close":287.1,
        "Percent Change":"10.00 %",
        "Volume":"260.00"
    },
    {
        "Symbol":"MHL",
        "Date":"2022-08-17",
        "Open":237.3,
        "High":261.0,
        "Low":237.3,
        "Close":261.0,
        "Percent Change":"0.00 %",
        "Volume":"150.00"
    },
    {
        "Symbol":"MHL",
        "Date":"2022-01-02",
        "Open":322.5,
        "High":335.9,
        "Low":318.1,
        "Close":334.0,
        "Percent Change":"1.52 %",
        "Volume":"5,205.00"
    }
]