[
    {
        "Symbol":"SNLI",
        "Date":"2024-08-11",
        "Open":620.0,
        "High":644.0,
        "Low":620.0,
        "Close":640.0,
        "Percent Change":"2.07 %",
        "Volume":"163,881.00"
    },
    {
        "Symbol":"SNLI",
        "Date":"2024-08-08",
        "Open":637.0,
        "High":647.0,
        "Low":620.1,
        "Close":627.0,
        "Percent Change":"-0.79 %",
        "Volume":"103,241.00"
    },
    {
        "Symbol":"SNLI",
        "Date":"2024-08-07",
        "Open":603.0,
        "High":633.0,
        "Low":595.1,
        "Close":632.0,
        "Percent Change":"4.81 %",
        "Volume":"103,200.00"
    },
    {
        "Symbol":"SNLI",
        "Date":"2024-08-06",
        "Open":639.0,
        "High":642.0,
        "Low":594.9,
        "Close":603.0,
        "Percent Change":"-5.63 %",
        "Volume":"166,805.00"
    },
    {
        "Symbol":"SNLI",
        "Date":"2024-08-05",
        "Open":625.0,
        "High":648.2,
        "Low":625.0,
        "Close":639.0,
        "Percent Change":"2.40 %",
        "Volume":"93,440.00"
    },
    {
        "Symbol":"SNLI",
        "Date":"2024-08-01",
        "Open":600.5,
        "High":649.9,
        "Low":593.0,
        "Close":624.0,
        "Percent Change":"4.87 %",
        "Volume":"217,041.00"
    },
    {
        "Symbol":"SNLI",
        "Date":"2024-07-31",
        "Open":585.0,
        "High":605.0,
        "Low":585.0,
        "Close":595.0,
        "Percent Change":"2.06 %",
        "Volume":"103,971.00"
    },
    {
        "Symbol":"SNLI",
        "Date":"2024-07-30",
        "Open":580.0,
        "High":583.0,
        "Low":560.9,
        "Close":583.0,
        "Percent Change":"0.52 %",
        "Volume":"63,198.00"
    },
    {
        "Symbol":"SNLI",
        "Date":"2024-07-29",
        "Open":600.0,
        "High":600.0,
        "Low":575.0,
        "Close":580.0,
        "Percent Change":"-1.69 %",
        "Volume":"76,225.00"
    },
    {
        "Symbol":"SNLI",
        "Date":"2024-07-28",
        "Open":582.5,
        "High":601.9,
        "Low":570.0,
        "Close":590.0,
        "Percent Change":"3.31 %",
        "Volume":"80,483.00"
    },
    {
        "Symbol":"SNLI",
        "Date":"2024-07-25",
        "Open":558.4,
        "High":576.0,
        "Low":558.4,
        "Close":571.1,
        "Percent Change":"0.72 %",
        "Volume":"58,294.00"
    },
    {
        "Symbol":"SNLI",
        "Date":"2024-07-24",
        "Open":578.0,
        "High":590.0,
        "Low":555.0,
        "Close":567.0,
        "Percent Change":"-1.56 %",
        "Volume":"94,890.00"
    },
    {
        "Symbol":"SNLI",
        "Date":"2024-07-23",
        "Open":545.0,
        "High":577.0,
        "Low":541.0,
        "Close":576.0,
        "Percent Change":"4.54 %",
        "Volume":"67,840.00"
    },
    {
        "Symbol":"SNLI",
        "Date":"2024-07-22",
        "Open":545.0,
        "High":555.9,
        "Low":534.6,
        "Close":551.0,
        "Percent Change":"1.45 %",
        "Volume":"91,567.00"
    },
    {
        "Symbol":"SNLI",
        "Date":"2024-07-21",
        "Open":538.0,
        "High":550.0,
        "Low":528.1,
        "Close":543.1,
        "Percent Change":"0.95 %",
        "Volume":"110,961.00"
    },
    {
        "Symbol":"SNLI",
        "Date":"2024-07-18",
        "Open":544.0,
        "High":546.0,
        "Low":531.0,
        "Close":538.0,
        "Percent Change":"-0.19 %",
        "Volume":"97,903.00"
    },
    {
        "Symbol":"SNLI",
        "Date":"2024-07-17",
        "Open":523.0,
        "High":540.0,
        "Low":523.0,
        "Close":539.0,
        "Percent Change":"2.28 %",
        "Volume":"74,719.00"
    },
    {
        "Symbol":"SNLI",
        "Date":"2024-07-16",
        "Open":518.0,
        "High":528.0,
        "Low":505.1,
        "Close":527.0,
        "Percent Change":"3.07 %",
        "Volume":"55,815.00"
    },
    {
        "Symbol":"SNLI",
        "Date":"2024-07-15",
        "Open":524.0,
        "High":539.9,
        "Low":510.0,
        "Close":511.3,
        "Percent Change":"-2.78 %",
        "Volume":"69,795.00"
    },
    {
        "Symbol":"SNLI",
        "Date":"2024-07-14",
        "Open":521.2,
        "High":541.0,
        "Low":515.0,
        "Close":525.9,
        "Percent Change":"2.92 %",
        "Volume":"63,929.00"
    },
    {
        "Symbol":"SNLI",
        "Date":"2024-07-11",
        "Open":495.0,
        "High":511.0,
        "Low":495.0,
        "Close":511.0,
        "Percent Change":"3.23 %",
        "Volume":"64,421.00"
    },
    {
        "Symbol":"SNLI",
        "Date":"2024-07-10",
        "Open":484.1,
        "High":499.0,
        "Low":484.1,
        "Close":495.0,
        "Percent Change":"1.64 %",
        "Volume":"34,726.00"
    },
    {
        "Symbol":"SNLI",
        "Date":"2024-07-09",
        "Open":485.0,
        "High":490.1,
        "Low":481.0,
        "Close":487.0,
        "Percent Change":"0.41 %",
        "Volume":"29,891.00"
    },
    {
        "Symbol":"SNLI",
        "Date":"2024-07-08",
        "Open":491.1,
        "High":500.0,
        "Low":482.1,
        "Close":485.0,
        "Percent Change":"-2.02 %",
        "Volume":"49,461.00"
    },
    {
        "Symbol":"SNLI",
        "Date":"2024-07-07",
        "Open":489.0,
        "High":497.0,
        "Low":483.0,
        "Close":495.0,
        "Percent Change":"2.95 %",
        "Volume":"50,999.00"
    },
    {
        "Symbol":"SNLI",
        "Date":"2024-07-04",
        "Open":460.0,
        "High":483.5,
        "Low":460.0,
        "Close":480.8,
        "Percent Change":"3.42 %",
        "Volume":"40,521.00"
    },
    {
        "Symbol":"SNLI",
        "Date":"2024-07-03",
        "Open":465.0,
        "High":470.0,
        "Low":460.0,
        "Close":464.9,
        "Percent Change":"-0.66 %",
        "Volume":"24,131.00"
    },
    {
        "Symbol":"SNLI",
        "Date":"2024-07-02",
        "Open":462.5,
        "High":489.0,
        "Low":460.0,
        "Close":468.0,
        "Percent Change":"3.20 %",
        "Volume":"22,777.00"
    },
    {
        "Symbol":"SNLI",
        "Date":"2024-07-01",
        "Open":449.0,
        "High":453.5,
        "Low":447.2,
        "Close":453.5,
        "Percent Change":"0.76 %",
        "Volume":"19,593.00"
    },
    {
        "Symbol":"SNLI",
        "Date":"2024-06-30",
        "Open":455.0,
        "High":459.9,
        "Low":450.0,
        "Close":450.1,
        "Percent Change":"-1.16 %",
        "Volume":"22,960.00"
    },
    {
        "Symbol":"SNLI",
        "Date":"2024-06-27",
        "Open":454.2,
        "High":460.0,
        "Low":454.1,
        "Close":455.4,
        "Percent Change":"-0.13 %",
        "Volume":"30,286.00"
    },
    {
        "Symbol":"SNLI",
        "Date":"2024-06-26",
        "Open":456.0,
        "High":465.0,
        "Low":455.0,
        "Close":456.0,
        "Percent Change":"-0.48 %",
        "Volume":"18,748.00"
    },
    {
        "Symbol":"SNLI",
        "Date":"2024-06-25",
        "Open":455.0,
        "High":467.0,
        "Low":455.0,
        "Close":458.2,
        "Percent Change":"-0.17 %",
        "Volume":"20,826.00"
    },
    {
        "Symbol":"SNLI",
        "Date":"2024-06-24",
        "Open":459.0,
        "High":468.0,
        "Low":455.0,
        "Close":459.0,
        "Percent Change":"-0.65 %",
        "Volume":"18,805.00"
    },
    {
        "Symbol":"SNLI",
        "Date":"2024-06-23",
        "Open":464.0,
        "High":469.9,
        "Low":461.0,
        "Close":462.0,
        "Percent Change":"-0.43 %",
        "Volume":"20,510.00"
    },
    {
        "Symbol":"SNLI",
        "Date":"2024-06-20",
        "Open":468.1,
        "High":471.0,
        "Low":464.0,
        "Close":464.0,
        "Percent Change":"-1.11 %",
        "Volume":"20,456.00"
    },
    {
        "Symbol":"SNLI",
        "Date":"2024-06-19",
        "Open":465.5,
        "High":472.0,
        "Low":465.5,
        "Close":469.2,
        "Percent Change":"-0.30 %",
        "Volume":"13,898.00"
    },
    {
        "Symbol":"SNLI",
        "Date":"2024-06-18",
        "Open":470.0,
        "High":475.0,
        "Low":469.0,
        "Close":470.6,
        "Percent Change":"-0.61 %",
        "Volume":"8,995.00"
    },
    {
        "Symbol":"SNLI",
        "Date":"2024-06-16",
        "Open":478.0,
        "High":484.0,
        "Low":472.0,
        "Close":473.5,
        "Percent Change":"-0.32 %",
        "Volume":"15,457.00"
    },
    {
        "Symbol":"SNLI",
        "Date":"2024-06-13",
        "Open":477.0,
        "High":484.8,
        "Low":475.0,
        "Close":475.0,
        "Percent Change":"-2.06 %",
        "Volume":"18,851.00"
    },
    {
        "Symbol":"SNLI",
        "Date":"2024-06-12",
        "Open":472.0,
        "High":493.0,
        "Low":472.0,
        "Close":485.0,
        "Percent Change":"2.30 %",
        "Volume":"19,058.00"
    },
    {
        "Symbol":"SNLI",
        "Date":"2024-06-11",
        "Open":461.0,
        "High":479.0,
        "Low":461.0,
        "Close":474.1,
        "Percent Change":"1.96 %",
        "Volume":"25,996.00"
    },
    {
        "Symbol":"SNLI",
        "Date":"2024-06-10",
        "Open":460.0,
        "High":468.8,
        "Low":459.1,
        "Close":465.0,
        "Percent Change":"1.06 %",
        "Volume":"10,920.00"
    },
    {
        "Symbol":"SNLI",
        "Date":"2024-06-09",
        "Open":459.1,
        "High":469.0,
        "Low":459.1,
        "Close":460.1,
        "Percent Change":"-0.84 %",
        "Volume":"16,228.00"
    },
    {
        "Symbol":"SNLI",
        "Date":"2024-06-06",
        "Open":461.0,
        "High":469.0,
        "Low":461.0,
        "Close":464.0,
        "Percent Change":"0.00 %",
        "Volume":"14,249.00"
    },
    {
        "Symbol":"SNLI",
        "Date":"2024-06-05",
        "Open":466.0,
        "High":476.0,
        "Low":463.5,
        "Close":464.0,
        "Percent Change":"-1.26 %",
        "Volume":"13,439.00"
    },
    {
        "Symbol":"SNLI",
        "Date":"2024-06-04",
        "Open":462.0,
        "High":473.0,
        "Low":461.2,
        "Close":469.9,
        "Percent Change":"1.05 %",
        "Volume":"21,142.00"
    },
    {
        "Symbol":"SNLI",
        "Date":"2024-06-03",
        "Open":463.0,
        "High":468.0,
        "Low":463.0,
        "Close":465.0,
        "Percent Change":"0.00 %",
        "Volume":"22,734.00"
    },
    {
        "Symbol":"SNLI",
        "Date":"2024-06-02",
        "Open":457.0,
        "High":470.0,
        "Low":457.0,
        "Close":465.0,
        "Percent Change":"0.87 %",
        "Volume":"16,785.00"
    },
    {
        "Symbol":"SNLI",
        "Date":"2024-05-30",
        "Open":460.7,
        "High":468.1,
        "Low":460.7,
        "Close":461.0,
        "Percent Change":"-1.52 %",
        "Volume":"16,530.00"
    },
    {
        "Symbol":"SNLI",
        "Date":"2024-05-29",
        "Open":479.1,
        "High":479.1,
        "Low":465.7,
        "Close":468.1,
        "Percent Change":"-1.68 %",
        "Volume":"44,998.00"
    },
    {
        "Symbol":"SNLI",
        "Date":"2024-05-27",
        "Open":475.0,
        "High":483.0,
        "Low":473.2,
        "Close":476.1,
        "Percent Change":"-0.71 %",
        "Volume":"19,199.00"
    },
    {
        "Symbol":"SNLI",
        "Date":"2024-05-26",
        "Open":480.0,
        "High":484.0,
        "Low":475.1,
        "Close":479.5,
        "Percent Change":"-0.06 %",
        "Volume":"31,948.00"
    },
    {
        "Symbol":"SNLI",
        "Date":"2024-05-22",
        "Open":477.5,
        "High":483.0,
        "Low":475.0,
        "Close":479.8,
        "Percent Change":"0.59 %",
        "Volume":"21,018.00"
    },
    {
        "Symbol":"SNLI",
        "Date":"2024-05-21",
        "Open":469.0,
        "High":485.0,
        "Low":469.0,
        "Close":477.0,
        "Percent Change":"0.00 %",
        "Volume":"18,059.00"
    },
    {
        "Symbol":"SNLI",
        "Date":"2024-05-20",
        "Open":481.0,
        "High":493.0,
        "Low":475.0,
        "Close":477.0,
        "Percent Change":"-0.10 %",
        "Volume":"37,570.00"
    },
    {
        "Symbol":"SNLI",
        "Date":"2024-05-19",
        "Open":458.0,
        "High":480.3,
        "Low":453.0,
        "Close":477.5,
        "Percent Change":"4.71 %",
        "Volume":"47,515.00"
    },
    {
        "Symbol":"SNLI",
        "Date":"2024-05-16",
        "Open":461.0,
        "High":461.0,
        "Low":454.2,
        "Close":456.0,
        "Percent Change":"-1.72 %",
        "Volume":"23,146.00"
    },
    {
        "Symbol":"SNLI",
        "Date":"2024-05-15",
        "Open":470.0,
        "High":470.0,
        "Low":462.2,
        "Close":464.0,
        "Percent Change":"0.39 %",
        "Volume":"16,361.00"
    },
    {
        "Symbol":"SNLI",
        "Date":"2024-05-14",
        "Open":451.0,
        "High":464.0,
        "Low":450.0,
        "Close":462.2,
        "Percent Change":"1.47 %",
        "Volume":"11,223.00"
    },
    {
        "Symbol":"SNLI",
        "Date":"2024-05-13",
        "Open":458.0,
        "High":458.0,
        "Low":452.6,
        "Close":455.5,
        "Percent Change":"-0.55 %",
        "Volume":"20,222.00"
    },
    {
        "Symbol":"SNLI",
        "Date":"2024-05-12",
        "Open":447.5,
        "High":460.5,
        "Low":447.2,
        "Close":458.0,
        "Percent Change":"0.66 %",
        "Volume":"23,718.00"
    },
    {
        "Symbol":"SNLI",
        "Date":"2024-05-09",
        "Open":475.0,
        "High":475.0,
        "Low":453.0,
        "Close":455.0,
        "Percent Change":"-3.38 %",
        "Volume":"45,891.00"
    },
    {
        "Symbol":"SNLI",
        "Date":"2024-05-08",
        "Open":594.0,
        "High":594.0,
        "Low":582.0,
        "Close":583.0,
        "Percent Change":"-0.68 %",
        "Volume":"76,412.00"
    },
    {
        "Symbol":"SNLI",
        "Date":"2024-05-07",
        "Open":600.7,
        "High":600.7,
        "Low":584.1,
        "Close":587.0,
        "Percent Change":"-0.34 %",
        "Volume":"29,435.00"
    },
    {
        "Symbol":"SNLI",
        "Date":"2024-05-06",
        "Open":594.0,
        "High":599.0,
        "Low":587.0,
        "Close":589.0,
        "Percent Change":"-0.67 %",
        "Volume":"31,575.00"
    },
    {
        "Symbol":"SNLI",
        "Date":"2024-05-05",
        "Open":602.0,
        "High":602.0,
        "Low":590.0,
        "Close":593.0,
        "Percent Change":"0.00 %",
        "Volume":"32,360.00"
    },
    {
        "Symbol":"SNLI",
        "Date":"2024-05-02",
        "Open":605.0,
        "High":610.0,
        "Low":592.0,
        "Close":593.0,
        "Percent Change":"-1.15 %",
        "Volume":"53,385.00"
    },
    {
        "Symbol":"SNLI",
        "Date":"2024-04-30",
        "Open":595.0,
        "High":605.0,
        "Low":595.0,
        "Close":599.9,
        "Percent Change":"0.23 %",
        "Volume":"48,204.00"
    },
    {
        "Symbol":"SNLI",
        "Date":"2024-04-29",
        "Open":600.6,
        "High":610.0,
        "Low":595.0,
        "Close":598.5,
        "Percent Change":"1.63 %",
        "Volume":"78,613.00"
    },
    {
        "Symbol":"SNLI",
        "Date":"2024-04-28",
        "Open":588.0,
        "High":591.0,
        "Low":585.5,
        "Close":588.9,
        "Percent Change":"0.15 %",
        "Volume":"38,994.00"
    },
    {
        "Symbol":"SNLI",
        "Date":"2024-04-25",
        "Open":581.1,
        "High":590.0,
        "Low":581.1,
        "Close":588.0,
        "Percent Change":"0.51 %",
        "Volume":"19,615.00"
    },
    {
        "Symbol":"SNLI",
        "Date":"2024-04-24",
        "Open":580.2,
        "High":590.0,
        "Low":580.2,
        "Close":585.0,
        "Percent Change":"0.17 %",
        "Volume":"10,954.00"
    },
    {
        "Symbol":"SNLI",
        "Date":"2024-04-22",
        "Open":580.8,
        "High":599.9,
        "Low":580.7,
        "Close":584.0,
        "Percent Change":"-1.02 %",
        "Volume":"20,714.00"
    },
    {
        "Symbol":"SNLI",
        "Date":"2024-04-21",
        "Open":582.0,
        "High":593.6,
        "Low":578.4,
        "Close":590.0,
        "Percent Change":"1.37 %",
        "Volume":"24,318.00"
    },
    {
        "Symbol":"SNLI",
        "Date":"2024-04-18",
        "Open":587.0,
        "High":588.0,
        "Low":580.0,
        "Close":582.0,
        "Percent Change":"-0.43 %",
        "Volume":"18,944.00"
    },
    {
        "Symbol":"SNLI",
        "Date":"2024-04-16",
        "Open":577.8,
        "High":592.0,
        "Low":577.8,
        "Close":584.5,
        "Percent Change":"-0.76 %",
        "Volume":"28,065.00"
    },
    {
        "Symbol":"SNLI",
        "Date":"2024-04-15",
        "Open":581.3,
        "High":596.0,
        "Low":581.3,
        "Close":589.0,
        "Percent Change":"-0.67 %",
        "Volume":"18,442.00"
    },
    {
        "Symbol":"SNLI",
        "Date":"2024-04-14",
        "Open":595.0,
        "High":603.0,
        "Low":592.0,
        "Close":593.0,
        "Percent Change":"-0.69 %",
        "Volume":"29,325.00"
    },
    {
        "Symbol":"SNLI",
        "Date":"2024-04-10",
        "Open":610.0,
        "High":610.0,
        "Low":597.0,
        "Close":597.1,
        "Percent Change":"-1.31 %",
        "Volume":"34,016.00"
    },
    {
        "Symbol":"SNLI",
        "Date":"2024-04-09",
        "Open":602.0,
        "High":611.1,
        "Low":602.0,
        "Close":605.0,
        "Percent Change":"0.48 %",
        "Volume":"26,521.00"
    },
    {
        "Symbol":"SNLI",
        "Date":"2024-04-07",
        "Open":606.0,
        "High":610.0,
        "Low":600.0,
        "Close":602.1,
        "Percent Change":"-0.64 %",
        "Volume":"31,339.00"
    },
    {
        "Symbol":"SNLI",
        "Date":"2024-04-04",
        "Open":597.1,
        "High":607.8,
        "Low":595.1,
        "Close":606.0,
        "Percent Change":"1.68 %",
        "Volume":"39,930.00"
    },
    {
        "Symbol":"SNLI",
        "Date":"2024-04-03",
        "Open":594.0,
        "High":605.0,
        "Low":594.0,
        "Close":596.0,
        "Percent Change":"0.34 %",
        "Volume":"20,106.00"
    },
    {
        "Symbol":"SNLI",
        "Date":"2024-04-02",
        "Open":591.0,
        "High":600.0,
        "Low":591.0,
        "Close":594.0,
        "Percent Change":"-0.17 %",
        "Volume":"24,291.00"
    },
    {
        "Symbol":"SNLI",
        "Date":"2024-04-01",
        "Open":590.1,
        "High":604.5,
        "Low":590.1,
        "Close":595.0,
        "Percent Change":"-0.17 %",
        "Volume":"20,764.00"
    },
    {
        "Symbol":"SNLI",
        "Date":"2024-03-31",
        "Open":606.0,
        "High":615.0,
        "Low":592.0,
        "Close":596.0,
        "Percent Change":"-1.65 %",
        "Volume":"59,907.00"
    },
    {
        "Symbol":"SNLI",
        "Date":"2024-03-28",
        "Open":613.9,
        "High":613.9,
        "Low":596.0,
        "Close":606.0,
        "Percent Change":"0.50 %",
        "Volume":"30,358.00"
    },
    {
        "Symbol":"SNLI",
        "Date":"2024-03-27",
        "Open":607.2,
        "High":613.0,
        "Low":603.0,
        "Close":603.0,
        "Percent Change":"-0.66 %",
        "Volume":"25,163.00"
    },
    {
        "Symbol":"SNLI",
        "Date":"2024-03-26",
        "Open":604.6,
        "High":611.0,
        "Low":602.0,
        "Close":607.0,
        "Percent Change":"-0.13 %",
        "Volume":"30,867.00"
    },
    {
        "Symbol":"SNLI",
        "Date":"2024-03-25",
        "Open":610.0,
        "High":612.0,
        "Low":605.0,
        "Close":607.8,
        "Percent Change":"-0.20 %",
        "Volume":"35,332.00"
    },
    {
        "Symbol":"SNLI",
        "Date":"2024-03-21",
        "Open":615.0,
        "High":618.7,
        "Low":607.7,
        "Close":609.0,
        "Percent Change":"-1.02 %",
        "Volume":"47,086.00"
    },
    {
        "Symbol":"SNLI",
        "Date":"2024-03-20",
        "Open":623.0,
        "High":628.0,
        "Low":615.1,
        "Close":615.3,
        "Percent Change":"-1.12 %",
        "Volume":"54,049.00"
    },
    {
        "Symbol":"SNLI",
        "Date":"2024-03-19",
        "Open":626.0,
        "High":635.0,
        "Low":622.0,
        "Close":622.3,
        "Percent Change":"-0.59 %",
        "Volume":"59,117.00"
    },
    {
        "Symbol":"SNLI",
        "Date":"2024-03-18",
        "Open":625.0,
        "High":630.0,
        "Low":618.5,
        "Close":626.0,
        "Percent Change":"0.16 %",
        "Volume":"42,264.00"
    },
    {
        "Symbol":"SNLI",
        "Date":"2024-03-17",
        "Open":617.2,
        "High":632.8,
        "Low":608.0,
        "Close":625.0,
        "Percent Change":"1.61 %",
        "Volume":"80,800.00"
    },
    {
        "Symbol":"SNLI",
        "Date":"2024-03-14",
        "Open":627.1,
        "High":634.0,
        "Low":615.0,
        "Close":615.1,
        "Percent Change":"-2.52 %",
        "Volume":"82,488.00"
    },
    {
        "Symbol":"SNLI",
        "Date":"2024-03-13",
        "Open":640.0,
        "High":645.0,
        "Low":623.8,
        "Close":631.0,
        "Percent Change":"-0.65 %",
        "Volume":"124,769.00"
    },
    {
        "Symbol":"SNLI",
        "Date":"2024-03-12",
        "Open":600.0,
        "High":639.9,
        "Low":598.0,
        "Close":635.1,
        "Percent Change":"6.74 %",
        "Volume":"266,097.00"
    },
    {
        "Symbol":"SNLI",
        "Date":"2024-03-10",
        "Open":590.0,
        "High":602.0,
        "Low":590.0,
        "Close":595.0,
        "Percent Change":"0.85 %",
        "Volume":"94,028.00"
    },
    {
        "Symbol":"SNLI",
        "Date":"2024-03-07",
        "Open":588.0,
        "High":597.7,
        "Low":582.0,
        "Close":590.0,
        "Percent Change":"0.00 %",
        "Volume":"27,018.00"
    },
    {
        "Symbol":"SNLI",
        "Date":"2024-03-06",
        "Open":577.2,
        "High":598.0,
        "Low":577.2,
        "Close":590.0,
        "Percent Change":"0.19 %",
        "Volume":"44,757.00"
    },
    {
        "Symbol":"SNLI",
        "Date":"2024-03-05",
        "Open":610.0,
        "High":610.0,
        "Low":587.2,
        "Close":588.9,
        "Percent Change":"-3.14 %",
        "Volume":"63,717.00"
    },
    {
        "Symbol":"SNLI",
        "Date":"2024-03-04",
        "Open":594.6,
        "High":619.9,
        "Low":594.6,
        "Close":608.0,
        "Percent Change":"4.29 %",
        "Volume":"4,436.00"
    },
    {
        "Symbol":"SNLI",
        "Date":"2024-03-03",
        "Open":580.0,
        "High":590.0,
        "Low":579.0,
        "Close":583.0,
        "Percent Change":"0.00 %",
        "Volume":"35,075.00"
    },
    {
        "Symbol":"SNLI",
        "Date":"2024-02-29",
        "Open":575.3,
        "High":595.0,
        "Low":575.3,
        "Close":583.0,
        "Percent Change":"-0.51 %",
        "Volume":"33,365.00"
    },
    {
        "Symbol":"SNLI",
        "Date":"2024-02-28",
        "Open":595.0,
        "High":599.4,
        "Low":585.3,
        "Close":586.0,
        "Percent Change":"-1.18 %",
        "Volume":"35,779.00"
    },
    {
        "Symbol":"SNLI",
        "Date":"2024-02-27",
        "Open":600.0,
        "High":600.0,
        "Low":591.0,
        "Close":593.0,
        "Percent Change":"-0.52 %",
        "Volume":"48,977.00"
    },
    {
        "Symbol":"SNLI",
        "Date":"2024-02-26",
        "Open":598.0,
        "High":605.0,
        "Low":593.1,
        "Close":596.1,
        "Percent Change":"-0.62 %",
        "Volume":"103,584.00"
    },
    {
        "Symbol":"SNLI",
        "Date":"2024-02-25",
        "Open":582.4,
        "High":628.1,
        "Low":582.4,
        "Close":599.8,
        "Percent Change":"5.04 %",
        "Volume":"415,949.00"
    },
    {
        "Symbol":"SNLI",
        "Date":"2024-02-22",
        "Open":560.0,
        "High":577.0,
        "Low":560.0,
        "Close":571.0,
        "Percent Change":"1.01 %",
        "Volume":"59,567.00"
    },
    {
        "Symbol":"SNLI",
        "Date":"2024-02-21",
        "Open":566.2,
        "High":575.0,
        "Low":565.1,
        "Close":565.3,
        "Percent Change":"-0.91 %",
        "Volume":"23,665.00"
    },
    {
        "Symbol":"SNLI",
        "Date":"2024-02-20",
        "Open":556.3,
        "High":574.0,
        "Low":556.3,
        "Close":570.5,
        "Percent Change":"1.33 %",
        "Volume":"40,415.00"
    },
    {
        "Symbol":"SNLI",
        "Date":"2024-02-18",
        "Open":580.1,
        "High":580.1,
        "Low":562.0,
        "Close":563.0,
        "Percent Change":"-3.11 %",
        "Volume":"49,272.00"
    },
    {
        "Symbol":"SNLI",
        "Date":"2024-02-15",
        "Open":596.0,
        "High":596.0,
        "Low":580.1,
        "Close":581.1,
        "Percent Change":"-1.34 %",
        "Volume":"32,845.00"
    },
    {
        "Symbol":"SNLI",
        "Date":"2024-02-14",
        "Open":582.0,
        "High":590.0,
        "Low":579.1,
        "Close":589.0,
        "Percent Change":"1.20 %",
        "Volume":"25,700.00"
    },
    {
        "Symbol":"SNLI",
        "Date":"2024-02-13",
        "Open":590.0,
        "High":592.0,
        "Low":581.0,
        "Close":582.0,
        "Percent Change":"-2.35 %",
        "Volume":"22,931.00"
    },
    {
        "Symbol":"SNLI",
        "Date":"2024-02-12",
        "Open":595.0,
        "High":602.0,
        "Low":585.1,
        "Close":596.0,
        "Percent Change":"0.00 %",
        "Volume":"24,279.00"
    },
    {
        "Symbol":"SNLI",
        "Date":"2024-02-11",
        "Open":591.0,
        "High":602.0,
        "Low":591.0,
        "Close":596.0,
        "Percent Change":"0.17 %",
        "Volume":"31,359.00"
    },
    {
        "Symbol":"SNLI",
        "Date":"2024-02-08",
        "Open":600.0,
        "High":602.0,
        "Low":590.5,
        "Close":595.0,
        "Percent Change":"-0.03 %",
        "Volume":"30,392.00"
    },
    {
        "Symbol":"SNLI",
        "Date":"2024-02-07",
        "Open":586.1,
        "High":598.5,
        "Low":583.6,
        "Close":595.2,
        "Percent Change":"1.55 %",
        "Volume":"32,217.00"
    },
    {
        "Symbol":"SNLI",
        "Date":"2024-02-06",
        "Open":572.0,
        "High":590.0,
        "Low":572.0,
        "Close":586.1,
        "Percent Change":"0.70 %",
        "Volume":"26,008.00"
    },
    {
        "Symbol":"SNLI",
        "Date":"2024-02-05",
        "Open":587.0,
        "High":598.9,
        "Low":581.3,
        "Close":582.0,
        "Percent Change":"-0.85 %",
        "Volume":"23,080.00"
    },
    {
        "Symbol":"SNLI",
        "Date":"2024-02-04",
        "Open":595.0,
        "High":595.0,
        "Low":582.0,
        "Close":587.0,
        "Percent Change":"-0.53 %",
        "Volume":"36,976.00"
    },
    {
        "Symbol":"SNLI",
        "Date":"2024-02-01",
        "Open":585.2,
        "High":602.0,
        "Low":585.2,
        "Close":590.1,
        "Percent Change":"-0.35 %",
        "Volume":"62,396.00"
    },
    {
        "Symbol":"SNLI",
        "Date":"2024-01-31",
        "Open":603.0,
        "High":608.0,
        "Low":592.0,
        "Close":592.2,
        "Percent Change":"-1.95 %",
        "Volume":"65,124.00"
    },
    {
        "Symbol":"SNLI",
        "Date":"2024-01-30",
        "Open":610.0,
        "High":613.0,
        "Low":595.0,
        "Close":604.0,
        "Percent Change":"-0.17 %",
        "Volume":"99,342.00"
    },
    {
        "Symbol":"SNLI",
        "Date":"2024-01-29",
        "Open":585.0,
        "High":605.0,
        "Low":585.0,
        "Close":605.0,
        "Percent Change":"2.72 %",
        "Volume":"58,277.00"
    },
    {
        "Symbol":"SNLI",
        "Date":"2024-01-28",
        "Open":600.0,
        "High":600.9,
        "Low":586.3,
        "Close":589.0,
        "Percent Change":"-1.01 %",
        "Volume":"42,307.00"
    },
    {
        "Symbol":"SNLI",
        "Date":"2024-01-25",
        "Open":595.0,
        "High":600.0,
        "Low":588.0,
        "Close":595.0,
        "Percent Change":"0.00 %",
        "Volume":"86,728.00"
    },
    {
        "Symbol":"SNLI",
        "Date":"2024-01-24",
        "Open":592.9,
        "High":609.9,
        "Low":592.9,
        "Close":595.0,
        "Percent Change":"-1.65 %",
        "Volume":"76,367.00"
    },
    {
        "Symbol":"SNLI",
        "Date":"2024-01-23",
        "Open":618.3,
        "High":618.3,
        "Low":597.0,
        "Close":605.0,
        "Percent Change":"-0.20 %",
        "Volume":"98,383.00"
    },
    {
        "Symbol":"SNLI",
        "Date":"2024-01-22",
        "Open":580.0,
        "High":625.0,
        "Low":580.0,
        "Close":606.2,
        "Percent Change":"2.73 %",
        "Volume":"266,328.00"
    },
    {
        "Symbol":"SNLI",
        "Date":"2024-01-21",
        "Open":580.0,
        "High":594.6,
        "Low":576.1,
        "Close":590.1,
        "Percent Change":"0.89 %",
        "Volume":"88,159.00"
    },
    {
        "Symbol":"SNLI",
        "Date":"2024-01-18",
        "Open":570.1,
        "High":586.5,
        "Low":569.9,
        "Close":584.9,
        "Percent Change":"0.72 %",
        "Volume":"75,373.00"
    },
    {
        "Symbol":"SNLI",
        "Date":"2024-01-17",
        "Open":590.0,
        "High":601.8,
        "Low":580.0,
        "Close":580.7,
        "Percent Change":"-1.58 %",
        "Volume":"77,443.00"
    },
    {
        "Symbol":"SNLI",
        "Date":"2024-01-16",
        "Open":576.5,
        "High":593.0,
        "Low":576.5,
        "Close":590.0,
        "Percent Change":"2.34 %",
        "Volume":"47,974.00"
    },
    {
        "Symbol":"SNLI",
        "Date":"2024-01-14",
        "Open":590.0,
        "High":590.0,
        "Low":574.0,
        "Close":576.5,
        "Percent Change":"-0.77 %",
        "Volume":"33,968.00"
    },
    {
        "Symbol":"SNLI",
        "Date":"2024-01-11",
        "Open":589.0,
        "High":590.0,
        "Low":575.6,
        "Close":581.0,
        "Percent Change":"-0.85 %",
        "Volume":"34,875.00"
    },
    {
        "Symbol":"SNLI",
        "Date":"2024-01-10",
        "Open":590.0,
        "High":615.0,
        "Low":583.2,
        "Close":586.0,
        "Percent Change":"1.30 %",
        "Volume":"66,693.00"
    },
    {
        "Symbol":"SNLI",
        "Date":"2024-01-09",
        "Open":580.0,
        "High":592.0,
        "Low":575.0,
        "Close":578.5,
        "Percent Change":"0.96 %",
        "Volume":"99,808.00"
    },
    {
        "Symbol":"SNLI",
        "Date":"2024-01-08",
        "Open":550.0,
        "High":574.2,
        "Low":550.0,
        "Close":573.0,
        "Percent Change":"5.14 %",
        "Volume":"55,646.00"
    },
    {
        "Symbol":"SNLI",
        "Date":"2024-01-07",
        "Open":560.0,
        "High":560.0,
        "Low":545.0,
        "Close":545.0,
        "Percent Change":"-2.92 %",
        "Volume":"103,065.00"
    },
    {
        "Symbol":"SNLI",
        "Date":"2024-01-04",
        "Open":574.0,
        "High":580.0,
        "Low":561.0,
        "Close":561.4,
        "Percent Change":"-2.20 %",
        "Volume":"102,157.00"
    },
    {
        "Symbol":"SNLI",
        "Date":"2024-01-03",
        "Open":562.2,
        "High":580.0,
        "Low":558.0,
        "Close":574.0,
        "Percent Change":"0.53 %",
        "Volume":"131,787.00"
    },
    {
        "Symbol":"SNLI",
        "Date":"2024-01-02",
        "Open":590.0,
        "High":590.0,
        "Low":570.0,
        "Close":571.0,
        "Percent Change":"-3.71 %",
        "Volume":"169,936.00"
    },
    {
        "Symbol":"SNLI",
        "Date":"2024-01-01",
        "Open":605.0,
        "High":616.0,
        "Low":592.1,
        "Close":593.0,
        "Percent Change":"-1.82 %",
        "Volume":"151,338.00"
    },
    {
        "Symbol":"SNLI",
        "Date":"2023-12-28",
        "Open":592.0,
        "High":606.0,
        "Low":585.0,
        "Close":604.0,
        "Percent Change":"1.82 %",
        "Volume":"110,503.00"
    },
    {
        "Symbol":"SNLI",
        "Date":"2023-12-27",
        "Open":590.0,
        "High":605.0,
        "Low":586.0,
        "Close":593.2,
        "Percent Change":"1.40 %",
        "Volume":"111,493.00"
    },
    {
        "Symbol":"SNLI",
        "Date":"2023-12-24",
        "Open":575.0,
        "High":612.0,
        "Low":565.9,
        "Close":585.0,
        "Percent Change":"1.74 %",
        "Volume":"151,493.00"
    },
    {
        "Symbol":"SNLI",
        "Date":"2023-12-21",
        "Open":590.0,
        "High":590.0,
        "Low":575.0,
        "Close":575.0,
        "Percent Change":"-2.54 %",
        "Volume":"119,851.00"
    },
    {
        "Symbol":"SNLI",
        "Date":"2023-12-20",
        "Open":590.0,
        "High":613.8,
        "Low":581.0,
        "Close":590.0,
        "Percent Change":"-1.01 %",
        "Volume":"146,105.00"
    },
    {
        "Symbol":"SNLI",
        "Date":"2023-12-19",
        "Open":543.0,
        "High":597.3,
        "Low":541.0,
        "Close":596.0,
        "Percent Change":"9.76 %",
        "Volume":"208,301.00"
    },
    {
        "Symbol":"SNLI",
        "Date":"2023-12-18",
        "Open":540.0,
        "High":553.1,
        "Low":535.5,
        "Close":543.0,
        "Percent Change":"0.59 %",
        "Volume":"83,247.00"
    },
    {
        "Symbol":"SNLI",
        "Date":"2023-12-17",
        "Open":520.0,
        "High":540.0,
        "Low":508.0,
        "Close":539.8,
        "Percent Change":"1.85 %",
        "Volume":"143,067.00"
    },
    {
        "Symbol":"SNLI",
        "Date":"2023-12-14",
        "Open":531.2,
        "High":538.0,
        "Low":526.0,
        "Close":530.0,
        "Percent Change":"-1.10 %",
        "Volume":"84,440.00"
    },
    {
        "Symbol":"SNLI",
        "Date":"2023-12-13",
        "Open":545.0,
        "High":552.9,
        "Low":531.0,
        "Close":535.9,
        "Percent Change":"-1.67 %",
        "Volume":"135,643.00"
    },
    {
        "Symbol":"SNLI",
        "Date":"2023-12-12",
        "Open":513.0,
        "High":546.7,
        "Low":511.0,
        "Close":545.0,
        "Percent Change":"6.09 %",
        "Volume":"167,790.00"
    },
    {
        "Symbol":"SNLI",
        "Date":"2023-12-11",
        "Open":520.0,
        "High":520.2,
        "Low":500.0,
        "Close":513.7,
        "Percent Change":"-0.45 %",
        "Volume":"224,451.00"
    },
    {
        "Symbol":"SNLI",
        "Date":"2023-12-10",
        "Open":503.9,
        "High":520.0,
        "Low":503.0,
        "Close":516.0,
        "Percent Change":"4.43 %",
        "Volume":"34,002.00"
    },
    {
        "Symbol":"SNLI",
        "Date":"2023-12-07",
        "Open":503.0,
        "High":510.0,
        "Low":490.3,
        "Close":494.1,
        "Percent Change":"-1.96 %",
        "Volume":"132,021.00"
    },
    {
        "Symbol":"SNLI",
        "Date":"2023-12-06",
        "Open":475.0,
        "High":505.0,
        "Low":475.0,
        "Close":504.0,
        "Percent Change":"5.24 %",
        "Volume":"147,396.00"
    },
    {
        "Symbol":"SNLI",
        "Date":"2023-12-05",
        "Open":482.4,
        "High":492.0,
        "Low":476.5,
        "Close":478.9,
        "Percent Change":"1.25 %",
        "Volume":"103,834.00"
    },
    {
        "Symbol":"SNLI",
        "Date":"2023-12-04",
        "Open":465.0,
        "High":485.0,
        "Low":461.2,
        "Close":473.0,
        "Percent Change":"1.70 %",
        "Volume":"89,450.00"
    },
    {
        "Symbol":"SNLI",
        "Date":"2023-12-03",
        "Open":465.0,
        "High":471.0,
        "Low":455.0,
        "Close":465.1,
        "Percent Change":"0.45 %",
        "Volume":"39,928.00"
    },
    {
        "Symbol":"SNLI",
        "Date":"2023-11-30",
        "Open":462.1,
        "High":468.1,
        "Low":455.0,
        "Close":463.0,
        "Percent Change":"0.19 %",
        "Volume":"43,950.00"
    },
    {
        "Symbol":"SNLI",
        "Date":"2023-11-29",
        "Open":472.0,
        "High":475.1,
        "Low":462.0,
        "Close":462.1,
        "Percent Change":"-2.10 %",
        "Volume":"50,678.00"
    },
    {
        "Symbol":"SNLI",
        "Date":"2023-11-28",
        "Open":460.5,
        "High":477.3,
        "Low":460.0,
        "Close":472.0,
        "Percent Change":"0.75 %",
        "Volume":"57,079.00"
    },
    {
        "Symbol":"SNLI",
        "Date":"2023-11-27",
        "Open":467.0,
        "High":482.0,
        "Low":465.0,
        "Close":468.5,
        "Percent Change":"-1.58 %",
        "Volume":"94,185.00"
    },
    {
        "Symbol":"SNLI",
        "Date":"2023-11-26",
        "Open":452.0,
        "High":480.0,
        "Low":452.0,
        "Close":476.0,
        "Percent Change":"4.59 %",
        "Volume":"107,101.00"
    },
    {
        "Symbol":"SNLI",
        "Date":"2023-11-23",
        "Open":436.1,
        "High":460.0,
        "Low":436.1,
        "Close":455.1,
        "Percent Change":"2.96 %",
        "Volume":"59,825.00"
    },
    {
        "Symbol":"SNLI",
        "Date":"2023-11-22",
        "Open":425.0,
        "High":442.0,
        "Low":425.0,
        "Close":442.0,
        "Percent Change":"2.08 %",
        "Volume":"27,128.00"
    },
    {
        "Symbol":"SNLI",
        "Date":"2023-11-21",
        "Open":433.0,
        "High":444.0,
        "Low":429.0,
        "Close":433.0,
        "Percent Change":"-0.69 %",
        "Volume":"29,357.00"
    },
    {
        "Symbol":"SNLI",
        "Date":"2023-11-20",
        "Open":428.1,
        "High":446.0,
        "Low":428.1,
        "Close":436.0,
        "Percent Change":"2.16 %",
        "Volume":"47,505.00"
    },
    {
        "Symbol":"SNLI",
        "Date":"2023-11-09",
        "Open":438.5,
        "High":438.5,
        "Low":423.2,
        "Close":426.8,
        "Percent Change":"-1.02 %",
        "Volume":"24,638.00"
    },
    {
        "Symbol":"SNLI",
        "Date":"2023-11-08",
        "Open":420.0,
        "High":438.0,
        "Low":416.1,
        "Close":431.2,
        "Percent Change":"1.70 %",
        "Volume":"38,519.00"
    },
    {
        "Symbol":"SNLI",
        "Date":"2023-11-07",
        "Open":403.5,
        "High":427.9,
        "Low":403.5,
        "Close":424.0,
        "Percent Change":"3.44 %",
        "Volume":"28,324.00"
    },
    {
        "Symbol":"SNLI",
        "Date":"2023-11-06",
        "Open":396.2,
        "High":410.7,
        "Low":396.1,
        "Close":409.9,
        "Percent Change":"2.19 %",
        "Volume":"23,605.00"
    },
    {
        "Symbol":"SNLI",
        "Date":"2023-11-05",
        "Open":398.2,
        "High":404.0,
        "Low":397.0,
        "Close":401.1,
        "Percent Change":"-0.72 %",
        "Volume":"17,804.00"
    },
    {
        "Symbol":"SNLI",
        "Date":"2023-11-02",
        "Open":409.0,
        "High":412.0,
        "Low":402.6,
        "Close":404.0,
        "Percent Change":"-1.34 %",
        "Volume":"17,585.00"
    },
    {
        "Symbol":"SNLI",
        "Date":"2023-11-01",
        "Open":410.0,
        "High":417.0,
        "Low":409.0,
        "Close":409.5,
        "Percent Change":"-0.36 %",
        "Volume":"18,526.00"
    },
    {
        "Symbol":"SNLI",
        "Date":"2023-10-31",
        "Open":413.0,
        "High":416.0,
        "Low":408.1,
        "Close":411.0,
        "Percent Change":"-0.48 %",
        "Volume":"20,915.00"
    },
    {
        "Symbol":"SNLI",
        "Date":"2023-10-30",
        "Open":410.3,
        "High":424.0,
        "Low":409.2,
        "Close":413.0,
        "Percent Change":"-1.05 %",
        "Volume":"26,551.00"
    },
    {
        "Symbol":"SNLI",
        "Date":"2023-10-29",
        "Open":416.9,
        "High":424.0,
        "Low":415.5,
        "Close":417.4,
        "Percent Change":"-1.88 %",
        "Volume":"26,553.00"
    },
    {
        "Symbol":"SNLI",
        "Date":"2023-10-19",
        "Open":427.0,
        "High":432.0,
        "Low":421.0,
        "Close":425.4,
        "Percent Change":"-0.26 %",
        "Volume":"19,097.00"
    },
    {
        "Symbol":"SNLI",
        "Date":"2023-10-18",
        "Open":418.9,
        "High":433.0,
        "Low":415.0,
        "Close":426.5,
        "Percent Change":"1.81 %",
        "Volume":"23,475.00"
    },
    {
        "Symbol":"SNLI",
        "Date":"2023-10-17",
        "Open":420.0,
        "High":435.0,
        "Low":418.1,
        "Close":418.9,
        "Percent Change":"-0.73 %",
        "Volume":"25,545.00"
    },
    {
        "Symbol":"SNLI",
        "Date":"2023-10-16",
        "Open":431.2,
        "High":440.0,
        "Low":420.0,
        "Close":422.0,
        "Percent Change":"-4.09 %",
        "Volume":"48,515.00"
    },
    {
        "Symbol":"SNLI",
        "Date":"2023-10-12",
        "Open":445.0,
        "High":450.0,
        "Low":440.0,
        "Close":440.0,
        "Percent Change":"-1.83 %",
        "Volume":"45,122.00"
    },
    {
        "Symbol":"SNLI",
        "Date":"2023-10-11",
        "Open":456.9,
        "High":457.0,
        "Low":445.0,
        "Close":448.2,
        "Percent Change":"0.04 %",
        "Volume":"38,735.00"
    },
    {
        "Symbol":"SNLI",
        "Date":"2023-10-10",
        "Open":450.0,
        "High":459.0,
        "Low":447.2,
        "Close":448.0,
        "Percent Change":"-1.32 %",
        "Volume":"42,185.00"
    },
    {
        "Symbol":"SNLI",
        "Date":"2023-10-09",
        "Open":452.0,
        "High":460.0,
        "Low":450.0,
        "Close":454.0,
        "Percent Change":"-0.87 %",
        "Volume":"41,905.00"
    },
    {
        "Symbol":"SNLI",
        "Date":"2023-10-08",
        "Open":463.0,
        "High":463.0,
        "Low":453.1,
        "Close":458.0,
        "Percent Change":"-1.21 %",
        "Volume":"90,905.00"
    },
    {
        "Symbol":"SNLI",
        "Date":"2023-10-05",
        "Open":461.0,
        "High":470.0,
        "Low":461.0,
        "Close":463.6,
        "Percent Change":"-1.00 %",
        "Volume":"65,177.00"
    },
    {
        "Symbol":"SNLI",
        "Date":"2023-10-04",
        "Open":455.0,
        "High":473.0,
        "Low":455.0,
        "Close":468.3,
        "Percent Change":"0.93 %",
        "Volume":"64,354.00"
    },
    {
        "Symbol":"SNLI",
        "Date":"2023-10-03",
        "Open":464.0,
        "High":473.2,
        "Low":460.1,
        "Close":464.0,
        "Percent Change":"-0.45 %",
        "Volume":"68,260.00"
    },
    {
        "Symbol":"SNLI",
        "Date":"2023-10-02",
        "Open":465.0,
        "High":470.2,
        "Low":456.1,
        "Close":466.1,
        "Percent Change":"0.41 %",
        "Volume":"82,567.00"
    },
    {
        "Symbol":"SNLI",
        "Date":"2023-10-01",
        "Open":480.0,
        "High":480.0,
        "Low":463.0,
        "Close":464.2,
        "Percent Change":"-3.49 %",
        "Volume":"128,400.00"
    },
    {
        "Symbol":"SNLI",
        "Date":"2023-09-27",
        "Open":471.0,
        "High":487.5,
        "Low":471.0,
        "Close":481.0,
        "Percent Change":"0.61 %",
        "Volume":"159,205.00"
    },
    {
        "Symbol":"SNLI",
        "Date":"2023-09-26",
        "Open":460.0,
        "High":484.0,
        "Low":460.0,
        "Close":478.1,
        "Percent Change":"4.16 %",
        "Volume":"160,361.00"
    },
    {
        "Symbol":"SNLI",
        "Date":"2023-09-25",
        "Open":460.0,
        "High":466.0,
        "Low":451.0,
        "Close":459.0,
        "Percent Change":"0.68 %",
        "Volume":"167,319.00"
    },
    {
        "Symbol":"SNLI",
        "Date":"2023-09-24",
        "Open":470.0,
        "High":470.0,
        "Low":455.1,
        "Close":455.9,
        "Percent Change":"-3.00 %",
        "Volume":"211,689.00"
    },
    {
        "Symbol":"SNLI",
        "Date":"2023-09-21",
        "Open":475.2,
        "High":522.7,
        "Low":455.0,
        "Close":470.0,
        "Percent Change":"0.00 %",
        "Volume":"431,850.00"
    }
]