[
    {
        "Symbol":"SAMAJ",
        "Date":"2024-08-11",
        "Open":2835.0,
        "High":2927.3,
        "Low":2835.0,
        "Close":2905.0,
        "Percent Change":"4.50 %",
        "Volume":"2,506.00"
    },
    {
        "Symbol":"SAMAJ",
        "Date":"2024-08-08",
        "Open":2870.0,
        "High":2875.0,
        "Low":2765.0,
        "Close":2780.0,
        "Percent Change":"-1.38 %",
        "Volume":"1,193.00"
    },
    {
        "Symbol":"SAMAJ",
        "Date":"2024-08-07",
        "Open":2650.1,
        "High":2863.0,
        "Low":2650.0,
        "Close":2819.0,
        "Percent Change":"4.41 %",
        "Volume":"858.00"
    },
    {
        "Symbol":"SAMAJ",
        "Date":"2024-08-06",
        "Open":2691.1,
        "High":2725.0,
        "Low":2691.1,
        "Close":2700.0,
        "Percent Change":"-1.64 %",
        "Volume":"1,842.00"
    },
    {
        "Symbol":"SAMAJ",
        "Date":"2024-08-05",
        "Open":2810.0,
        "High":2810.0,
        "Low":2695.0,
        "Close":2745.0,
        "Percent Change":"-2.31 %",
        "Volume":"2,363.00"
    },
    {
        "Symbol":"SAMAJ",
        "Date":"2024-08-01",
        "Open":2825.0,
        "High":2880.0,
        "Low":2808.0,
        "Close":2810.0,
        "Percent Change":"-2.43 %",
        "Volume":"1,848.00"
    },
    {
        "Symbol":"SAMAJ",
        "Date":"2024-07-31",
        "Open":2900.1,
        "High":2900.1,
        "Low":2804.8,
        "Close":2880.0,
        "Percent Change":"-1.37 %",
        "Volume":"1,915.00"
    },
    {
        "Symbol":"SAMAJ",
        "Date":"2024-07-30",
        "Open":2875.0,
        "High":2940.0,
        "Low":2820.0,
        "Close":2920.0,
        "Percent Change":"1.11 %",
        "Volume":"1,054.00"
    },
    {
        "Symbol":"SAMAJ",
        "Date":"2024-07-29",
        "Open":2900.0,
        "High":2915.0,
        "Low":2815.0,
        "Close":2888.0,
        "Percent Change":"-0.41 %",
        "Volume":"1,280.00"
    },
    {
        "Symbol":"SAMAJ",
        "Date":"2024-07-28",
        "Open":3048.9,
        "High":3108.9,
        "Low":2875.6,
        "Close":2900.0,
        "Percent Change":"-3.01 %",
        "Volume":"1,053.00"
    },
    {
        "Symbol":"SAMAJ",
        "Date":"2024-07-25",
        "Open":2883.0,
        "High":3060.0,
        "Low":2870.0,
        "Close":2990.0,
        "Percent Change":"5.77 %",
        "Volume":"3,008.00"
    },
    {
        "Symbol":"SAMAJ",
        "Date":"2024-07-24",
        "Open":2882.3,
        "High":2900.0,
        "Low":2826.0,
        "Close":2827.0,
        "Percent Change":"-1.94 %",
        "Volume":"1,178.00"
    },
    {
        "Symbol":"SAMAJ",
        "Date":"2024-07-23",
        "Open":2900.0,
        "High":2982.0,
        "Low":2866.6,
        "Close":2883.0,
        "Percent Change":"0.45 %",
        "Volume":"1,252.00"
    },
    {
        "Symbol":"SAMAJ",
        "Date":"2024-07-22",
        "Open":2894.0,
        "High":2949.8,
        "Low":2850.0,
        "Close":2870.0,
        "Percent Change":"-2.71 %",
        "Volume":"1,431.00"
    },
    {
        "Symbol":"SAMAJ",
        "Date":"2024-07-21",
        "Open":2945.0,
        "High":3000.0,
        "Low":2891.0,
        "Close":2950.0,
        "Percent Change":"2.08 %",
        "Volume":"2,568.00"
    },
    {
        "Symbol":"SAMAJ",
        "Date":"2024-07-18",
        "Open":3048.0,
        "High":3048.0,
        "Low":2863.0,
        "Close":2890.0,
        "Percent Change":"-3.54 %",
        "Volume":"2,980.00"
    },
    {
        "Symbol":"SAMAJ",
        "Date":"2024-07-17",
        "Open":2983.5,
        "High":3043.0,
        "Low":2924.1,
        "Close":2996.0,
        "Percent Change":"2.43 %",
        "Volume":"1,333.00"
    },
    {
        "Symbol":"SAMAJ",
        "Date":"2024-07-16",
        "Open":2890.0,
        "High":2975.0,
        "Low":2890.0,
        "Close":2925.0,
        "Percent Change":"-0.03 %",
        "Volume":"825.00"
    },
    {
        "Symbol":"SAMAJ",
        "Date":"2024-07-15",
        "Open":3054.9,
        "High":3114.0,
        "Low":2926.0,
        "Close":2926.0,
        "Percent Change":"-2.30 %",
        "Volume":"1,276.00"
    },
    {
        "Symbol":"SAMAJ",
        "Date":"2024-07-14",
        "Open":2990.6,
        "High":3050.0,
        "Low":2951.0,
        "Close":2995.0,
        "Percent Change":"2.15 %",
        "Volume":"1,858.00"
    },
    {
        "Symbol":"SAMAJ",
        "Date":"2024-07-11",
        "Open":3073.0,
        "High":3073.0,
        "Low":2850.0,
        "Close":2932.0,
        "Percent Change":"-4.59 %",
        "Volume":"4,563.00"
    },
    {
        "Symbol":"SAMAJ",
        "Date":"2024-07-10",
        "Open":3350.0,
        "High":3350.0,
        "Low":3073.0,
        "Close":3073.0,
        "Percent Change":"-9.88 %",
        "Volume":"4,823.00"
    },
    {
        "Symbol":"SAMAJ",
        "Date":"2024-07-09",
        "Open":3332.0,
        "High":3519.0,
        "Low":3060.0,
        "Close":3410.0,
        "Percent Change":"0.29 %",
        "Volume":"7,165.00"
    },
    {
        "Symbol":"SAMAJ",
        "Date":"2024-07-08",
        "Open":3038.0,
        "High":3400.0,
        "Low":2861.0,
        "Close":3400.0,
        "Percent Change":"9.68 %",
        "Volume":"8,836.00"
    },
    {
        "Symbol":"SAMAJ",
        "Date":"2024-07-07",
        "Open":3019.2,
        "High":3141.0,
        "Low":2750.2,
        "Close":3100.0,
        "Percent Change":"4.73 %",
        "Volume":"5,168.00"
    },
    {
        "Symbol":"SAMAJ",
        "Date":"2024-07-04",
        "Open":2750.0,
        "High":2980.0,
        "Low":2666.0,
        "Close":2960.0,
        "Percent Change":"9.23 %",
        "Volume":"1,807.00"
    },
    {
        "Symbol":"SAMAJ",
        "Date":"2024-07-03",
        "Open":2725.0,
        "High":2980.0,
        "Low":2630.0,
        "Close":2710.0,
        "Percent Change":"-2.52 %",
        "Volume":"2,014.00"
    },
    {
        "Symbol":"SAMAJ",
        "Date":"2024-07-02",
        "Open":2599.0,
        "High":2780.0,
        "Low":2558.0,
        "Close":2780.0,
        "Percent Change":"6.96 %",
        "Volume":"1,621.00"
    },
    {
        "Symbol":"SAMAJ",
        "Date":"2024-07-01",
        "Open":2600.0,
        "High":2600.0,
        "Low":2500.1,
        "Close":2599.0,
        "Percent Change":"-2.04 %",
        "Volume":"1,040.00"
    },
    {
        "Symbol":"SAMAJ",
        "Date":"2024-06-30",
        "Open":2500.0,
        "High":2653.0,
        "Low":2450.0,
        "Close":2653.0,
        "Percent Change":"4.20 %",
        "Volume":"2,710.00"
    },
    {
        "Symbol":"SAMAJ",
        "Date":"2024-06-27",
        "Open":2450.0,
        "High":2548.0,
        "Low":2450.0,
        "Close":2546.0,
        "Percent Change":"1.84 %",
        "Volume":"721.00"
    },
    {
        "Symbol":"SAMAJ",
        "Date":"2024-06-26",
        "Open":2458.5,
        "High":2585.0,
        "Low":2410.0,
        "Close":2500.0,
        "Percent Change":"3.72 %",
        "Volume":"1,091.00"
    },
    {
        "Symbol":"SAMAJ",
        "Date":"2024-06-25",
        "Open":2397.0,
        "High":2496.9,
        "Low":2397.0,
        "Close":2410.3,
        "Percent Change":"-1.42 %",
        "Volume":"841.00"
    },
    {
        "Symbol":"SAMAJ",
        "Date":"2024-06-24",
        "Open":2477.0,
        "High":2520.0,
        "Low":2392.0,
        "Close":2445.0,
        "Percent Change":"-3.26 %",
        "Volume":"1,121.00"
    },
    {
        "Symbol":"SAMAJ",
        "Date":"2024-06-23",
        "Open":2579.0,
        "High":2579.0,
        "Low":2335.0,
        "Close":2527.5,
        "Percent Change":"-0.10 %",
        "Volume":"1,780.00"
    },
    {
        "Symbol":"SAMAJ",
        "Date":"2024-06-20",
        "Open":2690.0,
        "High":2690.0,
        "Low":2475.0,
        "Close":2530.0,
        "Percent Change":"-4.42 %",
        "Volume":"2,623.00"
    },
    {
        "Symbol":"SAMAJ",
        "Date":"2024-06-19",
        "Open":2457.1,
        "High":2649.9,
        "Low":2457.1,
        "Close":2647.0,
        "Percent Change":"9.88 %",
        "Volume":"2,524.00"
    },
    {
        "Symbol":"SAMAJ",
        "Date":"2024-06-18",
        "Open":2151.0,
        "High":2409.0,
        "Low":2151.0,
        "Close":2409.0,
        "Percent Change":"10.00 %",
        "Volume":"10,537.00"
    },
    {
        "Symbol":"SAMAJ",
        "Date":"2024-06-16",
        "Open":2263.0,
        "High":2264.4,
        "Low":2185.1,
        "Close":2190.0,
        "Percent Change":"-1.35 %",
        "Volume":"610.00"
    },
    {
        "Symbol":"SAMAJ",
        "Date":"2024-06-13",
        "Open":2200.0,
        "High":2264.9,
        "Low":2176.1,
        "Close":2220.0,
        "Percent Change":"1.98 %",
        "Volume":"1,340.00"
    },
    {
        "Symbol":"SAMAJ",
        "Date":"2024-06-12",
        "Open":2200.0,
        "High":2222.0,
        "Low":2176.0,
        "Close":2177.0,
        "Percent Change":"-0.59 %",
        "Volume":"2,422.00"
    },
    {
        "Symbol":"SAMAJ",
        "Date":"2024-06-11",
        "Open":2097.0,
        "High":2210.0,
        "Low":2097.0,
        "Close":2190.0,
        "Percent Change":"2.38 %",
        "Volume":"1,725.00"
    },
    {
        "Symbol":"SAMAJ",
        "Date":"2024-06-10",
        "Open":2140.0,
        "High":2223.9,
        "Low":2112.0,
        "Close":2139.0,
        "Percent Change":"0.00 %",
        "Volume":"752.00"
    },
    {
        "Symbol":"SAMAJ",
        "Date":"2024-06-09",
        "Open":2150.0,
        "High":2150.0,
        "Low":2115.0,
        "Close":2139.0,
        "Percent Change":"-0.51 %",
        "Volume":"728.00"
    },
    {
        "Symbol":"SAMAJ",
        "Date":"2024-06-06",
        "Open":2161.0,
        "High":2193.0,
        "Low":2140.0,
        "Close":2150.0,
        "Percent Change":"1.46 %",
        "Volume":"1,165.00"
    },
    {
        "Symbol":"SAMAJ",
        "Date":"2024-06-05",
        "Open":2129.6,
        "High":2225.0,
        "Low":2115.0,
        "Close":2119.0,
        "Percent Change":"-1.90 %",
        "Volume":"710.00"
    },
    {
        "Symbol":"SAMAJ",
        "Date":"2024-06-04",
        "Open":2200.0,
        "High":2266.9,
        "Low":2160.0,
        "Close":2160.0,
        "Percent Change":"-0.23 %",
        "Volume":"745.00"
    },
    {
        "Symbol":"SAMAJ",
        "Date":"2024-06-03",
        "Open":2040.0,
        "High":2222.0,
        "Low":2000.0,
        "Close":2165.0,
        "Percent Change":"4.04 %",
        "Volume":"2,074.00"
    },
    {
        "Symbol":"SAMAJ",
        "Date":"2024-06-02",
        "Open":2070.0,
        "High":2111.0,
        "Low":2028.6,
        "Close":2081.0,
        "Percent Change":"0.53 %",
        "Volume":"695.00"
    },
    {
        "Symbol":"SAMAJ",
        "Date":"2024-05-30",
        "Open":2070.0,
        "High":2095.9,
        "Low":2028.6,
        "Close":2070.0,
        "Percent Change":"1.02 %",
        "Volume":"480.00"
    },
    {
        "Symbol":"SAMAJ",
        "Date":"2024-05-29",
        "Open":2130.0,
        "High":2142.0,
        "Low":2049.0,
        "Close":2049.0,
        "Percent Change":"-2.43 %",
        "Volume":"470.00"
    },
    {
        "Symbol":"SAMAJ",
        "Date":"2024-05-27",
        "Open":2076.0,
        "High":2200.0,
        "Low":2076.0,
        "Close":2100.0,
        "Percent Change":"-0.80 %",
        "Volume":"400.00"
    },
    {
        "Symbol":"SAMAJ",
        "Date":"2024-05-26",
        "Open":2080.0,
        "High":2160.0,
        "Low":2080.0,
        "Close":2117.0,
        "Percent Change":"-0.05 %",
        "Volume":"385.00"
    },
    {
        "Symbol":"SAMAJ",
        "Date":"2024-05-22",
        "Open":2260.0,
        "High":2280.0,
        "Low":2118.0,
        "Close":2118.0,
        "Percent Change":"-5.32 %",
        "Volume":"1,068.00"
    },
    {
        "Symbol":"SAMAJ",
        "Date":"2024-05-21",
        "Open":2230.0,
        "High":2275.0,
        "Low":2230.0,
        "Close":2237.0,
        "Percent Change":"0.31 %",
        "Volume":"785.00"
    },
    {
        "Symbol":"SAMAJ",
        "Date":"2024-05-20",
        "Open":2346.0,
        "High":2392.0,
        "Low":2220.0,
        "Close":2230.0,
        "Percent Change":"-3.04 %",
        "Volume":"1,797.00"
    },
    {
        "Symbol":"SAMAJ",
        "Date":"2024-05-19",
        "Open":2305.0,
        "High":2440.0,
        "Low":2267.0,
        "Close":2300.0,
        "Percent Change":"-2.21 %",
        "Volume":"2,330.00"
    },
    {
        "Symbol":"SAMAJ",
        "Date":"2024-05-16",
        "Open":2352.0,
        "High":2444.0,
        "Low":2265.0,
        "Close":2352.0,
        "Percent Change":"-2.00 %",
        "Volume":"4,745.00"
    },
    {
        "Symbol":"SAMAJ",
        "Date":"2024-05-15",
        "Open":2344.0,
        "High":2488.2,
        "Low":2253.1,
        "Close":2400.0,
        "Percent Change":"4.39 %",
        "Volume":"2,326.00"
    },
    {
        "Symbol":"SAMAJ",
        "Date":"2024-05-14",
        "Open":2090.0,
        "High":2299.0,
        "Low":2090.0,
        "Close":2299.0,
        "Percent Change":"10.00 %",
        "Volume":"6,828.00"
    },
    {
        "Symbol":"SAMAJ",
        "Date":"2024-05-13",
        "Open":1900.0,
        "High":2090.0,
        "Low":1871.0,
        "Close":2090.0,
        "Percent Change":"10.00 %",
        "Volume":"5,877.00"
    },
    {
        "Symbol":"SAMAJ",
        "Date":"2024-05-12",
        "Open":1994.8,
        "High":1994.8,
        "Low":1900.0,
        "Close":1900.0,
        "Percent Change":"-2.96 %",
        "Volume":"860.00"
    },
    {
        "Symbol":"SAMAJ",
        "Date":"2024-05-09",
        "Open":1918.6,
        "High":2035.0,
        "Low":1856.1,
        "Close":1958.0,
        "Percent Change":"4.09 %",
        "Volume":"1,100.00"
    },
    {
        "Symbol":"SAMAJ",
        "Date":"2024-05-08",
        "Open":1868.0,
        "High":1949.0,
        "Low":1868.0,
        "Close":1881.0,
        "Percent Change":"0.97 %",
        "Volume":"670.00"
    },
    {
        "Symbol":"SAMAJ",
        "Date":"2024-05-07",
        "Open":1880.0,
        "High":1974.0,
        "Low":1863.0,
        "Close":1863.0,
        "Percent Change":"-1.95 %",
        "Volume":"1,908.00"
    },
    {
        "Symbol":"SAMAJ",
        "Date":"2024-05-06",
        "Open":1970.0,
        "High":1970.0,
        "Low":1900.0,
        "Close":1900.0,
        "Percent Change":"-5.38 %",
        "Volume":"545.00"
    },
    {
        "Symbol":"SAMAJ",
        "Date":"2024-05-05",
        "Open":1931.1,
        "High":2025.0,
        "Low":1931.1,
        "Close":2008.0,
        "Percent Change":"1.98 %",
        "Volume":"755.00"
    },
    {
        "Symbol":"SAMAJ",
        "Date":"2024-05-02",
        "Open":1915.0,
        "High":1983.9,
        "Low":1850.0,
        "Close":1969.0,
        "Percent Change":"4.73 %",
        "Volume":"2,459.00"
    },
    {
        "Symbol":"SAMAJ",
        "Date":"2024-04-30",
        "Open":1815.0,
        "High":1880.0,
        "Low":1815.0,
        "Close":1880.0,
        "Percent Change":"1.62 %",
        "Volume":"410.00"
    },
    {
        "Symbol":"SAMAJ",
        "Date":"2024-04-29",
        "Open":1855.0,
        "High":1887.0,
        "Low":1825.0,
        "Close":1850.0,
        "Percent Change":"-2.09 %",
        "Volume":"419.00"
    },
    {
        "Symbol":"SAMAJ",
        "Date":"2024-04-28",
        "Open":1818.1,
        "High":1928.0,
        "Low":1818.1,
        "Close":1889.5,
        "Percent Change":"1.86 %",
        "Volume":"170.00"
    },
    {
        "Symbol":"SAMAJ",
        "Date":"2024-04-25",
        "Open":1820.0,
        "High":1856.0,
        "Low":1803.0,
        "Close":1855.0,
        "Percent Change":"0.82 %",
        "Volume":"200.00"
    },
    {
        "Symbol":"SAMAJ",
        "Date":"2024-04-24",
        "Open":1840.1,
        "High":1840.1,
        "Low":1815.0,
        "Close":1840.0,
        "Percent Change":"-1.92 %",
        "Volume":"386.00"
    },
    {
        "Symbol":"SAMAJ",
        "Date":"2024-04-22",
        "Open":1814.0,
        "High":1876.0,
        "Low":1780.0,
        "Close":1876.0,
        "Percent Change":"1.96 %",
        "Volume":"537.00"
    },
    {
        "Symbol":"SAMAJ",
        "Date":"2024-04-21",
        "Open":1850.0,
        "High":1870.0,
        "Low":1799.3,
        "Close":1840.0,
        "Percent Change":"-2.13 %",
        "Volume":"886.00"
    },
    {
        "Symbol":"SAMAJ",
        "Date":"2024-04-18",
        "Open":1880.0,
        "High":1880.0,
        "Low":1825.0,
        "Close":1880.0,
        "Percent Change":"-1.93 %",
        "Volume":"349.00"
    },
    {
        "Symbol":"SAMAJ",
        "Date":"2024-04-16",
        "Open":1890.0,
        "High":1917.0,
        "Low":1850.0,
        "Close":1917.0,
        "Percent Change":"1.43 %",
        "Volume":"720.00"
    },
    {
        "Symbol":"SAMAJ",
        "Date":"2024-04-15",
        "Open":1948.0,
        "High":1986.0,
        "Low":1890.0,
        "Close":1890.0,
        "Percent Change":"-1.05 %",
        "Volume":"121.00"
    },
    {
        "Symbol":"SAMAJ",
        "Date":"2024-04-14",
        "Open":1975.0,
        "High":1975.0,
        "Low":1901.0,
        "Close":1910.0,
        "Percent Change":"-3.09 %",
        "Volume":"823.00"
    },
    {
        "Symbol":"SAMAJ",
        "Date":"2024-04-10",
        "Open":1931.0,
        "High":1971.0,
        "Low":1865.0,
        "Close":1971.0,
        "Percent Change":"0.05 %",
        "Volume":"2,315.00"
    },
    {
        "Symbol":"SAMAJ",
        "Date":"2024-04-09",
        "Open":1950.0,
        "High":1991.0,
        "Low":1945.0,
        "Close":1970.0,
        "Percent Change":"-0.96 %",
        "Volume":"597.00"
    },
    {
        "Symbol":"SAMAJ",
        "Date":"2024-04-07",
        "Open":1923.0,
        "High":1999.2,
        "Low":1918.0,
        "Close":1989.0,
        "Percent Change":"1.58 %",
        "Volume":"1,111.00"
    },
    {
        "Symbol":"SAMAJ",
        "Date":"2024-04-04",
        "Open":1925.7,
        "High":1999.0,
        "Low":1890.1,
        "Close":1958.0,
        "Percent Change":"-0.36 %",
        "Volume":"300.00"
    },
    {
        "Symbol":"SAMAJ",
        "Date":"2024-04-03",
        "Open":1877.1,
        "High":1992.3,
        "Low":1877.1,
        "Close":1965.0,
        "Percent Change":"2.61 %",
        "Volume":"617.00"
    },
    {
        "Symbol":"SAMAJ",
        "Date":"2024-04-02",
        "Open":1859.0,
        "High":1915.0,
        "Low":1859.0,
        "Close":1915.0,
        "Percent Change":"1.00 %",
        "Volume":"624.00"
    },
    {
        "Symbol":"SAMAJ",
        "Date":"2024-04-01",
        "Open":1907.5,
        "High":1940.0,
        "Low":1894.0,
        "Close":1896.0,
        "Percent Change":"-2.57 %",
        "Volume":"885.00"
    },
    {
        "Symbol":"SAMAJ",
        "Date":"2024-03-31",
        "Open":2000.0,
        "High":2000.0,
        "Low":1896.0,
        "Close":1946.0,
        "Percent Change":"-3.90 %",
        "Volume":"860.00"
    },
    {
        "Symbol":"SAMAJ",
        "Date":"2024-03-28",
        "Open":1946.5,
        "High":2025.0,
        "Low":1907.6,
        "Close":2025.0,
        "Percent Change":"1.97 %",
        "Volume":"1,629.00"
    },
    {
        "Symbol":"SAMAJ",
        "Date":"2024-03-27",
        "Open":1907.0,
        "High":2110.0,
        "Low":1888.0,
        "Close":1985.9,
        "Percent Change":"3.16 %",
        "Volume":"1,391.00"
    },
    {
        "Symbol":"SAMAJ",
        "Date":"2024-03-26",
        "Open":1925.0,
        "High":1943.0,
        "Low":1900.0,
        "Close":1925.0,
        "Percent Change":"-0.04 %",
        "Volume":"546.00"
    },
    {
        "Symbol":"SAMAJ",
        "Date":"2024-03-25",
        "Open":1910.1,
        "High":1925.7,
        "Low":1837.0,
        "Close":1925.7,
        "Percent Change":"-0.74 %",
        "Volume":"355.00"
    },
    {
        "Symbol":"SAMAJ",
        "Date":"2024-03-21",
        "Open":1998.3,
        "High":1998.3,
        "Low":1926.0,
        "Close":1940.0,
        "Percent Change":"-4.86 %",
        "Volume":"680.00"
    },
    {
        "Symbol":"SAMAJ",
        "Date":"2024-03-20",
        "Open":2130.0,
        "High":2130.0,
        "Low":1966.0,
        "Close":2039.0,
        "Percent Change":"-2.44 %",
        "Volume":"2,229.00"
    },
    {
        "Symbol":"SAMAJ",
        "Date":"2024-03-19",
        "Open":2131.0,
        "High":2214.0,
        "Low":2010.0,
        "Close":2090.0,
        "Percent Change":"0.00 %",
        "Volume":"1,868.00"
    },
    {
        "Symbol":"SAMAJ",
        "Date":"2024-03-18",
        "Open":2070.0,
        "High":2166.0,
        "Low":2031.2,
        "Close":2090.0,
        "Percent Change":"2.45 %",
        "Volume":"2,100.00"
    },
    {
        "Symbol":"SAMAJ",
        "Date":"2024-03-17",
        "Open":2077.0,
        "High":2247.5,
        "Low":2000.0,
        "Close":2040.0,
        "Percent Change":"-2.76 %",
        "Volume":"5,932.00"
    },
    {
        "Symbol":"SAMAJ",
        "Date":"2024-03-14",
        "Open":1996.0,
        "High":2152.7,
        "Low":1990.0,
        "Close":2098.0,
        "Percent Change":"7.20 %",
        "Volume":"3,706.00"
    },
    {
        "Symbol":"SAMAJ",
        "Date":"2024-03-13",
        "Open":1795.0,
        "High":1974.5,
        "Low":1782.0,
        "Close":1957.0,
        "Percent Change":"9.03 %",
        "Volume":"5,620.00"
    },
    {
        "Symbol":"SAMAJ",
        "Date":"2024-03-12",
        "Open":1739.0,
        "High":1836.0,
        "Low":1734.1,
        "Close":1795.0,
        "Percent Change":"3.52 %",
        "Volume":"1,606.00"
    },
    {
        "Symbol":"SAMAJ",
        "Date":"2024-03-10",
        "Open":1670.2,
        "High":1740.0,
        "Low":1670.2,
        "Close":1734.0,
        "Percent Change":"4.33 %",
        "Volume":"1,994.00"
    },
    {
        "Symbol":"SAMAJ",
        "Date":"2024-03-07",
        "Open":1671.0,
        "High":1684.0,
        "Low":1661.0,
        "Close":1662.0,
        "Percent Change":"-1.66 %",
        "Volume":"930.00"
    },
    {
        "Symbol":"SAMAJ",
        "Date":"2024-03-06",
        "Open":1664.1,
        "High":1729.9,
        "Low":1664.1,
        "Close":1690.0,
        "Percent Change":"-0.47 %",
        "Volume":"1,140.00"
    },
    {
        "Symbol":"SAMAJ",
        "Date":"2024-03-05",
        "Open":1757.0,
        "High":1758.0,
        "Low":1639.0,
        "Close":1698.0,
        "Percent Change":"-1.50 %",
        "Volume":"2,613.00"
    },
    {
        "Symbol":"SAMAJ",
        "Date":"2024-03-04",
        "Open":1723.8,
        "High":1723.8,
        "Low":1723.8,
        "Close":1723.8,
        "Percent Change":"2.00 %",
        "Volume":"20.00"
    },
    {
        "Symbol":"SAMAJ",
        "Date":"2024-03-03",
        "Open":1749.0,
        "High":1753.9,
        "Low":1650.0,
        "Close":1690.0,
        "Percent Change":"-1.78 %",
        "Volume":"1,627.00"
    },
    {
        "Symbol":"SAMAJ",
        "Date":"2024-02-29",
        "Open":1650.0,
        "High":1821.7,
        "Low":1630.0,
        "Close":1720.7,
        "Percent Change":"3.90 %",
        "Volume":"1,815.00"
    },
    {
        "Symbol":"SAMAJ",
        "Date":"2024-02-28",
        "Open":1681.0,
        "High":1726.0,
        "Low":1614.5,
        "Close":1656.1,
        "Percent Change":"-3.43 %",
        "Volume":"1,802.00"
    },
    {
        "Symbol":"SAMAJ",
        "Date":"2024-02-27",
        "Open":1727.7,
        "High":1793.0,
        "Low":1586.7,
        "Close":1715.0,
        "Percent Change":"-2.72 %",
        "Volume":"6,148.00"
    },
    {
        "Symbol":"SAMAJ",
        "Date":"2024-02-26",
        "Open":1919.6,
        "High":1919.6,
        "Low":1762.9,
        "Close":1762.9,
        "Percent Change":"-10.00 %",
        "Volume":"380.00"
    },
    {
        "Symbol":"SAMAJ",
        "Date":"2024-02-25",
        "Open":2219.8,
        "High":2393.9,
        "Low":1958.7,
        "Close":1958.7,
        "Percent Change":"-10.00 %",
        "Volume":"7,241.00"
    },
    {
        "Symbol":"SAMAJ",
        "Date":"2024-02-22",
        "Open":2018.0,
        "High":2176.3,
        "Low":2018.0,
        "Close":2176.3,
        "Percent Change":"10.00 %",
        "Volume":"1,396.00"
    },
    {
        "Symbol":"SAMAJ",
        "Date":"2024-02-21",
        "Open":1800.0,
        "High":1978.5,
        "Low":1800.0,
        "Close":1978.5,
        "Percent Change":"10.00 %",
        "Volume":"1,437.00"
    },
    {
        "Symbol":"SAMAJ",
        "Date":"2024-02-20",
        "Open":1667.9,
        "High":1798.7,
        "Low":1667.9,
        "Close":1798.7,
        "Percent Change":"10.00 %",
        "Volume":"10,084.00"
    },
    {
        "Symbol":"SAMAJ",
        "Date":"2024-02-18",
        "Open":1515.0,
        "High":1635.2,
        "Low":1515.0,
        "Close":1635.2,
        "Percent Change":"10.00 %",
        "Volume":"1,300.00"
    },
    {
        "Symbol":"SAMAJ",
        "Date":"2024-02-15",
        "Open":1378.5,
        "High":1486.6,
        "Low":1378.5,
        "Close":1486.6,
        "Percent Change":"10.00 %",
        "Volume":"420.00"
    },
    {
        "Symbol":"SAMAJ",
        "Date":"2024-02-14",
        "Open":1253.2,
        "High":1351.5,
        "Low":1253.2,
        "Close":1351.5,
        "Percent Change":"9.99 %",
        "Volume":"60.00"
    },
    {
        "Symbol":"SAMAJ",
        "Date":"2024-02-13",
        "Open":1139.3,
        "High":1228.7,
        "Low":1139.3,
        "Close":1228.7,
        "Percent Change":"10.00 %",
        "Volume":"130.00"
    },
    {
        "Symbol":"SAMAJ",
        "Date":"2024-02-12",
        "Open":1035.8,
        "High":1117.0,
        "Low":1035.8,
        "Close":1117.0,
        "Percent Change":"10.00 %",
        "Volume":"100.00"
    },
    {
        "Symbol":"SAMAJ",
        "Date":"2024-02-11",
        "Open":941.6,
        "High":1015.5,
        "Low":941.6,
        "Close":1015.5,
        "Percent Change":"10.00 %",
        "Volume":"180.00"
    },
    {
        "Symbol":"SAMAJ",
        "Date":"2024-02-08",
        "Open":839.2,
        "High":923.2,
        "Low":839.2,
        "Close":923.2,
        "Percent Change":"10.00 %",
        "Volume":"110.00"
    },
    {
        "Symbol":"SAMAJ",
        "Date":"2024-02-07",
        "Open":762.9,
        "High":839.3,
        "Low":762.9,
        "Close":839.3,
        "Percent Change":"10.00 %",
        "Volume":"110.00"
    },
    {
        "Symbol":"SAMAJ",
        "Date":"2024-02-06",
        "Open":707.5,
        "High":763.0,
        "Low":707.5,
        "Close":763.0,
        "Percent Change":"9.99 %",
        "Volume":"70.00"
    },
    {
        "Symbol":"SAMAJ",
        "Date":"2024-02-05",
        "Open":643.3,
        "High":693.7,
        "Low":643.3,
        "Close":693.7,
        "Percent Change":"9.99 %",
        "Volume":"50.00"
    },
    {
        "Symbol":"SAMAJ",
        "Date":"2024-02-04",
        "Open":594.5,
        "High":630.7,
        "Low":594.5,
        "Close":630.7,
        "Percent Change":"8.20 %",
        "Volume":"40.00"
    },
    {
        "Symbol":"SAMAJ",
        "Date":"2024-02-01",
        "Open":560.3,
        "High":582.9,
        "Low":560.3,
        "Close":582.9,
        "Percent Change":"6.10 %",
        "Volume":"30.00"
    },
    {
        "Symbol":"SAMAJ",
        "Date":"2024-01-31",
        "Open":528.2,
        "High":549.4,
        "Low":528.2,
        "Close":549.4,
        "Percent Change":"4.01 %",
        "Volume":"47.00"
    },
    {
        "Symbol":"SAMAJ",
        "Date":"2024-01-30",
        "Open":489.8,
        "High":528.2,
        "Low":489.8,
        "Close":528.2,
        "Percent Change":"10.00 %",
        "Volume":"70.00"
    },
    {
        "Symbol":"SAMAJ",
        "Date":"2024-01-29",
        "Open":452.6,
        "High":480.2,
        "Low":452.6,
        "Close":480.2,
        "Percent Change":"8.20 %",
        "Volume":"40.00"
    },
    {
        "Symbol":"SAMAJ",
        "Date":"2024-01-28",
        "Open":418.3,
        "High":443.8,
        "Low":418.3,
        "Close":443.8,
        "Percent Change":"6.10 %",
        "Volume":"39.00"
    },
    {
        "Symbol":"SAMAJ",
        "Date":"2024-01-25",
        "Open":418.3,
        "High":418.3,
        "Low":418.3,
        "Close":418.3,
        "Percent Change":"2.00 %",
        "Volume":"10.00"
    },
    {
        "Symbol":"SAMAJ",
        "Date":"2024-01-24",
        "Open":394.3,
        "High":410.1,
        "Low":394.3,
        "Close":410.1,
        "Percent Change":"6.08 %",
        "Volume":"30.00"
    },
    {
        "Symbol":"SAMAJ",
        "Date":"2024-01-23",
        "Open":386.6,
        "High":386.6,
        "Low":386.6,
        "Close":386.6,
        "Percent Change":"1.98 %",
        "Volume":"20.00"
    },
    {
        "Symbol":"SAMAJ",
        "Date":"2024-01-22",
        "Open":371.7,
        "High":379.1,
        "Low":371.7,
        "Close":379.1,
        "Percent Change":"1.12 %",
        "Volume":"20.00"
    },
    {
        "Symbol":"SAMAJ",
        "Date":"2024-01-21",
        "Open":347.7,
        "High":374.9,
        "Low":347.7,
        "Close":374.9,
        "Percent Change":"9.97 %",
        "Volume":"70.00"
    },
    {
        "Symbol":"SAMAJ",
        "Date":"2024-01-18",
        "Open":327.8,
        "High":340.9,
        "Low":327.8,
        "Close":340.9,
        "Percent Change":"6.07 %",
        "Volume":"40.00"
    },
    {
        "Symbol":"SAMAJ",
        "Date":"2024-01-17",
        "Open":315.1,
        "High":321.4,
        "Low":315.1,
        "Close":321.4,
        "Percent Change":"4.01 %",
        "Volume":"20.00"
    },
    {
        "Symbol":"SAMAJ",
        "Date":"2024-01-16",
        "Open":309.0,
        "High":309.0,
        "Low":309.0,
        "Close":309.0,
        "Percent Change":"1.98 %",
        "Volume":"10.00"
    },
    {
        "Symbol":"SAMAJ",
        "Date":"2024-01-14",
        "Open":303.0,
        "High":303.0,
        "Low":303.0,
        "Close":303.0,
        "Percent Change":"1.99 %",
        "Volume":"46.00"
    },
    {
        "Symbol":"SAMAJ",
        "Date":"2024-01-11",
        "Open":275.5,
        "High":297.1,
        "Low":275.5,
        "Close":297.1,
        "Percent Change":"10.00 %",
        "Volume":"60.00"
    },
    {
        "Symbol":"SAMAJ",
        "Date":"2024-01-10",
        "Open":264.9,
        "High":270.1,
        "Low":264.9,
        "Close":270.1,
        "Percent Change":"3.96 %",
        "Volume":"20.00"
    },
    {
        "Symbol":"SAMAJ",
        "Date":"2024-01-09",
        "Open":259.8,
        "High":259.8,
        "Low":259.8,
        "Close":259.8,
        "Percent Change":"1.96 %",
        "Volume":"10.00"
    },
    {
        "Symbol":"SAMAJ",
        "Date":"2024-01-08",
        "Open":236.3,
        "High":254.8,
        "Low":236.3,
        "Close":254.8,
        "Percent Change":"9.97 %",
        "Volume":"50.00"
    },
    {
        "Symbol":"SAMAJ",
        "Date":"2024-01-07",
        "Open":218.5,
        "High":231.7,
        "Low":218.5,
        "Close":231.7,
        "Percent Change":"8.12 %",
        "Volume":"40.00"
    },
    {
        "Symbol":"SAMAJ",
        "Date":"2024-01-04",
        "Open":202.0,
        "High":214.3,
        "Low":202.0,
        "Close":214.3,
        "Percent Change":"8.18 %",
        "Volume":"40.00"
    },
    {
        "Symbol":"SAMAJ",
        "Date":"2024-01-03",
        "Open":194.3,
        "High":198.1,
        "Low":194.3,
        "Close":198.1,
        "Percent Change":"3.99 %",
        "Volume":"20.00"
    },
    {
        "Symbol":"SAMAJ",
        "Date":"2024-01-02",
        "Open":186.8,
        "High":190.5,
        "Low":186.8,
        "Close":190.5,
        "Percent Change":"3.98 %",
        "Volume":"20.00"
    },
    {
        "Symbol":"SAMAJ",
        "Date":"2024-01-01",
        "Open":179.7,
        "High":183.2,
        "Low":179.7,
        "Close":183.2,
        "Percent Change":"3.97 %",
        "Volume":"20.00"
    },
    {
        "Symbol":"SAMAJ",
        "Date":"2023-12-28",
        "Open":163.0,
        "High":176.2,
        "Low":163.0,
        "Close":176.2,
        "Percent Change":"8.10 %",
        "Volume":"50.00"
    },
    {
        "Symbol":"SAMAJ",
        "Date":"2023-12-27",
        "Open":156.8,
        "High":163.0,
        "Low":156.8,
        "Close":163.0,
        "Percent Change":"5.98 %",
        "Volume":"30.00"
    },
    {
        "Symbol":"SAMAJ",
        "Date":"2023-12-24",
        "Open":153.8,
        "High":153.8,
        "Low":153.8,
        "Close":153.8,
        "Percent Change":"1.99 %",
        "Volume":"10.00"
    },
    {
        "Symbol":"SAMAJ",
        "Date":"2023-12-21",
        "Open":147.9,
        "High":150.8,
        "Low":147.9,
        "Close":150.8,
        "Percent Change":"4.00 %",
        "Volume":"20.00"
    },
    {
        "Symbol":"SAMAJ",
        "Date":"2023-12-20",
        "Open":145.0,
        "High":145.0,
        "Low":145.0,
        "Close":145.0,
        "Percent Change":"1.97 %",
        "Volume":"10.00"
    },
    {
        "Symbol":"SAMAJ",
        "Date":"2023-12-19",
        "Open":142.2,
        "High":142.2,
        "Low":142.2,
        "Close":142.2,
        "Percent Change":"0.00 %",
        "Volume":"174.00"
    },
    {
        "Symbol":"SAMAJ",
        "Date":"2023-12-18",
        "Open":142.2,
        "High":142.2,
        "Low":142.2,
        "Close":142.2,
        "Percent Change":"1.94 %",
        "Volume":"10.00"
    },
    {
        "Symbol":"SAMAJ",
        "Date":"2023-12-12",
        "Open":139.5,
        "High":139.5,
        "Low":139.5,
        "Close":139.5,
        "Percent Change":"1.97 %",
        "Volume":"10.00"
    },
    {
        "Symbol":"SAMAJ",
        "Date":"2023-12-07",
        "Open":126.8,
        "High":136.8,
        "Low":126.8,
        "Close":136.8,
        "Percent Change":"9.97 %",
        "Volume":"70.00"
    },
    {
        "Symbol":"SAMAJ",
        "Date":"2023-12-06",
        "Open":124.4,
        "High":124.4,
        "Low":124.4,
        "Close":124.4,
        "Percent Change":"1.97 %",
        "Volume":"10.00"
    },
    {
        "Symbol":"SAMAJ",
        "Date":"2023-12-04",
        "Open":115.1,
        "High":122.0,
        "Low":115.1,
        "Close":122.0,
        "Percent Change":"8.06 %",
        "Volume":"40.00"
    },
    {
        "Symbol":"SAMAJ",
        "Date":"2023-12-03",
        "Open":112.9,
        "High":112.9,
        "Low":112.9,
        "Close":112.9,
        "Percent Change":"0.00 %",
        "Volume":"10.00"
    },
    {
        "Symbol":"SAMAJ",
        "Date":"2023-11-29",
        "Open":112.9,
        "High":112.9,
        "Low":112.9,
        "Close":112.9,
        "Percent Change":"1.99 %",
        "Volume":"10.00"
    },
    {
        "Symbol":"SAMAJ",
        "Date":"2023-11-26",
        "Open":108.6,
        "High":110.7,
        "Low":108.6,
        "Close":110.7,
        "Percent Change":"3.94 %",
        "Volume":"30.00"
    },
    {
        "Symbol":"SAMAJ",
        "Date":"2023-11-21",
        "Open":106.5,
        "High":106.5,
        "Low":106.5,
        "Close":106.5,
        "Percent Change":"1.91 %",
        "Volume":"20.00"
    },
    {
        "Symbol":"SAMAJ",
        "Date":"2023-11-20",
        "Open":98.6,
        "High":104.5,
        "Low":98.6,
        "Close":104.5,
        "Percent Change":"8.07 %",
        "Volume":"40.00"
    },
    {
        "Symbol":"SAMAJ",
        "Date":"2023-11-09",
        "Open":94.9,
        "High":96.7,
        "Low":94.9,
        "Close":96.7,
        "Percent Change":"3.87 %",
        "Volume":"195.00"
    },
    {
        "Symbol":"SAMAJ",
        "Date":"2023-11-08",
        "Open":93.1,
        "High":93.1,
        "Low":93.1,
        "Close":93.1,
        "Percent Change":"1.97 %",
        "Volume":"20.00"
    },
    {
        "Symbol":"SAMAJ",
        "Date":"2023-11-07",
        "Open":91.3,
        "High":91.3,
        "Low":91.3,
        "Close":91.3,
        "Percent Change":"1.90 %",
        "Volume":"10.00"
    },
    {
        "Symbol":"SAMAJ",
        "Date":"2023-11-02",
        "Open":89.6,
        "High":89.6,
        "Low":89.6,
        "Close":89.6,
        "Percent Change":"1.93 %",
        "Volume":"10.00"
    },
    {
        "Symbol":"SAMAJ",
        "Date":"2023-11-01",
        "Open":87.9,
        "High":87.9,
        "Low":87.9,
        "Close":87.9,
        "Percent Change":"0.00 %",
        "Volume":"3.00"
    },
    {
        "Symbol":"SAMAJ",
        "Date":"2023-10-30",
        "Open":87.9,
        "High":87.9,
        "Low":87.9,
        "Close":87.9,
        "Percent Change":"1.97 %",
        "Volume":"10.00"
    },
    {
        "Symbol":"SAMAJ",
        "Date":"2023-10-12",
        "Open":86.2,
        "High":86.2,
        "Low":86.2,
        "Close":86.2,
        "Percent Change":"0.00 %",
        "Volume":"10.00"
    },
    {
        "Symbol":"SAMAJ",
        "Date":"2023-10-11",
        "Open":86.2,
        "High":86.2,
        "Low":86.2,
        "Close":86.2,
        "Percent Change":"1.89 %",
        "Volume":"10.00"
    },
    {
        "Symbol":"SAMAJ",
        "Date":"2023-10-09",
        "Open":84.6,
        "High":84.6,
        "Low":84.6,
        "Close":84.6,
        "Percent Change":"1.93 %",
        "Volume":"10.00"
    },
    {
        "Symbol":"SAMAJ",
        "Date":"2023-10-08",
        "Open":83.0,
        "High":83.0,
        "Low":83.0,
        "Close":83.0,
        "Percent Change":"0.00 %",
        "Volume":"10.00"
    },
    {
        "Symbol":"SAMAJ",
        "Date":"2023-10-05",
        "Open":83.0,
        "High":83.0,
        "Low":83.0,
        "Close":83.0,
        "Percent Change":"1.97 %",
        "Volume":"10.00"
    },
    {
        "Symbol":"SAMAJ",
        "Date":"2023-10-03",
        "Open":79.9,
        "High":81.4,
        "Low":79.9,
        "Close":81.4,
        "Percent Change":"1.88 %",
        "Volume":"15.00"
    },
    {
        "Symbol":"SAMAJ",
        "Date":"2023-10-01",
        "Open":78.4,
        "High":79.9,
        "Low":78.4,
        "Close":79.9,
        "Percent Change":"1.91 %",
        "Volume":"20.00"
    },
    {
        "Symbol":"SAMAJ",
        "Date":"2023-09-26",
        "Open":78.4,
        "High":78.4,
        "Low":78.4,
        "Close":78.4,
        "Percent Change":"1.95 %",
        "Volume":"10.00"
    },
    {
        "Symbol":"SAMAJ",
        "Date":"2023-09-25",
        "Open":76.9,
        "High":76.9,
        "Low":76.9,
        "Close":76.9,
        "Percent Change":"1.99 %",
        "Volume":"10.00"
    },
    {
        "Symbol":"SAMAJ",
        "Date":"2023-09-21",
        "Open":75.4,
        "High":75.4,
        "Low":75.4,
        "Close":75.4,
        "Percent Change":"1.89 %",
        "Volume":"156.00"
    },
    {
        "Symbol":"SAMAJ",
        "Date":"2023-09-05",
        "Open":74.0,
        "High":74.0,
        "Low":74.0,
        "Close":74.0,
        "Percent Change":"1.93 %",
        "Volume":"10.00"
    },
    {
        "Symbol":"SAMAJ",
        "Date":"2023-09-04",
        "Open":72.6,
        "High":72.6,
        "Low":72.6,
        "Close":72.6,
        "Percent Change":"1.97 %",
        "Volume":"10.00"
    },
    {
        "Symbol":"SAMAJ",
        "Date":"2023-08-30",
        "Open":71.2,
        "High":71.2,
        "Low":71.2,
        "Close":71.2,
        "Percent Change":"1.86 %",
        "Volume":"10.00"
    },
    {
        "Symbol":"SAMAJ",
        "Date":"2023-08-24",
        "Open":69.9,
        "High":69.9,
        "Low":69.9,
        "Close":69.9,
        "Percent Change":"1.90 %",
        "Volume":"10.00"
    },
    {
        "Symbol":"SAMAJ",
        "Date":"2023-08-20",
        "Open":67.3,
        "High":68.6,
        "Low":67.3,
        "Close":68.6,
        "Percent Change":"1.93 %",
        "Volume":"20.00"
    },
    {
        "Symbol":"SAMAJ",
        "Date":"2023-08-15",
        "Open":67.3,
        "High":67.3,
        "Low":67.3,
        "Close":67.3,
        "Percent Change":"0.00 %",
        "Volume":"392.00"
    },
    {
        "Symbol":"SAMAJ",
        "Date":"2023-08-13",
        "Open":67.3,
        "High":67.3,
        "Low":67.3,
        "Close":67.3,
        "Percent Change":"1.97 %",
        "Volume":"10.00"
    },
    {
        "Symbol":"SAMAJ",
        "Date":"2023-08-10",
        "Open":66.0,
        "High":66.0,
        "Low":66.0,
        "Close":66.0,
        "Percent Change":"1.85 %",
        "Volume":"10.00"
    },
    {
        "Symbol":"SAMAJ",
        "Date":"2023-08-08",
        "Open":64.8,
        "High":64.8,
        "Low":64.8,
        "Close":64.8,
        "Percent Change":"-1.16 %",
        "Volume":"10.00"
    },
    {
        "Symbol":"SAMAJ",
        "Date":"2023-08-07",
        "Open":65.56,
        "High":65.56,
        "Low":65.56,
        "Close":65.56,
        "Percent Change":"0.00 %",
        "Volume":"10.00"
    },
    {
        "Symbol":"SAMAJ",
        "Date":"2023-08-03",
        "Open":74.9,
        "High":74.9,
        "Low":74.9,
        "Close":74.9,
        "Percent Change":"1.90 %",
        "Volume":"10.00"
    },
    {
        "Symbol":"SAMAJ",
        "Date":"2023-07-30",
        "Open":73.5,
        "High":73.5,
        "Low":73.5,
        "Close":73.5,
        "Percent Change":"0.00 %",
        "Volume":"4.00"
    },
    {
        "Symbol":"SAMAJ",
        "Date":"2023-07-27",
        "Open":73.5,
        "High":73.5,
        "Low":73.5,
        "Close":73.5,
        "Percent Change":"0.00 %",
        "Volume":"6.00"
    },
    {
        "Symbol":"SAMAJ",
        "Date":"2023-07-24",
        "Open":73.5,
        "High":73.5,
        "Low":73.5,
        "Close":73.5,
        "Percent Change":"1.94 %",
        "Volume":"10.00"
    },
    {
        "Symbol":"SAMAJ",
        "Date":"2023-07-17",
        "Open":72.1,
        "High":72.1,
        "Low":72.1,
        "Close":72.1,
        "Percent Change":"0.00 %",
        "Volume":"21.00"
    }
]