[
    {
        "Symbol":"SRLI",
        "Date":"2024-08-11",
        "Open":580.0,
        "High":590.0,
        "Low":567.0,
        "Close":587.1,
        "Percent Change":"1.05 %",
        "Volume":"188,966.00"
    },
    {
        "Symbol":"SRLI",
        "Date":"2024-08-08",
        "Open":573.0,
        "High":599.2,
        "Low":571.0,
        "Close":581.0,
        "Percent Change":"3.38 %",
        "Volume":"266,031.00"
    },
    {
        "Symbol":"SRLI",
        "Date":"2024-08-07",
        "Open":530.0,
        "High":562.0,
        "Low":510.1,
        "Close":562.0,
        "Percent Change":"6.04 %",
        "Volume":"173,276.00"
    },
    {
        "Symbol":"SRLI",
        "Date":"2024-08-06",
        "Open":565.0,
        "High":568.5,
        "Low":527.0,
        "Close":530.0,
        "Percent Change":"-6.19 %",
        "Volume":"163,450.00"
    },
    {
        "Symbol":"SRLI",
        "Date":"2024-08-05",
        "Open":549.0,
        "High":570.0,
        "Low":546.5,
        "Close":565.0,
        "Percent Change":"2.91 %",
        "Volume":"180,036.00"
    },
    {
        "Symbol":"SRLI",
        "Date":"2024-08-01",
        "Open":528.0,
        "High":571.0,
        "Low":519.3,
        "Close":549.0,
        "Percent Change":"4.53 %",
        "Volume":"247,973.00"
    },
    {
        "Symbol":"SRLI",
        "Date":"2024-07-31",
        "Open":505.8,
        "High":537.0,
        "Low":505.8,
        "Close":525.2,
        "Percent Change":"1.76 %",
        "Volume":"137,830.00"
    },
    {
        "Symbol":"SRLI",
        "Date":"2024-07-30",
        "Open":517.0,
        "High":523.7,
        "Low":501.0,
        "Close":516.1,
        "Percent Change":"-0.04 %",
        "Volume":"62,245.00"
    },
    {
        "Symbol":"SRLI",
        "Date":"2024-07-29",
        "Open":535.0,
        "High":535.0,
        "Low":515.1,
        "Close":516.3,
        "Percent Change":"-3.59 %",
        "Volume":"73,529.00"
    },
    {
        "Symbol":"SRLI",
        "Date":"2024-07-28",
        "Open":525.0,
        "High":541.0,
        "Low":515.0,
        "Close":535.5,
        "Percent Change":"2.76 %",
        "Volume":"70,478.00"
    },
    {
        "Symbol":"SRLI",
        "Date":"2024-07-25",
        "Open":513.0,
        "High":535.2,
        "Low":510.3,
        "Close":521.1,
        "Percent Change":"0.60 %",
        "Volume":"70,045.00"
    },
    {
        "Symbol":"SRLI",
        "Date":"2024-07-24",
        "Open":532.0,
        "High":538.0,
        "Low":508.1,
        "Close":518.0,
        "Percent Change":"-2.26 %",
        "Volume":"81,633.00"
    },
    {
        "Symbol":"SRLI",
        "Date":"2024-07-23",
        "Open":498.9,
        "High":532.0,
        "Low":498.9,
        "Close":530.0,
        "Percent Change":"4.13 %",
        "Volume":"84,285.00"
    },
    {
        "Symbol":"SRLI",
        "Date":"2024-07-22",
        "Open":511.0,
        "High":511.0,
        "Low":496.0,
        "Close":509.0,
        "Percent Change":"-0.41 %",
        "Volume":"88,185.00"
    },
    {
        "Symbol":"SRLI",
        "Date":"2024-07-21",
        "Open":498.0,
        "High":520.0,
        "Low":489.0,
        "Close":511.1,
        "Percent Change":"2.65 %",
        "Volume":"83,584.00"
    },
    {
        "Symbol":"SRLI",
        "Date":"2024-07-18",
        "Open":490.0,
        "High":503.0,
        "Low":482.4,
        "Close":497.9,
        "Percent Change":"2.03 %",
        "Volume":"140,956.00"
    },
    {
        "Symbol":"SRLI",
        "Date":"2024-07-17",
        "Open":486.0,
        "High":493.8,
        "Low":478.2,
        "Close":488.0,
        "Percent Change":"0.41 %",
        "Volume":"49,511.00"
    },
    {
        "Symbol":"SRLI",
        "Date":"2024-07-16",
        "Open":465.1,
        "High":487.0,
        "Low":465.1,
        "Close":486.0,
        "Percent Change":"2.88 %",
        "Volume":"33,632.00"
    },
    {
        "Symbol":"SRLI",
        "Date":"2024-07-15",
        "Open":485.0,
        "High":494.0,
        "Low":472.4,
        "Close":472.4,
        "Percent Change":"-2.60 %",
        "Volume":"48,918.00"
    },
    {
        "Symbol":"SRLI",
        "Date":"2024-07-14",
        "Open":485.5,
        "High":505.0,
        "Low":476.0,
        "Close":485.0,
        "Percent Change":"1.89 %",
        "Volume":"49,364.00"
    },
    {
        "Symbol":"SRLI",
        "Date":"2024-07-11",
        "Open":450.0,
        "High":478.3,
        "Low":450.0,
        "Close":476.0,
        "Percent Change":"4.62 %",
        "Volume":"75,012.00"
    },
    {
        "Symbol":"SRLI",
        "Date":"2024-07-10",
        "Open":450.0,
        "High":459.9,
        "Low":448.0,
        "Close":455.0,
        "Percent Change":"1.79 %",
        "Volume":"21,095.00"
    },
    {
        "Symbol":"SRLI",
        "Date":"2024-07-09",
        "Open":457.9,
        "High":462.0,
        "Low":442.0,
        "Close":447.0,
        "Percent Change":"-0.45 %",
        "Volume":"23,409.00"
    },
    {
        "Symbol":"SRLI",
        "Date":"2024-07-08",
        "Open":462.0,
        "High":462.0,
        "Low":445.5,
        "Close":449.0,
        "Percent Change":"-0.88 %",
        "Volume":"23,193.00"
    },
    {
        "Symbol":"SRLI",
        "Date":"2024-07-07",
        "Open":450.0,
        "High":459.9,
        "Low":450.0,
        "Close":453.0,
        "Percent Change":"0.44 %",
        "Volume":"32,245.00"
    },
    {
        "Symbol":"SRLI",
        "Date":"2024-07-04",
        "Open":434.1,
        "High":455.0,
        "Low":434.1,
        "Close":451.0,
        "Percent Change":"2.50 %",
        "Volume":"32,368.00"
    },
    {
        "Symbol":"SRLI",
        "Date":"2024-07-03",
        "Open":436.5,
        "High":440.0,
        "Low":436.2,
        "Close":440.0,
        "Percent Change":"-1.12 %",
        "Volume":"4,898.00"
    },
    {
        "Symbol":"SRLI",
        "Date":"2024-07-02",
        "Open":442.6,
        "High":459.0,
        "Low":434.0,
        "Close":445.0,
        "Percent Change":"2.53 %",
        "Volume":"16,154.00"
    },
    {
        "Symbol":"SRLI",
        "Date":"2024-07-01",
        "Open":418.1,
        "High":434.0,
        "Low":418.1,
        "Close":434.0,
        "Percent Change":"2.09 %",
        "Volume":"12,543.00"
    },
    {
        "Symbol":"SRLI",
        "Date":"2024-06-30",
        "Open":426.5,
        "High":431.0,
        "Low":425.1,
        "Close":425.1,
        "Percent Change":"-0.33 %",
        "Volume":"11,923.00"
    },
    {
        "Symbol":"SRLI",
        "Date":"2024-06-27",
        "Open":427.0,
        "High":432.0,
        "Low":422.1,
        "Close":426.5,
        "Percent Change":"-0.81 %",
        "Volume":"19,225.00"
    },
    {
        "Symbol":"SRLI",
        "Date":"2024-06-26",
        "Open":430.0,
        "High":431.0,
        "Low":427.3,
        "Close":430.0,
        "Percent Change":"-0.53 %",
        "Volume":"12,545.00"
    },
    {
        "Symbol":"SRLI",
        "Date":"2024-06-25",
        "Open":429.2,
        "High":436.0,
        "Low":429.2,
        "Close":432.3,
        "Percent Change":"0.75 %",
        "Volume":"8,178.00"
    },
    {
        "Symbol":"SRLI",
        "Date":"2024-06-24",
        "Open":427.0,
        "High":435.0,
        "Low":426.0,
        "Close":429.1,
        "Percent Change":"-0.44 %",
        "Volume":"8,346.00"
    },
    {
        "Symbol":"SRLI",
        "Date":"2024-06-23",
        "Open":429.0,
        "High":435.0,
        "Low":429.0,
        "Close":431.0,
        "Percent Change":"0.12 %",
        "Volume":"9,487.00"
    },
    {
        "Symbol":"SRLI",
        "Date":"2024-06-20",
        "Open":439.5,
        "High":439.5,
        "Low":430.5,
        "Close":430.5,
        "Percent Change":"-0.60 %",
        "Volume":"10,466.00"
    },
    {
        "Symbol":"SRLI",
        "Date":"2024-06-19",
        "Open":430.0,
        "High":440.6,
        "Low":430.0,
        "Close":433.1,
        "Percent Change":"-0.23 %",
        "Volume":"7,858.00"
    },
    {
        "Symbol":"SRLI",
        "Date":"2024-06-18",
        "Open":440.0,
        "High":440.0,
        "Low":433.0,
        "Close":434.1,
        "Percent Change":"-1.34 %",
        "Volume":"14,433.00"
    },
    {
        "Symbol":"SRLI",
        "Date":"2024-06-16",
        "Open":449.0,
        "High":460.0,
        "Low":440.0,
        "Close":440.0,
        "Percent Change":"-1.08 %",
        "Volume":"15,352.00"
    },
    {
        "Symbol":"SRLI",
        "Date":"2024-06-13",
        "Open":450.0,
        "High":450.0,
        "Low":440.4,
        "Close":444.8,
        "Percent Change":"-0.49 %",
        "Volume":"14,058.00"
    },
    {
        "Symbol":"SRLI",
        "Date":"2024-06-12",
        "Open":446.0,
        "High":454.8,
        "Low":443.0,
        "Close":447.0,
        "Percent Change":"-0.02 %",
        "Volume":"19,231.00"
    },
    {
        "Symbol":"SRLI",
        "Date":"2024-06-11",
        "Open":432.0,
        "High":451.0,
        "Low":432.0,
        "Close":447.1,
        "Percent Change":"2.76 %",
        "Volume":"26,578.00"
    },
    {
        "Symbol":"SRLI",
        "Date":"2024-06-10",
        "Open":444.0,
        "High":444.0,
        "Low":429.0,
        "Close":435.1,
        "Percent Change":"-0.21 %",
        "Volume":"23,704.00"
    },
    {
        "Symbol":"SRLI",
        "Date":"2024-06-09",
        "Open":435.0,
        "High":444.0,
        "Low":435.0,
        "Close":436.0,
        "Percent Change":"-0.91 %",
        "Volume":"13,581.00"
    },
    {
        "Symbol":"SRLI",
        "Date":"2024-06-06",
        "Open":441.3,
        "High":444.0,
        "Low":438.1,
        "Close":440.0,
        "Percent Change":"-1.12 %",
        "Volume":"7,809.00"
    },
    {
        "Symbol":"SRLI",
        "Date":"2024-06-05",
        "Open":445.0,
        "High":446.7,
        "Low":438.0,
        "Close":445.0,
        "Percent Change":"0.00 %",
        "Volume":"10,250.00"
    },
    {
        "Symbol":"SRLI",
        "Date":"2024-06-04",
        "Open":438.1,
        "High":449.1,
        "Low":438.1,
        "Close":445.0,
        "Percent Change":"0.68 %",
        "Volume":"13,742.00"
    },
    {
        "Symbol":"SRLI",
        "Date":"2024-06-03",
        "Open":435.2,
        "High":443.0,
        "Low":435.2,
        "Close":442.0,
        "Percent Change":"0.07 %",
        "Volume":"7,449.00"
    },
    {
        "Symbol":"SRLI",
        "Date":"2024-06-02",
        "Open":437.0,
        "High":442.0,
        "Low":437.0,
        "Close":441.7,
        "Percent Change":"1.08 %",
        "Volume":"10,929.00"
    },
    {
        "Symbol":"SRLI",
        "Date":"2024-05-30",
        "Open":436.1,
        "High":445.7,
        "Low":436.1,
        "Close":437.0,
        "Percent Change":"-0.68 %",
        "Volume":"13,355.00"
    },
    {
        "Symbol":"SRLI",
        "Date":"2024-05-29",
        "Open":461.0,
        "High":461.0,
        "Low":439.5,
        "Close":440.0,
        "Percent Change":"-3.30 %",
        "Volume":"29,040.00"
    },
    {
        "Symbol":"SRLI",
        "Date":"2024-05-27",
        "Open":438.6,
        "High":455.0,
        "Low":438.6,
        "Close":455.0,
        "Percent Change":"1.79 %",
        "Volume":"21,935.00"
    },
    {
        "Symbol":"SRLI",
        "Date":"2024-05-26",
        "Open":445.0,
        "High":454.0,
        "Low":440.2,
        "Close":447.0,
        "Percent Change":"-0.02 %",
        "Volume":"17,258.00"
    },
    {
        "Symbol":"SRLI",
        "Date":"2024-05-22",
        "Open":450.0,
        "High":456.5,
        "Low":445.0,
        "Close":447.1,
        "Percent Change":"-1.95 %",
        "Volume":"16,358.00"
    },
    {
        "Symbol":"SRLI",
        "Date":"2024-05-21",
        "Open":451.0,
        "High":460.0,
        "Low":451.0,
        "Close":456.0,
        "Percent Change":"-0.85 %",
        "Volume":"13,490.00"
    },
    {
        "Symbol":"SRLI",
        "Date":"2024-05-20",
        "Open":460.0,
        "High":470.5,
        "Low":450.0,
        "Close":459.9,
        "Percent Change":"-0.22 %",
        "Volume":"33,400.00"
    },
    {
        "Symbol":"SRLI",
        "Date":"2024-05-19",
        "Open":443.7,
        "High":464.0,
        "Low":434.2,
        "Close":460.9,
        "Percent Change":"5.95 %",
        "Volume":"48,667.00"
    },
    {
        "Symbol":"SRLI",
        "Date":"2024-05-16",
        "Open":435.0,
        "High":437.5,
        "Low":430.6,
        "Close":435.0,
        "Percent Change":"-1.14 %",
        "Volume":"18,090.00"
    },
    {
        "Symbol":"SRLI",
        "Date":"2024-05-15",
        "Open":442.1,
        "High":449.0,
        "Low":438.0,
        "Close":440.0,
        "Percent Change":"-0.52 %",
        "Volume":"11,618.00"
    },
    {
        "Symbol":"SRLI",
        "Date":"2024-05-14",
        "Open":437.0,
        "High":444.0,
        "Low":437.0,
        "Close":442.3,
        "Percent Change":"-0.36 %",
        "Volume":"7,593.00"
    },
    {
        "Symbol":"SRLI",
        "Date":"2024-05-13",
        "Open":440.0,
        "High":445.9,
        "Low":438.2,
        "Close":443.9,
        "Percent Change":"1.12 %",
        "Volume":"13,622.00"
    },
    {
        "Symbol":"SRLI",
        "Date":"2024-05-12",
        "Open":430.0,
        "High":445.0,
        "Low":430.0,
        "Close":439.0,
        "Percent Change":"3.05 %",
        "Volume":"18,749.00"
    },
    {
        "Symbol":"SRLI",
        "Date":"2024-05-09",
        "Open":423.1,
        "High":428.0,
        "Low":423.0,
        "Close":426.0,
        "Percent Change":"-0.44 %",
        "Volume":"11,498.00"
    },
    {
        "Symbol":"SRLI",
        "Date":"2024-05-08",
        "Open":429.0,
        "High":430.0,
        "Low":421.9,
        "Close":427.9,
        "Percent Change":"0.21 %",
        "Volume":"8,841.00"
    },
    {
        "Symbol":"SRLI",
        "Date":"2024-05-07",
        "Open":442.6,
        "High":442.6,
        "Low":425.0,
        "Close":427.0,
        "Percent Change":"-1.61 %",
        "Volume":"19,395.00"
    },
    {
        "Symbol":"SRLI",
        "Date":"2024-05-06",
        "Open":440.0,
        "High":450.0,
        "Low":432.0,
        "Close":434.0,
        "Percent Change":"-1.36 %",
        "Volume":"14,188.00"
    },
    {
        "Symbol":"SRLI",
        "Date":"2024-05-05",
        "Open":433.0,
        "High":441.0,
        "Low":431.2,
        "Close":440.0,
        "Percent Change":"-0.09 %",
        "Volume":"17,014.00"
    },
    {
        "Symbol":"SRLI",
        "Date":"2024-05-02",
        "Open":455.0,
        "High":464.0,
        "Low":440.0,
        "Close":440.4,
        "Percent Change":"-1.45 %",
        "Volume":"29,996.00"
    },
    {
        "Symbol":"SRLI",
        "Date":"2024-04-30",
        "Open":430.2,
        "High":448.0,
        "Low":430.2,
        "Close":446.9,
        "Percent Change":"2.03 %",
        "Volume":"17,001.00"
    },
    {
        "Symbol":"SRLI",
        "Date":"2024-04-29",
        "Open":435.1,
        "High":438.0,
        "Low":433.0,
        "Close":438.0,
        "Percent Change":"0.02 %",
        "Volume":"8,336.00"
    },
    {
        "Symbol":"SRLI",
        "Date":"2024-04-28",
        "Open":429.0,
        "High":437.9,
        "Low":428.0,
        "Close":437.9,
        "Percent Change":"1.48 %",
        "Volume":"11,095.00"
    },
    {
        "Symbol":"SRLI",
        "Date":"2024-04-25",
        "Open":425.1,
        "High":433.0,
        "Low":425.1,
        "Close":431.5,
        "Percent Change":"0.35 %",
        "Volume":"7,233.00"
    },
    {
        "Symbol":"SRLI",
        "Date":"2024-04-24",
        "Open":425.3,
        "High":436.5,
        "Low":425.3,
        "Close":430.0,
        "Percent Change":"0.47 %",
        "Volume":"5,363.00"
    },
    {
        "Symbol":"SRLI",
        "Date":"2024-04-22",
        "Open":431.0,
        "High":434.0,
        "Low":425.0,
        "Close":428.0,
        "Percent Change":"-2.26 %",
        "Volume":"10,575.00"
    },
    {
        "Symbol":"SRLI",
        "Date":"2024-04-21",
        "Open":421.2,
        "High":437.9,
        "Low":421.2,
        "Close":437.9,
        "Percent Change":"2.43 %",
        "Volume":"11,749.00"
    },
    {
        "Symbol":"SRLI",
        "Date":"2024-04-18",
        "Open":430.1,
        "High":430.6,
        "Low":427.5,
        "Close":427.5,
        "Percent Change":"-0.88 %",
        "Volume":"6,828.00"
    },
    {
        "Symbol":"SRLI",
        "Date":"2024-04-16",
        "Open":430.1,
        "High":435.0,
        "Low":430.1,
        "Close":431.3,
        "Percent Change":"-0.62 %",
        "Volume":"7,239.00"
    },
    {
        "Symbol":"SRLI",
        "Date":"2024-04-15",
        "Open":437.0,
        "High":445.0,
        "Low":433.4,
        "Close":434.0,
        "Percent Change":"-1.14 %",
        "Volume":"11,637.00"
    },
    {
        "Symbol":"SRLI",
        "Date":"2024-04-14",
        "Open":449.0,
        "High":449.0,
        "Low":439.0,
        "Close":439.0,
        "Percent Change":"-2.23 %",
        "Volume":"12,581.00"
    },
    {
        "Symbol":"SRLI",
        "Date":"2024-04-10",
        "Open":457.0,
        "High":458.0,
        "Low":446.0,
        "Close":449.0,
        "Percent Change":"-1.97 %",
        "Volume":"9,115.00"
    },
    {
        "Symbol":"SRLI",
        "Date":"2024-04-09",
        "Open":460.0,
        "High":461.2,
        "Low":451.5,
        "Close":458.0,
        "Percent Change":"-0.22 %",
        "Volume":"18,679.00"
    },
    {
        "Symbol":"SRLI",
        "Date":"2024-04-07",
        "Open":437.5,
        "High":459.0,
        "Low":437.5,
        "Close":459.0,
        "Percent Change":"4.32 %",
        "Volume":"24,628.00"
    },
    {
        "Symbol":"SRLI",
        "Date":"2024-04-04",
        "Open":438.0,
        "High":446.7,
        "Low":437.2,
        "Close":440.0,
        "Percent Change":"-0.45 %",
        "Volume":"9,097.00"
    },
    {
        "Symbol":"SRLI",
        "Date":"2024-04-03",
        "Open":440.0,
        "High":446.5,
        "Low":436.1,
        "Close":442.0,
        "Percent Change":"0.45 %",
        "Volume":"13,656.00"
    },
    {
        "Symbol":"SRLI",
        "Date":"2024-04-02",
        "Open":441.0,
        "High":441.0,
        "Low":434.1,
        "Close":440.0,
        "Percent Change":"-0.23 %",
        "Volume":"15,073.00"
    },
    {
        "Symbol":"SRLI",
        "Date":"2024-04-01",
        "Open":434.0,
        "High":447.7,
        "Low":434.0,
        "Close":441.0,
        "Percent Change":"0.46 %",
        "Volume":"16,272.00"
    },
    {
        "Symbol":"SRLI",
        "Date":"2024-03-31",
        "Open":436.7,
        "High":442.9,
        "Low":435.0,
        "Close":439.0,
        "Percent Change":"-0.45 %",
        "Volume":"10,464.00"
    },
    {
        "Symbol":"SRLI",
        "Date":"2024-03-28",
        "Open":441.0,
        "High":442.5,
        "Low":436.1,
        "Close":441.0,
        "Percent Change":"-0.38 %",
        "Volume":"7,808.00"
    },
    {
        "Symbol":"SRLI",
        "Date":"2024-03-27",
        "Open":440.0,
        "High":449.0,
        "Low":440.0,
        "Close":442.7,
        "Percent Change":"-0.52 %",
        "Volume":"16,863.00"
    },
    {
        "Symbol":"SRLI",
        "Date":"2024-03-26",
        "Open":446.0,
        "High":449.8,
        "Low":441.0,
        "Close":445.0,
        "Percent Change":"-0.22 %",
        "Volume":"11,057.00"
    },
    {
        "Symbol":"SRLI",
        "Date":"2024-03-25",
        "Open":446.1,
        "High":450.0,
        "Low":441.0,
        "Close":446.0,
        "Percent Change":"-1.33 %",
        "Volume":"10,320.00"
    },
    {
        "Symbol":"SRLI",
        "Date":"2024-03-21",
        "Open":452.0,
        "High":460.0,
        "Low":449.1,
        "Close":452.0,
        "Percent Change":"-1.74 %",
        "Volume":"13,643.00"
    },
    {
        "Symbol":"SRLI",
        "Date":"2024-03-20",
        "Open":470.0,
        "High":470.0,
        "Low":455.0,
        "Close":460.0,
        "Percent Change":"-0.86 %",
        "Volume":"10,974.00"
    },
    {
        "Symbol":"SRLI",
        "Date":"2024-03-19",
        "Open":462.0,
        "High":469.8,
        "Low":455.9,
        "Close":464.0,
        "Percent Change":"0.43 %",
        "Volume":"18,343.00"
    },
    {
        "Symbol":"SRLI",
        "Date":"2024-03-18",
        "Open":455.0,
        "High":463.1,
        "Low":451.0,
        "Close":462.0,
        "Percent Change":"0.54 %",
        "Volume":"24,457.00"
    },
    {
        "Symbol":"SRLI",
        "Date":"2024-03-17",
        "Open":451.2,
        "High":462.0,
        "Low":451.2,
        "Close":459.5,
        "Percent Change":"0.33 %",
        "Volume":"16,755.00"
    },
    {
        "Symbol":"SRLI",
        "Date":"2024-03-14",
        "Open":466.6,
        "High":475.9,
        "Low":457.4,
        "Close":458.0,
        "Percent Change":"-3.78 %",
        "Volume":"22,719.00"
    },
    {
        "Symbol":"SRLI",
        "Date":"2024-03-13",
        "Open":482.0,
        "High":487.0,
        "Low":472.0,
        "Close":476.0,
        "Percent Change":"-0.83 %",
        "Volume":"30,686.00"
    },
    {
        "Symbol":"SRLI",
        "Date":"2024-03-12",
        "Open":445.0,
        "High":483.0,
        "Low":445.0,
        "Close":480.0,
        "Percent Change":"6.67 %",
        "Volume":"69,662.00"
    },
    {
        "Symbol":"SRLI",
        "Date":"2024-03-10",
        "Open":441.0,
        "High":456.0,
        "Low":433.1,
        "Close":450.0,
        "Percent Change":"3.21 %",
        "Volume":"21,391.00"
    },
    {
        "Symbol":"SRLI",
        "Date":"2024-03-07",
        "Open":439.0,
        "High":440.6,
        "Low":433.0,
        "Close":436.0,
        "Percent Change":"0.93 %",
        "Volume":"8,030.00"
    },
    {
        "Symbol":"SRLI",
        "Date":"2024-03-06",
        "Open":418.8,
        "High":442.0,
        "Low":418.8,
        "Close":432.0,
        "Percent Change":"1.10 %",
        "Volume":"12,822.00"
    },
    {
        "Symbol":"SRLI",
        "Date":"2024-03-05",
        "Open":450.0,
        "High":450.0,
        "Low":420.0,
        "Close":427.3,
        "Percent Change":"-4.02 %",
        "Volume":"27,861.00"
    },
    {
        "Symbol":"SRLI",
        "Date":"2024-03-04",
        "Open":428.0,
        "High":454.1,
        "Low":428.0,
        "Close":445.2,
        "Percent Change":"6.00 %",
        "Volume":"860.00"
    },
    {
        "Symbol":"SRLI",
        "Date":"2024-03-03",
        "Open":412.1,
        "High":420.3,
        "Low":412.1,
        "Close":420.0,
        "Percent Change":"0.00 %",
        "Volume":"10,341.00"
    },
    {
        "Symbol":"SRLI",
        "Date":"2024-02-29",
        "Open":421.0,
        "High":425.0,
        "Low":415.5,
        "Close":420.0,
        "Percent Change":"-1.64 %",
        "Volume":"14,354.00"
    },
    {
        "Symbol":"SRLI",
        "Date":"2024-02-28",
        "Open":418.0,
        "High":430.9,
        "Low":418.0,
        "Close":427.0,
        "Percent Change":"0.23 %",
        "Volume":"7,933.00"
    },
    {
        "Symbol":"SRLI",
        "Date":"2024-02-27",
        "Open":420.1,
        "High":440.0,
        "Low":415.2,
        "Close":426.0,
        "Percent Change":"-0.47 %",
        "Volume":"21,004.00"
    },
    {
        "Symbol":"SRLI",
        "Date":"2024-02-26",
        "Open":417.0,
        "High":428.0,
        "Low":417.0,
        "Close":428.0,
        "Percent Change":"0.71 %",
        "Volume":"11,765.00"
    },
    {
        "Symbol":"SRLI",
        "Date":"2024-02-25",
        "Open":423.0,
        "High":430.9,
        "Low":423.0,
        "Close":425.0,
        "Percent Change":"-0.72 %",
        "Volume":"12,924.00"
    },
    {
        "Symbol":"SRLI",
        "Date":"2024-02-22",
        "Open":431.1,
        "High":440.1,
        "Low":427.0,
        "Close":428.1,
        "Percent Change":"-1.59 %",
        "Volume":"21,536.00"
    },
    {
        "Symbol":"SRLI",
        "Date":"2024-02-21",
        "Open":437.3,
        "High":445.0,
        "Low":432.1,
        "Close":435.0,
        "Percent Change":"-0.66 %",
        "Volume":"10,015.00"
    },
    {
        "Symbol":"SRLI",
        "Date":"2024-02-20",
        "Open":436.0,
        "High":441.0,
        "Low":435.3,
        "Close":437.9,
        "Percent Change":"-0.50 %",
        "Volume":"12,337.00"
    },
    {
        "Symbol":"SRLI",
        "Date":"2024-02-18",
        "Open":443.0,
        "High":446.0,
        "Low":440.0,
        "Close":440.1,
        "Percent Change":"-2.20 %",
        "Volume":"14,107.00"
    },
    {
        "Symbol":"SRLI",
        "Date":"2024-02-15",
        "Open":447.0,
        "High":460.0,
        "Low":445.3,
        "Close":450.0,
        "Percent Change":"-1.10 %",
        "Volume":"22,299.00"
    },
    {
        "Symbol":"SRLI",
        "Date":"2024-02-14",
        "Open":464.0,
        "High":464.0,
        "Low":446.3,
        "Close":455.0,
        "Percent Change":"-1.19 %",
        "Volume":"17,263.00"
    },
    {
        "Symbol":"SRLI",
        "Date":"2024-02-13",
        "Open":460.0,
        "High":463.7,
        "Low":441.0,
        "Close":460.5,
        "Percent Change":"-1.31 %",
        "Volume":"33,863.00"
    },
    {
        "Symbol":"SRLI",
        "Date":"2024-02-12",
        "Open":456.0,
        "High":468.3,
        "Low":456.0,
        "Close":466.6,
        "Percent Change":"0.78 %",
        "Volume":"11,336.00"
    },
    {
        "Symbol":"SRLI",
        "Date":"2024-02-11",
        "Open":471.1,
        "High":476.0,
        "Low":461.0,
        "Close":463.0,
        "Percent Change":"0.24 %",
        "Volume":"31,411.00"
    },
    {
        "Symbol":"SRLI",
        "Date":"2024-02-08",
        "Open":458.0,
        "High":463.0,
        "Low":455.0,
        "Close":461.9,
        "Percent Change":"0.00 %",
        "Volume":"11,266.00"
    },
    {
        "Symbol":"SRLI",
        "Date":"2024-02-07",
        "Open":459.0,
        "High":464.4,
        "Low":455.1,
        "Close":461.9,
        "Percent Change":"0.43 %",
        "Volume":"23,274.00"
    },
    {
        "Symbol":"SRLI",
        "Date":"2024-02-06",
        "Open":443.0,
        "High":461.0,
        "Low":443.0,
        "Close":459.9,
        "Percent Change":"2.66 %",
        "Volume":"16,214.00"
    },
    {
        "Symbol":"SRLI",
        "Date":"2024-02-05",
        "Open":438.7,
        "High":451.0,
        "Low":438.7,
        "Close":448.0,
        "Percent Change":"0.22 %",
        "Volume":"12,871.00"
    },
    {
        "Symbol":"SRLI",
        "Date":"2024-02-04",
        "Open":445.0,
        "High":452.0,
        "Low":444.0,
        "Close":447.0,
        "Percent Change":"-1.32 %",
        "Volume":"7,299.00"
    },
    {
        "Symbol":"SRLI",
        "Date":"2024-02-01",
        "Open":445.0,
        "High":457.1,
        "Low":445.0,
        "Close":453.0,
        "Percent Change":"-0.22 %",
        "Volume":"18,804.00"
    },
    {
        "Symbol":"SRLI",
        "Date":"2024-01-31",
        "Open":453.0,
        "High":467.0,
        "Low":453.0,
        "Close":454.0,
        "Percent Change":"-1.73 %",
        "Volume":"30,449.00"
    },
    {
        "Symbol":"SRLI",
        "Date":"2024-01-30",
        "Open":457.0,
        "High":463.0,
        "Low":455.0,
        "Close":462.0,
        "Percent Change":"1.09 %",
        "Volume":"17,629.00"
    },
    {
        "Symbol":"SRLI",
        "Date":"2024-01-29",
        "Open":462.0,
        "High":471.0,
        "Low":455.0,
        "Close":457.0,
        "Percent Change":"-1.08 %",
        "Volume":"22,238.00"
    },
    {
        "Symbol":"SRLI",
        "Date":"2024-01-28",
        "Open":459.0,
        "High":466.2,
        "Low":457.0,
        "Close":462.0,
        "Percent Change":"0.65 %",
        "Volume":"21,191.00"
    },
    {
        "Symbol":"SRLI",
        "Date":"2024-01-25",
        "Open":463.0,
        "High":468.8,
        "Low":456.6,
        "Close":459.0,
        "Percent Change":"-1.29 %",
        "Volume":"19,423.00"
    },
    {
        "Symbol":"SRLI",
        "Date":"2024-01-24",
        "Open":465.0,
        "High":471.0,
        "Low":460.7,
        "Close":465.0,
        "Percent Change":"0.22 %",
        "Volume":"22,634.00"
    },
    {
        "Symbol":"SRLI",
        "Date":"2024-01-23",
        "Open":458.0,
        "High":465.5,
        "Low":455.0,
        "Close":464.0,
        "Percent Change":"0.87 %",
        "Volume":"26,661.00"
    },
    {
        "Symbol":"SRLI",
        "Date":"2024-01-22",
        "Open":466.0,
        "High":471.0,
        "Low":458.3,
        "Close":460.0,
        "Percent Change":"-2.13 %",
        "Volume":"28,310.00"
    },
    {
        "Symbol":"SRLI",
        "Date":"2024-01-21",
        "Open":465.0,
        "High":474.0,
        "Low":460.0,
        "Close":470.0,
        "Percent Change":"1.10 %",
        "Volume":"41,007.00"
    },
    {
        "Symbol":"SRLI",
        "Date":"2024-01-18",
        "Open":460.0,
        "High":470.0,
        "Low":458.9,
        "Close":464.9,
        "Percent Change":"-0.66 %",
        "Volume":"30,497.00"
    },
    {
        "Symbol":"SRLI",
        "Date":"2024-01-17",
        "Open":475.0,
        "High":484.5,
        "Low":465.7,
        "Close":468.0,
        "Percent Change":"-1.47 %",
        "Volume":"52,333.00"
    },
    {
        "Symbol":"SRLI",
        "Date":"2024-01-16",
        "Open":466.0,
        "High":478.0,
        "Low":463.0,
        "Close":475.0,
        "Percent Change":"1.69 %",
        "Volume":"21,702.00"
    },
    {
        "Symbol":"SRLI",
        "Date":"2024-01-14",
        "Open":459.0,
        "High":474.0,
        "Low":459.0,
        "Close":467.1,
        "Percent Change":"0.41 %",
        "Volume":"20,850.00"
    },
    {
        "Symbol":"SRLI",
        "Date":"2024-01-11",
        "Open":476.1,
        "High":476.1,
        "Low":464.6,
        "Close":465.2,
        "Percent Change":"-2.06 %",
        "Volume":"17,837.00"
    },
    {
        "Symbol":"SRLI",
        "Date":"2024-01-10",
        "Open":489.2,
        "High":508.8,
        "Low":470.0,
        "Close":475.0,
        "Percent Change":"-1.04 %",
        "Volume":"36,278.00"
    },
    {
        "Symbol":"SRLI",
        "Date":"2024-01-09",
        "Open":473.3,
        "High":483.4,
        "Low":471.0,
        "Close":480.0,
        "Percent Change":"2.13 %",
        "Volume":"46,965.00"
    },
    {
        "Symbol":"SRLI",
        "Date":"2024-01-08",
        "Open":463.0,
        "High":479.0,
        "Low":453.1,
        "Close":470.0,
        "Percent Change":"3.30 %",
        "Volume":"24,747.00"
    },
    {
        "Symbol":"SRLI",
        "Date":"2024-01-07",
        "Open":479.0,
        "High":479.0,
        "Low":453.0,
        "Close":455.0,
        "Percent Change":"-3.19 %",
        "Volume":"37,213.00"
    },
    {
        "Symbol":"SRLI",
        "Date":"2024-01-04",
        "Open":468.0,
        "High":472.0,
        "Low":457.1,
        "Close":470.0,
        "Percent Change":"0.43 %",
        "Volume":"39,911.00"
    },
    {
        "Symbol":"SRLI",
        "Date":"2024-01-03",
        "Open":462.0,
        "High":477.0,
        "Low":458.1,
        "Close":468.0,
        "Percent Change":"1.23 %",
        "Volume":"25,567.00"
    },
    {
        "Symbol":"SRLI",
        "Date":"2024-01-02",
        "Open":492.0,
        "High":492.6,
        "Low":461.1,
        "Close":462.3,
        "Percent Change":"-4.29 %",
        "Volume":"34,760.00"
    },
    {
        "Symbol":"SRLI",
        "Date":"2024-01-01",
        "Open":481.0,
        "High":492.0,
        "Low":479.0,
        "Close":483.0,
        "Percent Change":"1.05 %",
        "Volume":"44,718.00"
    },
    {
        "Symbol":"SRLI",
        "Date":"2023-12-28",
        "Open":476.0,
        "High":489.0,
        "Low":476.0,
        "Close":478.0,
        "Percent Change":"-1.44 %",
        "Volume":"36,085.00"
    },
    {
        "Symbol":"SRLI",
        "Date":"2023-12-27",
        "Open":485.1,
        "High":493.0,
        "Low":479.3,
        "Close":485.0,
        "Percent Change":"0.83 %",
        "Volume":"29,564.00"
    },
    {
        "Symbol":"SRLI",
        "Date":"2023-12-24",
        "Open":479.0,
        "High":503.9,
        "Low":477.1,
        "Close":481.0,
        "Percent Change":"0.42 %",
        "Volume":"64,387.00"
    },
    {
        "Symbol":"SRLI",
        "Date":"2023-12-21",
        "Open":490.0,
        "High":505.0,
        "Low":479.0,
        "Close":479.0,
        "Percent Change":"-4.20 %",
        "Volume":"68,516.00"
    },
    {
        "Symbol":"SRLI",
        "Date":"2023-12-20",
        "Open":506.0,
        "High":514.9,
        "Low":497.0,
        "Close":500.0,
        "Percent Change":"-0.99 %",
        "Volume":"64,614.00"
    },
    {
        "Symbol":"SRLI",
        "Date":"2023-12-19",
        "Open":493.0,
        "High":510.0,
        "Low":478.5,
        "Close":505.0,
        "Percent Change":"4.34 %",
        "Volume":"87,134.00"
    },
    {
        "Symbol":"SRLI",
        "Date":"2023-12-18",
        "Open":486.0,
        "High":505.0,
        "Low":479.3,
        "Close":484.0,
        "Percent Change":"0.00 %",
        "Volume":"70,796.00"
    },
    {
        "Symbol":"SRLI",
        "Date":"2023-12-17",
        "Open":484.5,
        "High":494.0,
        "Low":476.0,
        "Close":484.0,
        "Percent Change":"-2.02 %",
        "Volume":"88,152.00"
    },
    {
        "Symbol":"SRLI",
        "Date":"2023-12-14",
        "Open":488.1,
        "High":496.0,
        "Low":482.0,
        "Close":494.0,
        "Percent Change":"-0.80 %",
        "Volume":"39,529.00"
    },
    {
        "Symbol":"SRLI",
        "Date":"2023-12-13",
        "Open":499.0,
        "High":510.0,
        "Low":490.0,
        "Close":498.0,
        "Percent Change":"-1.58 %",
        "Volume":"61,061.00"
    },
    {
        "Symbol":"SRLI",
        "Date":"2023-12-12",
        "Open":484.1,
        "High":516.0,
        "Low":466.0,
        "Close":506.0,
        "Percent Change":"3.90 %",
        "Volume":"187,344.00"
    },
    {
        "Symbol":"SRLI",
        "Date":"2023-12-11",
        "Open":485.0,
        "High":497.0,
        "Low":470.1,
        "Close":487.0,
        "Percent Change":"1.46 %",
        "Volume":"85,244.00"
    },
    {
        "Symbol":"SRLI",
        "Date":"2023-12-10",
        "Open":479.4,
        "High":505.0,
        "Low":479.4,
        "Close":480.0,
        "Percent Change":"2.13 %",
        "Volume":"10,050.00"
    },
    {
        "Symbol":"SRLI",
        "Date":"2023-12-07",
        "Open":468.0,
        "High":475.0,
        "Low":455.6,
        "Close":470.0,
        "Percent Change":"1.08 %",
        "Volume":"28,134.00"
    },
    {
        "Symbol":"SRLI",
        "Date":"2023-12-06",
        "Open":445.0,
        "High":469.0,
        "Low":445.0,
        "Close":465.0,
        "Percent Change":"2.88 %",
        "Volume":"25,345.00"
    },
    {
        "Symbol":"SRLI",
        "Date":"2023-12-05",
        "Open":451.0,
        "High":466.0,
        "Low":450.0,
        "Close":452.0,
        "Percent Change":"0.44 %",
        "Volume":"27,827.00"
    },
    {
        "Symbol":"SRLI",
        "Date":"2023-12-04",
        "Open":440.0,
        "High":457.0,
        "Low":434.3,
        "Close":450.0,
        "Percent Change":"2.23 %",
        "Volume":"19,405.00"
    },
    {
        "Symbol":"SRLI",
        "Date":"2023-12-03",
        "Open":440.0,
        "High":449.0,
        "Low":438.0,
        "Close":440.2,
        "Percent Change":"-0.97 %",
        "Volume":"10,678.00"
    },
    {
        "Symbol":"SRLI",
        "Date":"2023-11-30",
        "Open":450.8,
        "High":460.0,
        "Low":439.0,
        "Close":444.5,
        "Percent Change":"-3.37 %",
        "Volume":"26,385.00"
    },
    {
        "Symbol":"SRLI",
        "Date":"2023-11-29",
        "Open":466.0,
        "High":472.0,
        "Low":454.2,
        "Close":460.0,
        "Percent Change":"-1.29 %",
        "Volume":"13,253.00"
    },
    {
        "Symbol":"SRLI",
        "Date":"2023-11-28",
        "Open":460.1,
        "High":471.0,
        "Low":460.1,
        "Close":466.0,
        "Percent Change":"-0.43 %",
        "Volume":"6,085.00"
    },
    {
        "Symbol":"SRLI",
        "Date":"2023-11-27",
        "Open":469.0,
        "High":480.0,
        "Low":462.0,
        "Close":468.0,
        "Percent Change":"-2.09 %",
        "Volume":"36,942.00"
    },
    {
        "Symbol":"SRLI",
        "Date":"2023-11-26",
        "Open":454.0,
        "High":483.4,
        "Low":450.0,
        "Close":478.0,
        "Percent Change":"4.14 %",
        "Volume":"28,515.00"
    },
    {
        "Symbol":"SRLI",
        "Date":"2023-11-23",
        "Open":416.0,
        "High":459.0,
        "Low":416.0,
        "Close":459.0,
        "Percent Change":"8.25 %",
        "Volume":"30,831.00"
    },
    {
        "Symbol":"SRLI",
        "Date":"2023-11-22",
        "Open":413.0,
        "High":424.0,
        "Low":407.7,
        "Close":424.0,
        "Percent Change":"2.59 %",
        "Volume":"8,975.00"
    },
    {
        "Symbol":"SRLI",
        "Date":"2023-11-21",
        "Open":416.3,
        "High":420.0,
        "Low":411.1,
        "Close":413.3,
        "Percent Change":"-2.52 %",
        "Volume":"4,793.00"
    },
    {
        "Symbol":"SRLI",
        "Date":"2023-11-20",
        "Open":420.0,
        "High":430.0,
        "Low":416.6,
        "Close":424.0,
        "Percent Change":"1.44 %",
        "Volume":"12,309.00"
    },
    {
        "Symbol":"SRLI",
        "Date":"2023-11-09",
        "Open":420.0,
        "High":433.0,
        "Low":414.1,
        "Close":418.0,
        "Percent Change":"-1.65 %",
        "Volume":"9,178.00"
    },
    {
        "Symbol":"SRLI",
        "Date":"2023-11-08",
        "Open":419.0,
        "High":428.4,
        "Low":415.0,
        "Close":425.0,
        "Percent Change":"0.83 %",
        "Volume":"5,674.00"
    },
    {
        "Symbol":"SRLI",
        "Date":"2023-11-07",
        "Open":419.0,
        "High":424.0,
        "Low":412.4,
        "Close":421.5,
        "Percent Change":"0.60 %",
        "Volume":"6,213.00"
    },
    {
        "Symbol":"SRLI",
        "Date":"2023-11-06",
        "Open":401.7,
        "High":419.0,
        "Low":401.7,
        "Close":419.0,
        "Percent Change":"2.24 %",
        "Volume":"11,991.00"
    },
    {
        "Symbol":"SRLI",
        "Date":"2023-11-05",
        "Open":411.2,
        "High":412.0,
        "Low":401.5,
        "Close":409.8,
        "Percent Change":"-2.17 %",
        "Volume":"13,314.00"
    },
    {
        "Symbol":"SRLI",
        "Date":"2023-11-02",
        "Open":416.0,
        "High":437.9,
        "Low":413.3,
        "Close":418.9,
        "Percent Change":"-0.50 %",
        "Volume":"9,506.00"
    },
    {
        "Symbol":"SRLI",
        "Date":"2023-11-01",
        "Open":430.0,
        "High":430.0,
        "Low":416.0,
        "Close":421.0,
        "Percent Change":"-2.09 %",
        "Volume":"5,346.00"
    },
    {
        "Symbol":"SRLI",
        "Date":"2023-10-31",
        "Open":429.0,
        "High":430.0,
        "Low":418.0,
        "Close":430.0,
        "Percent Change":"-1.38 %",
        "Volume":"4,122.00"
    },
    {
        "Symbol":"SRLI",
        "Date":"2023-10-30",
        "Open":430.6,
        "High":436.0,
        "Low":415.0,
        "Close":436.0,
        "Percent Change":"3.27 %",
        "Volume":"10,932.00"
    },
    {
        "Symbol":"SRLI",
        "Date":"2023-10-29",
        "Open":427.3,
        "High":427.3,
        "Low":420.0,
        "Close":422.2,
        "Percent Change":"-2.90 %",
        "Volume":"5,377.00"
    },
    {
        "Symbol":"SRLI",
        "Date":"2023-10-19",
        "Open":426.0,
        "High":440.0,
        "Low":425.2,
        "Close":434.8,
        "Percent Change":"0.65 %",
        "Volume":"13,771.00"
    },
    {
        "Symbol":"SRLI",
        "Date":"2023-10-18",
        "Open":420.0,
        "High":440.0,
        "Low":419.0,
        "Close":432.0,
        "Percent Change":"2.13 %",
        "Volume":"9,997.00"
    },
    {
        "Symbol":"SRLI",
        "Date":"2023-10-17",
        "Open":422.0,
        "High":435.9,
        "Low":422.0,
        "Close":423.0,
        "Percent Change":"-1.17 %",
        "Volume":"6,101.00"
    },
    {
        "Symbol":"SRLI",
        "Date":"2023-10-16",
        "Open":440.0,
        "High":440.0,
        "Low":417.9,
        "Close":428.0,
        "Percent Change":"-4.14 %",
        "Volume":"26,607.00"
    },
    {
        "Symbol":"SRLI",
        "Date":"2023-10-12",
        "Open":456.8,
        "High":456.8,
        "Low":440.1,
        "Close":446.5,
        "Percent Change":"-4.21 %",
        "Volume":"10,748.00"
    },
    {
        "Symbol":"SRLI",
        "Date":"2023-10-11",
        "Open":441.0,
        "High":466.1,
        "Low":441.0,
        "Close":466.1,
        "Percent Change":"4.30 %",
        "Volume":"11,339.00"
    },
    {
        "Symbol":"SRLI",
        "Date":"2023-10-10",
        "Open":446.0,
        "High":463.0,
        "Low":445.9,
        "Close":446.9,
        "Percent Change":"-1.78 %",
        "Volume":"15,537.00"
    },
    {
        "Symbol":"SRLI",
        "Date":"2023-10-09",
        "Open":452.0,
        "High":463.0,
        "Low":450.0,
        "Close":455.0,
        "Percent Change":"-1.09 %",
        "Volume":"12,611.00"
    },
    {
        "Symbol":"SRLI",
        "Date":"2023-10-08",
        "Open":479.0,
        "High":480.0,
        "Low":458.0,
        "Close":460.0,
        "Percent Change":"-4.66 %",
        "Volume":"19,069.00"
    },
    {
        "Symbol":"SRLI",
        "Date":"2023-10-05",
        "Open":478.1,
        "High":484.0,
        "Low":477.6,
        "Close":482.5,
        "Percent Change":"-0.52 %",
        "Volume":"17,806.00"
    },
    {
        "Symbol":"SRLI",
        "Date":"2023-10-04",
        "Open":474.1,
        "High":507.0,
        "Low":474.1,
        "Close":485.0,
        "Percent Change":"0.79 %",
        "Volume":"9,881.00"
    },
    {
        "Symbol":"SRLI",
        "Date":"2023-10-03",
        "Open":481.5,
        "High":487.0,
        "Low":481.2,
        "Close":481.2,
        "Percent Change":"-2.00 %",
        "Volume":"6,083.00"
    },
    {
        "Symbol":"SRLI",
        "Date":"2023-10-02",
        "Open":481.0,
        "High":498.7,
        "Low":480.0,
        "Close":491.0,
        "Percent Change":"0.41 %",
        "Volume":"16,311.00"
    },
    {
        "Symbol":"SRLI",
        "Date":"2023-10-01",
        "Open":493.0,
        "High":497.0,
        "Low":484.2,
        "Close":489.0,
        "Percent Change":"-2.40 %",
        "Volume":"17,644.00"
    },
    {
        "Symbol":"SRLI",
        "Date":"2023-09-27",
        "Open":495.1,
        "High":504.0,
        "Low":495.1,
        "Close":501.0,
        "Percent Change":"-0.79 %",
        "Volume":"15,635.00"
    },
    {
        "Symbol":"SRLI",
        "Date":"2023-09-26",
        "Open":499.0,
        "High":510.0,
        "Low":499.0,
        "Close":505.0,
        "Percent Change":"1.02 %",
        "Volume":"19,877.00"
    },
    {
        "Symbol":"SRLI",
        "Date":"2023-09-25",
        "Open":502.0,
        "High":510.0,
        "Low":496.0,
        "Close":499.9,
        "Percent Change":"-0.62 %",
        "Volume":"11,230.00"
    },
    {
        "Symbol":"SRLI",
        "Date":"2023-09-24",
        "Open":510.0,
        "High":516.0,
        "Low":500.0,
        "Close":503.0,
        "Percent Change":"-2.52 %",
        "Volume":"20,934.00"
    },
    {
        "Symbol":"SRLI",
        "Date":"2023-09-21",
        "Open":510.0,
        "High":524.0,
        "Low":507.1,
        "Close":516.0,
        "Percent Change":"2.18 %",
        "Volume":"49,608.00"
    },
    {
        "Symbol":"SRLI",
        "Date":"2023-09-19",
        "Open":492.5,
        "High":509.0,
        "Low":492.5,
        "Close":505.0,
        "Percent Change":"0.80 %",
        "Volume":"13,940.00"
    },
    {
        "Symbol":"SRLI",
        "Date":"2023-09-18",
        "Open":488.0,
        "High":505.0,
        "Low":486.1,
        "Close":501.0,
        "Percent Change":"1.01 %",
        "Volume":"9,326.00"
    },
    {
        "Symbol":"SRLI",
        "Date":"2023-09-17",
        "Open":506.0,
        "High":509.9,
        "Low":493.0,
        "Close":496.0,
        "Percent Change":"-3.88 %",
        "Volume":"29,262.00"
    },
    {
        "Symbol":"SRLI",
        "Date":"2023-09-13",
        "Open":490.0,
        "High":518.4,
        "Low":490.0,
        "Close":516.0,
        "Percent Change":"4.03 %",
        "Volume":"28,300.00"
    },
    {
        "Symbol":"SRLI",
        "Date":"2023-09-12",
        "Open":490.1,
        "High":502.0,
        "Low":486.5,
        "Close":496.0,
        "Percent Change":"-0.60 %",
        "Volume":"14,257.00"
    },
    {
        "Symbol":"SRLI",
        "Date":"2023-09-11",
        "Open":471.0,
        "High":508.9,
        "Low":471.0,
        "Close":499.0,
        "Percent Change":"4.48 %",
        "Volume":"20,984.00"
    },
    {
        "Symbol":"SRLI",
        "Date":"2023-09-10",
        "Open":475.0,
        "High":484.0,
        "Low":475.0,
        "Close":477.6,
        "Percent Change":"-0.91 %",
        "Volume":"20,640.00"
    },
    {
        "Symbol":"SRLI",
        "Date":"2023-09-07",
        "Open":490.0,
        "High":495.0,
        "Low":480.2,
        "Close":482.0,
        "Percent Change":"-2.19 %",
        "Volume":"11,882.00"
    },
    {
        "Symbol":"SRLI",
        "Date":"2023-09-05",
        "Open":493.0,
        "High":505.0,
        "Low":492.1,
        "Close":492.8,
        "Percent Change":"-1.83 %",
        "Volume":"11,033.00"
    },
    {
        "Symbol":"SRLI",
        "Date":"2023-09-04",
        "Open":495.0,
        "High":512.0,
        "Low":494.5,
        "Close":502.0,
        "Percent Change":"-0.55 %",
        "Volume":"15,005.00"
    },
    {
        "Symbol":"SRLI",
        "Date":"2023-09-03",
        "Open":510.0,
        "High":513.0,
        "Low":499.0,
        "Close":504.8,
        "Percent Change":"-1.85 %",
        "Volume":"31,970.00"
    },
    {
        "Symbol":"SRLI",
        "Date":"2023-08-30",
        "Open":516.8,
        "High":519.0,
        "Low":514.0,
        "Close":514.3,
        "Percent Change":"-0.48 %",
        "Volume":"14,379.00"
    },
    {
        "Symbol":"SRLI",
        "Date":"2023-08-29",
        "Open":533.9,
        "High":533.9,
        "Low":515.1,
        "Close":516.8,
        "Percent Change":"-1.28 %",
        "Volume":"11,860.00"
    },
    {
        "Symbol":"SRLI",
        "Date":"2023-08-28",
        "Open":514.0,
        "High":532.0,
        "Low":514.0,
        "Close":523.5,
        "Percent Change":"-0.08 %",
        "Volume":"13,348.00"
    },
    {
        "Symbol":"SRLI",
        "Date":"2023-08-27",
        "Open":532.0,
        "High":532.0,
        "Low":518.3,
        "Close":523.9,
        "Percent Change":"-1.15 %",
        "Volume":"19,842.00"
    },
    {
        "Symbol":"SRLI",
        "Date":"2023-08-24",
        "Open":542.0,
        "High":547.5,
        "Low":529.5,
        "Close":530.0,
        "Percent Change":"-2.75 %",
        "Volume":"40,419.00"
    },
    {
        "Symbol":"SRLI",
        "Date":"2023-08-23",
        "Open":529.8,
        "High":545.0,
        "Low":524.0,
        "Close":545.0,
        "Percent Change":"3.63 %",
        "Volume":"67,742.00"
    },
    {
        "Symbol":"SRLI",
        "Date":"2023-08-22",
        "Open":520.0,
        "High":526.4,
        "Low":514.0,
        "Close":525.9,
        "Percent Change":"1.53 %",
        "Volume":"9,119.00"
    },
    {
        "Symbol":"SRLI",
        "Date":"2023-08-21",
        "Open":524.0,
        "High":530.1,
        "Low":514.0,
        "Close":518.0,
        "Percent Change":"-1.15 %",
        "Volume":"16,624.00"
    },
    {
        "Symbol":"SRLI",
        "Date":"2023-08-20",
        "Open":522.0,
        "High":528.0,
        "Low":519.3,
        "Close":524.0,
        "Percent Change":"-1.50 %",
        "Volume":"15,949.00"
    },
    {
        "Symbol":"SRLI",
        "Date":"2023-08-17",
        "Open":523.0,
        "High":541.0,
        "Low":515.0,
        "Close":532.0,
        "Percent Change":"3.50 %",
        "Volume":"36,757.00"
    },
    {
        "Symbol":"SRLI",
        "Date":"2023-08-16",
        "Open":520.0,
        "High":520.0,
        "Low":511.1,
        "Close":514.0,
        "Percent Change":"-1.15 %",
        "Volume":"19,839.00"
    },
    {
        "Symbol":"SRLI",
        "Date":"2023-08-15",
        "Open":530.0,
        "High":532.0,
        "Low":517.2,
        "Close":520.0,
        "Percent Change":"-2.09 %",
        "Volume":"20,593.00"
    },
    {
        "Symbol":"SRLI",
        "Date":"2023-08-14",
        "Open":525.0,
        "High":545.0,
        "Low":525.0,
        "Close":531.1,
        "Percent Change":"-0.54 %",
        "Volume":"36,089.00"
    },
    {
        "Symbol":"SRLI",
        "Date":"2023-08-13",
        "Open":535.0,
        "High":535.0,
        "Low":520.2,
        "Close":534.0,
        "Percent Change":"-0.19 %",
        "Volume":"20,243.00"
    },
    {
        "Symbol":"SRLI",
        "Date":"2023-08-10",
        "Open":522.0,
        "High":540.6,
        "Low":512.2,
        "Close":535.0,
        "Percent Change":"2.43 %",
        "Volume":"18,179.00"
    },
    {
        "Symbol":"SRLI",
        "Date":"2023-08-09",
        "Open":507.1,
        "High":530.0,
        "Low":507.0,
        "Close":522.3,
        "Percent Change":"2.01 %",
        "Volume":"16,159.00"
    },
    {
        "Symbol":"SRLI",
        "Date":"2023-08-08",
        "Open":530.0,
        "High":540.0,
        "Low":510.0,
        "Close":512.0,
        "Percent Change":"-1.54 %",
        "Volume":"27,931.00"
    },
    {
        "Symbol":"SRLI",
        "Date":"2023-08-07",
        "Open":525.0,
        "High":541.0,
        "Low":510.0,
        "Close":520.0,
        "Percent Change":"0.00 %",
        "Volume":"14,717.00"
    },
    {
        "Symbol":"SRLI",
        "Date":"2023-08-06",
        "Open":521.1,
        "High":540.0,
        "Low":515.1,
        "Close":520.0,
        "Percent Change":"-2.09 %",
        "Volume":"19,435.00"
    },
    {
        "Symbol":"SRLI",
        "Date":"2023-08-03",
        "Open":535.5,
        "High":544.0,
        "Low":525.0,
        "Close":531.1,
        "Percent Change":"1.16 %",
        "Volume":"24,985.00"
    },
    {
        "Symbol":"SRLI",
        "Date":"2023-08-02",
        "Open":513.7,
        "High":534.0,
        "Low":513.7,
        "Close":525.0,
        "Percent Change":"0.19 %",
        "Volume":"10,816.00"
    },
    {
        "Symbol":"SRLI",
        "Date":"2023-08-01",
        "Open":539.4,
        "High":556.0,
        "Low":523.4,
        "Close":524.0,
        "Percent Change":"-2.53 %",
        "Volume":"16,508.00"
    },
    {
        "Symbol":"SRLI",
        "Date":"2023-07-31",
        "Open":536.9,
        "High":546.0,
        "Low":531.0,
        "Close":537.6,
        "Percent Change":"0.13 %",
        "Volume":"19,685.00"
    },
    {
        "Symbol":"SRLI",
        "Date":"2023-07-30",
        "Open":550.0,
        "High":555.0,
        "Low":534.0,
        "Close":536.9,
        "Percent Change":"-2.38 %",
        "Volume":"44,307.00"
    },
    {
        "Symbol":"SRLI",
        "Date":"2023-07-27",
        "Open":552.1,
        "High":566.0,
        "Low":546.0,
        "Close":550.0,
        "Percent Change":"-1.08 %",
        "Volume":"26,802.00"
    },
    {
        "Symbol":"SRLI",
        "Date":"2023-07-26",
        "Open":557.0,
        "High":563.0,
        "Low":552.2,
        "Close":556.0,
        "Percent Change":"-0.47 %",
        "Volume":"27,486.00"
    },
    {
        "Symbol":"SRLI",
        "Date":"2023-07-25",
        "Open":568.0,
        "High":575.0,
        "Low":558.6,
        "Close":558.6,
        "Percent Change":"-1.65 %",
        "Volume":"34,218.00"
    },
    {
        "Symbol":"SRLI",
        "Date":"2023-07-24",
        "Open":556.0,
        "High":574.0,
        "Low":556.0,
        "Close":568.0,
        "Percent Change":"0.53 %",
        "Volume":"46,718.00"
    },
    {
        "Symbol":"SRLI",
        "Date":"2023-07-23",
        "Open":553.0,
        "High":575.0,
        "Low":553.0,
        "Close":565.0,
        "Percent Change":"0.53 %",
        "Volume":"44,357.00"
    },
    {
        "Symbol":"SRLI",
        "Date":"2023-07-20",
        "Open":560.0,
        "High":571.2,
        "Low":560.0,
        "Close":562.0,
        "Percent Change":"-0.53 %",
        "Volume":"25,126.00"
    },
    {
        "Symbol":"SRLI",
        "Date":"2023-07-19",
        "Open":578.0,
        "High":582.0,
        "Low":565.0,
        "Close":565.0,
        "Percent Change":"-2.08 %",
        "Volume":"50,842.00"
    },
    {
        "Symbol":"SRLI",
        "Date":"2023-07-18",
        "Open":570.0,
        "High":593.0,
        "Low":570.0,
        "Close":577.0,
        "Percent Change":"1.19 %",
        "Volume":"62,290.00"
    },
    {
        "Symbol":"SRLI",
        "Date":"2023-07-17",
        "Open":550.0,
        "High":575.0,
        "Low":548.0,
        "Close":570.2,
        "Percent Change":"2.55 %",
        "Volume":"35,502.00"
    },
    {
        "Symbol":"SRLI",
        "Date":"2023-07-16",
        "Open":548.0,
        "High":563.0,
        "Low":548.0,
        "Close":556.0,
        "Percent Change":"0.63 %",
        "Volume":"21,147.00"
    },
    {
        "Symbol":"SRLI",
        "Date":"2023-07-13",
        "Open":568.0,
        "High":578.0,
        "Low":552.3,
        "Close":552.5,
        "Percent Change":"-2.71 %",
        "Volume":"39,668.00"
    },
    {
        "Symbol":"SRLI",
        "Date":"2023-07-12",
        "Open":560.1,
        "High":570.0,
        "Low":560.1,
        "Close":567.9,
        "Percent Change":"-0.37 %",
        "Volume":"40,013.00"
    },
    {
        "Symbol":"SRLI",
        "Date":"2023-07-11",
        "Open":560.0,
        "High":570.5,
        "Low":558.0,
        "Close":570.0,
        "Percent Change":"0.00 %",
        "Volume":"28,262.00"
    },
    {
        "Symbol":"SRLI",
        "Date":"2023-07-10",
        "Open":568.0,
        "High":584.0,
        "Low":560.0,
        "Close":570.0,
        "Percent Change":"0.35 %",
        "Volume":"47,162.00"
    },
    {
        "Symbol":"SRLI",
        "Date":"2023-07-09",
        "Open":540.0,
        "High":568.0,
        "Low":540.0,
        "Close":568.0,
        "Percent Change":"3.67 %",
        "Volume":"50,579.00"
    },
    {
        "Symbol":"SRLI",
        "Date":"2023-07-06",
        "Open":550.0,
        "High":560.0,
        "Low":538.0,
        "Close":547.9,
        "Percent Change":"-1.10 %",
        "Volume":"47,513.00"
    },
    {
        "Symbol":"SRLI",
        "Date":"2023-07-05",
        "Open":565.0,
        "High":580.0,
        "Low":548.0,
        "Close":554.0,
        "Percent Change":"-3.80 %",
        "Volume":"63,390.00"
    },
    {
        "Symbol":"SRLI",
        "Date":"2023-07-04",
        "Open":580.0,
        "High":585.0,
        "Low":563.0,
        "Close":575.9,
        "Percent Change":"-0.54 %",
        "Volume":"47,284.00"
    },
    {
        "Symbol":"SRLI",
        "Date":"2023-07-03",
        "Open":578.3,
        "High":598.0,
        "Low":574.0,
        "Close":579.0,
        "Percent Change":"-1.86 %",
        "Volume":"63,654.00"
    },
    {
        "Symbol":"SRLI",
        "Date":"2023-07-02",
        "Open":588.0,
        "High":608.0,
        "Low":577.1,
        "Close":590.0,
        "Percent Change":"0.34 %",
        "Volume":"129,138.00"
    },
    {
        "Symbol":"SRLI",
        "Date":"2023-06-28",
        "Open":575.0,
        "High":602.0,
        "Low":566.0,
        "Close":588.0,
        "Percent Change":"2.26 %",
        "Volume":"106,697.00"
    },
    {
        "Symbol":"SRLI",
        "Date":"2023-06-27",
        "Open":581.0,
        "High":603.0,
        "Low":570.0,
        "Close":575.0,
        "Percent Change":"-1.05 %",
        "Volume":"73,392.00"
    },
    {
        "Symbol":"SRLI",
        "Date":"2023-06-26",
        "Open":610.1,
        "High":619.9,
        "Low":581.0,
        "Close":581.1,
        "Percent Change":"-2.86 %",
        "Volume":"97,279.00"
    },
    {
        "Symbol":"SRLI",
        "Date":"2023-06-25",
        "Open":555.0,
        "High":598.2,
        "Low":555.0,
        "Close":598.2,
        "Percent Change":"8.76 %",
        "Volume":"169,906.00"
    },
    {
        "Symbol":"SRLI",
        "Date":"2023-06-22",
        "Open":540.0,
        "High":555.0,
        "Low":530.0,
        "Close":550.0,
        "Percent Change":"2.80 %",
        "Volume":"97,740.00"
    },
    {
        "Symbol":"SRLI",
        "Date":"2023-06-21",
        "Open":520.5,
        "High":549.0,
        "Low":520.5,
        "Close":535.0,
        "Percent Change":"0.75 %",
        "Volume":"61,832.00"
    },
    {
        "Symbol":"SRLI",
        "Date":"2023-06-20",
        "Open":550.0,
        "High":560.0,
        "Low":530.0,
        "Close":531.0,
        "Percent Change":"-3.63 %",
        "Volume":"58,249.00"
    },
    {
        "Symbol":"SRLI",
        "Date":"2023-06-19",
        "Open":571.2,
        "High":571.2,
        "Low":534.3,
        "Close":551.0,
        "Percent Change":"-1.61 %",
        "Volume":"120,933.00"
    },
    {
        "Symbol":"SRLI",
        "Date":"2023-06-18",
        "Open":529.0,
        "High":560.6,
        "Low":527.0,
        "Close":560.0,
        "Percent Change":"5.86 %",
        "Volume":"111,573.00"
    },
    {
        "Symbol":"SRLI",
        "Date":"2023-06-15",
        "Open":490.0,
        "High":532.6,
        "Low":490.0,
        "Close":529.0,
        "Percent Change":"5.80 %",
        "Volume":"81,479.00"
    },
    {
        "Symbol":"SRLI",
        "Date":"2023-06-14",
        "Open":494.0,
        "High":512.0,
        "Low":488.0,
        "Close":500.0,
        "Percent Change":"1.01 %",
        "Volume":"105,570.00"
    },
    {
        "Symbol":"SRLI",
        "Date":"2023-06-13",
        "Open":475.3,
        "High":511.8,
        "Low":475.1,
        "Close":495.0,
        "Percent Change":"2.06 %",
        "Volume":"88,821.00"
    },
    {
        "Symbol":"SRLI",
        "Date":"2023-06-12",
        "Open":485.0,
        "High":492.0,
        "Low":476.5,
        "Close":485.0,
        "Percent Change":"0.41 %",
        "Volume":"46,221.00"
    },
    {
        "Symbol":"SRLI",
        "Date":"2023-06-11",
        "Open":460.0,
        "High":496.0,
        "Low":453.0,
        "Close":483.0,
        "Percent Change":"7.10 %",
        "Volume":"99,353.00"
    },
    {
        "Symbol":"SRLI",
        "Date":"2023-06-08",
        "Open":435.0,
        "High":472.0,
        "Low":430.0,
        "Close":451.0,
        "Percent Change":"3.68 %",
        "Volume":"82,220.00"
    },
    {
        "Symbol":"SRLI",
        "Date":"2023-06-07",
        "Open":433.0,
        "High":445.0,
        "Low":427.0,
        "Close":435.0,
        "Percent Change":"0.46 %",
        "Volume":"40,748.00"
    },
    {
        "Symbol":"SRLI",
        "Date":"2023-06-06",
        "Open":415.0,
        "High":438.0,
        "Low":410.1,
        "Close":433.0,
        "Percent Change":"2.27 %",
        "Volume":"37,275.00"
    },
    {
        "Symbol":"SRLI",
        "Date":"2023-06-05",
        "Open":410.0,
        "High":423.4,
        "Low":407.8,
        "Close":423.4,
        "Percent Change":"2.27 %",
        "Volume":"34,941.00"
    },
    {
        "Symbol":"SRLI",
        "Date":"2023-06-04",
        "Open":395.0,
        "High":421.9,
        "Low":395.0,
        "Close":414.0,
        "Percent Change":"4.10 %",
        "Volume":"20,073.00"
    },
    {
        "Symbol":"SRLI",
        "Date":"2023-06-01",
        "Open":390.1,
        "High":404.9,
        "Low":390.0,
        "Close":397.7,
        "Percent Change":"1.95 %",
        "Volume":"17,526.00"
    },
    {
        "Symbol":"SRLI",
        "Date":"2023-05-31",
        "Open":400.0,
        "High":410.0,
        "Low":389.0,
        "Close":390.1,
        "Percent Change":"-2.98 %",
        "Volume":"15,572.00"
    },
    {
        "Symbol":"SRLI",
        "Date":"2023-05-30",
        "Open":415.0,
        "High":415.9,
        "Low":402.0,
        "Close":402.1,
        "Percent Change":"-3.11 %",
        "Volume":"26,241.00"
    },
    {
        "Symbol":"SRLI",
        "Date":"2023-05-28",
        "Open":432.0,
        "High":440.0,
        "Low":415.0,
        "Close":415.0,
        "Percent Change":"-3.94 %",
        "Volume":"30,792.00"
    },
    {
        "Symbol":"SRLI",
        "Date":"2023-05-24",
        "Open":430.0,
        "High":438.6,
        "Low":422.0,
        "Close":432.0,
        "Percent Change":"0.47 %",
        "Volume":"26,171.00"
    },
    {
        "Symbol":"SRLI",
        "Date":"2023-05-23",
        "Open":404.0,
        "High":431.9,
        "Low":404.0,
        "Close":430.0,
        "Percent Change":"4.37 %",
        "Volume":"24,766.00"
    },
    {
        "Symbol":"SRLI",
        "Date":"2023-05-22",
        "Open":397.0,
        "High":412.5,
        "Low":396.9,
        "Close":412.0,
        "Percent Change":"1.78 %",
        "Volume":"20,116.00"
    },
    {
        "Symbol":"SRLI",
        "Date":"2023-05-21",
        "Open":399.7,
        "High":414.0,
        "Low":399.7,
        "Close":404.8,
        "Percent Change":"3.30 %",
        "Volume":"43,573.00"
    }
]