[
    {
        "Symbol":"NAGRO",
        "Date":"2019-10-03",
        "Open":715,
        "High":726,
        "Low":715,
        "Close":720,
        "Percent Change":"1.12 %",
        "Volume":"100.00"
    },
    {
        "Symbol":"NAGRO",
        "Date":"2019-10-02",
        "Open":715,
        "High":716,
        "Low":712,
        "Close":712,
        "Percent Change":"-0.56 %",
        "Volume":"50.00"
    },
    {
        "Symbol":"NAGRO",
        "Date":"2019-10-01",
        "Open":729,
        "High":730,
        "Low":716,
        "Close":716,
        "Percent Change":"-1.24 %",
        "Volume":"180.00"
    },
    {
        "Symbol":"NAGRO",
        "Date":"2019-09-30",
        "Open":713,
        "High":727,
        "Low":711,
        "Close":725,
        "Percent Change":"-0.28 %",
        "Volume":"240.00"
    },
    {
        "Symbol":"NAGRO",
        "Date":"2019-09-29",
        "Open":720,
        "High":727,
        "Low":713,
        "Close":727,
        "Percent Change":"0.97 %",
        "Volume":"150.00"
    },
    {
        "Symbol":"NAGRO",
        "Date":"2019-09-26",
        "Open":726,
        "High":730,
        "Low":716,
        "Close":720,
        "Percent Change":"-0.83 %",
        "Volume":"344.00"
    },
    {
        "Symbol":"NAGRO",
        "Date":"2019-09-24",
        "Open":750,
        "High":750,
        "Low":725,
        "Close":739,
        "Percent Change":"-2.64 %",
        "Volume":"180.00"
    },
    {
        "Symbol":"NAGRO",
        "Date":"2019-09-23",
        "Open":735,
        "High":759,
        "Low":730,
        "Close":759,
        "Percent Change":"1.20 %",
        "Volume":"130.00"
    },
    {
        "Symbol":"NAGRO",
        "Date":"2019-09-22",
        "Open":755,
        "High":755,
        "Low":718,
        "Close":750,
        "Percent Change":"-2.60 %",
        "Volume":"970.00"
    },
    {
        "Symbol":"NAGRO",
        "Date":"2019-09-19",
        "Open":775,
        "High":775,
        "Low":745,
        "Close":770,
        "Percent Change":"0.13 %",
        "Volume":"210.00"
    },
    {
        "Symbol":"NAGRO",
        "Date":"2019-09-18",
        "Open":754,
        "High":769,
        "Low":735,
        "Close":769,
        "Percent Change":"1.99 %",
        "Volume":"160.00"
    },
    {
        "Symbol":"NAGRO",
        "Date":"2019-09-17",
        "Open":749,
        "High":770,
        "Low":736,
        "Close":754,
        "Percent Change":"2.59 %",
        "Volume":"1,260.00"
    },
    {
        "Symbol":"NAGRO",
        "Date":"2019-09-16",
        "Open":735,
        "High":735,
        "Low":721,
        "Close":735,
        "Percent Change":"-1.87 %",
        "Volume":"720.00"
    },
    {
        "Symbol":"NAGRO",
        "Date":"2019-09-15",
        "Open":736,
        "High":749,
        "Low":726,
        "Close":749,
        "Percent Change":"-0.13 %",
        "Volume":"180.00"
    },
    {
        "Symbol":"NAGRO",
        "Date":"2019-09-12",
        "Open":765,
        "High":765,
        "Low":730,
        "Close":750,
        "Percent Change":"-1.83 %",
        "Volume":"560.00"
    },
    {
        "Symbol":"NAGRO",
        "Date":"2019-09-11",
        "Open":763,
        "High":764,
        "Low":748,
        "Close":764,
        "Percent Change":"-1.80 %",
        "Volume":"180.00"
    },
    {
        "Symbol":"NAGRO",
        "Date":"2019-09-10",
        "Open":736,
        "High":778,
        "Low":724,
        "Close":778,
        "Percent Change":"3.73 %",
        "Volume":"216.00"
    },
    {
        "Symbol":"NAGRO",
        "Date":"2019-09-09",
        "Open":755,
        "High":755,
        "Low":738,
        "Close":750,
        "Percent Change":"-1.96 %",
        "Volume":"403.00"
    },
    {
        "Symbol":"NAGRO",
        "Date":"2019-09-08",
        "Open":770,
        "High":774,
        "Low":745,
        "Close":765,
        "Percent Change":"-0.65 %",
        "Volume":"480.00"
    },
    {
        "Symbol":"NAGRO",
        "Date":"2019-09-05",
        "Open":760,
        "High":770,
        "Low":744,
        "Close":770,
        "Percent Change":"0.00 %",
        "Volume":"250.00"
    },
    {
        "Symbol":"NAGRO",
        "Date":"2019-09-04",
        "Open":773,
        "High":795,
        "Low":758,
        "Close":770,
        "Percent Change":"-2.28 %",
        "Volume":"320.00"
    },
    {
        "Symbol":"NAGRO",
        "Date":"2019-09-03",
        "Open":798,
        "High":798,
        "Low":753,
        "Close":788,
        "Percent Change":"3.68 %",
        "Volume":"680.00"
    },
    {
        "Symbol":"NAGRO",
        "Date":"2019-09-02",
        "Open":741,
        "High":760,
        "Low":727,
        "Close":760,
        "Percent Change":"0.80 %",
        "Volume":"820.00"
    },
    {
        "Symbol":"NAGRO",
        "Date":"2019-09-01",
        "Open":765,
        "High":769,
        "Low":754,
        "Close":754,
        "Percent Change":"-2.08 %",
        "Volume":"310.00"
    },
    {
        "Symbol":"NAGRO",
        "Date":"2019-08-29",
        "Open":761,
        "High":770,
        "Low":760,
        "Close":770,
        "Percent Change":"-0.65 %",
        "Volume":"80.00"
    },
    {
        "Symbol":"NAGRO",
        "Date":"2019-08-28",
        "Open":775,
        "High":775,
        "Low":763,
        "Close":775,
        "Percent Change":"0.13 %",
        "Volume":"217.00"
    },
    {
        "Symbol":"NAGRO",
        "Date":"2019-08-27",
        "Open":764,
        "High":789,
        "Low":764,
        "Close":774,
        "Percent Change":"-0.64 %",
        "Volume":"100.00"
    },
    {
        "Symbol":"NAGRO",
        "Date":"2019-08-26",
        "Open":780,
        "High":780,
        "Low":766,
        "Close":779,
        "Percent Change":"-0.51 %",
        "Volume":"120.00"
    },
    {
        "Symbol":"NAGRO",
        "Date":"2019-08-25",
        "Open":772,
        "High":783,
        "Low":759,
        "Close":783,
        "Percent Change":"0.00 %",
        "Volume":"360.00"
    },
    {
        "Symbol":"NAGRO",
        "Date":"2019-08-22",
        "Open":778,
        "High":783,
        "Low":768,
        "Close":783,
        "Percent Change":"0.64 %",
        "Volume":"590.00"
    }
]