"Symbol","Date","Open","High","Low","Close","Percent Change","Volume"
"USLB","2024-08-11","1704.4","1808.4","1704.4","1715","2.63 %","5,439.00"
"USLB","2024-08-08","1729.9","1730","1671","1671","-1.59 %","6,632.00"
"USLB","2024-08-07","1700","1719","1669","1698","-0.12 %","8,259.00"
"USLB","2024-08-06","1740","1740","1697.3","1700","-1.73 %","8,374.00"
"USLB","2024-08-05","1757","1808","1700","1730","-2.75 %","14,058.00"
"USLB","2024-08-01","1766","1823","1747.5","1778.9","-0.06 %","11,177.00"
"USLB","2024-07-31","1880","1880","1775","1780","-3.78 %","9,885.00"
"USLB","2024-07-30","1815","1900","1803","1850","0.87 %","6,462.00"
"USLB","2024-07-29","1938","1976","1834","1834","-3.47 %","12,094.00"
"USLB","2024-07-28","1887","1993","1850","1900","2.70 %","15,441.00"
"USLB","2024-07-25","1775","1850","1759","1850","5.96 %","16,623.00"
"USLB","2024-07-24","1741","1774","1740","1746","-1.24 %","8,750.00"
"USLB","2024-07-23","1799","1799","1741","1768","0.17 %","7,635.00"
"USLB","2024-07-22","1799.2","1830","1745","1765","0.06 %","6,282.00"
"USLB","2024-07-21","1779","1797","1750","1764","-0.84 %","10,298.00"
"USLB","2024-07-18","1780","1810","1763","1779","1.14 %","9,402.00"
"USLB","2024-07-17","1790","1800","1730.1","1759","-0.34 %","9,628.00"
"USLB","2024-07-16","1780","1800","1745","1765","0.86 %","5,780.00"
"USLB","2024-07-15","1805.4","1805.4","1750","1750","-1.13 %","8,628.00"
"USLB","2024-07-14","1825.8","1835","1760.1","1770","-1.12 %","5,582.00"
"USLB","2024-07-11","1813","1900","1765","1790","0.56 %","6,733.00"
"USLB","2024-07-10","1833","1839","1765","1780","-1.00 %","3,311.00"
"USLB","2024-07-09","1765","1800","1705.2","1797.9","3.81 %","11,106.00"
"USLB","2024-07-08","1695.4","1789","1695.4","1731.9","0.11 %","4,768.00"
"USLB","2024-07-07","1693.5","1760","1693.5","1730","0.12 %","2,238.00"
"USLB","2024-07-04","1733","1809","1691","1728","-2.26 %","4,365.00"
"USLB","2024-07-03","1792","1864.3","1761","1768","-3.28 %","3,817.00"
"USLB","2024-07-02","1856","1967","1800","1828","0.44 %","4,141.00"
"USLB","2024-07-01","1755.1","1825","1715","1820","3.70 %","13,169.00"
"USLB","2024-06-30","1820","1820","1755","1755.1","-4.04 %","2,186.00"
"USLB","2024-06-27","1850","1850","1777","1829","-0.05 %","5,641.00"
"USLB","2024-06-26","1809.1","1832","1794","1830","-0.87 %","5,306.00"
"USLB","2024-06-25","1740","1846","1733","1846","4.35 %","9,441.00"
"USLB","2024-06-24","1681","1851.9","1647.1","1769","4.99 %","8,608.00"
"USLB","2024-06-23","1740","1740","1681","1685","-4.21 %","10,682.00"
"USLB","2024-06-20","1850","1854","1747","1759","-3.25 %","4,212.00"
"USLB","2024-06-19","1793","1900","1734.6","1818","-0.60 %","7,505.00"
"USLB","2024-06-18","1850","1885","1750","1829","-3.07 %","13,409.00"
"USLB","2024-06-16","1862","1950","1840","1887","-0.68 %","6,012.00"
"USLB","2024-06-13","1862","1950","1862","1900","0.00 %","7,458.00"
"USLB","2024-06-12","1862","1910","1862","1900","0.00 %","3,872.00"
"USLB","2024-06-11","1882","1974","1882","1900","-1.04 %","16,341.00"
"USLB","2024-06-10","1922","1980","1884","1920","-2.09 %","5,749.00"
"USLB","2024-06-09","1965","2005","1900","1961","1.76 %","13,106.00"
"USLB","2024-06-06","1939","1994","1917","1927","-2.58 %","5,255.00"
"USLB","2024-06-05","1960","1998","1946","1978","-0.80 %","1,273.00"
"USLB","2024-06-04","1941","2020","1941","1994","0.71 %","4,018.00"
"USLB","2024-06-03","1936","2031","1935.5","1980","0.25 %","7,587.00"
"USLB","2024-06-02","1898","2019.7","1898","1975","2.00 %","6,298.00"
"USLB","2024-05-30","2010","2013.4","1935","1936.3","-5.55 %","9,689.00"
"USLB","2024-05-29","2137","2137","1989.4","2050","-2.19 %","9,314.00"
"USLB","2024-05-27","2130","2130","2020.3","2096","-2.87 %","10,533.00"
"USLB","2024-05-26","2264","2264","2117","2158","-2.79 %","8,618.00"
"USLB","2024-05-22","2280","2294","2072","2220","-1.33 %","14,002.00"
"USLB","2024-05-21","2290","2290","2224","2250","-2.47 %","19,863.00"
"USLB","2024-05-20","2320","2347.9","2275.6","2307","-0.52 %","8,793.00"
"USLB","2024-05-19","2363.3","2363.3","2230","2319","0.09 %","13,804.00"
"USLB","2024-05-16","2314","2335","2253","2317","0.13 %","26,763.00"
"USLB","2024-05-15","2250","2330","2250","2314","3.30 %","12,232.00"
"USLB","2024-05-14","2109","2281.7","2067","2240","4.09 %","19,569.00"
"USLB","2024-05-13","2121","2236","2121","2152","-0.53 %","10,888.00"
"USLB","2024-05-12","2000","2163.4","2000","2163.4","7.52 %","26,929.00"
"USLB","2024-05-09","2010","2050","2005","2012","-0.05 %","3,968.00"
"USLB","2024-05-08","2020","2040","2004","2013","-0.30 %","5,393.00"
"USLB","2024-05-07","2040","2040","2007","2019","0.70 %","5,453.00"
"USLB","2024-05-06","2000.3","2013","2000.3","2005","0.24 %","5,100.00"
"USLB","2024-05-05","2013","2024","2000.1","2000.1","-0.64 %","5,796.00"
"USLB","2024-05-02","1930","2014","1930","2013","2.70 %","8,362.00"
"USLB","2024-04-30","1894","1960","1894","1960","1.45 %","4,632.00"
"USLB","2024-04-29","1902","1935","1902","1932","0.57 %","1,664.00"
"USLB","2024-04-28","1920","1935","1911","1921","0.05 %","5,414.00"
"USLB","2024-04-25","1875","1924","1875","1920","1.59 %","8,283.00"
"USLB","2024-04-24","1814","1890","1814","1890","2.16 %","10,998.00"
"USLB","2024-04-22","1837.5","1970","1837.5","1850","-1.33 %","6,179.00"
"USLB","2024-04-21","1808.1","1890","1808.1","1875","1.63 %","7,474.00"
"USLB","2024-04-18","1860","1860","1825","1845","-0.26 %","5,295.00"
"USLB","2024-04-16","1808.1","1870","1808.1","1849.9","0.27 %","5,200.00"
"USLB","2024-04-15","1826.8","1935","1790.3","1845","-1.02 %","8,755.00"
"USLB","2024-04-14","1815","1879","1815","1864","0.76 %","17,688.00"
"USLB","2024-04-10","1842.4","1889","1813.2","1849.9","-1.60 %","12,324.00"
"USLB","2024-04-09","1740","1904","1722.1","1880","7.74 %","26,551.00"
"USLB","2024-04-07","1600","1749","1600","1745","8.45 %","19,022.00"
"USLB","2024-04-04","1615","1653","1589.4","1609","1.19 %","17,489.00"
"USLB","2024-04-03","1596","1608","1576","1590","0.01 %","9,898.00"
"USLB","2024-04-02","1609","1609","1570","1589.9","0.63 %","6,868.00"
"USLB","2024-04-01","1581","1610","1570","1580","-1.25 %","20,190.00"
"USLB","2024-03-31","1500","1630","1381.8","1600","7.74 %","23,151.00"
"USLB","2024-03-28","1680","1680","1485","1485","-10.00 %","16,489.00"
"USLB","2024-03-27","1748","1748.2","1542.6","1650","-3.73 %","19,714.00"
"USLB","2024-03-26","1710","1726","1646.9","1714","0.71 %","19,537.00"
"USLB","2024-03-25","1705","1730","1701","1702","-0.18 %","21,377.00"
"USLB","2024-03-21","1597.4","1730","1597.4","1705","4.61 %","22,939.00"
"USLB","2024-03-20","1607.2","1670","1551","1629.9","-0.62 %","16,050.00"
"USLB","2024-03-19","1655.3","1659.9","1590","1640","-2.90 %","14,886.00"
"USLB","2024-03-18","1572.9","1690.1","1541.5","1689","5.23 %","17,203.00"
"USLB","2024-03-17","1604.3","1768","1575","1605","-1.95 %","21,573.00"
"USLB","2024-03-14","1558.2","1637","1540","1637","2.96 %","21,194.00"
"USLB","2024-03-13","1479.9","1595.9","1423","1589.9","9.58 %","17,437.00"
"USLB","2024-03-12","1345.3","1450.9","1345.3","1450.9","10.00 %","14,212.00"
"USLB","2024-03-10","1230","1334","1230","1319","7.94 %","7,929.00"
"USLB","2024-03-07","1150","1222","1140.8","1222","4.98 %","8,100.00"
"USLB","2024-03-06","1145","1181","1102.6","1164","3.47 %","5,102.00"
"USLB","2024-03-05","1128","1138","1078","1125","-0.34 %","14,040.00"
"USLB","2024-03-04","1106.7","1128.8","1106.7","1128.8","4.04 %","30.00"
"USLB","2024-03-03","1068.2","1100","1031","1085","-0.46 %","1,938.00"
"USLB","2024-02-29","1072","1100","1072","1090","0.00 %","4,886.00"
"USLB","2024-02-28","1060","1099.9","1058.4","1090","0.93 %","4,561.00"
"USLB","2024-02-27","1050","1080","1036.5","1080","2.86 %","4,951.00"
"USLB","2024-02-26","1028","1057.6","1026","1050","0.48 %","3,070.00"
"USLB","2024-02-25","1050","1051","1031.1","1045","-0.48 %","5,204.00"
"USLB","2024-02-22","1028","1069","1010","1050","1.94 %","3,672.00"
"USLB","2024-02-21","999","1060.5","999","1030","5.10 %","6,768.00"
"USLB","2024-02-20","1000","1000","965","980","-1.01 %","3,226.00"
"USLB","2024-02-18","977.1","1000","938.6","990","-0.70 %","3,117.00"
"USLB","2024-02-15","1001.1","1001.1","960.5","997","0.71 %","1,623.00"
"USLB","2024-02-14","965.3","1004.7","951","990","0.51 %","2,530.00"
"USLB","2024-02-13","980","985","929","985","2.07 %","3,551.00"
"USLB","2024-02-12","973","992.4","935","965","1.15 %","1,981.00"
"USLB","2024-02-11","981","992.8","924.4","954","-0.87 %","3,492.00"
"USLB","2024-02-08","975","981.4","955.5","962.4","0.29 %","2,207.00"
"USLB","2024-02-07","973","976.9","934.6","959.6","0.59 %","2,745.00"
"USLB","2024-02-06","936","965","918","954","-0.08 %","1,606.00"
"USLB","2024-02-05","920","954.8","920","954.8","2.12 %","1,957.00"
"USLB","2024-02-04","920","935.8","916.1","935","0.54 %","1,490.00"
"USLB","2024-02-01","917","942","900","930","-0.53 %","1,235.00"
"USLB","2024-01-31","950","950","911.1","935","-2.71 %","1,854.00"
"USLB","2024-01-30","960","971","942","961","0.73 %","921.00"
"USLB","2024-01-29","963","979","950","954","-1.09 %","2,182.00"
"USLB","2024-01-28","978.1","990","953","964.5","-3.36 %","1,759.00"
"USLB","2024-01-25","930","1040","930","998","5.50 %","2,543.00"
"USLB","2024-01-24","932","1007","932","946","-0.42 %","3,750.00"
"USLB","2024-01-23","940.8","970","922.1","950","-1.03 %","4,823.00"
"USLB","2024-01-22","924.2","959.9","924.2","959.9","1.79 %","5,116.00"
"USLB","2024-01-21","963.4","963.4","925.4","943","-4.07 %","4,258.00"
"USLB","2024-01-18","935","988","919","983","3.04 %","8,041.00"
"USLB","2024-01-17","902","977.6","897","954","4.84 %","8,028.00"
"USLB","2024-01-16","870","910","870","910","2.59 %","10,145.00"
"USLB","2024-01-14","915","915","876","887","-1.44 %","4,048.00"
"USLB","2024-01-11","833","901","816.7","900","5.88 %","6,212.00"
"USLB","2024-01-10","794","856.9","780","850","9.11 %","9,619.00"
"USLB","2024-01-09","795","795","760","779","-0.13 %","1,723.00"
"USLB","2024-01-08","764.4","788.4","752","780","0.00 %","1,432.00"
"USLB","2024-01-07","777","781.5","750","780","-1.52 %","1,321.00"
"USLB","2024-01-04","783.1","792","744","792","-0.88 %","1,209.00"
"USLB","2024-01-03","754.6","799","735","799","3.77 %","851.00"
"USLB","2024-01-02","795","795","726.2","770","-3.13 %","1,152.00"
"USLB","2024-01-01","791.5","807","764.5","794.9","2.44 %","1,977.00"
"USLB","2023-12-28","820.3","850","776","776","-7.29 %","2,538.00"
"USLB","2023-12-27","788.9","837.4","760","837","3.98 %","3,357.00"
"USLB","2023-12-24","807.8","807.8","756","805","1.64 %","3,510.00"
"USLB","2023-12-21","840","840","791","792","-7.26 %","3,505.00"
"USLB","2023-12-20","777","857","737.5","854","7.83 %","4,700.00"
"USLB","2023-12-19","718","792","703","792","10.00 %","3,042.00"
"USLB","2023-12-18","662","734","656","720","6.67 %","4,322.00"
"USLB","2023-12-17","700","700","660","675","-1.96 %","1,595.00"
"USLB","2023-12-14","721","721","656","688.5","-2.75 %","3,568.00"
"USLB","2023-12-13","690.5","733.3","658.1","708","4.42 %","1,861.00"
"USLB","2023-12-12","665","678","627.3","678","1.97 %","2,777.00"
"USLB","2023-12-11","620","670.5","615","664.9","5.99 %","4,357.00"
"USLB","2023-12-10","625","627.3","625","627.3","2.00 %","170.00"
"USLB","2023-12-07","615","639.5","591.1","615","-1.91 %","2,052.00"
"USLB","2023-12-06","597.8","627","595","627","2.79 %","2,685.00"
"USLB","2023-12-05","680","680","603","610","-8.81 %","3,673.00"
"USLB","2023-12-04","664","669","660","668.9","-0.31 %","94.00"
"USLB","2023-12-03","673.3","684.4","670","671","-2.33 %","220.00"
"USLB","2023-11-30","687","687","687","687","-1.72 %","10.00"
"USLB","2023-11-29","694","707.8","694","699","-1.27 %","216.00"
"USLB","2023-11-28","705","708","695","708","1.87 %","94.00"
"USLB","2023-11-27","695","695","695","695","0.72 %","100.00"
"USLB","2023-11-26","681","690","680","690","0.00 %","56.00"
"USLB","2023-11-23","683.4","697","683.4","690","2.99 %","119.00"
"USLB","2023-11-22","676","676","670","670","-1.47 %","208.00"
"USLB","2023-11-21","680","680.1","680","680","-1.31 %","130.00"
"USLB","2023-11-20","689.9","689.9","676.3","689","-2.12 %","143.00"
"USLB","2023-11-09","690.1","703.9","690.1","703.9","0.13 %","140.00"
"USLB","2023-11-08","715","715","703","703","-1.94 %","20.00"
"USLB","2023-11-07","703","717","703","716.9","3.90 %","330.00"
"USLB","2023-11-06","689","690","677","690","2.03 %","54.00"
"USLB","2023-11-05","676.4","676.4","676.3","676.3","-1.99 %","60.00"
"USLB","2023-11-02","690","690","690","690","0.73 %","10.00"
"USLB","2023-11-01","695.3","696","685","685","-3.44 %","80.00"
"USLB","2023-10-31","723.8","723.8","709.4","709.4","-0.04 %","64.00"
"USLB","2023-10-30","695.8","709.7","695.8","709.7","-0.04 %","69.00"
"USLB","2023-10-29","710","710","710","710","-0.77 %","24.00"
"USLB","2023-10-19","715.5","715.5","715.5","715.5","-2.00 %","10.00"
"USLB","2023-10-17","758","758","730.1","730.1","-2.00 %","585.00"
"USLB","2023-10-12","764.4","764.4","735","745","-4.49 %","291.00"
"USLB","2023-10-11","765","780","765","780","0.00 %","30.00"
"USLB","2023-10-10","765","780","750","780","0.00 %","53.00"
"USLB","2023-10-09","755","780","726","780","1.56 %","220.00"
"USLB","2023-10-05","769","769","730.1","768","1.86 %","289.00"
"USLB","2023-10-03","785","785","754","754","-3.95 %","44.00"
"USLB","2023-10-02","769.3","785","754","785","0.00 %","312.00"
"USLB","2023-10-01","734.7","785","693","785","4.72 %","194.00"
"USLB","2023-09-26","736","749.6","725","749.6","-0.05 %","142.00"
"USLB","2023-09-25","732.9","750","708","750","2.33 %","417.00"
"USLB","2023-09-24","720","734.4","720","732.9","3.52 %","833.00"
"USLB","2023-09-21","703.8","720","703.8","708","2.61 %","165.00"
"USLB","2023-09-18","690","690","690","690","0.00 %","2.00"
"USLB","2023-09-17","695","695","690","690","-1.71 %","103.00"
"USLB","2023-09-13","702","702","702","702","0.00 %","12.00"
"USLB","2023-09-12","688.6","702","688.6","702","1.95 %","253.00"
"USLB","2023-09-11","680","688.6","675.1","688.6","0.16 %","107.00"
"USLB","2023-09-10","690","690","687","687.5","0.07 %","179.00"
"USLB","2023-09-07","694","694","687","687","-1.09 %","168.00"
"USLB","2023-09-05","694","694.6","681","694.6","-1.89 %","167.00"
"USLB","2023-09-04","697.1","708","696.9","708","-0.42 %","131.00"
"USLB","2023-09-03","725","725","711","711","-1.93 %","363.00"
"USLB","2023-08-30","720.1","725","720","725","-0.68 %","846.00"
"USLB","2023-08-29","717","730","716.4","730","-0.14 %","113.00"
"USLB","2023-08-28","740","740","730","731","-1.23 %","246.00"
"USLB","2023-08-27","740","745","740","740.1","-0.52 %","229.00"
"USLB","2023-08-24","730.2","744","730.2","744","0.54 %","139.00"
"USLB","2023-08-23","749","749","740","740","-1.20 %","120.00"
"USLB","2023-08-22","735.1","749","735","749","-0.13 %","71.00"
"USLB","2023-08-21","736","750","736","750","0.00 %","121.00"
"USLB","2023-08-20","736","750","736","750","0.00 %","701.00"
"USLB","2023-08-17","751","751","741","750","0.00 %","105.00"
"USLB","2023-08-16","755","755","741.1","750","1.08 %","330.00"
"USLB","2023-08-15","750","756","741.3","742","-1.83 %","754.00"
"USLB","2023-08-14","741.1","755.8","741","755.8","0.51 %","80.00"
"USLB","2023-08-13","740.1","765","740.1","752","-0.37 %","213.00"
"USLB","2023-08-10","760","760","754.8","754.8","0.00 %","474.00"
"USLB","2023-08-09","750","754.8","735","754.8","0.68 %","111.00"
"USLB","2023-08-08","764","765","749.7","749.7","-1.38 %","60.00"
"USLB","2023-08-07","760.2","760.2","760.2","760.2","-0.89 %","45.00"
"USLB","2023-08-06","770","770","762.5","767","-0.43 %","147.00"
"USLB","2023-08-03","784","785.4","770.3","770.3","0.04 %","134.00"
"USLB","2023-08-02","770","770","770","770","0.09 %","20.00"
"USLB","2023-08-01","795","795","769.3","769.3","-3.23 %","534.00"
"USLB","2023-07-31","803","825","793.9","795","-1.85 %","376.00"
"USLB","2023-07-30","805","810","805","810","-1.22 %","60.00"
"USLB","2023-07-27","820","852.7","820","820","0.00 %","1,158.00"
"USLB","2023-07-26","810","826","810","820","1.23 %","587.00"
"USLB","2023-07-25","824.1","824.1","810","810","-3.58 %","211.00"
"USLB","2023-07-24","841","850","840.1","840.1","-0.11 %","320.00"
"USLB","2023-07-23","825","841","816","841","1.94 %","265.00"
"USLB","2023-07-20","833","840","825","825","-2.94 %","882.00"
"USLB","2023-07-19","850","850","850","850","0.00 %","58.00"
"USLB","2023-07-18","861.5","869","850","850","-0.23 %","281.00"
"USLB","2023-07-17","838","852","837","852","1.85 %","313.00"
"USLB","2023-07-16","821.9","836.5","821.9","836.5","2.00 %","210.00"
"USLB","2023-07-13","820","853.1","820","820.1","-1.19 %","314.00"
"USLB","2023-07-12","829","842","814","830","2.09 %","304.00"
"USLB","2023-07-11","795.4","813","795.4","813","0.18 %","302.00"
"USLB","2023-07-10","811.5","811.5","811.5","811.5","2.00 %","10.00"
"USLB","2023-07-09","777","795.6","776.1","795.6","0.71 %","469.00"
"USLB","2023-07-06","795","799","785","790","-1.13 %","393.00"
"USLB","2023-07-05","795","808","795","799","0.50 %","412.00"
"USLB","2023-07-04","810","810","779.5","795","-1.85 %","1,663.00"
"USLB","2023-07-03","785","816","769.3","810","1.25 %","860.00"
"USLB","2023-07-02","837.9","837.9","789","800","-6.43 %","188.00"
"USLB","2023-06-28","875","909","855","855","-2.29 %","956.00"
"USLB","2023-06-27","800","880","800","875","9.38 %","2,656.00"
"USLB","2023-06-26","780","800","770","800","4.58 %","453.00"
"USLB","2023-06-25","770","790","761","765","-1.42 %","336.00"
"USLB","2023-06-22","761","776","761","776","0.78 %","308.00"
"USLB","2023-06-21","783","783","768.5","770","-1.79 %","134.00"
"USLB","2023-06-20","790","790","784","784","-1.99 %","458.00"
"USLB","2023-06-19","800","800","785","799.9","-0.01 %","600.00"
"USLB","2023-06-18","792.6","800","792.6","800","2.95 %","318.00"
"USLB","2023-06-15","800","800","776","777.1","-1.27 %","214.00"
"USLB","2023-06-14","790","795","787.1","787.1","-0.43 %","910.00"
"USLB","2023-06-13","770","790.5","770","790.5","3.33 %","718.00"
"USLB","2023-06-12","765","779","765","765","0.00 %","787.00"
"USLB","2023-06-11","756","765","745","765","1.32 %","582.00"
"USLB","2023-06-08","745","755","745","755","0.13 %","381.00"
"USLB","2023-06-07","754","754","750","754","1.89 %","140.00"
"USLB","2023-06-06","722.4","740","722.4","740","0.68 %","229.00"
"USLB","2023-06-05","735","735.2","735","735","0.00 %","355.00"
"USLB","2023-06-04","713","735","713","735","1.10 %","153.00"
"USLB","2023-06-01","725.3","727","725.3","727","-1.76 %","119.00"
"USLB","2023-05-31","740","740","740","740","-0.59 %","10.00"
"USLB","2023-05-30","759.5","759.5","744.4","744.4","-3.95 %","140.00"
"USLB","2023-05-28","767","797","767","775","3.06 %","301.00"
"USLB","2023-05-24","751","755","747","752","0.27 %","572.00"
"USLB","2023-05-23","746.9","761","746.9","750","2.31 %","135.00"
"USLB","2023-05-22","705","748","705","733.1","3.99 %","270.00"
"USLB","2023-05-21","719","720","705","705","0.00 %","261.00"
"USLB","2023-05-18","700","705","686","705","1.00 %","144.00"
"USLB","2023-05-17","684.1","698","672","698","0.00 %","1,146.00"
"USLB","2023-05-16","699","699","677.5","698","1.01 %","64.00"
"USLB","2023-05-15","680","691","680","691","0.00 %","328.00"
"USLB","2023-05-14","691","691","691","691","-0.29 %","49.00"
"USLB","2023-05-10","695","700","693","693","-0.04 %","135.00"
"USLB","2023-05-09","693.6","707.4","693.3","693.3","1.96 %","322.00"
"USLB","2023-05-08","678","681","678","680","-0.72 %","128.00"
"USLB","2023-05-07","674","698.8","665","684.9","-0.03 %","454.00"
"USLB","2023-05-04","670","685.1","659","685.1","0.60 %","310.00"
"USLB","2023-05-03","683","694.8","681","681","-0.03 %","251.00"
"USLB","2023-04-30","681.1","685","680","681.2","-1.70 %","83.00"
"USLB","2023-04-27","691","693","691","693","-1.16 %","67.00"
"USLB","2023-04-26","715","715","701.1","701.1","-1.94 %","279.00"
"USLB","2023-04-25","706","715","705","715","-0.56 %","600.00"
"USLB","2023-04-24","719","719","719","719","0.00 %","208.00"
"USLB","2023-04-23","719","719","719","719","-0.13 %","1,888.00"
"USLB","2023-04-20","700","719.9","700","719.9","1.82 %","69.00"
"USLB","2023-04-19","695","707","695","707","2.17 %","45.00"
"USLB","2023-04-18","696","734","692","692","-1.98 %","484.00"
"USLB","2023-04-17","723.3","723.3","706","706","-4.34 %","316.00"
"USLB","2023-04-16","715.2","738","711","738","1.72 %","737.00"
"USLB","2023-04-13","724.2","740","710","725.5","2.18 %","346.00"
"USLB","2023-04-12","683.4","720","683.4","710","5.97 %","150.00"
"USLB","2023-04-11","666","673.2","660","670","0.60 %","100.00"
"USLB","2023-04-10","664","690","664","666","-1.62 %","288.00"
"USLB","2023-04-09","675","688.5","675","677","-1.48 %","64.00"
"USLB","2023-04-06","687.2","690.3","687.1","687.2","-1.93 %","301.00"
"USLB","2023-04-05","687","700.7","687","700.7","0.10 %","106.00"
"USLB","2023-04-04","705","705","700","700","-2.64 %","69.00"
"USLB","2023-04-03","696.1","719","681","719","1.27 %","580.00"
"USLB","2023-04-02","715","715","703","710","-0.70 %","93.00"
"USLB","2023-03-30","722","722","711","715","0.86 %","240.00"
"USLB","2023-03-29","698","708.9","690.9","708.9","1.56 %","244.00"
"USLB","2023-03-28","690","703","690","698","1.69 %","274.00"
"USLB","2023-03-27","714","714","673","686.4","-1.94 %","455.00"
"USLB","2023-03-26","698","700","674.4","700","-1.55 %","406.00"
"USLB","2023-03-23","735","735","708.1","711","-1.39 %","495.00"
"USLB","2023-03-22","724.3","737","721","721","-2.44 %","213.00"
"USLB","2023-03-20","711","739","711","739","2.17 %","217.00"
"USLB","2023-03-19","730","738","715","723.3","-2.12 %","239.00"
"USLB","2023-03-16","752","752","739","739","-0.40 %","22.00"
"USLB","2023-03-15","720","742","717","742","1.64 %","148.00"
"USLB","2023-03-14","717","730","716","730","0.00 %","1,058.00"
"USLB","2023-03-13","726","730","716","730","-1.35 %","65.00"
"USLB","2023-03-12","765","779.9","736","740","-4.52 %","655.00"
"USLB","2023-03-09","755","790","755","775","2.30 %","274.00"
"USLB","2023-03-07","772","789.5","757.6","757.6","-0.18 %","222.00"
"USLB","2023-03-05","773","773","745","759","-3.68 %","488.00"
"USLB","2023-03-02","784","790","768","788","-1.50 %","1,100.00"
"USLB","2023-03-01","830","830","795","800","-5.44 %","678.00"
"USLB","2023-02-28","839","846","839","846","0.83 %","21.00"
"USLB","2023-02-27","821","842","820","839","3.27 %","489.00"
"USLB","2023-02-26","780.6","812.4","717","812.4","2.00 %","2,666.00"
"USLB","2023-02-23","870","870","796.5","796.5","-10.00 %","2,786.00"
"USLB","2023-02-22","886","890","885","885","0.00 %","263.00"
"USLB","2023-02-20","886","886","885","885","-1.67 %","209.00"
"USLB","2023-02-16","908","911","900","900","-0.78 %","74.00"
"USLB","2023-02-15","908","915","907","907.1","-1.94 %","364.00"
"USLB","2023-02-14","914.5","925","914.5","925","-0.87 %","525.00"
"USLB","2023-02-12","960","960","933.1","933.1","-2.80 %","171.00"
"USLB","2023-02-09","978","978","959","960","0.00 %","202.00"
"USLB","2023-02-08","957","976.1","957","960","-1.54 %","100.00"
"USLB","2023-02-07","959","975","944","975","3.28 %","332.00"
"USLB","2023-02-06","932","963","930","944","-0.13 %","233.00"
"USLB","2023-02-05","945","962.9","945","945.2","-1.54 %","161.00"
"USLB","2023-02-02","930","967.5","930","960","1.59 %","199.00"
"USLB","2023-02-01","960","960","936","945","-2.58 %","265.00"
"USLB","2023-01-31","960","985","951","970","0.00 %","573.00"
"USLB","2023-01-30","965","984.3","965","970","-1.41 %","645.00"
"USLB","2023-01-29","984","984","980","983.9","-0.01 %","360.00"
"USLB","2023-01-26","980","1000","967","984","0.41 %","1,190.00"
"USLB","2023-01-25","945.1","985","930","980","3.69 %","177.00"
"USLB","2023-01-24","951","960","943","945.1","-1.78 %","531.00"
"USLB","2023-01-23","995.4","995.4","962.2","962.2","-1.41 %","472.00"
"USLB","2023-01-19","1009.8","1009.8","976","976","-1.41 %","689.00"
"USLB","2023-01-18","1011","1019","990","990","-2.94 %","1,492.00"
"USLB","2023-01-17","1010","1020","998.1","1020","0.50 %","913.00"
"USLB","2023-01-12","1036.2","1076","995.1","1014.9","-2.05 %","1,608.00"
"USLB","2023-01-10","1040","1070","1036.1","1036.1","0.40 %","1,208.00"
"USLB","2023-01-09","1050","1050","1029","1032","-1.12 %","1,065.00"
"USLB","2023-01-08","1045","1064.8","1021","1043.7","-1.55 %","1,895.00"
"USLB","2023-01-05","1055","1085","1055","1060.1","1.93 %","1,330.00"
"USLB","2023-01-04","968","1040","957","1040","8.00 %","1,476.00"
"USLB","2023-01-03","969.6","980","960.4","963","1.30 %","1,253.00"
"USLB","2023-01-02","932.1","950.6","932","950.6","2.00 %","612.00"
"USLB","2023-01-01","945","963.9","927","932","0.51 %","1,140.00"
"USLB","2022-12-29","928","928","902.3","927.3","0.91 %","337.00"
"USLB","2022-12-28","884","918.9","884","918.9","1.87 %","643.00"
"USLB","2022-12-27","904","904.7","894","902","1.69 %","609.00"
"USLB","2022-12-26","907.6","907.6","885","887","-0.33 %","147.00"
"USLB","2022-12-22","889.9","889.9","889.9","889.9","1.68 %","14.00"
"USLB","2022-12-21","900","900","875.2","875.2","-0.82 %","348.00"
"USLB","2022-12-20","865","882.4","865","882.4","2.01 %","64.00"
"USLB","2022-12-19","882","882","865","865","-3.78 %","112.00"
"USLB","2022-12-18","884","901.4","884","899","3.52 %","31.00"
"USLB","2022-12-15","868","869","868","868.4","-1.88 %","99.00"
"USLB","2022-12-14","870.1","885","863","885","1.71 %","138.00"
"USLB","2022-12-13","871","875.1","853.1","870.1","-1.91 %","866.00"
"USLB","2022-12-12","883","887","883","887","2.07 %","152.00"
"USLB","2022-12-11","885","885.1","868","869","-3.44 %","395.00"
"USLB","2022-12-07","901","901","890","900","1.81 %","392.00"
"USLB","2022-12-06","884","884","884","884","0.45 %","10.00"
"USLB","2022-12-05","880","880","880","880","-1.68 %","50.00"
"USLB","2022-12-04","875","900","875","895","1.02 %","519.00"
"USLB","2022-12-01","888","888","880.3","886","-0.45 %","165.00"
"USLB","2022-11-30","888.1","890","888.1","890","0.79 %","24.00"
"USLB","2022-11-29","901","901","880","883","-0.37 %","956.00"
"USLB","2022-11-28","900","901","883","886.3","-3.14 %","306.00"
"USLB","2022-11-27","907.8","915","858","915","2.81 %","1,058.00"
"USLB","2022-11-24","874","890","874","890","-0.11 %","407.00"
"USLB","2022-11-23","891","892","891","891","0.68 %","148.00"
"USLB","2022-11-22","918","918","885","885","-1.67 %","618.00"
"USLB","2022-11-17","900","900","900","900","1.69 %","10.00"
"USLB","2022-11-16","885","885","885","885","0.00 %","41.00"
"USLB","2022-11-15","874","890","874","885","1.26 %","83.00"
"USLB","2022-11-14","861","878","861","874","-0.11 %","356.00"
"USLB","2022-11-13","878","885","875","875","-0.91 %","457.00"
"USLB","2022-11-10","901","918","883","883","-2.00 %","267.00"
"USLB","2022-11-09","921","927","901","901","-3.12 %","464.00"
"USLB","2022-11-08","925","939","923","930","-1.06 %","85.00"
"USLB","2022-11-07","958.1","1016","940","940","-1.47 %","2,189.00"
"USLB","2022-11-06","885.3","954.8","885.3","954","9.91 %","1,900.00"
"USLB","2022-11-03","885","887","868","868","-3.42 %","318.00"
"USLB","2022-11-02","898.7","916.6","898.7","898.7","2.00 %","102.00"
"USLB","2022-11-01","860","890","860","881.1","0.70 %","172.00"
"USLB","2022-10-31","890","890","875","875","-1.69 %","20.00"
"USLB","2022-10-23","868","890","868","890","2.42 %","86.00"
"USLB","2022-10-20","870","887.4","869","869","-1.53 %","509.00"
"USLB","2022-10-19","874.1","891","874","882.5","-0.95 %","95.00"
"USLB","2022-10-17","900","900","890","891","-1.66 %","129.00"
"USLB","2022-10-16","890","906","890","906","1.00 %","36.00"
"USLB","2022-10-13","880","897","880","897","0.90 %","34.00"
"USLB","2022-10-12","920","920","885","885","-1.88 %","340.00"
"USLB","2022-10-11","920","920","902","902","-1.74 %","300.00"
"USLB","2022-10-10","900","936","900","918","2.68 %","359.00"
"USLB","2022-10-09","875","895","875","894","2.17 %","74.00"
"USLB","2022-09-29","896.5","914","875","875","-0.46 %","276.00"
"USLB","2022-09-28","907","907","878.6","879","-1.24 %","232.00"
"USLB","2022-09-27","894.6","894.6","880","890","1.47 %","339.00"
"USLB","2022-09-25","881","882","877.1","877.1","-2.00 %","332.00"
"USLB","2022-09-22","905","905","895","895","-1.10 %","197.00"
"USLB","2022-09-21","920","920","905","905","-0.55 %","208.00"
"USLB","2022-09-20","930","930","858.7","910","-3.19 %","551.00"
"USLB","2022-09-18","958.4","958.4","940","940","-3.88 %","87.00"
"USLB","2022-09-16","931","977.9","925","977.9","2.94 %","408.00"
"USLB","2022-09-15","962.1","975","950","950","-1.26 %","1,055.00"
"USLB","2022-09-14","988","1006","962.1","962.1","-0.81 %","360.00"
"USLB","2022-09-13","957","970","950","970","3.19 %","225.00"
"USLB","2022-09-12","940.8","954","936","940","-2.08 %","245.00"
"USLB","2022-09-11","990.4","990.4","960","960","-1.13 %","144.00"
"USLB","2022-09-08","989","989","970","971","-1.82 %","489.00"
"USLB","2022-09-07","1021.2","1022","965","989","-5.09 %","991.00"
"USLB","2022-09-06","935.3","1045","920","1042","9.68 %","897.00"
"USLB","2022-09-05","980","980","942.1","950","-2.56 %","153.00"
"USLB","2022-09-04","955.7","975","938","975","4.06 %","275.00"
"USLB","2022-09-02","912.6","986.7","912.6","937","0.62 %","370.00"
"USLB","2022-09-01","962.8","981.8","931.2","931.2","-1.36 %","174.00"
"USLB","2022-08-31","911","983.1","911","944","1.61 %","836.00"
"USLB","2022-08-30","948","948","911.4","929","-0.11 %","556.00"
"USLB","2022-08-29","931","960","912.4","930","-2.11 %","722.00"
"USLB","2022-08-28","971","975","933","950","-4.04 %","1,856.00"
"USLB","2022-08-26","981.5","999","981.5","990","-1.00 %","686.00"
"USLB","2022-08-25","1006","1006","999","1000","-0.66 %","194.00"
"USLB","2022-08-24","1002","1024","1002","1006.6","0.46 %","661.00"
"USLB","2022-08-23","1039.3","1040","1000","1002","-1.67 %","582.00"
"USLB","2022-08-22","1010","1019","1001","1019","0.89 %","75.00"
"USLB","2022-08-21","1021","1061.8","1000","1010","0.90 %","1,709.00"
"USLB","2022-08-18","1000","1020","995","1001","0.10 %","452.00"
"USLB","2022-08-17","1020","1037.9","1000","1000","0.00 %","263.00"
"USLB","2022-08-16","1025","1025","1000","1000","-0.50 %","240.00"
"USLB","2022-08-15","994.9","1043","994.9","1005","2.13 %","891.00"
"USLB","2022-08-14","981.2","985","981.1","984","-1.60 %","443.00"
"USLB","2022-08-11","1025","1035","990.1","1000","-2.91 %","2,121.00"
"USLB","2022-08-10","1025","1035","1024.2","1030","-1.44 %","414.00"
"USLB","2022-08-09","1106","1106","1045","1045.1","-3.68 %","705.00"
"USLB","2022-08-08","1080","1159.9","1076","1085","0.42 %","794.00"
"USLB","2022-08-07","1067","1100","1066.3","1080.5","-0.41 %","280.00"
"USLB","2022-08-05","1075","1097","1075","1084.9","0.86 %","526.00"
"USLB","2022-08-04","1097.6","1100","1075.7","1075.7","-3.53 %","385.00"
"USLB","2022-08-03","1100","1133","1082.9","1115.1","0.91 %","1,156.00"
"USLB","2022-08-02","1111","1121","1100","1105","-0.54 %","397.00"
"USLB","2022-08-01","1111","1133.2","1090","1111","-1.93 %","1,673.00"
"USLB","2022-07-31","1154.9","1155","1120","1132.9","-0.63 %","2,053.00"
"USLB","2022-07-29","1132","1157","1132","1140.1","2.43 %","858.00"
"USLB","2022-07-28","1111","1150","1111","1113.1","2.12 %","2,700.00"
"USLB","2022-07-27","1099.9","1107.9","1080","1090","-0.91 %","1,201.00"
"USLB","2022-07-26","1112.5","1148.9","1090","1100","-3.10 %","1,772.00"
"USLB","2022-07-25","1050","1144","1050","1135.2","9.15 %","1,331.00"
"USLB","2022-07-24","1012","1052","1007","1040","2.77 %","2,116.00"
"USLB","2022-07-22","1010","1020","1010","1012","-1.27 %","590.00"
"USLB","2022-07-21","1020","1030","1020","1025","0.39 %","362.00"
"USLB","2022-07-20","1020","1030","1020","1021","-1.83 %","137.00"
"USLB","2022-07-19","1040.4","1040.4","1040","1040","1.96 %","391.00"
"USLB","2022-07-18","1010","1040","999.6","1020","0.00 %","651.00"
"USLB","2022-07-17","1000","1020","995","1020","2.00 %","709.00"
"USLB","2022-07-15","1000","1000","1000","1000","0.10 %","30.00"
"USLB","2022-07-14","1010","1010","970","999","0.60 %","713.00"
"USLB","2022-07-13","974.1","993","974.1","993","1.94 %","586.00"
"USLB","2022-07-12","955","974.1","955","974.1","2.00 %","76.00"
"USLB","2022-07-11","965","975","955","955","-2.55 %","257.00"
"USLB","2022-07-08","1000","1000","980","980","-3.92 %","179.00"
"USLB","2022-07-07","1005.1","1025","1000","1020","0.00 %","1,009.00"
"USLB","2022-07-06","1020","1020","1000.6","1020","-0.10 %","282.00"
"USLB","2022-07-05","1050","1050","993.3","1021","-3.22 %","1,143.00"
"USLB","2022-07-04","1077","1095","1055","1055","-1.86 %","1,225.00"
"USLB","2022-07-03","1040","1079","1035","1075","3.56 %","1,972.00"
"USLB","2022-07-01","1078","1080","1038","1038","-1.83 %","900.00"
"USLB","2022-06-30","1010","1059.9","995.1","1057.4","5.00 %","1,273.00"
"USLB","2022-06-29","979.2","1015","978.8","1007","4.90 %","1,161.00"
"USLB","2022-06-28","908.8","974","908.8","960","7.74 %","982.00"
"USLB","2022-06-27","1004.9","1020","891","891","-10.00 %","2,327.00"
"USLB","2022-06-26","973.7","1011.9","973.7","990","3.70 %","1,049.00"
"USLB","2022-06-24","917.3","954.7","900","954.7","2.00 %","559.00"
"USLB","2022-06-23","954","973","922","936","0.07 %","640.00"
"USLB","2022-06-22","950","950","935.1","935.3","-1.08 %","209.00"
"USLB","2022-06-21","922","958","922","945.5","1.89 %","667.00"
"USLB","2022-06-20","945","950","926.2","928","-3.73 %","456.00"
"USLB","2022-06-19","965","965","946.1","964","-1.63 %","904.00"
"USLB","2022-06-17","984.3","990.4","971","980","1.55 %","435.00"
"USLB","2022-06-16","975","981","965","965","-0.92 %","238.00"
"USLB","2022-06-15","975","975","955.5","974","-0.14 %","769.00"
"USLB","2022-06-14","1000","1010","975.4","975.4","-3.90 %","1,894.00"
"USLB","2022-06-13","1021","1041.4","1015","1015","-2.40 %","1,075.00"
"USLB","2022-06-10","1034","1054","1034","1040","-1.42 %","605.00"
"USLB","2022-06-09","1087","1102","1050","1055","-2.94 %","548.00"
"USLB","2022-06-08","1000","1091.2","981","1087","9.28 %","1,449.00"
"USLB","2022-06-07","1035","1035","994.7","994.7","-2.77 %","722.00"
"USLB","2022-06-06","1011","1030","1011","1023","-0.20 %","268.00"
"USLB","2022-06-03","1068","1068","1025","1025","-4.65 %","1,455.00"
"USLB","2022-06-02","1115","1115","1075","1075","-4.87 %","390.00"
"USLB","2022-06-01","1100","1130","1093.7","1130","1.25 %","80.00"
"USLB","2022-05-31","1145","1145","1103","1116","-2.53 %","505.00"
"USLB","2022-05-30","1178","1178","1132","1145","-0.87 %","266.00"
"USLB","2022-05-27","1173","1243.2","1155.1","1155.1","0.44 %","2,236.00"
"USLB","2022-05-26","1145","1150","1145","1150","0.09 %","571.00"
"USLB","2022-05-25","1130","1149","1130","1149","2.04 %","231.00"
"USLB","2022-05-24","1135","1140","1126","1126","-0.79 %","467.00"
"USLB","2022-05-23","1162","1162","1113","1135","-3.98 %","808.00"
"USLB","2022-05-20","1210","1210","1182","1182","-2.31 %","418.00"
"USLB","2022-05-19","1200","1210","1198","1210","-0.98 %","229.00"
"USLB","2022-05-18","1195","1222","1195","1222","0.01 %","321.00"
"USLB","2022-05-17","1239.7","1240","1215","1215","-3.95 %","965.00"
"USLB","2022-05-12","1310","1310","1265","1265","-2.69 %","183.00"
"USLB","2022-05-11","1240","1300","1217.1","1300","4.84 %","415.00"
"USLB","2022-05-10","1246.6","1255","1197.3","1240","-2.52 %","4,053.00"
"USLB","2022-05-09","1220","1293","1220","1272","6.27 %","428.00"
"USLB","2022-05-08","1233.9","1233.9","1193.1","1197","-4.92 %","439.00"
"USLB","2022-05-05","1310","1330","1225","1259","-2.02 %","1,029.00"
"USLB","2022-05-04","1280","1285","1280","1285","-1.53 %","39.00"
"USLB","2022-05-02","1315.2","1315.2","1295","1305","-2.76 %","406.00"
"USLB","2022-04-28","1350","1350","1342","1342","0.00 %","144.00"
"USLB","2022-04-27","1334","1342","1334","1342","0.56 %","272.00"
"USLB","2022-04-26","1360","1371","1318.2","1334.5","-0.78 %","248.00"
"USLB","2022-04-25","1345","1351.1","1345","1345","-1.97 %","138.00"
"USLB","2022-04-24","1294","1372","1294","1372","3.94 %","519.00"
"USLB","2022-04-21","1289","1320","1289","1320","0.38 %","72.00"
"USLB","2022-04-20","1350","1350","1315","1315","-4.36 %","116.00"
"USLB","2022-04-19","1334","1375","1332.8","1375","1.10 %","330.00"
"USLB","2022-04-18","1364","1390.1","1314","1360","-0.29 %","284.00"
"USLB","2022-04-17","1320","1364","1311.1","1364","3.33 %","59.00"
"USLB","2022-04-13","1301","1320","1301","1320","1.46 %","128.00"
"USLB","2022-04-12","1320","1320","1300","1301","-1.44 %","224.00"
"USLB","2022-04-11","1347.4","1374.3","1320","1320","-0.08 %","246.00"
"USLB","2022-04-07","1320","1335","1300","1321","0.38 %","189.00"
"USLB","2022-04-06","1340","1340","1315","1316","-2.66 %","286.00"
"USLB","2022-04-05","1365","1365","1339","1352","-2.73 %","240.00"
"USLB","2022-04-04","1381","1401","1381","1390","0.35 %","134.00"
"USLB","2022-04-03","1410","1410","1383","1385.2","-1.76 %","94.00"
"USLB","2022-03-31","1396","1410","1396","1410","0.21 %","158.00"
"USLB","2022-03-30","1400","1407","1380","1407","1.96 %","164.00"
"USLB","2022-03-29","1396","1400","1377","1380","-1.15 %","187.00"
"USLB","2022-03-28","1440","1445","1396","1396","-2.04 %","744.00"
"USLB","2022-03-27","1435","1445","1425","1425","-0.43 %","229.00"
"USLB","2022-03-24","1431.1","1431.1","1431.1","1431.1","-1.04 %","10.00"
"USLB","2022-03-23","1480","1480","1440","1446.1","-2.29 %","287.00"
"USLB","2022-03-22","1455.2","1484.3","1455.2","1480","0.82 %","180.00"
"USLB","2022-03-21","1490","1490","1461","1468","-0.81 %","117.00"
"USLB","2022-03-20","1461.1","1480.1","1461","1480","-0.67 %","324.00"
"USLB","2022-03-16","1495","1495","1470","1490","0.00 %","81.00"
"USLB","2022-03-15","1515","1515","1485","1490","-1.65 %","203.00"
"USLB","2022-03-13","1456.5","1516","1456.5","1515","6.07 %","684.00"
"USLB","2022-03-10","1375","1430.5","1375","1428.3","3.88 %","518.00"
"USLB","2022-03-09","1399","1402","1375","1375","-1.08 %","236.00"
"USLB","2022-03-07","1435","1435","1387","1390","-1.25 %","579.00"
"USLB","2022-03-06","1423","1425","1380","1407.6","-1.08 %","742.00"
"USLB","2022-03-02","1451","1458","1423","1423","-3.85 %","760.00"
"USLB","2022-02-28","1499.4","1499.4","1469.5","1480","-3.27 %","102.00"
"USLB","2022-02-27","1530","1530","1530","1530","1.53 %","10.00"
"USLB","2022-02-24","1505","1510","1485","1507","0.13 %","455.00"
"USLB","2022-02-23","1512","1520","1501","1505","-0.46 %","93.00"
"USLB","2022-02-22","1544","1544","1509.2","1512","-0.13 %","108.00"
"USLB","2022-02-21","1515.6","1530","1486.1","1514","1.88 %","410.00"
"USLB","2022-02-20","1477","1498","1477","1486","-1.26 %","157.00"
"USLB","2022-02-17","1494","1523","1494","1505","-0.99 %","159.00"
"USLB","2022-02-16","1545","1545","1520","1520","-1.30 %","161.00"
"USLB","2022-02-15","1495","1540","1485","1540","3.01 %","475.00"
"USLB","2022-02-14","1500","1525","1490","1495","-1.52 %","930.00"
"USLB","2022-02-13","1550","1550","1515.1","1518","-3.86 %","663.00"
"USLB","2022-02-10","1566","1587","1566","1579","-0.13 %","192.00"
"USLB","2022-02-09","1605","1606","1581","1581","-1.19 %","244.00"
"USLB","2022-02-08","1610","1610","1600","1600","0.00 %","50.00"
"USLB","2022-02-07","1600","1620","1600","1605","0.00 %","264.00"
"USLB","2022-02-06","1625","1630","1605","1605","-1.89 %","525.00"
"USLB","2022-02-03","1698","1698","1635","1636","-1.74 %","344.00"
"USLB","2022-02-01","1650","1665","1650","1665","1.52 %","968.00"
"USLB","2022-01-31","1693.2","1761","1630","1640","-1.20 %","1,033.00"
"USLB","2022-01-30","1622.8","1660","1622","1660","4.34 %","875.00"
"USLB","2022-01-27","1599.9","1600","1566","1591","-0.31 %","1,406.00"
"USLB","2022-01-26","1600","1600","1568","1596","-0.25 %","467.00"
"USLB","2022-01-25","1603","1635","1590","1600","-2.14 %","2,723.00"
"USLB","2022-01-24","1690","1690","1631","1635","-3.76 %","476.00"
"USLB","2022-01-23","1695","1700","1635.1","1698.8","1.85 %","995.00"
"USLB","2022-01-20","1640","1669","1640","1668","-0.12 %","702.00"
"USLB","2022-01-19","1700","1700","1670","1670","-1.76 %","366.00"
"USLB","2022-01-18","1750","1750","1662.1","1700","-1.16 %","766.00"
"USLB","2022-01-17","1740","1750","1703","1720","-1.15 %","1,321.00"
"USLB","2022-01-16","1679.9","1786","1651","1740","3.58 %","619.00"
"USLB","2022-01-13","1655","1679.9","1650","1679.9","2.43 %","634.00"
"USLB","2022-01-12","1660","1692","1638","1640","-1.20 %","1,548.00"
"USLB","2022-01-11","1595","1660","1590","1660","4.08 %","3,064.00"
"USLB","2022-01-10","1570","1597","1561","1595","0.19 %","1,203.00"
"USLB","2022-01-09","1575","1619","1566","1592","1.47 %","3,356.00"
"USLB","2022-01-06","1565","1577","1544","1569","1.29 %","2,088.00"
"USLB","2022-01-05","1530.2","1549","1507.1","1549","-0.64 %","890.00"
"USLB","2022-01-04","1548","1559","1531.1","1559","1.60 %","330.00"
"USLB","2022-01-04","1548","1559","1540","1559","1.60 %","10.00"
"USLB","2022-01-03","1587","1587","1534.4","1534.4","-1.39 %","1,096.00"
"USLB","2022-01-02","1469","1556","1442","1556","6.36 %","2,440.00"
"USLB","2021-12-29","1491","1525","1459.5","1463","-1.71 %","2,053.00"
"USLB","2021-12-28","1905","1946.1","1881.5","1935","1.42 %","4,962.00"
"USLB","2021-12-27","1925","1957.3","1882","1908","-0.57 %","1,661.00"
"USLB","2021-12-26","1892.1","1929.8","1891","1919","3.45 %","1,707.00"
"USLB","2021-12-23","1839","1887","1813","1855","0.98 %","3,199.00"
"USLB","2021-12-22","1721","1837","1721","1837","5.70 %","1,947.00"
"USLB","2021-12-21","1685","1738","1680","1738","4.07 %","1,291.00"
"USLB","2021-12-20","1655","1700","1652","1670","2.77 %","1,387.00"
"USLB","2021-12-16","1734","1734","1625","1625","-4.41 %","1,967.00"
"USLB","2021-12-15","1786.2","1855","1695.5","1700","-2.92 %","2,923.00"
"USLB","2021-12-14","1623","1751.2","1617","1751.2","10.00 %","348.00"
"USLB","2021-12-13","1616","1654","1581.1","1592","-3.22 %","1,615.00"
"USLB","2021-12-12","1712","1730","1645","1645","-5.73 %","2,595.00"
"USLB","2021-12-09","1750","1755.4","1702","1745","1.39 %","1,471.00"
"USLB","2021-12-08","1771","1771","1721","1721","-0.93 %","1,205.00"
"USLB","2021-12-07","1820","1860","1737.2","1737.2","-4.18 %","1,941.00"
"USLB","2021-12-06","1815","1815","1746","1813","-0.14 %","4,257.00"
"USLB","2021-12-05","1885","1885","1780","1815.6","-3.68 %","1,662.00"
"USLB","2021-12-02","1940","1940","1885","1885","-3.83 %","2,071.00"
"USLB","2021-12-01","1968","2009","1900","1960","1.50 %","3,054.00"
"USLB","2021-11-30","1979","1979","1930","1931.1","-0.47 %","671.00"
"USLB","2021-11-29","2023","2023","1940.3","1940.3","-3.96 %","1,968.00"
"USLB","2021-11-28","2091","2100.1","2020","2020.2","-5.29 %","1,700.00"
"USLB","2021-11-25","2170","2170","2130","2133","-2.60 %","1,386.00"
"USLB","2021-11-24","2195.5","2200","2140.3","2190","-2.23 %","1,877.00"
"USLB","2021-11-23","2241","2245","2240","2240","-1.80 %","696.00"
"USLB","2021-11-22","2270.1","2285","2245","2281","0.48 %","619.00"
"USLB","2021-11-21","2275","2300","2224.6","2270","0.00 %","1,737.00"
"USLB","2021-11-18","2297","2297","2209.9","2270","-1.18 %","1,353.00"
"USLB","2021-11-17","2267.5","2297","2265","2297","-0.13 %","1,108.00"
"USLB","2021-11-16","2252","2338","2240","2300","0.22 %","3,002.00"
"USLB","2021-11-15","2217","2295","2215","2295","1.73 %","1,021.00"
"USLB","2021-11-14","2256","2256","2171","2256","0.00 %","3,345.00"
"USLB","2021-11-11","2291.4","2333","2256","2256","-3.51 %","2,253.00"
"USLB","2021-11-09","2356","2373","2310","2338","-2.75 %","2,625.00"
"USLB","2021-11-08","2383.1","2425","2382","2404","-1.07 %","730.00"
"USLB","2021-11-03","2447","2447","2371","2430","0.58 %","1,921.00"
"USLB","2021-11-02","2479","2479","2349","2415.9","-1.18 %","2,613.00"
"USLB","2021-11-01","2547","2547","2400","2444.8","-2.13 %","4,477.00"
"USLB","2021-10-31","2344.9","2520","2344.9","2498","8.66 %","11,006.00"
"USLB","2021-10-28","2242.9","2300.1","2166","2299","4.55 %","3,908.00"
"USLB","2021-10-27","2100","2199","2071","2199","4.47 %","2,455.00"
"USLB","2021-10-26","2017.9","2142","2017.9","2105","2.23 %","552.00"
"USLB","2021-10-25","1901","2102","1900","2059","7.68 %","482.00"
"USLB","2021-10-24","1940","1948","1911.2","1912.1","0.06 %","208.00"
"USLB","2021-10-21","1932","1950","1911","1911","-1.04 %","980.00"
"USLB","2021-10-20","1968.6","2080","1930","1931","0.05 %","273.00"
"USLB","2021-10-19","2003.2","2003.2","1850","1930","-5.58 %","280.00"
"USLB","2021-10-18","2037","2070.9","1975","2044","-1.64 %","165.00"
"USLB","2021-10-17","2089","2078","2050","2078","-0.53 %","25.00"
"USLB","2021-10-11","2100","2100","2030","2089","-2.38 %","314.00"
"USLB","2021-10-10","2139.9","2226","2058","2139.9","2.00 %","1,704.00"
"USLB","2021-10-06","1953.3","2106.5","1953.3","2098","9.56 %","1,603.00"
"USLB","2021-10-05","1851.3","1915","1849","1915","5.51 %","506.00"
"USLB","2021-10-04","1745","1835","1745","1815","6.08 %","1,374.00"
"USLB","2021-10-03","1700","1765","1700","1711","-0.64 %","475.00"
"USLB","2021-09-30","1755","1893.1","1722","1722","0.06 %","766.00"
"USLB","2021-09-29","1745","1750","1721","1721","0.06 %","259.00"
"USLB","2021-09-28","1763","1763","1696","1720","-4.34 %","1,185.00"
"USLB","2021-09-27","1843","1843.5","1772","1798","-4.29 %","439.00"
"USLB","2021-09-26","1917","1956","1878.6","1878.6","-3.96 %","608.00"
"USLB","2021-09-23","1994","1994","1956","1956","0.05 %","290.00"
"USLB","2021-09-22","1917","1960","1917","1955","3.99 %","411.00"
"USLB","2021-09-21","1835","1890","1835","1880","0.48 %","1,080.00"
"USLB","2021-09-20","1862","1900","1862","1871","-1.53 %","2,222.00"
"USLB","2021-09-16","1971.8","1971.8","1894.5","1900","-4.62 %","1,282.00"
"USLB","2021-09-15","2009","2011","1991","1992","-0.85 %","374.00"
"USLB","2021-09-14","2020","2039","2009","2009","-2.00 %","578.00"
"USLB","2021-09-13","2020","2064.4","2020","2050","1.28 %","341.00"
"USLB","2021-09-12","2040","2050","2005","2024","0.95 %","419.00"
"USLB","2021-09-09","1986","2010","1986","2005","1.42 %","496.00"
"USLB","2021-09-08","2039","2039","1971","1977","-1.40 %","529.00"
"USLB","2021-09-07","2060","2060","2000","2005","-4.02 %","494.00"
"USLB","2021-09-06","2064","2100","1991","2089","3.11 %","1,974.00"
"USLB","2021-09-05","2105","2105","2023","2026","-5.64 %","594.00"
"USLB","2021-09-02","2100","2147","2100","2147","0.28 %","521.00"
"USLB","2021-09-01","2108","2192","2108","2141","-0.38 %","1,023.00"
"USLB","2021-08-31","2130","2150","2100","2149.2","0.90 %","1,261.00"
"USLB","2021-08-29","2215","2215","2130","2130","-3.84 %","2,267.00"
"USLB","2021-08-26","2206.1","2235","2206.1","2215","-1.56 %","666.00"
"USLB","2021-08-25","2260","2260","2219","2250","-0.57 %","276.00"
"USLB","2021-08-24","2213","2263","2212","2263","0.62 %","258.00"
"USLB","2021-08-19","2250","2250","2221","2249","0.42 %","803.00"
"USLB","2021-08-18","2238.9","2268","2215.1","2239.5","0.65 %","1,035.00"
"USLB","2021-08-17","2221","2226","2201","2225","-1.46 %","973.00"
"USLB","2021-08-16","2221","2263.9","2219.4","2258","-0.29 %","3,025.00"
"USLB","2021-08-15","2259.4","2265","2215","2264.6","2.23 %","2,094.00"
"USLB","2021-08-12","2276","2250","2200","2215.1","-2.68 %","2,661.00"
"USLB","2021-08-11","2248","2280","2205.5","2276","-0.74 %","844.00"
"USLB","2021-08-10","2250","2293","2210","2293","1.91 %","2,352.00"
"USLB","2021-08-09","2251","2277","2236","2250","-1.27 %","689.00"
"USLB","2021-08-08","2290","2292","2253","2279","-1.96 %","1,602.00"
"USLB","2021-08-05","2350","2350","2285","2324.5","-1.92 %","1,213.00"
"USLB","2021-08-04","2405","2405.1","2365","2370","-1.04 %","5,202.00"
"USLB","2021-08-03","2386","2425","2340","2395","2.35 %","5,352.00"
"USLB","2021-08-02","2305","2340","2298","2340","1.52 %","1,278.00"
"USLB","2021-08-01","2290","2334","2290","2305","0.66 %","773.00"
"USLB","2021-07-29","2300","2310","2270","2290","-0.22 %","443.00"
"USLB","2021-07-28","2250","2385","2250","2295","2.45 %","1,213.00"
"USLB","2021-07-27","2303","2303","2220","2240.1","-4.68 %","4,224.00"
"USLB","2021-07-26","2280","2397","2280","2350","2.66 %","3,656.00"
"USLB","2021-07-25","2250","2295","2250","2289","0.44 %","922.00"
"USLB","2021-07-22","2292","2292","2250","2279","-0.61 %","179.00"
"USLB","2021-07-20","2252","2340","2217","2293","-0.17 %","229.00"
"USLB","2021-07-19","2370","2370","2262","2297","-1.37 %","790.00"
"USLB","2021-07-18","2270","2375","2229","2329","3.79 %","2,753.00"
"USLB","2021-07-15","2220","2250","2200","2244","-0.27 %","889.00"
"USLB","2021-07-13","2250","2250","2220","2250","0.27 %","368.00"
"USLB","2021-07-12","2205","2284","2190","2244","0.18 %","2,094.00"
"USLB","2021-07-11","2201","2265","2201","2240","1.82 %","1,229.00"
"USLB","2021-07-08","2132","2200","2132","2200","1.20 %","571.00"
"USLB","2021-07-07","2150","2174","2092","2174","1.12 %","4,235.00"
"USLB","2021-07-06","2170","2213","2150","2150","-2.09 %","541.00"
"USLB","2021-07-05","2219","2219","2180","2196","-1.04 %","1,014.00"
"USLB","2021-07-04","2235","2235","2180","2219","-0.05 %","693.00"
"USLB","2021-07-01","2223","2230","2186","2220","1.83 %","908.00"
"USLB","2021-06-30","2133","2180","2133","2180","0.60 %","428.00"
"USLB","2021-06-29","2289","2329","2167","2167","-0.60 %","873.00"
"USLB","2021-06-28","2170","2235","2150","2180","1.96 %","2,961.00"
"USLB","2021-06-27","2100","2142","2100","2138","1.33 %","795.00"
"USLB","2021-06-24","2193","2193","2110","2110","-1.86 %","451.00"
"USLB","2021-06-23","2214","2214","2109","2150","-1.29 %","710.00"
"USLB","2021-06-22","2205","2249","2137","2178","0.23 %","5,648.00"
"USLB","2021-06-21","2267","2267","2160","2173","-2.34 %","1,065.00"
"USLB","2021-06-20","2270","2270","2196","2225","-1.98 %","2,111.00"
"USLB","2021-06-17","2232","2275","2232","2270","0.22 %","684.00"
"USLB","2021-06-16","2256","2391","2205","2265","2.40 %","3,756.00"
"USLB","2021-06-15","2225","2250","2206","2212","-0.58 %","1,627.00"
"USLB","2021-06-14","2287","2287","2225","2225","-0.80 %","2,493.00"
"USLB","2021-06-13","2236","2285","2235","2243","0.54 %","2,099.00"
"USLB","2021-06-10","2275","2251","2225","2231","-1.93 %","6,837.00"
"USLB","2021-06-09","2309","2345","2275","2275","-0.01 %","1,022.00"
"USLB","2021-06-08","2283","2309","2282","2309","-0.82 %","917.00"
"USLB","2021-06-07","2303","2328","2284","2328","0.22 %","1,311.00"
"USLB","2021-06-06","2299","2400","2298","2323","1.93 %","2,363.00"
"USLB","2021-06-03","2330","2330","2279","2279","-0.31 %","1,154.00"
"USLB","2021-06-02","2243","2280","2241","2286","1.92 %","621.00"
"USLB","2021-06-01","2250","2280","2241","2243","-0.31 %","1,309.00"
"USLB","2021-05-31","2314","2314","2250","2250","-0.84 %","2,354.00"
"USLB","2021-05-30","2320","2350","2246","2269","-1.99 %","2,996.00"
"USLB","2021-05-27","2300","2399","2290","2315","-2.61 %","4,532.00"
"USLB","2021-05-25","2460","2465","2374","2377","-1.78 %","1,900.00"
"USLB","2021-05-24","2420","2421","2400","2420","-0.82 %","2,893.00"
"USLB","2021-05-23","2470","2470","2392","2440","-1.21 %","2,207.00"
"USLB","2021-05-20","2453","2487","2442","2470","-0.20 %","4,550.00"
"USLB","2021-05-19","2540","2540","2452","2475","-1.04 %","1,034.00"
"USLB","2021-05-18","2457","2510","2457","2501","0.08 %","1,631.00"
"USLB","2021-05-17","2538","2538","2460","2499","0.04 %","1,121.00"
"USLB","2021-05-16","2520","2550","2451","2498","0.40 %","4,625.00"
"USLB","2021-05-13","2510","2510","2420","2488","-0.28 %","1,888.00"
"USLB","2021-05-12","2515","2530","2470","2495","0.60 %","1,226.00"
"USLB","2021-05-11","2480","2530","2460","2480","1.64 %","3,272.00"
"USLB","2021-05-10","2400","2499","2400","2440","2.52 %","2,437.00"
"USLB","2021-05-09","2460","2467","2366","2380","-4.76 %","7,102.00"
"USLB","2021-05-06","2530","2530","2461","2499","-2.34 %","3,191.00"
"USLB","2021-05-05","2600","2635","2505","2559","0.12 %","1,307.00"
"USLB","2021-05-04","2447","2600","2400","2556","6.28 %","15,122.00"
"USLB","2021-05-03","2437","2437","2372","2405","0.63 %","3,178.00"
"USLB","2021-05-02","2394","2405","2301","2390","-0.17 %","4,313.00"
"USLB","2021-04-29","2310","2394","2310","2394","1.87 %","747.00"
"USLB","2021-04-28","2420","2495","2344","2350","-2.08 %","1,711.00"
"USLB","2021-04-27","2200","2419","2200","2400","9.09 %","1,076.00"
"USLB","2021-04-26","2275","2345","2200","2200","-4.35 %","1,867.00"
"USLB","2021-04-25","2345","2385","2289","2300","-3.77 %","1,149.00"
"USLB","2021-04-22","2379","2390","2350","2390","0.00 %","1,116.00"
"USLB","2021-04-21","2439","2455","2271","2390","-0.83 %","1,159.00"
"USLB","2021-04-20","2340","2410","2340","2410","1.90 %","1,525.00"
"USLB","2021-04-19","2410","2410","2335","2365","-2.43 %","1,015.00"
"USLB","2021-04-18","2410","2424","2377","2424","-0.04 %","1,223.00"
"USLB","2021-04-15","2400","2433","2384","2425","-0.29 %","1,601.00"
"USLB","2021-04-13","2435","2436","2390","2432","-1.94 %","1,353.00"
"USLB","2021-04-12","2375","2499","2345","2480","3.94 %","2,385.00"
"USLB","2021-04-08","2347","2387","2340","2386","1.79 %","2,156.00"
"USLB","2021-04-07","2321","2354","2307","2344","0.99 %","1,860.00"
"USLB","2021-04-06","2275","2338","2275","2321","0.04 %","990.00"
"USLB","2021-04-05","2320","2330","2280","2320","-1.61 %","1,597.00"
"USLB","2021-04-04","2400","2400","2311","2358","-0.92 %","2,216.00"
"USLB","2021-04-01","2505","2505","2345","2380","-0.25 %","1,991.00"
"USLB","2021-03-31","2432","2432","2384","2386","2.98 %","3,727.00"
"USLB","2021-03-30","2812","2868","2605","2730","-1.12 %","11,536.00"
"USLB","2021-03-29","2524","2761","2523","2761","10.00 %","13,151.00"
"USLB","2021-03-25","2520","2545","2485","2510","0.60 %","6,067.00"
"USLB","2021-03-24","2431","2539","2395","2495","4.66 %","6,094.00"
"USLB","2021-03-23","2385","2385","2272","2384","4.93 %","4,723.00"
"USLB","2021-03-22","2310","2339","2266","2272","-1.65 %","3,360.00"
"USLB","2021-03-21","2189","2317","2189","2310","6.50 %","4,051.00"
"USLB","2021-03-18","2189","2201","2150","2169","0.46 %","1,795.00"
"USLB","2021-03-17","2039","2160","2039","2159","3.80 %","1,774.00"
"USLB","2021-03-16","2120","2126","2066","2080","-0.29 %","1,206.00"
"USLB","2021-03-15","2075","2114","2058","2086","0.53 %","815.00"
"USLB","2021-03-14","2140","2140","2058","2075","-3.22 %","3,161.00"
"USLB","2021-03-10","2180","2180","2109","2144","-0.92 %","1,024.00"
"USLB","2021-03-09","2318","2318","2140","2164","-1.99 %","5,819.00"
"USLB","2021-03-08","2150","2211","2150","2208","1.85 %","1,649.00"
"USLB","2021-03-04","2100","2168","2085","2168","4.99 %","2,210.00"
"USLB","2021-03-03","2065","2108","2040","2065","-1.85 %","2,410.00"
"USLB","2021-03-02","2176","2176","2099","2104","-5.23 %","1,569.00"
"USLB","2021-03-01","2140","2220","2091","2220","0.00 %","4,018.00"
"USLB","2021-02-28","2225","2225","2176","2176","-3.76 %","2,982.00"
"USLB","2021-02-25","2271","2300","2230","2261","0.00 %","1,799.00"
"USLB","2021-02-24","2400","2408","2300","2314","-1.99 %","2,104.00"
"USLB","2021-02-23","2247","2361","2161","2361","5.07 %","4,068.00"
"USLB","2021-02-22","2461","2461","2236","2247","-4.14 %","3,468.00"
"USLB","2021-02-21","2345","2345","2283","2344","-0.01 %","1,560.00"
"USLB","2021-02-18","2355","2364","2249","2364","0.00 %","3,101.00"
"USLB","2021-02-17","2366","2376","2335","2355","0.02 %","2,105.00"
"USLB","2021-02-16","2412","2449","2300","2320","-0.02 %","4,002.00"
"USLB","2021-02-15","2193","2365","2193","2365","0.10 %","4,017.00"
"USLB","2021-02-14","2220","2230","2122","2150","-0.05 %","4,998.00"
"USLB","2021-02-11","2240","2310","2201","2265","-0.00 %","6,173.00"
"USLB","2021-02-10","2457","2457","2264","2267","-0.03 %","4,908.00"
"USLB","2021-02-09","2514","2514","2289","2321","-0.03 %","6,103.00"
"USLB","2021-02-08","2600","2652","2350","2395","-0.06 %","8,774.00"
"USLB","2021-02-07","2373","2559","2373","2558","0.10 %","10,779.00"
"USLB","2021-02-04","2221","2327","2221","2327","0.10 %","12,265.00"
"USLB","2021-02-03","1960","2116","1960","2116","0.10 %","4,660.00"
"USLB","2021-02-02","1799","1942","1799","1915","0.08 %","4,205.00"
"USLB","2021-02-01","1718","1786","1684","1766","0.05 %","13,163.00"
"USLB","2021-01-31","1750","1750","1680","1685","-0.05 %","2,047.00"
"USLB","2021-01-28","1721","1799","1683","1775","0.05 %","3,032.00"
"USLB","2021-01-27","1660","1695","1627","1689","0.02 %","2,743.00"
"USLB","2021-01-26","1667","1690","1650","1660","-0.02 %","1,574.00"
"USLB","2021-01-25","1720","1720","1612","1699","-0.01 %","3,542.00"
"USLB","2021-01-24","1650","1718","1640","1718","0.04 %","3,198.00"
"USLB","2021-01-21","1603","1690","1600","1645","0.03 %","3,526.00"
"USLB","2021-01-20","1593","1624","1579","1590","-0.01 %","1,881.00"
"USLB","2021-01-19","1600","1695","1568","1600","0.02 %","3,343.00"
"USLB","2021-01-18","1490","1569","1490","1569","0.05 %","3,204.00"
"USLB","2021-01-17","1421","1488","1421","1488","0.04 %","2,331.00"
"USLB","2021-01-13","1450","1450","1408","1429","0.00 %","3,264.00"
"USLB","2021-01-12","1383","1423","1383","1422","0.01 %","3,501.00"
"USLB","2021-01-11","1375","1424","1375","1409","0.01 %","2,729.00"
"USLB","2021-01-10","1380","1401","1378","1400","-0.00 %","2,070.00"
"USLB","2021-01-07","1384","1412","1383","1402","0.03 %","4,257.00"
"USLB","2021-01-06","1301","1360","1301","1360","0.03 %","1,922.00"
"USLB","2021-01-05","1311","1320","1291","1320","-0.01 %","2,292.00"
"USLB","2021-01-04","1360","1369","1333","1333","-0.01 %","2,912.00"
"USLB","2021-01-03","1295","1349","1295","1349","0.03 %","1,198.00"
"USLB","2020-12-31","1310","1323","1298","1310","0.02 %","978.00"
"USLB","2020-12-30","1300","1300","1283","1287","-0.01 %","592.00"
"USLB","2020-12-29","1306","1325","1270","1305","0.02 %","927.00"
"USLB","2020-12-28","1305","1305","1280","1281","0.00 %","1,345.00"
"USLB","2020-12-27","1295","1310","1271","1280","-0.03 %","2,121.00"
"USLB","2020-12-24","1320","1340","1317","1317","-0.02 %","2,137.00"
"USLB","2020-12-23","1390","1390","1324","1343","-0.02 %","1,142.00"
"USLB","2020-12-22","1349","1388","1335","1370","0.04 %","2,720.00"
"USLB","2020-12-21","1250","1350","1202","1323","0.04 %","3,663.00"
"USLB","2020-12-20","1343","1343","1274","1275","-0.07 %","6,343.00"
"USLB","2020-12-17","1400","1416","1340","1370","-0.02 %","6,648.00"
"USLB","2020-12-16","1445","1473","1375","1400","0.02 %","6,927.00"
"USLB","2020-12-15","1277","1377","1277","1377","0.10 %","7,951.00"
"USLB","2020-12-14","1161","1252","1161","1252","0.10 %","3,393.00"
"USLB","2020-12-13","1126","1139","1124","1139","0.02 %","1,869.00"
"USLB","2020-12-10","1105","1149","1105","1120","-0.01 %","1,107.00"
"USLB","2020-12-09","1126","1135","1125","1127","-0.01 %","1,733.00"
"USLB","2020-12-08","1150","1162","1140","1143","-0.00 %","1,124.00"
"USLB","2020-12-07","1150","1170","1127","1148","0.01 %","1,043.00"
"USLB","2020-12-06","1191","1191","1135","1135","-0.07 %","1,874.00"
"USLB","2020-12-03","1297","1300","1185","1215","-0.02 %","3,792.00"
"USLB","2020-12-02","1123","1236","1123","1236","0.10 %","5,010.00"
"USLB","2020-12-01","1144","1157","1116","1124","-0.01 %","3,610.00"
"USLB","2020-11-30","1130","1144","1110","1135","0.01 %","1,413.00"
"USLB","2020-11-29","1122","1166","1106","1123","0.02 %","1,087.00"
"USLB","2020-11-26","1140","1185","1097","1100","-0.03 %","1,168.00"
"USLB","2020-11-25","1148","1148","1129","1140","0.01 %","1,728.00"
"USLB","2020-11-24","1126","1128","1126","1126","0.00 %","1,373.00"
"USLB","2020-11-23","1128","1135","1120","1125","0.00 %","317.00"
"USLB","2020-11-22","1140","1160","1124","1124","0.00 %","4,821.00"
"USLB","2020-11-19","1133","1133","1111","1124","0.00 %","2,840.00"
"USLB","2020-11-18","1144","1144","1111","1111","0.00 %","1,178.00"
"USLB","2020-11-12","1120","1130","1117","1125","- %","314.00"
"USLB","2020-11-11","1126","1170","1117","1130","0.36 %","1,222.00"
"USLB","2020-11-10","1120","1130","1116","1126","0.27 %","1,781.00"
"USLB","2020-11-09","1115","1159","1115","1123","0.72 %","1,516.00"
"USLB","2020-11-08","1111","1120","1111","1115","-0.62 %","821.00"
"USLB","2020-11-05","1113","1122","1104","1122","-0.09 %","1,903.00"
"USLB","2020-11-04","1120","1124","1113","1123","0.27 %","1,044.00"
"USLB","2020-11-03","1145","1150","1117","1120","-0.88 %","1,110.00"
"USLB","2020-11-02","1093","1133","1093","1130","2.63 %","1,490.00"
"USLB","2020-11-01","1100","1108","1091","1101","0.00 %","933.00"
"USLB","2020-10-29","1100","1112","1096","1101","0.46 %","1,341.00"
"USLB","2020-10-22","1091","1108","1091","1096","-1.35 %","628.00"
"USLB","2020-10-21","1100","1111","1100","1111","0.00 %","85.00"
"USLB","2020-10-20","1090","1115","1090","1111","2.30 %","403.00"
"USLB","2020-10-19","1072","1100","1072","1086","0.46 %","415.00"
"USLB","2020-10-18","1079","1085","1079","1081","-1.19 %","107.00"
"USLB","2020-10-15","1095","1098","1089","1094","-0.55 %","974.00"
"USLB","2020-10-14","1041","1147","1041","1100","0.46 %","386.00"
"USLB","2020-10-13","1091","1110","1091","1095","-1.35 %","1,380.00"
"USLB","2020-10-12","1110","1115","1102","1110","-0.09 %","1,320.00"
"USLB","2020-10-11","1100","1113","1100","1111","0.00 %","1,619.00"
"USLB","2020-10-08","1127","1127","1100","1111","-3.31 %","937.00"
"USLB","2020-10-07","1095","1181","1095","1149","3.05 %","3,352.00"
"USLB","2020-10-06","1120","1121","1112","1115","-1.15 %","2,479.00"
"USLB","2020-10-05","1152","1152","1110","1128","-4.00 %","1,096.00"
"USLB","2020-10-04","1081","1203","1081","1175","6.92 %","878.00"
"USLB","2020-10-01","1060","1100","1060","1099","1.76 %","1,105.00"
"USLB","2020-09-30","1055","1085","1055","1080","0.56 %","685.00"
"USLB","2020-09-29","1085","1085","1070","1074","-1.47 %","1,306.00"
"USLB","2020-09-28","1091","1095","1085","1090","-1.80 %","1,044.00"
"USLB","2020-09-27","1166","1166","1100","1110","-0.09 %","756.00"
"USLB","2020-09-24","1100","1128","1085","1111","2.97 %","1,636.00"
"USLB","2020-09-23","1075","1098","1075","1079","-0.46 %","2,443.00"
"USLB","2020-09-22","1111","1111","1084","1084","-2.43 %","2,830.00"
"USLB","2020-09-21","1135","1135","1108","1111","-1.94 %","2,734.00"
"USLB","2020-09-20","1092","1135","1092","1133","-1.39 %","354.00"
"USLB","2020-09-17","1164","1170","1135","1149","0.61 %","3,346.00"
"USLB","2020-09-16","1120","1173","1120","1142","0.35 %","1,716.00"
"USLB","2020-09-15","1150","1150","1137","1138","-1.56 %","1,520.00"
"USLB","2020-09-14","1164","1180","1141","1156","-2.61 %","2,504.00"
"USLB","2020-09-13","1215","1215","1182","1187","-4.04 %","6,585.00"
"USLB","2020-09-10","1245","1256","1226","1237","-2.21 %","2,669.00"
"USLB","2020-09-09","1267","1327","1243","1265","4.81 %","4,736.00"
"USLB","2020-09-08","1152","1207","1152","1207","9.93 %","14,488.00"
"USLB","2020-09-07","1048","1098","1048","1098","9.91 %","17,949.00"
"USLB","2020-09-06","954","999","954","999","9.90 %","574.00"
"USLB","2020-09-03","843","909","843","909","9.92 %","730.00"
"USLB","2020-09-02","767","827","767","827","9.97 %","76.00"
"USLB","2020-08-31","697","752","697","752","9.94 %","79.00"